GeneSym,PhosphoLog2FC,n_phosphosites,n_sig_phospho,ProteinLog2FC,ProteinSig
LASP1,2.6755780566306946,1,1,-0.5569726154865116,False
NACC1,2.4434947592505765,1,1,-0.17602831958460285,False
DNM1L,2.4433842856907937,1,1,-0.07639630879926429,False
PDHA1,2.300694836121295,2,2,0.1805829451939509,False
EIF2B5,2.242775188064307,1,1,-0.1226412228248357,False
HARS2,2.1183598638244234,1,1,-0.1763202071730241,False
ZNF384,1.9426093772540085,1,1,-0.038966276568530134,False
WDR70,1.751608106804337,1,1,0.051411530145301754,False
SUZ12,1.71639530184817,2,2,0.04599519713659106,False
SAAL1,1.7137333644026214,1,1,-0.005944511381127171,False
GLYR1,1.7060001691386901,1,1,0.13669461891501555,False
ICAM1,1.682113614966024,1,1,-0.039582116178852544,False
ZBTB40,1.5875954194520894,2,2,-0.007330679478641855,False
ZFAND5,1.5835674012545127,1,1,0.08208752968520372,False
HIST1H1C,1.5652429897120683,2,1,0.20942827949539122,False
INTS10,1.5630248168238055,2,1,-0.22861362510474237,False
ZNF655,1.5602788196224928,1,1,0.03484046476295788,False
TMEM55B,1.5235741384403028,1,1,-0.6418238665335245,False
GNL3L,1.520755479400833,1,1,0.7086134631813827,False
UBR1,1.4721546414578945,1,1,-0.05090162720662761,False
KPNA6,1.4602679603866484,1,1,0.5123896157058105,False
SGK1,1.4533922061419549,3,2,0.07820567220190355,False
MUS81,1.4005228994077434,1,1,0.050616592294097984,False
ACBD3,1.3790692882493403,1,0,-0.02606060568454538,False
MPP6,1.3608609625459138,1,1,0.3522837434807933,False
PTGFRN,1.341540684303265,1,1,0.5356845435157496,False
FAM63A,1.329773480784823,1,1,0.04055647853002142,False
FERMT2,1.3216326093260022,1,1,-0.23307978321036416,False
CDK2,1.3056723753180144,2,2,0.26652756147172596,False
CDK1,1.3056723753180144,2,2,0.5511098722966068,False
PEX19,1.2930948317125643,3,1,0.01807176269642241,False
NAMPT,1.2895315399922183,1,1,-0.23857889525593023,False
NF2,1.2863993006286538,2,1,0.2857174630912134,False
CAP1,1.2804446890940173,3,1,-0.17066307214839327,False
CDV3,1.2639974808805778,2,1,-0.18185390207415608,False
WBP11,1.2628319581565144,2,1,0.07677461632782112,False
DDA1,1.2614542540742946,1,1,0.05564785086052382,False
NUP155,1.2537710857623239,1,1,0.13930853343354954,False
TMSB4X,1.2380024949414654,1,1,0.4000774670816334,False
SNX30,1.2378959630604953,1,1,0.10230103826171799,False
AP3D1,1.2346505331861062,4,1,-0.11771877875591485,False
ZNF516,1.2332542151086408,2,1,0.14585892797796163,False
HEATR5B,1.2227808188422813,1,0,-0.20105344181160234,False
NUP54,1.2198283564888328,1,0,0.1560412983717221,False
CPSF6,1.2102290367761395,2,1,-0.08232066622150569,False
SNN,1.2096727290842146,1,0,0.03298774682478722,False
DDX55,1.2091695125209672,2,1,0.14404008088710896,False
HABP4,1.2055097734668792,1,0,0.08831901180191082,False
CXADR,1.2025439554005608,1,1,0.042599366256467874,False
MAPK3,1.1988749575245734,2,0,0.16064570940029554,False
GTPBP1,1.1948674398784582,5,3,-0.2781536783379579,False
SIRT2,1.1894267618572343,1,1,-0.001210560059917043,False
ESRRA,1.1882113266827705,2,2,0.015325346095856673,False
FLII,1.1689689856478473,1,0,-0.2162899548170394,False
CCDC136,1.1617493360235578,1,0,0.009319210366328434,False
EXOSC2,1.1477493164669177,1,1,0.07165600677134165,False
NTHL1,1.1462478753551686,1,0,-0.11367767596610179,False
RRP9,1.144644822112916,3,3,0.05669464168725469,False
VPS53,1.1435136832120634,1,1,-0.19943129726667053,False
TMEM87A,1.1430364808917624,3,1,0.02716876448535288,False
CLCC1,1.1411254652483365,3,2,0.1600093088796264,False
MYL12A,1.140912494325395,1,1,-0.2418145835509513,False
IVNS1ABP,1.1396056647314232,2,1,0.4303631765687115,False
BEND3,1.1285854339971024,1,0,-0.012247597334003046,False
MFF,1.1275221060757816,7,3,0.1960332346462934,False
SPRY4,1.119495451300832,1,0,-0.28995846947781345,False
ATF1,1.113898819165513,1,1,-0.01968951642948369,False
CTU2,1.111904941845646,2,1,0.1342981085863073,False
HAT1,1.1055763693151022,1,1,0.0920194494057327,False
HNRNPU,1.102980692336582,5,1,0.15877143908282676,False
CLUH,1.0994591404413647,1,1,0.21668245821962984,False
VDAC2,1.0966887006040693,1,0,0.09733461968043855,False
C19orf47,1.0922657104742513,1,1,-0.03930413252835052,False
RPLP2,1.0864094256060497,2,0,-0.007152011575470851,False
MAPK1,1.0650369183312751,2,0,0.38887349361707635,False
KALRN,1.0554672509389473,7,2,0.36407260167933586,False
KIAA0196,1.0503330696466584,1,1,-0.34617797516215276,False
MBIP,1.0499460093291333,1,1,0.048619838892676626,False
DNTTIP1,1.0469779749603987,1,1,0.06973230069089809,False
ETV5,1.0414600882883729,2,0,0.006471316959704154,False
ACTR8,1.0405398094413965,2,1,0.1105542046208754,False
CDCA8,1.0372291413843833,1,0,0.06883874286704028,False
CD3EAP,1.0366630716460428,4,1,0.1164930803745321,False
RAP1A,1.0340513718322697,1,0,0.0728032250739652,False
IL1RAP,1.0306204717508747,4,2,0.4224101303050922,False
ADAM9,1.0249951897919,2,1,-0.14409614097573709,False
SCML4,1.024029259680238,3,1,-0.09669975062154634,False
PRPF6,1.0181891729987598,1,1,0.06668647124208249,False
RPL28,1.0088923365235871,1,1,0.01282151729360237,False
PKNOX1,1.0062866512040145,1,1,-0.04136220635756516,False
ITFG2,1.0036051604775196,1,1,0.0032395414680834733,False
EIF4G2,0.999969605518506,3,1,-0.015117001679282538,False
MCAM,0.9987615947146793,4,1,0.46969566954429354,False
TUBA1A,0.9963635485006215,2,0,-0.723600432644286,False
DZIP3,0.9954998525964562,1,0,0.027017895146371984,False
CYBRD1,0.9953270220950602,3,2,-0.07367032476712154,False
SDE2,0.9907030159758214,1,0,-0.04976434485966763,False
BAD,0.9894510258271634,4,2,0.10426935498527712,False
MRPS36,0.9858062961386871,1,0,-0.010952851554197451,False
MCM4,0.9825630416985172,7,2,0.2677156482607863,False
BET1L,0.9806453230922898,1,0,-0.5328971257082635,False
SLC27A3,0.9806131160098713,3,1,-0.10284541783515522,False
SCFD1,0.9801451727681858,1,0,-0.022728414528334184,False
HIST1H4A,0.9794925601368085,1,0,0.3339608817475934,False
IMPDH2,0.9721660734065871,1,0,0.04047438076484866,False
ERBB3,0.9719736397077128,2,0,-0.01999217215739435,False
SCAND1,0.9711000947915203,1,0,0.0574240129452015,False
NECAP1,0.9675269095702888,1,0,0.05172269031902488,False
ZNF800,0.9664948946754254,7,3,-0.0697930650684242,False
SPTY2D1,0.9656650346772366,1,0,0.30042902404435523,False
ETV3,0.9645400425903062,5,2,0.3980859853420533,False
PPP1CC,0.9635696106762346,1,0,0.3586620246521477,False
BAIAP2L1,0.9596980388177809,9,4,0.29773619903784265,False
RABGGTB,0.9589990636533656,1,0,-0.1268586582501925,False
TRIM3,0.954961287391677,3,1,0.056580810983973606,False
SEPT11,0.9545324874867056,1,0,-0.1103453575242348,False
JUND,0.9523818443134134,3,0,0.007883586347869453,False
CNOT3,0.9494111797978775,1,0,-0.017550658738120006,False
TRMT10C,0.9445198066327075,3,1,0.1286430932635021,False
RSBN1L,0.9434679497582152,2,1,0.5956321177676536,False
RPL12,0.9391394803740241,1,0,-0.08967657831025733,False
PAK1IP1,0.9382691662876574,1,0,0.13192191051534508,False
STK3,0.9348386600684625,3,1,0.0324215277094666,False
RLF,0.9205953709856161,3,1,0.059494136150476606,False
NOP14,0.9174746599093933,4,1,0.10858809304113848,False
RNF34,0.9174211801545944,1,0,0.07694515261580648,False
KCTD5,0.9148655587196224,2,1,-0.042140203373847385,False
SCYL2,0.9143254621127568,1,0,-0.4118787837339539,False
DYNC1H1,0.9141909439531114,3,1,-0.12042940503989286,False
ABI2,0.9138656352231352,7,2,-0.31592222339607545,False
CHAF1B,0.909050299849465,5,2,0.8586564595868218,False
RIC8A,0.908049608183679,3,1,-0.2791944652675227,False
DDX47,0.9061575722347168,2,0,0.11858773374183329,False
PDIA6,0.9040066748648243,1,0,-0.060768914569010235,False
CCAR2,0.901724614760893,8,3,-0.014459322654214901,False
PRKRIR,0.9010403955350093,1,0,0.010010504181988011,False
BTF3,0.8974107748530429,1,0,0.03290912502592036,False
HIST1H1B,0.8947898247496946,4,1,0.09264665068387501,False
ACSS2,0.8925595772214958,2,1,0.06453909872556096,False
FADD,0.8911122548322794,1,0,-0.11111478870456182,False
CFL2,0.8897481508161356,1,0,-0.31066515797293803,False
RPL17,0.8892721608980558,2,1,-0.08108980981641167,False
FGD4,0.8872771239862622,1,0,0.06655129004392535,False
FAM195A,0.8855317288426541,1,0,0.10299409200446163,False
TTYH2,0.8842325894248416,3,1,-0.45723718832230276,False
HMGCS1,0.8832227493230249,1,0,0.11461936673295625,False
SLC19A3,0.8816572674241918,1,0,0.09927100521948873,False
ADRBK1,0.8794703682891871,1,0,-0.029919716473731484,False
PRR14L,0.8778035848710211,1,0,0.019682649883723258,False
SYTL2,0.8769096138011057,16,6,0.6577639737804901,False
SMEK2,0.8743466786418619,2,0,-0.26324964099593373,False
LIN54,0.8695006034195423,3,2,0.03883793674718561,False
SNUPN,0.8690926123052325,2,1,-0.22957481405566682,False
CHD3,0.8677786883996635,10,2,0.2780054742550355,False
KCNAB2,0.8673848833447421,3,1,-0.0648589752586588,False
CHAF1A,0.8671125598575381,7,3,0.8583428257733345,False
MYSM1,0.8669679699112418,2,1,0.07783418596974201,False
PCBP2,0.8661256009914755,4,1,0.05990451467470592,False
MBOAT2,0.8651256165118717,1,0,-0.050608809743867056,False
FAM76B,0.8650578717377257,1,0,-0.0018670943902776571,False
CCDC132,0.8599669392528725,5,2,0.19892304755114765,False
SGOL2,0.8590277334058621,3,1,0.010336988136870673,False
TMEM163,0.8572306253637767,8,1,0.5398687288801014,False
ARHGDIA,0.8561155385469643,2,1,0.05365646362346865,False
CCNB2,0.8524655322586057,1,0,-0.27761533219217327,False
ZFP91,0.8515831653416512,3,0,0.13799328761074392,False
SPIN1,0.8515703366857856,1,0,-0.4955146957269534,False
VPS51,0.8493381175414925,1,0,-0.0426983037852402,False
UHRF1,0.8486614631009045,3,1,0.5097305099688114,False
REEP4,0.8479739334640151,3,1,-0.1627982586091754,False
RPA1,0.8467837164568763,1,0,0.08941958550998308,False
RUNX3,0.8463750668696306,5,0,0.09387628013793758,False
DHX8,0.8460390666922706,1,0,0.4751545034640152,False
AGPS,0.8438884777645619,1,0,0.24444594532338826,False
TOM1L1,0.8419680856015059,2,0,-0.1683494892971531,False
CPQ,0.8409449189311715,1,0,-0.09992027270672921,False
GMPS,0.8390908339371315,2,0,0.033636017489410364,False
TGS1,0.8373275993663238,6,1,0.3030896409492492,False
CPOX,0.8369931746557668,1,0,0.12349062445945336,False
MDP1,0.8361822563857011,1,0,0.02967362857707201,False
SCD,0.8330377449324331,2,0,0.48033511815269847,False
XRN1,0.8321730562983127,1,0,0.0318605580165503,False
EFR3A,0.8307230686956419,2,0,0.02792966827449206,False
LRWD1,0.8298143878750196,5,1,0.1795722614252746,False
PCF11,0.8282363169778012,10,3,0.1570387558929518,False
GGT7,0.8257468316203832,3,1,-0.026547041703647523,False
HNRNPA1,0.8234479292556314,4,0,0.2063190708821665,False
PAK2,0.8226215650914371,3,0,-0.06263678307551857,False
NME2P1,0.8214239296442022,3,1,0.00977401206796813,False
UBE2O,0.8205758173135047,8,3,-0.04707778340632274,False
CCNH,0.8201775670574243,1,0,0.15159864913016108,False
CAMK4,0.8194309541445884,3,0,0.17047060391997348,False
CDC40,0.8189461450281428,1,0,0.06655241773157172,False
AATF,0.8185693348189096,4,0,0.06428199068709617,False
LIG1,0.8156611282270121,13,2,0.6821199920985528,False
ZNF598,0.815316286064288,1,0,-0.046322426882682066,False
TERF2,0.8142253493921423,1,0,0.12224148634117427,False
MAVS,0.8140427332396293,5,2,-0.22486514593626694,False
NMD3,0.813632086002715,3,1,0.030052834555846175,False
TMEM63B,0.812289178679082,2,1,-0.470035870230852,False
ORC6,0.8106796430144172,1,0,-0.016112717522549502,False
INTS12,0.8086952472497634,3,0,0.0797952847404737,False
SYMPK,0.8083241914295939,9,2,0.12447787656557097,False
RBMXL1,0.8078534367209009,1,0,0.03606100155313641,False
NUP160,0.8064420787984403,1,0,0.1472332471731832,False
PRR11,0.8064137375055935,5,2,0.4368823877115666,False
RENBP,0.8044240001900071,1,0,0.1542926554633226,False
RAB11FIP5,0.8038917779649353,3,1,0.029357321163306693,False
FYCO1,0.8028988828113555,1,0,0.3386079413890073,False
NCK1,0.8019300440144583,3,1,-0.049269886637933524,False
CDT1,0.8011039265420964,3,0,0.0324215277094666,False
WASF2,0.8010438770125958,1,0,-0.08733112864639736,False
MBD3,0.8004679315017746,2,1,0.23428110125055923,False
PACSIN3,0.7996017875059209,4,0,0.14827685372915056,False
H1FX,0.7992179791432452,2,0,0.27194404600039945,False
SEC61B,0.7982074993548671,5,0,-0.044222819843543704,False
C1orf21,0.7973613975322404,2,0,0.03942487814538964,False
HNRNPM,0.7936021984294159,8,3,-0.003915967278416588,False
MED14,0.7914356852636679,2,0,0.2507655154868651,False
PARP1,0.7903071112976967,5,1,0.17523712594170604,False
NDNL2,0.7902218957665461,2,1,-0.14283055499476305,False
SYNE2,0.7898999450385409,4,1,0.19225434764222982,False
CUX1,0.7878488927445717,7,2,0.16925630737146946,False
C17orf85,0.78778129166166,4,1,0.19986174713095295,False
TTLL12,0.7870481146087549,1,0,0.023625981194960843,False
EIF2A,0.7868310021126685,2,0,-0.014414420432697028,False
SRSF7,0.7850362029621692,12,2,0.2340004213732101,False
BRAT1,0.784439087428737,2,1,0.5108827449587423,False
ZNF428,0.7837648871258587,2,0,0.14426908655569903,False
EIF4EBP1,0.7828849218781567,10,3,1.3469708331411425,False
MBD4,0.7824787723457032,2,0,0.09396370004294852,False
C12orf45,0.7823771584551054,1,0,0.35168512433035914,False
FANCI,0.7822295603172869,1,0,0.38847138529527925,False
C18orf25,0.7815021225724674,6,1,-0.017542269336288996,False
SNTB2,0.7809246801217228,5,0,0.04878535490311364,False
HECTD1,0.7808298818438288,1,0,0.02356643658600177,False
BCL2L13,0.7799945179733762,5,1,0.026648703296736187,False
IP6K1,0.7795180271274411,1,0,0.08027424496762592,False
EFHD2,0.7787988576409764,3,0,0.0239755254880194,False
SAP30BP,0.7774985036917954,2,1,-0.1380403937453245,False
SOX10,0.7747919114921895,13,3,0.26807457696800086,False
PRPF3,0.7741112298082644,2,1,0.08062307442089178,False
FRMD4A,0.7730305823350051,5,1,-0.31968465098362486,False
TRIM32,0.7704634822615072,3,1,0.048622604415328396,False
PSMA5,0.7698207335069771,2,0,0.1004561613420556,False
PSEN2,0.7692189265963556,4,1,0.18762148640709597,False
EIF3H,0.7684767347179644,1,0,0.17638935212410445,False
ZZEF1,0.7662315228808497,3,1,0.09962997347052038,False
NKAP,0.7658106498549877,3,0,0.0640544476898981,False
RPL18,0.7643750274058441,1,0,0.029594149240146805,False
SH3GL1,0.7637861244040476,2,0,-0.14770420434417275,False
DDX24,0.763721404435428,5,1,0.12192545984552439,False
NOL12,0.7594988229947267,3,0,0.06779447818344408,False
TPD52,0.7589539563165557,4,0,-0.04517222910487817,False
VPRBP,0.7589212147705293,2,0,-0.06238157454653859,False
DTD1,0.7587584302092978,3,0,-0.6213481844774478,False
FLYWCH2,0.7538518320975811,1,0,-0.4153708738709767,False
SPRY1,0.7535348590913884,1,0,0.003637779129583407,False
DHX30,0.7523268954806568,2,1,0.24937958923448278,False
SF3A3,0.7515215023013262,1,0,0.03789051334772253,False
CCDC82,0.7513286552713625,4,1,0.06911774566856366,False
SQSTM1,0.7505466081313845,13,1,0.25481994913812755,False
NOLC1,0.7498099676870515,9,2,0.3668635637139346,False
RPP38,0.7484589057381198,3,0,-0.014330910395969454,False
BUB3,0.74822897818472,2,1,-0.06552445779462701,False
QRICH1,0.7468731830961985,1,0,-0.2473968627958527,False
REXO4,0.7465988559173686,4,0,0.08849100469334203,False
USP22,0.7461428155359577,1,0,0.12022450071732038,False
FAM208A,0.7459177022064345,5,1,-0.25608493761109585,False
MGEA5,0.7450804672556792,1,0,-0.1318741668867709,False
NFIC,0.7437684425116556,6,1,0.39943654266254214,False
CENPB,0.7429135036496319,1,0,0.06182561543762333,False
DAB2,0.7426100786147032,1,0,0.02853533400453756,False
TRRAP,0.7416903358179923,2,1,-0.006200548805495032,False
ZNF148,0.7413240995105888,4,2,0.1552805464472229,False
ZMYND11,0.7407716542271885,1,0,0.008223156203555959,False
BRD3,0.7385401257622668,1,0,-0.0854650828459711,False
ARFGAP2,0.7381730864036236,3,1,0.0015417021140500253,False
PAICS,0.7372113740133047,3,1,0.1499554379013901,False
SEPT7,0.7357969029206899,3,1,0.07783724710465378,False
SGTB,0.7327981028174104,2,0,-0.0018299667465697667,False
AMBRA1,0.7295781270025667,2,0,-0.01588622250823235,False
AKT1,0.728784985036695,2,1,0.11587299380688876,False
RNF20,0.727980776312152,4,0,0.0142709116288664,False
PRDX3,0.7279154993435384,1,0,0.026740498758105247,False
EIF3F,0.7271076915916268,1,0,0.028757801254730708,False
LIN37,0.7269536400545391,4,1,0.004157160989787911,False
PRPSAP1,0.7240983810924284,1,0,0.03580571215194439,False
LRP4,0.7233722377835008,1,0,-0.11043962906634874,False
RING1,0.7230381901485785,2,1,0.11650944585947087,False
SUGP2,0.72268842181421,6,1,0.059434023111649026,False
MET,0.7226101372913263,1,0,-0.6396845336886123,False
ABR,0.7213735801307699,1,0,-0.44546056600506745,False
SRSF10,0.7206717414331525,4,0,0.22448339366605907,False
XPO4,0.7192377947402733,1,0,0.19420556704438852,False
TEAD1,0.7187776687583494,1,0,0.07652923089912633,False
NOL10,0.7169271097583518,1,0,0.11988324884945456,False
RPP25,0.71685669154175,2,1,-0.29775373009351824,False
SPAG1,0.7165383140649535,2,0,0.0661937723343975,False
GIT1,0.715494012961706,4,1,-0.09313958442344727,False
KANK1,0.7149727274487596,5,1,0.10767627640766264,False
CCDC14,0.7149190859689885,2,1,0.04745922835948946,False
SLTM,0.7142689294690521,8,2,-0.026004425448462598,False
ADRM1,0.712925588547936,2,1,0.025207013320482474,False
STX18,0.712432180131298,1,0,0.08372963415604673,False
FZD6,0.7121345767265197,4,1,0.06629241968398958,False
ATAD3A,0.711945311750636,1,0,0.0787650581222934,False
STX12,0.7104665660208589,2,0,-0.12560415738154873,False
EP400,0.7103961444706024,13,3,0.13854656422273592,False
RECQL4,0.7100282549006908,3,0,0.0950041603736338,False
BAG3,0.7090415818430257,12,1,-0.2591956333598233,False
LIN9,0.7087484676824225,3,1,0.050744629630457894,False
STK17A,0.7077711076904336,1,0,-0.006843975003409497,False
GORASP2,0.7063975957365249,4,1,-0.03653444779190096,False
SP1,0.7056002933822079,2,1,0.13598188002734446,False
KNOP1,0.7036628860365496,9,1,0.013214741894216786,False
MEN1,0.7022782243273973,1,0,0.026393900319344965,False
C2orf88,0.7014031540313894,1,0,0.026941532390679868,False
CNP,0.7012110899886963,1,0,0.19307199794842234,False
RPAP1,0.6998159888247724,2,1,0.09537326590605488,False
TBC1D4,0.698585554894351,6,1,0.08618554288270985,False
NPM1,0.6966804804243213,11,1,-0.0016650626639460597,False
MYBBP1A,0.6947895003571798,8,2,0.08534250274319888,False
CCNT2,0.6942559170450036,4,0,0.08295688615606167,False
PHC1,0.6939292097496205,3,1,0.02779666176379081,False
CFAP36,0.6938406299347548,1,0,0.04668860480840209,False
XRCC1,0.6936502616696448,7,0,0.12218337796288026,False
YTHDC2,0.6936266379920744,4,1,-0.03751206685193509,False
UTP14A,0.6934992397159957,11,2,0.23994371438836382,False
ERC1,0.6929758250868865,4,1,0.02678092405091448,False
POLR3E,0.6929537622701414,4,1,0.10735881853180729,False
TRIO,0.6926427585117185,2,0,0.19786243708449192,False
FOS,0.6923414363616729,2,0,0.03801965372137772,False
TERF1,0.6910363853055692,1,0,0.020017160161891923,False
SIN3A,0.6908314108473217,8,1,-0.10473851865990369,False
HSPA4,0.6904122047712912,7,2,0.06753439233153813,False
POU3F2,0.6900355976787971,3,0,0.03973182057367808,False
CSPP1,0.6897313125973966,5,0,0.045696468955977565,False
ELAC2,0.6895033453459956,2,0,0.13772722968077744,False
RANBP1,0.6891633015241103,4,0,0.06120765662603844,False
AGAP3,0.6888214054559167,2,1,0.168222635758152,False
MSN,0.6885980837606809,1,0,0.10413539320569498,False
PRKAR1A,0.6873335670881282,2,0,0.2567552681923573,False
ATAD1,0.6854740295226058,2,0,0.2904960081421706,False
SP140L,0.6854088296012506,1,0,0.15231518580677061,False
PVRL1,0.6849212096410812,3,1,0.010031191840091935,False
LIG3,0.6846603605218338,2,1,-0.06537795806507063,False
SLC39A6,0.6835248455890728,1,0,0.2692734899267357,False
RBM26,0.6827247916487043,2,1,0.11313579114306549,False
NFXL1,0.6827023834853101,3,1,-0.0201335640482192,False
ZNF106,0.6820637031077128,17,4,0.8476191916241476,False
ZSCAN21,0.6810999155743609,2,0,-0.011371668198826512,False
SZRD1,0.6809934822946282,3,0,-0.32633688613792344,False
DPM1,0.6801645851736886,1,0,-0.1024889865382157,False
SLC41A3,0.6787818398806778,2,0,-0.22277811599587594,False
SNAP23,0.6783565894858393,6,2,0.003975576070647691,False
POM121,0.6779868389949755,3,0,0.17163649589056007,False
EVA1B,0.6778000773192474,2,0,0.10291904538407692,False
NAP1L4,0.6776473921438657,8,2,0.13209216754346187,False
DCK,0.6776279314587619,1,0,0.19340494931231333,False
NR4A1,0.6770138614809262,2,0,0.05602904670942621,False
DDX21,0.6762241115352309,6,1,0.17318612775125786,False
DDX10,0.6740907705722954,4,0,0.20444591536644907,False
UBAP2L,0.673450148841543,8,1,-0.024630853517997764,False
FRMD4B,0.6724709041485601,4,1,-0.3606671729704516,False
NUPL2,0.6721105562268832,1,0,0.040300204782436566,False
PWP1,0.6707052675920693,3,0,-0.16364484685050584,False
STUB1,0.6701635952982876,3,0,0.11037792789091228,False
IARS,0.6700973556178589,1,0,0.06808418344786915,False
TRUB1,0.6695317227373145,1,0,0.34882127986983846,False
TPR,0.6675513260846996,9,2,0.12523162621161887,False
EIF2AK3,0.6671667077575076,2,1,-0.44210228666337414,False
PPAN,0.6670244780640973,4,1,0.17562130733703896,False
RAB11FIP1,0.6669130446828714,10,2,-0.2655689551994982,False
MKI67,0.665994463317044,46,10,0.7757214051658394,False
MVD,0.6654174345574013,1,0,0.3728928421380324,False
RPL4,0.6652299848357188,1,0,-0.08295817663159255,False
TBRG4,0.6630634481971711,1,0,0.2201526724326861,False
PDS5B,0.6630099955205411,14,3,0.1630945779544284,False
ZNF697,0.6629422552556683,2,0,-0.023432959777398565,False
TECPR1,0.661934646807179,1,0,-0.04457905210940183,False
HDAC1,0.6600240843929358,6,1,0.08935219092450097,False
PDCL,0.6594545856406242,2,1,0.0048254915504450935,False
NOL3,0.6593280838009647,1,0,-0.38463938302310297,False
MAPRE3,0.6591550983020902,1,0,0.015196264990461117,False
TOP2A,0.6590809559987592,13,2,0.4862224498305032,False
RRAS2,0.6590791414480286,1,0,-0.038674835792491535,False
RANBP9,0.6589044340980467,3,1,-0.19060998873871426,False
AGFG1,0.6583080675180876,3,0,0.1810029286857926,False
SDCCAG3,0.6578765206644572,2,0,0.02101648351430896,False
VIMP,0.6578125366473593,1,0,-0.2750503966050637,False
TBC1D10B,0.6576042525071788,8,2,-0.09380780929824795,False
CDC20,0.6574675073924018,3,0,0.3292136882863197,False
FOXJ3,0.6566394116337797,2,0,0.07181309552296256,False
CENPH,0.656094458997341,2,1,0.03827371268873847,False
UBR5,0.6559575687552723,5,2,0.1703896487594463,False
SLC23A2,0.6559488152069276,3,0,0.19186367613424693,False
SATB2,0.6549861217775147,6,0,0.2740141714474369,False
MIOS,0.6542704055709763,1,0,-0.511464798284166,False
ADSL,0.6541453190766049,1,0,-0.1037988893826487,False
PROSER2,0.6537071745101445,3,0,-0.012306420589546008,False
RBM15B,0.6533896893206479,9,1,-0.13307851957171124,False
HMOX1,0.6523871715965743,2,0,1.1704050587653505,False
RBM34,0.6523189730711803,2,0,0.12169674819355691,False
CEP55,0.6519738907842955,3,0,0.020114802300835066,False
ADAR,0.6514328733404842,4,0,0.05826065729280572,False
CPD,0.6505791602697428,2,0,-0.04052413542942901,False
LARP7,0.6505143656260031,8,1,0.013414262773110863,False
ILF3,0.648397822294509,7,1,0.018400457708153795,False
SMG1,0.6478093437097767,4,2,-0.06921753009841325,False
LSM14B,0.6475631357459312,3,0,0.11961919589647607,False
PACS1,0.6473371862752921,7,0,-0.0054473485509234365,False
SMC4,0.6469975492485656,4,0,0.2964707434661591,False
BAP18,0.646554250555193,5,2,-0.29732614735567253,False
SIPA1,0.646472270461059,6,1,0.04701148842070424,False
PDS5A,0.6461759248190937,4,0,0.11392144643205526,False
PHF10,0.6453268173658948,2,0,-0.057104331805273745,False
RRP8,0.6443914270795835,6,0,-0.02771097021272695,False
PPP1R14B,0.6441033709486312,1,0,0.2994205643658141,False
NUPL1,0.6440077501122126,1,0,0.000481479521113215,False
IFI16,0.6418661062447135,10,3,0.1110464946786891,False
ZKSCAN1,0.6415841569625513,3,0,-0.37373779544077834,False
MPHOSPH6,0.6390736279128717,1,0,-0.18154539699044392,False
HSP90AB2P,0.6364934449156046,1,0,0.08189916479118153,False
RFX5,0.6358324442609652,3,0,0.2488409709662136,False
GEMIN5,0.6355210450883938,5,1,0.05551996089738154,False
TRMT1,0.6354765277383763,1,0,0.09185605756732329,False
RNF126,0.6350453394778057,1,0,0.028861004733371942,False
TCEB3,0.6349250107672262,3,0,0.2384474609461229,False
TAF4,0.6344741649734731,4,1,-0.07139983908057346,False
WDR46,0.6333083899285654,1,0,0.17730548767193355,False
SPECC1L,0.6327463942770374,9,0,0.15559593747928346,False
YAF2,0.6291624071767572,1,0,0.09582128868405348,False
MAGI1,0.6286323709840538,1,0,-0.14773594666068135,False
SLC12A4,0.6280994148149759,2,0,0.2812280912641505,False
PPP3CB,0.627439488929987,1,0,0.05465681016148949,False
DDX1,0.6274204016299585,1,0,-0.06865658107702544,False
PPP1R2,0.6272320591343169,3,1,-0.2497699788318961,False
IGF2BP2,0.6272040209517922,2,0,-0.007048371778751061,False
HELLS,0.626805007433544,3,1,0.8615301434415343,False
TTYH3,0.6265794939815592,3,1,-0.45073113633186423,False
HMHA1,0.6264680261640633,3,0,-0.01484109688979629,False
CDCA5,0.6257988665006676,3,0,-0.058905833718423395,False
BLOC1S3,0.6246004427078855,2,0,-0.003152185568801258,False
PATL1,0.6243465077961469,6,0,0.038075930290236926,False
DHX29,0.6232696049674367,1,0,-0.048619355718820145,False
MRGBP,0.6228675842884996,2,0,-0.08434690764265085,False
KMT2A,0.6227897863775634,21,3,0.14909270590123214,False
CHMP2B,0.6224728383291165,1,0,0.0011838086970215045,False
FOXK2,0.621472139321887,11,0,-0.008529930892244408,False
GAS7,0.6212611880855228,2,1,0.0724596099193171,False
FAM91A1,0.6212063848265537,1,0,-0.2937238320759441,False
SP110,0.6210957900771206,4,1,-0.0031930774381123683,False
HMG20A,0.6203200931327046,1,0,0.13440355161201012,False
SLC33A1,0.6192062032297976,2,0,-0.07183934569221861,False
SLC6A15,0.6182534041275685,8,1,-0.27499825346656337,False
PARP10,0.6179531448354112,1,0,-0.01097940154640753,False
EZH2,0.6168117328016424,3,0,0.07067267221760787,False
POGZ,0.6164405498123997,10,0,0.11734776219627463,False
BUB1B,0.6162308019752167,2,0,0.4076248884424878,False
NIFK,0.6160891841657161,7,0,0.1142857915575739,False
PSMD1,0.6156490956271474,4,0,-0.0090893840576598,False
MGME1,0.6154089909853013,1,0,0.09554711953848383,False
ARHGEF1,0.6151346680288725,1,0,-0.027522349510107347,False
IFIH1,0.6144944384413549,1,0,-0.02330366552765284,False
SHCBP1,0.613457253036073,3,1,0.8566521852467766,False
ANKRD27,0.613439475589729,3,0,0.15409554392478242,False
DNMT1,0.6134145021366004,8,1,0.3674856519712222,False
PRPF40A,0.6132235644316155,9,2,0.06274939897540222,False
GNG12,0.6130090314904683,3,0,0.16361969387941144,False
NOP2,0.6128385102029569,5,0,0.18761842250117766,False
UBQLN4,0.6128288192876106,1,0,0.04327829560046581,False
BCR,0.6126303388794483,2,0,-0.17526973973211213,False
RBM4,0.6116424662678206,1,0,0.0779098686637063,False
STIM1,0.61134907088434,14,3,0.1413924035639198,False
STOML2,0.6107267462700534,2,0,0.08471468196842835,False
UIMC1,0.6104709180997817,6,1,0.057119698313687906,False
GAS2L3,0.6097984945558235,2,0,0.05822274242549241,False
RTN4,0.6097753862611973,9,2,-0.13211425687900302,False
ZC3H4,0.6096703942341581,9,1,0.15748047026310275,False
PPP1R3D,0.609574728751101,5,0,0.05007018368780791,False
RB1,0.6092860684129975,13,1,-0.05711028419068853,False
SPICE1,0.6092543844323508,2,0,-0.050654125999159305,False
RBM4B,0.6092210920017074,1,0,0.08664142267192787,False
TRMT2A,0.6090117659291678,1,0,-0.024490136041496413,False
PABPN1,0.6090077346235976,2,1,0.12164024092179915,False
ARFIP1,0.6084798894964267,4,1,0.09118357435220048,False
PSMF1,0.6082837208814595,3,0,0.297146750583984,False
UBTF,0.6082728136739313,1,0,0.03228718794458274,False
MYO19,0.6079273448089424,1,0,0.08839264966204041,False
CCNL2,0.6078052372400409,4,0,0.048777519602037245,False
INCENP,0.6070163386905346,20,1,0.7132534945531042,False
PTPN1,0.6067610049903139,7,1,-0.04373708859994352,False
ARFGAP1,0.6067302648000392,11,1,-0.2121381488679468,False
NCAPH,0.6065313660590448,1,0,0.18895462395316898,False
TFPT,0.6062401451888615,4,0,0.6530839302135973,False
NUP93,0.6060791190782547,3,0,0.1787897256698514,False
MTM1,0.6058521369861118,3,1,0.040182500209212435,False
MCM6,0.605388406228245,5,1,0.2652735209467778,False
CRK,0.6053304622038702,1,0,-0.1975924130670137,False
C2CD2,0.6049722542809152,3,0,-0.03522676039354167,False
FAM102B,0.6041071300935613,5,1,0.04164065831501418,False
DNAJC9,0.6036179922996148,1,0,0.1268247024361564,False
PTDSS2,0.6022650993126248,2,0,0.4717003054874489,False
GPATCH4,0.6021921672440816,3,1,0.311784100608147,False
CPSF4,0.6016182212223052,3,0,0.14571873118248035,False
TRIM24,0.6012574182005294,7,1,0.28538267199572687,False
SDAD1,0.6009028726991623,1,0,0.18703507943699194,False
SLC35F6,0.6006768593474341,1,0,0.15801540709587059,False
PBDC1,0.6006312123110966,1,0,-0.39001046135341966,False
MSTO1,0.6003356389766878,1,0,0.10214092685974663,False
HNRNPK,0.6002917036671376,7,1,-0.004817142288189302,False
CEP131,0.6000923476364287,17,0,0.411215396548517,False
SLC17A5,0.5999507313278762,2,0,0.03481267892870221,False
NGRN,0.5992769806649356,1,0,0.27264045332178455,False
UCHL3,0.599264644091793,1,0,0.13763973219279535,False
FUBP1,0.5973252192275602,2,0,0.09847825824867584,False
ZNF687,0.5972510711040355,16,0,0.1010438209162885,False
NFATC2IP,0.5972347442853035,10,2,-0.29279358603197636,False
BCL7C,0.5968492085490142,4,0,0.20652902234519388,False
GPS1,0.5958196735067448,3,0,0.08489695056273305,False
PALB2,0.5943426326832508,7,1,-0.0072159799754025755,False
NONO,0.593565930326946,2,1,0.11453733672391309,False
ZNF512B,0.5935641896840531,4,0,0.04050207337870759,False
TCEAL4,0.5932725724325643,1,0,0.006979497702388926,False
PWP2,0.5932650479901262,2,0,0.1406299255894652,False
CLDN12,0.5930676402243797,2,1,0.07622181050082233,False
AP1AR,0.5930454510952003,2,0,-0.06220393015368586,False
KIF20B,0.5923421832058627,3,0,0.7201456224971636,False
SLC45A2,0.5920030565305332,1,0,0.018249546010352447,False
RAB6A,0.5919187995140405,3,0,0.06585221596978386,False
CYFIP1,0.5916809305359134,2,0,-0.0052322030669103015,False
MFAP1,0.5914981551581482,8,1,0.1383208813598067,False
CWC22,0.5905364358547861,7,1,0.0619918386202869,False
DMAP1,0.5903899215179198,2,0,-0.4781001662380113,False
PRKAR2B,0.5902994654904692,2,0,-0.03480702558958626,False
FKBP4,0.5899423839235908,5,1,0.14485529410976028,False
OCIAD1,0.5898118893538378,2,0,0.22824598531406792,False
PHRF1,0.5896613954557498,20,4,0.4422047650778822,False
WDR3,0.5894257745391958,2,0,0.14650185696329743,False
SMPD4,0.5894089251322138,3,0,-0.20525494798377864,False
DUT,0.5890610174291808,3,0,0.36781039007766836,False
PNPO,0.5884982605756619,1,0,0.32003855666371095,False
INTS9,0.5883005529686542,1,0,0.13886286719606034,False
YRDC,0.5877703286515121,2,0,-0.017163333863148722,False
STMN1,0.5876053951507998,5,0,0.25808024901633075,False
DCUN1D5,0.5876047317533946,1,0,-0.07770072193875421,False
PEBP1,0.5866089686882816,2,0,-0.09500136158818506,False
CARHSP1,0.5865225503241428,6,0,0.09642056604258187,False
SFPQ,0.5863737265326527,2,0,0.11172734670392259,False
PI4KB,0.586224425211209,4,0,-0.020209228683341962,False
LENG8,0.5852750665717288,1,0,0.023621404164792636,False
USP15,0.5851486283302165,3,1,-0.0018761973958199007,False
ZFYVE19,0.5850237652318834,3,0,-0.10468063983488918,False
TANC1,0.5847967009316208,9,1,0.14377621578724487,False
RPL34,0.5844591790026961,1,0,-0.7574452979471396,False
ABL1,0.5841392406834807,1,0,-0.006722982456963678,False
ZC3H7B,0.5840154110673872,2,0,-0.17388235747533898,False
GON4L,0.5827020802754355,6,0,0.16125147251085892,False
MLANA,0.58269628346053,4,0,1.2988668247867992,False
BUB1,0.582267704447335,4,0,-0.07969337141920363,False
MCMBP,0.5821984782995576,3,0,0.20204076346734823,False
FOXK1,0.581174669264394,14,2,-0.025763825344256475,False
PRDM10,0.5811584152933733,1,0,0.07803981325525555,False
CDK9,0.5796516493213026,1,0,0.13418039800281534,False
CSTF2T,0.5794782451104012,1,0,0.1368272937272188,False
YTHDF3,0.5780613006399555,1,0,-0.08421176569826372,False
CLIC1,0.5779648342186459,2,0,-0.2947630809200774,False
SRPK1,0.5778712823596214,3,1,0.05191283589267215,False
SUGP1,0.5775777202547386,3,0,0.27351238590480875,False
KLF16,0.5768913198461973,2,0,0.17578448688998805,False
ACLY,0.5767543195395319,2,1,-0.031962204329825994,False
MPHOSPH8,0.576441850594952,7,2,0.04837317905723637,False
KIAA0319L,0.5760423319019612,2,0,-0.32889805589251964,False
SMAP2,0.575321030862245,2,0,0.033742990700144304,False
PWWP2A,0.5752204283863325,2,0,0.02619538808478694,False
PRKRA,0.5740916428957981,1,0,-0.2581333658243068,False
CPSF7,0.5732361001704902,2,0,0.04445455819010036,False
LRRC16A,0.5727435399750771,12,2,-0.13841146024891415,False
CREB1,0.5726126356512804,2,0,0.03496130169834899,False
MAP2K2,0.5704690259394193,6,0,0.04671196422516033,False
MDN1,0.5699098841450218,3,0,0.16839295367842055,False
CHEK2,0.569685328925349,3,0,0.3117368560937166,False
ZNHIT6,0.5694725242683063,1,0,0.21174626467863433,False
MINA,0.5692913220901801,1,0,0.006902001078223918,False
SLC9A1,0.5691227252369003,5,1,-0.3870783608718966,False
ZFC3H1,0.5689277294964471,12,1,0.15388815599933992,False
UTP20,0.5689234585560167,3,0,0.357791201501346,False
TBC1D15,0.5688041007406106,2,0,0.09906332431737042,False
BCL7B,0.5684546002476528,3,0,-0.22950211854624314,False
SPECC1,0.567514495261906,10,1,0.26116642617601826,False
CYGB,0.5673023507305928,2,0,-0.24376406644432436,False
PRPF4B,0.5671794161784391,16,2,0.17938890815447905,False
DNAAF2,0.5670451928701858,1,0,0.11130542876397698,False
NBN,0.5670108816777049,8,1,0.06972780260937128,False
CDYL,0.5664987356693013,3,0,0.10448098815623297,False
PGRMC2,0.5663819416450462,4,0,0.1355165506235032,False
ZEB2,0.5662611463056761,18,2,0.05623802121234789,False
TRAPPC10,0.5659562161076401,4,1,-0.10278194630164705,False
KIF22,0.565777230290248,2,0,0.6814202197611863,False
PTPN2,0.5655029462254983,2,0,0.21132883711747397,False
ANK3,0.5654568131890567,2,0,-0.0042470329203609936,False
WARS,0.565025898247896,1,0,0.0385574567328284,False
VASP,0.5644361523858947,2,0,-0.36266880248386,False
POLR1E,0.5641900171437797,1,0,0.2210827528065451,False
ARHGEF10,0.5638580455724315,6,0,-0.1145986730467854,False
SEMA4C,0.5638415651454283,4,0,0.7584291952678122,False
SCRIB,0.563792875296926,27,3,0.17359678414055324,False
MICALL1,0.5636270676408677,14,3,-0.1940949025176515,False
INTS5,0.5635346143190603,2,0,0.06476687165139339,False
PEA15,0.5630954618138683,3,0,0.1915573020230319,False
HNRNPL,0.562729908240461,3,1,0.001783387084078214,False
VPS13D,0.5626066510440612,7,1,-0.05442354157284868,False
HMGXB4,0.5624186549949753,7,1,-0.021816578768977024,False
PKN2,0.5621378289303307,9,0,0.10402650317088558,False
CCDC86,0.5620209833984139,15,2,0.1267056788965668,False
AASDHPPT,0.5619316102374903,1,0,0.7659483635616482,False
CDCA3,0.5611486550459737,8,1,0.5767718466288017,False
CDCA2,0.5606454479883415,7,1,0.7888837514530458,False
CHD8,0.5602190116002319,11,1,0.12991311760900004,False
ZC3H8,0.5594810958486001,3,0,0.47998124078247884,False
NFKB1,0.5589676443186384,1,0,-0.1653431714137561,False
POP1,0.5587494813502415,3,0,0.10017076473987174,False
REEP3,0.5585871366010684,4,0,0.00723932120331483,False
MRTO4,0.5582542608117791,1,0,-0.0035929398248271127,False
SNRPA1,0.5582183139245487,1,0,0.09271619866521519,False
PSMD2,0.5574157475576982,2,0,0.09743888270334722,False
ANKS1A,0.5573663528286907,7,1,0.07651477040871058,False
FLVCR1,0.55720347292106,1,0,-0.0011438250501001335,False
NOL6,0.5571632751846654,2,0,0.1127188995508348,False
SEC62,0.5570889708599651,8,1,0.21026636704832669,False
HSPBP1,0.557014879185008,2,0,-0.0667858914042121,False
MECP2,0.556895100243457,6,1,-0.10867732826818255,False
SEPT10,0.555966633856201,1,0,0.07364661144760376,False
GABPA,0.5551295484156,1,0,-0.3471735551983066,False
BET1,0.5548945843118993,1,0,-0.1328243379664542,False
LIMD1,0.5544717935394751,5,1,-0.11265034598925894,False
RAB3IL1,0.5544261182137143,3,0,0.04000231473138882,False
IKBKAP,0.5542361997263683,1,0,0.011507347536479529,False
PLCB3,0.5540300228178765,1,0,0.15006810590325514,False
SETD1A,0.5536654543094954,6,0,-0.2850615461304393,False
PDZRN3,0.5536234519529746,2,0,0.06036176444267127,False
MPDZ,0.553288382070827,7,1,0.09926704450856505,False
ESCO2,0.5527820550737372,4,0,0.04074100175835227,False
TRPV2,0.5526021664559663,6,1,0.07358685711727375,False
ITPR1,0.5524476644121137,2,0,-0.571736933774627,False
SF3B3,0.5522207324829917,2,0,0.13187391488803613,False
EEF2,0.5508832539702553,3,0,-0.12828675551214275,False
HSP90B1,0.5506568931673783,1,0,-0.06064083043209223,False
ZDHHC18,0.5503646514305398,2,0,0.0324215277094666,False
G3BP2,0.5503233015215278,3,1,0.203215762130597,False
SAMD4B,0.5497519318706677,3,0,-0.01778035922128396,False
PNKP,0.5494583448419963,2,0,-0.009661036812357082,False
SOGA1,0.5492120832071841,2,0,0.10475241168865779,False
ADNP,0.5491406485997403,9,1,0.0959394924522563,False
TRAM1,0.5489212495103217,1,0,0.19621490595602964,False
RANBP2,0.5483400788745113,23,2,0.09025218705581395,False
FLAD1,0.5482501893648646,1,0,-0.4144119476017103,False
PDE8A,0.547817223904632,2,0,-0.34936647936594767,False
USP36,0.5473765569170327,12,0,0.4357363957870213,False
GDAP1,0.5468002156588696,1,0,0.11175360967946091,False
EMG1,0.5464656189309096,1,0,0.10631728117061101,False
NEDD1,0.5464636455350345,3,0,-0.2685979377087726,False
TNRC6B,0.5462368765550494,4,0,-0.03669241249761512,False
KAT6A,0.5459814674279114,7,0,0.03321537243513362,False
TOMM20,0.5459003992583398,2,0,0.12928140509988495,False
HIST1H1D,0.5456048765377943,2,0,0.01599180781544618,False
ATF7IP,0.5453398055392693,10,2,0.16263056968355016,False
SLC4A2,0.5450832585479577,8,1,0.8567387893144449,False
NOSIP,0.5443046614951719,2,0,-0.03620618277003018,False
SIX4,0.544168836586536,1,0,0.03550034008726399,False
SMNDC1,0.5436509994223861,1,0,0.07213908196058583,False
ECT2,0.5435726432467476,1,0,0.43725858904043235,False
CHAMP1,0.5432214794831636,40,2,-0.19148948548853895,False
SLC7A5,0.543029486601327,2,0,0.25262166534423613,False
CLIP1,0.542901876381487,6,1,-0.1760053698110582,False
SEC14L1,0.5426653126205405,2,0,-0.05027011110250612,False
EPHA3,0.5424656370442804,1,0,-0.13997578921686227,False
TBC1D13,0.5420421800279414,1,0,0.002677486639253601,False
MTA1,0.5418469821037981,5,1,-0.1558280130556895,False
ZNF326,0.5413588849352653,2,0,0.27573139474180053,False
VPS13C,0.5409586967336262,4,1,-0.2571042588807586,False
RFC3,0.5408027170417427,1,0,0.3399371585551947,False
MPP1,0.540767977458005,4,0,0.2621527540063653,False
TMEM87B,0.5406152204736259,1,0,-0.28291268992299123,False
TMEM106B,0.5402159248464358,2,0,0.30355558205829425,False
MPZL1,0.5401531893922767,3,1,0.04857175826867888,False
POLR2A,0.5393207598728089,22,2,0.09229167564060958,False
TDRKH,0.5373900200234871,1,0,-0.07756499952091644,False
GAB2,0.5369106614087725,7,0,0.021037012159972335,False
MCM3AP,0.5368332696513789,5,1,0.006692857465282032,False
CLPX,0.5366212242265469,2,0,0.033828990654679814,False
COIL,0.5365505941391829,7,0,0.06685082964894562,False
WDHD1,0.5359227452118518,5,0,0.5911075829744163,False
LARP4,0.5353859605845095,4,0,0.23343271354841377,False
GPRIN1,0.5352789698514435,12,1,0.09833335128942977,False
SMG9,0.5350357020912906,2,0,-0.39425482574103654,False
ZC3HAV1,0.5350231165999958,10,2,0.20340055192717443,False
DOCK7,0.5349586868388334,21,2,-0.11055379621279471,False
CCDC97,0.5348555378661235,2,0,-0.009833714434073215,False
TSPAN10,0.5347210212585061,5,0,0.6423583505938879,False
NUP35,0.5341458963666993,7,0,0.27307756572291453,False
CDCA7,0.5319499971725108,1,0,0.05037253943602238,False
RSRC2,0.531706462814126,10,1,0.03798784768689245,False
PHF3,0.5316967024168172,13,1,0.08328044771549159,False
ARHGAP25,0.530945811043304,3,0,0.2416029078087618,False
DDX20,0.530456621012752,6,1,0.5574402916984447,False
RIF1,0.5304369958842506,28,4,0.4561559995984794,False
SMARCA1,0.5294722654753296,3,1,0.06666305231141578,False
RMDN3,0.5287262176963701,1,0,0.053574956314541566,False
PYGO2,0.5286477364166053,2,0,0.05785301991765124,False
VAMP3,0.5284007485246095,6,0,0.09164346601451001,False
HSPD1,0.5279772338871673,3,0,0.21119254845757496,False
DPP8,0.5262739955541065,2,0,-0.03408431233988907,False
AMOTL1,0.5254338745511742,4,0,-0.09404498841066555,False
RTN3,0.5254201220534528,3,0,0.07763683688781953,False
DSN1,0.5246747208288574,7,1,0.23013969684458857,False
BAZ1B,0.5243439584196923,16,2,0.27452430143937434,False
UVRAG,0.5242693614940777,3,0,0.032658555512508514,False
SNX19,0.5236986957674539,3,0,-0.023539279017615655,False
TTC4,0.523247634933977,1,0,-0.07400143067052412,False
PRDX2,0.5230484379513811,1,0,0.082235516222525,False
DMXL1,0.5230021414441772,8,1,0.024347163682822526,False
RNASEH1,0.52298327203731,2,0,0.005097759885060782,False
CDK7,0.5222061466069636,2,0,0.033306571008356656,False
MAGED2,0.5221360889098668,9,1,-0.12450811100577042,False
TRIM2,0.5216579636689067,4,0,0.45794994402319844,False
WDR75,0.521579741731796,4,1,0.12392260342512529,False
PRPF38B,0.5212642197039318,11,2,0.07833331044895075,False
POM121C,0.5208130286696171,13,1,-0.0025671086616654293,False
FARP1,0.5207850033603572,7,0,-0.20084365020658268,False
SMAP,0.520526627424271,3,0,0.0021174433462647357,False
ASF1B,0.520238655609571,1,0,-0.004852968583286099,False
PLD1,0.5197938470833018,3,0,0.21740024769110988,False
DNPH1,0.5197072994201193,1,0,0.05222584024828336,False
AMPD2,0.5196713998093481,4,0,-0.20891931763715021,False
XRN2,0.5196169966416655,10,3,0.04962103776320248,False
NUP210,0.5195618791946508,1,0,0.2915393457882338,False
PAFAH1B2,0.518775137239988,1,0,-0.11011876098021744,False
ZC3H13,0.5185739879559685,45,0,0.5571553372426408,False
RAD23B,0.5185419034507189,3,0,-0.033730317214356376,False
AKAP17A,0.518457710295003,1,0,0.31556637639631546,False
SRFBP1,0.5180213860384674,6,0,-0.14744854693838505,False
UNG,0.5174767624520579,3,1,0.22253170381948806,False
TP53,0.5174479575304627,2,0,0.08220792918644904,False
SNX9,0.5168814272089115,1,0,-0.20614260038825805,False
STK35,0.5168088348720659,1,0,0.07455369627056285,False
KDM5A,0.5167575274061047,4,0,-0.1588361195634782,False
OSBPL9,0.5167451393962033,3,0,0.11599653309926694,False
CCDC94,0.5159952619435817,2,0,-0.057379341717691545,False
ATP5A1,0.5158288788467926,4,1,0.08580658046509626,False
MBOAT7,0.5153557120644408,2,0,-0.05110121891608088,False
HNRNPD,0.5152654089166666,8,1,0.08959307336405331,False
KRR1,0.5140156128049327,1,0,-0.1009753356615235,False
TTC7B,0.5131884841578872,7,1,0.011136468104712804,False
SMARCAL1,0.5128789917431327,3,1,0.13934015328984373,False
SPAG7,0.5125634870778892,2,0,0.014219393838267536,False
ELF1,0.5123971397680398,4,0,0.07727679378471564,False
CIZ1,0.5113498363138819,3,0,0.040517848295625214,False
RELL1,0.5108500974608482,5,2,-0.2925423696925691,False
METAP2,0.5107782795711682,2,0,-0.1773521695202085,False
INO80B,0.5105342016612902,5,0,-0.02418520675586322,False
USP24,0.5105189530068448,8,1,0.08011524098047929,False
PPIP5K2,0.5104797363430656,9,1,-0.04101337357156254,False
TPD52L2,0.510452840540185,9,1,-0.2161283988067808,False
BIRC7,0.5103409944725197,2,0,0.24465348804079667,False
MAP7D1,0.5101786359329477,25,1,-0.3400681335885736,False
PHACTR4,0.510162586171488,11,1,0.2791825216528103,False
PIAS2,0.5097648781799062,2,1,0.03234566475674683,False
KIF1B,0.5094765238804335,4,1,-0.38844148692014,False
SCAF11,0.5091709857933595,16,0,0.19902550422231258,False
HN1,0.5087298893033925,7,0,0.34655764908161757,False
SOX13,0.5084347184668988,7,0,0.4099173086084704,False
DCTPP1,0.5084232136819509,1,0,0.49262417114083235,False
UBXN1,0.5078372417983488,1,0,-0.15778340745251285,False
BMS1,0.5068468319702202,4,0,0.20158293130553417,False
RFC1,0.506726543176463,12,1,0.2098719883312299,False
EYA4,0.5067136103214729,1,0,-0.20452440726363363,False
PHF20,0.5062994074489033,1,0,-0.028198348776776072,False
SLC29A1,0.5058223308499153,3,0,0.3724330415857082,False
EPRS,0.5058077552282263,5,0,-0.022263973996363262,False
OSBPL10,0.5049040962895486,2,0,0.022112669186917344,False
KIAA0930,0.5047159716496271,12,2,0.16280197384237738,False
KIAA1143,0.5047133939861013,2,0,0.0574240129452015,False
HIST1H1E,0.5044322085834672,5,0,0.2106208061346848,False
NUP214,0.5043425325544867,12,1,0.04619592922083271,False
FARP2,0.5039669450515684,6,0,0.4209260404217403,False
FOSL1,0.5036580373132207,2,0,-0.7515897643816203,False
PPFIA1,0.5034409847065469,19,1,0.030979286359940517,False
TP53BP1,0.5029244342781215,57,9,0.03076960698798814,False
SEC22B,0.5028732844702173,2,0,0.03674026135087516,False
COPS3,0.5026000222032732,2,0,0.1401528057877428,False
RRP1,0.5023581354914839,2,0,0.2360494958588788,False
PRKAR2A,0.5020522904821488,3,0,-0.019853868860518986,False
NUP107,0.5020381170419999,4,0,0.08361113881784021,False
RGPD3,0.5018914959037483,21,0,0.21780735283925878,False
KLHL22,0.5016505779356955,1,0,0.01556956982905433,False
ANKRD17,0.5015498270150291,9,1,0.026868168908336543,False
SRP72,0.5013727981922109,3,0,-0.06407612106663763,False
RAF1,0.5010854697105908,3,1,-0.031896154309283276,False
DBR1,0.5006898129216157,2,1,0.318202425431501,False
HNRNPDL,0.500660925619286,1,0,0.2613504198564556,False
PTPN13,0.5005443331637196,11,0,-0.3392551474891867,False
CENPU,0.5003160257185861,6,0,0.5420484675195532,False
ALYREF,0.5001797618101946,2,0,-0.026855351873987132,False
RBM17,0.4998475859812744,6,1,0.188863290252975,False
TESK2,0.49944159975498553,3,0,-0.07188220274857215,False
CHD4,0.4994003681191765,21,2,0.07385175357099527,False
SUPT16H,0.49908452323278407,4,0,0.12726787784785998,False
PNN,0.49848723317131155,11,1,0.10020727500430482,False
NSMCE4A,0.4983713009695272,4,0,-0.015614060687212827,False
RBMX,0.4980818699666614,7,1,0.20198799780051857,False
CSNK1A1,0.4976857209426946,1,0,0.045018690394005745,False
TTF1,0.49733418705589616,5,0,0.07328593296078623,False
DPYSL3,0.4973073825418499,2,0,-0.1919381754744549,False
OSBPL8,0.4962825965544247,7,1,-0.17930665525833334,False
SCAF1,0.4961382987165584,17,0,-0.08952373656408241,False
SENP2,0.4959321869163542,2,0,0.04726994761399794,False
STX7,0.4956337668324717,9,0,0.09440349142973048,False
USP20,0.495233180221922,5,0,-0.024561933598224783,False
MTDH,0.49519480040044855,10,0,0.07689577479656862,False
BAG6,0.4949415571997278,5,1,-0.011616864962800122,False
FTSJ1,0.4947627250864848,1,0,-0.023525756340490034,False
YEATS2,0.49471599198148297,11,2,0.042568609759957354,False
WDR48,0.4946294811107066,1,0,-0.16596566655227818,False
RIOK2,0.4942636135061467,6,0,0.13079204581431014,False
NR2C2,0.4941122171399286,3,0,0.01615340486038619,False
COL19A1,0.49387096804264274,1,0,-0.3128137838617171,False
ZC3H18,0.49371922499142745,23,1,0.25293289276482156,False
NHSL1,0.49319274213498426,23,2,-0.24168258956831323,False
CIT,0.49314923757396895,6,1,0.9235140443619905,False
GLRX3,0.49298415910270066,1,0,0.0650508723497687,False
EXOSC9,0.49298062976547996,1,0,0.22813265421233098,False
SOX6,0.49291867311655047,10,1,-0.013273897467669826,False
PSEN1,0.4929176969762876,4,1,0.046516312815221283,False
TNIK,0.4921767113404937,7,0,0.20324210336002935,False
MIS18BP1,0.4921594483863956,7,0,0.1515814666621189,False
FOXM1,0.49200431423131086,2,0,0.3799653468152471,False
SUPT5H,0.4916278215205523,3,0,0.03802577548912467,False
KIF20A,0.4908943267174995,3,0,0.4557228051279054,False
ZMYM2,0.4906036448983831,3,0,-0.11362981040016606,False
PCM1,0.490468358256624,41,2,0.21872818012295525,False
TMBIM1,0.49041234687604174,2,0,0.08252567093000707,False
ZMYND8,0.4901075980953097,20,2,0.1112844417399046,False
PQBP1,0.4899783779350173,1,0,0.09334989711895147,False
SLC43A3,0.4895106457416709,1,0,0.452300285638362,False
AKAP1,0.4894977456495186,7,1,0.6661600560085112,False
WRAP53,0.4894091901424775,8,2,-0.14087364366503863,False
KPNA2,0.4889408787605814,3,0,0.5303492573432784,False
NDE1,0.4886402812251678,4,0,-0.5297720219393582,False
CTTN,0.4884001335511743,15,2,0.1891276228286891,False
YES1,0.48833381764064754,1,0,-0.103465537880016,False
WHSC1L1,0.48831198565816347,4,0,0.34431836341519073,False
ITPR2,0.48787939894945254,1,0,-0.011529264816005025,False
SAFB,0.48768089304203144,7,0,-0.009004071292117999,False
LAMTOR1,0.48766143962339026,4,0,0.2653966565424817,False
GNAI3,0.4874757559203502,1,0,0.0671207613096243,False
IFIT3,0.48737470055665,2,0,1.4858621618100187,False
WDR62,0.48718041762632047,9,1,0.09050375579119319,False
MDC1,0.4868470443272175,45,2,0.24432617838556325,False
RSL1D1,0.48595259852167555,13,0,0.24749199476372752,False
DDX41,0.4858783008310201,4,0,0.054983798128006356,False
HSPB1,0.48581217565079415,5,1,-0.10344061557895401,False
KDM2A,0.48528511963721205,6,0,0.078203596660682,False
KANSL2,0.4852629065185532,1,0,0.025441535582011454,False
SRA1,0.48522246581549666,1,0,-0.0034692486641816345,False
SEC23IP,0.48488589180448827,1,0,0.043162154619480475,False
RRM2,0.48401169007255085,2,0,0.30378429176161603,False
LENG1,0.48397029767573585,1,0,0.028417902461782774,False
ANKHD1,0.4838760839845264,2,0,0.2438778065611622,False
CTTNBP2NL,0.48380399214087316,6,0,-0.07447539350647148,False
TMUB1,0.48320268117966503,4,0,0.11214792192435397,False
YBX3,0.48299246001224966,7,0,0.2840179703174286,False
MBD1,0.48294939699898976,3,0,0.2030751686076684,False
PFDN4,0.4823652720886962,1,0,-0.052769072847681286,False
EEF1B2,0.48169599478507763,3,0,0.0011146902452274787,False
PPP1R7,0.48152212821828133,4,0,0.028475825374737695,False
FOSL2,0.48124224130559107,7,1,-0.42932526344209165,False
FBXO11,0.48091255707165814,1,0,0.00809325674660144,False
BHLHE41,0.4807204906792375,2,0,-0.1196238707942392,False
SRRT,0.4806353812398119,6,0,0.05062612337832206,False
ARID2,0.4806312636581902,4,0,-0.015145829879003259,False
GSG2,0.4802574930347383,2,0,0.009248426200038296,False
AKAP12,0.48019270651524565,28,1,0.3771025879752834,False
TWISTNB,0.4801918151206426,4,0,0.3668714093475387,False
HSPH1,0.4798386072076776,3,0,0.012464189309568496,False
YTHDC1,0.479648353236648,2,0,0.23879145960151504,False
CHM,0.4795706181539572,1,0,0.03482579191551949,False
RECQL5,0.47928773651629,4,1,-0.030449308181474066,False
CASP2,0.4792568502372454,2,0,-0.31250397703927035,False
GFPT1,0.47918201715548037,1,0,-0.13036438207195644,False
IGF2BP3,0.4787479778821435,1,0,0.005769992622020936,False
NCKIPSD,0.47853763701325747,3,0,0.06724400908446171,False
MTA2,0.4784853785095251,2,0,0.12201225172130137,False
OTUB1,0.4784616767028105,1,0,-0.12683920173375896,False
RAB12,0.47822963363377724,1,0,0.05828524742992158,False
AUP1,0.47738808627708273,2,0,0.0198930073007908,False
CRELD2,0.4770380015542628,1,0,-0.09704079771456264,False
PPIG,0.476040768546722,14,1,0.14100550518066512,False
C9orf142,0.4756670623426018,2,0,-0.14827774602925103,False
NSUN2,0.47531642017040543,4,0,0.04842670358043932,False
SURF2,0.47446661207584206,2,0,-0.06699704240762827,False
SRSF3,0.47422521439871507,6,1,0.1554617889813592,False
CCDC9,0.47387231239342276,8,0,-0.13142010786751257,False
TLE1,0.4737748280314662,1,0,0.004445180470479926,False
NDC80,0.4733470185257289,2,0,0.04182042672285036,False
MUM1,0.47311144796381654,1,0,0.0385376416337877,False
CFDP1,0.47309583219935547,1,0,0.042902777342938236,False
ZBTB21,0.4730063625488181,13,1,-0.0749770666571763,False
NEK9,0.47298170425886443,4,0,0.1315421025225163,False
BRD7,0.47293324597304104,3,0,0.017344170768890166,False
ETFA,0.47278867940651637,1,0,0.03841142009769172,False
PTMA,0.47200649157041735,3,0,0.26241732846024135,False
BRD9,0.47177917206501085,4,0,0.16705940052427337,False
SERBP1,0.4717747532904575,4,0,-0.005286503335966586,False
ARL6IP4,0.4714577429555078,2,0,0.052591904433164416,False
EAF1,0.47132853076031367,1,0,0.046057135543598804,False
DBN1,0.471291042682466,11,1,0.011235139636298186,False
RRP1B,0.47093490525438725,11,0,0.17879243772182463,False
CHD1,0.4705519173221328,15,1,0.17058238772635903,False
MSH6,0.47051177776155806,10,1,0.13565896403747857,False
SOX5,0.470308934933007,12,3,-0.3366524264656334,False
FAM207A,0.47029022975149104,1,0,0.2751456480822547,False
INPP5F,0.4702347770502868,3,0,0.052678708801476404,False
CHD1L,0.4701631329371452,1,0,0.09230657415819721,False
DDRGK1,0.46954551329468447,3,0,0.03301363018684711,False
GNL1,0.46909329206929823,3,0,-0.2316213163368701,False
PPHLN1,0.46906404192992773,7,0,-0.17435807719840568,False
C1orf52,0.4685181683665647,1,0,0.014196513215487983,False
PSME1,0.46848849325447617,1,0,-0.1849773009138147,False
GRAMD4,0.4684638790838349,3,0,0.270938145167424,False
UTP18,0.46811852563294504,6,1,0.49870970779778645,False
BACH1,0.4672170805090552,2,0,-0.1136536378117512,False
NAV1,0.46673320020780085,19,1,-0.028572800431259537,False
LARP4B,0.4666960114976209,9,2,0.30269048003274435,False
OTUD7B,0.46654137985747557,4,1,-0.32169974394030376,False
ASH2L,0.46619489410937476,1,0,-0.04235854644481307,False
METTL16,0.46599678807543654,2,0,0.007656257227701246,False
CCT8,0.46559167506583243,2,0,-0.02163488900779953,False
SLC25A20,0.4655199437576556,1,0,-0.08076694643360938,False
EML3,0.46537436950817757,2,0,-0.02828487447663619,False
YY1,0.465051802514731,2,1,-0.12081924338731653,False
HGH1,0.46453686673254424,1,0,-0.11976244890102095,False
SKA3,0.4639029953861984,4,0,0.0628897717547261,False
SBNO1,0.46377981558545756,2,0,0.12011010196853888,False
SIPA1L3,0.4635623263551687,8,0,-0.1298134381872451,False
NASP,0.46352099723458406,5,0,0.27108453261810794,False
BRMS1L,0.4631600097186812,1,0,-0.2283978836716578,False
ALG3,0.4630462149765471,2,0,0.060285421201552225,False
TACC1,0.4629910605604127,11,0,0.20350832612233916,False
ARHGAP10,0.4628075579858262,1,0,-0.035882535256881454,False
RYBP,0.46279730071233416,7,0,-0.03741365825095855,False
EIF5B,0.4625315887827695,13,2,-0.07845935631321765,False
LRCH1,0.4625265164394765,2,0,0.5258477220415294,False
PMEL,0.4622895636356752,1,0,0.4553096409244759,False
PJA2,0.46214599375133975,3,1,-0.2468686145381973,False
STX4,0.4619761160363183,3,0,-0.0764493249580589,False
UBE2E1,0.4619549312842075,1,0,-0.0016322207154537693,False
GTSE1,0.46190214356493925,11,1,0.1909330653007224,False
UQCRC1,0.4615421335424372,1,0,0.0633308766012064,False
KIRREL,0.46147580201920757,4,0,0.2647972143369479,False
GTF2I,0.46137252697113595,9,0,0.06575647016656916,False
TRIP11,0.4613036489000635,4,0,-0.06068244117776089,False
RPRD2,0.4611406740641621,22,3,-0.044617283448658895,False
SPG11,0.4603995927323001,3,0,0.08530670025309561,False
DBNL,0.4600620119587404,5,0,0.0606300628706542,False
SH3PXD2B,0.46002743357257714,3,0,-0.09930036018203126,False
SLX4IP,0.4598568267348817,1,0,0.07455433402237688,False
USP32,0.4596846619141239,5,0,-0.14848141029482065,False
SP3,0.45967657452554533,1,0,0.0735924962604031,False
EDC4,0.45949182697037294,10,0,-0.00538942166467038,False
NOC3L,0.4594473383022333,1,0,0.14364207955970798,False
KMT2D,0.4592717819933928,14,0,0.011030556120694257,False
GID8,0.4591986409151261,1,0,-0.12222050998430234,False
ENAH,0.459195142694553,3,0,0.14265090777726996,False
NUMBL,0.45889331471532024,2,0,0.014352619772225239,False
NUP153,0.45883025071266537,17,0,-0.028333450011743366,False
ZC3H14,0.45872642521462376,10,0,0.1163145940079815,False
XPO1,0.45816390838883336,2,0,0.01099716310901755,False
DIS3L2,0.45800083624440724,2,0,-1.1494648362221653,False
GGA3,0.45799891722209907,2,0,0.30910304478645756,False
C2CD5,0.45791059722570515,15,1,0.053045005291995295,False
AKAP11,0.45747606432993376,15,0,0.13298653960062978,False
CCDC137,0.4574402761035863,1,0,0.6423537495241192,False
CUL4B,0.4571417325681419,3,0,-0.1085878354632186,False
MED1,0.4571215422979556,15,2,0.028735207208193003,False
DENR,0.45698315539677914,2,0,-0.22031845183255427,False
SURF6,0.4564938658064743,3,0,0.2987413886117345,False
RNF31,0.4564936177894694,1,0,0.034265462315666184,False
PLEC,0.45638447757464784,11,1,-0.46789312841042374,False
TMEM51,0.456064113401568,6,0,-0.1461478835821559,False
DDX59,0.4560564147771302,1,0,0.11914399471592318,False
CHERP,0.45595790520669655,5,0,0.4169429558334983,False
WFS1,0.45585665829326416,1,0,-0.15850726367038703,False
CSNK1D,0.4558378282891704,4,0,-0.21624042210324035,False
PSME2,0.4557712769031319,1,0,-0.15855784555116514,False
NIN,0.4557375933282472,5,0,0.6385962401620837,False
RILPL1,0.4556417380858129,1,0,-0.139458426401049,False
FASN,0.4554912626011329,6,0,0.12453395288506641,False
LMNB1,0.4550552895221293,12,0,0.06513612767875188,False
POLDIP3,0.45500329023552855,4,0,0.15685462550282026,False
IGF2R,0.45479810965203765,3,0,-0.01673313106436325,False
GTF3C1,0.45443618596090146,12,1,0.16277768001140203,False
PHB,0.4544220736410036,2,0,0.23321003138432062,False
STRIP1,0.45406593521498984,2,0,0.09339374044481019,False
NEDD4L,0.45401721341561707,12,1,0.19238864305078707,False
GATAD2A,0.453988811545271,11,0,0.2232115088470472,False
SRBD1,0.4538278437827685,1,0,0.06745211039041976,False
USP7,0.4537859767477386,2,0,-0.045052106602220476,False
C9orf78,0.4535963890631282,3,0,0.2536314693688304,False
SH3BP4,0.4534055421784683,7,0,0.14399815624253165,False
MKNK1,0.45302413915443474,2,0,0.0324215277094666,False
EXOC2,0.45207153844174286,1,0,-0.15874770468990107,False
MICALL2,0.4518490797289186,10,0,-0.19451730665342382,False
SF3B2,0.4510408414605154,8,1,0.09417429971559699,False
USP8,0.4508539053613383,3,0,-0.3625033175536032,False
MLF2,0.4507681275077484,2,0,0.2690116482414808,False
KMT2B,0.45070221322185766,10,0,-0.013277057526451586,False
OSBPL3,0.450680500940183,5,0,0.028981402640205545,False
CIAPIN1,0.45016343255533187,1,0,0.16297292340163594,False
PPP4R2,0.44935465609345204,4,0,-0.042600445660891495,False
FGFR1OP,0.44935249674684385,2,0,0.23840903311107908,False
NFAT5,0.44931774878239494,4,0,0.07512192697815578,False
MTFR1,0.4492431265926946,2,0,0.08386954473041897,False
ZBTB10,0.4481367439745991,2,0,0.11355339750081583,False
PARD3,0.44811142460408854,10,1,0.06441421697043026,False
SMARCD2,0.4475894112123224,3,0,0.05555805037687023,False
RNF219,0.44724267780334515,2,0,0.0324215277094666,False
CAMK2G,0.4470955793512452,3,0,-0.16187393998277955,False
BAP1,0.44685434757383957,8,1,0.040557031343858796,False
OXR1,0.44683362398757254,4,0,-0.04367645600100545,False
RNF11,0.44669740072094655,1,0,0.0537773659914329,False
PPP1R37,0.4466842369790693,3,0,-0.01704486803045313,False
LPIN1,0.4465423259267496,2,0,-0.0018912299734736848,False
APMAP,0.4457204027960877,1,0,-0.09615746523246926,False
RAPGEF6,0.44512429673459974,5,0,-0.08752707476526922,False
DIAPH1,0.44488732528770214,1,0,-0.027796270068982665,False
BRWD1,0.44482527790341436,14,1,0.13465898873712234,False
TOMM70A,0.44455710517367447,3,1,0.1552400854779883,False
DDX52,0.44448692204268525,1,0,0.1815236848012276,False
DGCR8,0.44442809142306516,9,0,0.1029136143505518,False
LRRC59,0.4443587878234396,1,0,0.04059996319845993,False
CHTOP,0.4442679379590224,1,0,-0.15594962764608056,False
SNX27,0.44416135790994815,1,0,0.03380504062723233,False
PDXDC1,0.44408278471404367,10,0,0.09501736895261814,False
WRNIP1,0.44387092152482666,4,0,-0.24015994647668037,False
ELL,0.44370837389318396,2,0,0.1758995777729524,False
EMD,0.4436032745981772,9,0,0.07349085941632438,False
SNAPC4,0.4434361346533464,3,0,0.009009815907333518,False
MYO1C,0.44319199338933757,2,0,-0.20339763658180487,False
RBM6,0.4421164878870634,5,0,0.5050954388184721,False
NBEAL2,0.4416691894243326,3,0,0.6982297364467236,False
STAG2,0.44160219591464056,1,0,0.28225839959937105,False
SYAP1,0.4413320861163186,1,0,-0.13461108729246973,False
LNP,0.44114531250333194,7,0,-0.006212356955462184,False
MYH14,0.44078103692154613,1,0,-0.04916870221669356,False
ANO6,0.4407434998297788,2,0,-0.06109411000837639,False
LMO7,0.4405708530476462,18,0,0.31821818111292544,False
SNX8,0.4405379928493076,2,0,-0.04581981593635831,False
TRIM47,0.44049184002910735,1,0,-0.17950257142296167,False
ZNF503,0.43999372239568135,4,0,-0.10249720288254949,False
SMG8,0.4398841490748744,3,0,-0.12063876152239317,False
BUD13,0.4398787119680751,20,0,0.008604987814209153,False
NSUN4,0.43985228449900404,1,0,-0.12291275496419729,False
PCNT,0.43967428418164045,5,0,-0.0004058669268438564,False
CROCC,0.4394338830486707,7,0,0.3968951077249976,False
TRIP10,0.4387266937538222,5,0,0.08683942599914474,False
LARP1,0.4382062085123604,23,1,-0.042870477516537164,False
TOX4,0.4379437637021354,5,0,0.11986406294504448,False
RIOK1,0.43763156367739775,2,0,0.22040588548734874,False
MINK1,0.43743315891399126,8,0,-0.016384315858971377,False
AFTPH,0.43738905591389826,3,0,0.028993466270563317,False
NUP50,0.43724583114459037,4,0,0.07836482848922799,False
TBC1D10A,0.4372261479947208,8,0,-0.21143746984822442,False
SPEN,0.43706300015465477,35,1,-0.026245519327218858,False
ABTB2,0.43628415206026716,1,0,0.048163993364426005,False
DUSP9,0.43609467203945584,1,0,0.057313474690129596,False
ANK2,0.4359757474446892,15,2,-0.29237602275717123,False
DPF2,0.43583790561521507,4,0,0.06636512407433415,False
CSDE1,0.4358262630154191,3,0,0.0027940307700298206,False
TPX2,0.4355516623860701,5,0,1.0239488777294703,False
RELB,0.4355360214813402,1,0,0.006385549058670392,False
ITPR3,0.4352489761061958,3,0,-0.25284822662073125,False
PTK2,0.4348613085379306,5,0,-0.20690819603383304,False
CASP7,0.4345704967315669,1,0,0.06970155969855796,False
UBA1,0.4344488273454665,4,0,-0.18428610588700778,False
CDK2AP1,0.4342781701854932,1,0,0.028154548553185776,False
CIRBP,0.43409299694982195,1,0,0.6870776049316056,False
GATAD2B,0.43402823854702266,8,0,0.10197730081089418,False
FAM120A,0.4339978214431355,1,0,-0.0034576977781632934,False
MRE11A,0.4338541646227583,3,0,0.09723397434920145,False
C17orf75,0.43338296125302617,3,0,0.14818423782445933,False
HMGN1,0.4331445805750896,5,0,0.05040236139393883,False
VPS54,0.43312684531419166,1,0,0.09071891387743136,False
ZNF217,0.43304411535558834,7,2,-0.31196166248476587,False
MEAF6,0.43302415575623066,2,0,-0.00776326851336151,False
ANAPC1,0.43292682370219904,4,0,0.13745858764005447,False
PSRC1,0.4327348700399263,1,0,0.019042401692594524,False
THRAP3,0.43266145493639135,31,1,0.13775850506848997,False
TERF2IP,0.4326336421283277,3,0,-0.14228698148785313,False
CTPS1,0.432200087394647,4,0,0.05678694600334211,False
PDE3B,0.4321780853500184,6,1,0.6250272552372067,False
LSR,0.4319524757450572,12,0,0.6568164468784445,False
DNAJC5,0.4313904804703874,5,0,-0.13166722995710245,False
NRBP1,0.4311544093173012,2,0,-0.07038230669627765,False
HSF1,0.4310257143653307,6,0,0.12674925141660864,False
KDM3A,0.4309758138455635,1,0,0.00047088540754458563,False
SNX16,0.4309688510469645,6,1,0.10637040286609434,False
EXOSC7,0.4309043954380165,1,0,0.12215983393304697,False
PRCC,0.4308484812730683,5,0,0.19103651529594146,False
FIGNL1,0.43060395881057545,1,0,0.034565471385686664,False
RPS3,0.43060066947434983,2,0,-0.01028288852663195,False
GTF3C3,0.43052957084783827,1,0,0.19881406041178806,False
PDCL3,0.43036770990232043,2,0,0.08733312733984988,False
DDX17,0.43034901224698885,2,0,0.0024595821994921607,False
CACTIN,0.43030851410363624,1,0,0.038016756863267887,False
CHCHD3,0.43029428341991266,3,0,0.1948446955343357,False
RB1CC1,0.43015159303966133,8,1,0.002849673135649766,False
NXF1,0.429814768749722,1,0,-0.08554493456033185,False
RREB1,0.4295393587908425,10,0,0.17633219986414872,False
C7orf50,0.4295379747709376,2,0,0.040103873608316576,False
SEPT9,0.4294245783210592,10,0,0.011343252526568648,False
NUP88,0.42941691560936945,8,0,0.11985139686490953,False
NUP62,0.42931511368653474,1,0,0.050710489651510926,False
PALLD,0.42926440524940634,4,0,-0.034172210470494235,False
CPSF3,0.42923658084222716,2,0,0.18182586734369366,False
SCYL1,0.429011032219627,1,0,-0.253849918616055,False
CASKIN2,0.4286954001557728,4,0,-0.035229461054626654,False
GPALPP1,0.428461499899966,3,0,-0.021288968365542615,False
RAVER1,0.42833738055761117,3,0,0.023903395878853928,False
WIZ,0.4283240346817472,11,0,-0.0248123756841494,False
KMT2C,0.4281648907153348,16,0,0.014312096322356638,False
TEX264,0.4280744221379269,2,0,0.17673845419428602,False
PLEKHA5,0.4277066578781833,13,1,0.20588684095852372,False
EPS15L1,0.42766227955014813,7,0,0.13757769384893237,False
ZBTB1,0.4269521635117446,2,0,0.26597144188966126,False
NAA10,0.4269283372906223,3,0,0.1613334289783559,False
EPN2,0.42640274036258674,1,0,-0.1625772195078099,False
SCARF2,0.42616033551326427,10,0,-0.012643163868450102,False
SRPR,0.4259946814818581,3,0,0.001225204699849769,False
NSL1,0.42598630843385976,1,0,-0.06956345988744772,False
XAB2,0.42566286763349837,2,0,0.20280176498341973,False
ATRX,0.4255840092058514,19,0,0.303389771836553,False
CGN,0.4255708686437698,4,0,0.7610153710700267,False
PDLIM7,0.42446986952747423,2,0,-0.6009596185927712,False
ZHX1,0.42437810819735233,4,0,0.4277216542855058,False
NCL,0.42408606957770306,13,0,0.18208120445295606,False
VAPB,0.423680863475622,6,0,-0.039460879650178526,False
RBM14,0.42330676771112935,5,1,-0.09277039040346224,False
EP300,0.4227504880774428,9,1,-0.03911441349243816,False
SAFB2,0.4225975375174873,16,0,-0.011414951888816915,False
SLC12A7,0.422581281569677,2,0,0.4208532876824371,False
PHF23,0.42250479029343896,3,0,0.1501402827283158,False
GRK6,0.42239056201145075,1,0,0.044093871916828675,False
SLCO4A1,0.4220020275823906,3,0,-0.2358887650007162,False
KIF11,0.4218666054314433,2,0,0.30815603318488627,False
UBE4B,0.42174192762234014,11,1,-0.14222295699596899,False
SMARCA2,0.42174019992989936,6,0,0.08054054821260337,False
DIEXF,0.42160435265338947,1,0,-0.30622793941823545,False
HMGA2,0.42093828906295716,4,0,-0.31852551886487745,False
ACAP2,0.42069229299437794,3,0,0.03162238904439718,False
THOC2,0.42051508153348394,6,0,0.10900862247007126,False
RSF1,0.4204785013707142,22,1,0.15111163204156597,False
EEF1D,0.4203950591268084,8,0,0.018456745954136267,False
RAD18,0.42007561846723646,5,0,0.6279894252886038,False
FNBP4,0.41910610849246455,8,1,0.05602570972279253,False
CCPG1,0.4189750369230367,3,0,-0.10681892392165793,False
HIRIP3,0.41884891784456696,24,1,0.16746188058393585,False
POLE,0.4186193061185577,1,0,0.06186092239168417,False
TOP2B,0.4185343864901004,17,0,-0.028954992640436217,False
TBC1D22A,0.4174611472806262,4,0,-0.2080245173923032,False
COG7,0.4174059882761849,2,0,-0.04761142356931103,False
RNPS1,0.41731387725739566,1,0,0.09194870389810106,False
FBXO42,0.4170573481493314,3,0,-0.002996289345311709,False
CD2AP,0.4169986861509202,5,0,0.2371279500433907,False
TPI1,0.4165497762692336,2,0,-0.17320729714541017,False
ATP6V0A2,0.4164368948294417,1,0,0.3380141114555286,False
ARID4B,0.4163914299154903,8,1,0.10301935007282736,False
JMJD1C,0.4157240453741741,11,0,-0.1649079216772975,False
GYPC,0.4157125674563507,3,0,0.22866433106721118,False
EME1,0.41559210228785953,6,0,-0.09001316015427108,False
WDR11,0.4154140546247393,3,0,-0.05259107708556954,False
BAZ1A,0.4153265517349171,7,1,0.5106206034018683,False
SRRM2,0.4152921602476375,259,10,-0.0012072630018558073,False
NUP98,0.41492610634079863,13,0,0.012567480919376095,False
TBC1D16,0.4148976539854587,5,0,0.20750444932919976,False
C12orf43,0.41434774102653193,4,0,0.08537466846084385,False
EIF2AK4,0.4142051701177074,1,0,0.1572272972372737,False
BRD1,0.4139337526265624,11,1,-0.21293687209029244,False
UTP6,0.41389982905634426,1,0,0.11491718404877105,False
ZC2HC1A,0.4138327178933885,2,0,-0.007675149279695148,False
PUS3,0.4136482355507489,1,0,0.008293325379703731,False
RPS8,0.41361781204965276,2,0,-0.05476164652150217,False
MPRIP,0.4133198386438419,10,0,-0.1246938346187747,False
ZNF830,0.413183358300131,1,0,0.018630160183626288,False
COL4A3BP,0.41309752943644007,8,0,0.2708528079064898,False
SRCAP,0.4128337940939141,14,0,0.4007325407170299,False
TAF6,0.4125997690834358,7,0,-0.022369346058635386,False
APEH,0.41247134865398394,2,0,0.004816679356490994,False
H2AFY,0.41224231856995647,3,0,0.11002643605889517,False
NUDT5,0.4122220108124175,1,0,-0.09532861661843128,False
NCOR1,0.4118046224226499,24,1,0.05693356717392817,False
RBM23,0.41179455151816075,3,0,0.0246607109843886,False
PPP2R5D,0.4117189664154388,1,0,-0.3100636888785644,False
ATP2A2,0.411598317460264,1,0,0.04675055810396955,False
HIRA,0.41122394065104767,6,1,0.20634984902151032,False
NOM1,0.41117047409685314,8,0,0.24865105849935887,False
SPPL2A,0.4109866553813326,1,0,0.03478472439865499,False
ZNF768,0.41083854572099754,9,0,-0.01629168884429788,False
TRAFD1,0.4107855866307908,4,0,0.0548167939021198,False
TRAK2,0.41066951932387497,5,0,-0.20972665999262574,False
SMCHD1,0.41049935147952255,1,0,0.13512814897129033,False
NF1,0.410388217975103,11,1,-0.1661411021254473,False
UBN1,0.410257209917867,3,0,-0.12415897692888223,False
CHD7,0.4101702393927124,12,1,0.7844272644792625,False
CTDSPL2,0.4099370116003245,4,0,0.10138667577619742,False
PMM1,0.4097426919146656,1,0,-0.1008319693351254,False
GIGYF2,0.4097173841719612,9,1,-0.10769268516006036,False
SRGAP2,0.40919137113629633,5,0,-0.032318042792521595,False
ZNF609,0.40901489664877533,22,1,-0.34941361822261285,False
BMI1,0.4089625661105458,1,0,0.1498268010751822,False
RRBP1,0.40889868828085757,6,0,-0.32632718206977174,False
MICAL3,0.40888714701188467,11,2,0.1224157241065349,False
ZC3H11A,0.40883220207430504,9,0,0.14519175315903254,False
LRRC41,0.4086677996081045,4,0,0.08997138521649717,False
LPXN,0.4085392538898229,3,0,0.07249303737268775,False
ARL6IP6,0.40828424478801395,3,0,0.08855213582042865,False
KPNA3,0.4081234491965038,2,0,0.0337973853303879,False
TRAP1,0.40811993841416694,1,0,0.2355505994363618,False
OSTF1,0.40810627898012264,2,0,-0.36715422598776115,False
SORT1,0.40799140997705763,2,0,0.6704341632714907,False
INPP4A,0.4077176237039488,1,0,0.028648983786197846,False
ECE1,0.4076032140128234,1,0,-0.6559269021526681,False
LEMD3,0.40738622599166224,6,0,-0.04135399690386876,False
KLHDC4,0.4072259873481432,2,1,0.05783796715973821,False
GYG2,0.4072221575967987,1,0,0.028898568909010436,False
CLASRP,0.4067785927839891,8,0,0.021015836956784995,False
CAD,0.4067562276509757,3,0,-0.04615624378140737,False
MXRA7,0.4066766909470374,3,0,-0.5244107372731648,False
YTHDF2,0.40659725839648075,2,0,0.3176659426868831,False
NSD1,0.4062873914975829,3,0,0.19178933324127811,False
MED24,0.4061339843705518,2,0,-0.07222348534513756,False
FHOD1,0.40598900235343083,5,0,-0.2160443077477332,False
ASPH,0.4057786417454601,2,0,-0.12419260736065851,False
DFFA,0.4055685184463833,1,0,0.3312688256419385,False
HDGFRP2,0.4055210466785939,17,1,-0.023687125572671164,False
DTX3L,0.40472838097454655,4,0,-0.40648821827636894,False
ESF1,0.4042065167603255,13,0,0.10089033728986507,False
FMN1,0.4039232665408307,12,0,0.5140500128506496,False
TBCC,0.4038915544640673,1,0,-0.07282913223666299,False
RPS21,0.4037659020612665,1,0,0.058405974596968946,False
PRKACA,0.40374021428990403,2,0,-0.339976248830979,False
PPP2R3A,0.40360615403400857,3,0,0.0324215277094666,False
APIP,0.4032123089851929,2,0,-0.19988649013618343,False
INTS6,0.4031397925245379,1,0,-0.09418375923014821,False
MARK2,0.4029889613241023,7,1,-0.0045089613693072295,False
DDX50,0.40282312166826983,3,0,-0.0015975920606479121,False
FTO,0.4028220309003032,1,0,-0.016611372509366618,False
MCOLN1,0.40273971307928375,3,0,-0.25047964578225645,False
RPS6KA1,0.4022620769933871,4,0,-0.14372252609754455,False
ATP5J2,0.4022498781129258,1,0,0.017637548393750535,False
SNRNP70,0.4021819393305215,3,0,0.21489610054229047,False
COPE,0.40218023201461683,2,0,-0.131755941295431,False
ZNF638,0.4021418261263479,11,1,0.16071883914713325,False
EML4,0.4020716520665302,7,0,-0.09360878823722985,False
DUS3L,0.4018653902723308,1,0,-0.05486992289019099,False
UCKL1,0.4018394603636235,4,1,0.007896228739340927,False
PHAX,0.4011592763801944,6,0,0.01598540613448307,False
CEP250,0.4011395009729011,2,0,0.0076545672848453705,False
NUP85,0.401065341552691,1,0,-0.011622220287680562,False
PPP2R5A,0.4009417738898371,2,0,0.08035811399214765,False
RC3H1,0.40067164267556166,1,0,0.050516341618646265,False
ATP13A2,0.4005342691053464,1,0,0.0005453854791852564,False
BCAS3,0.4003392853474196,5,0,0.08246355207580436,False
LGALS3BP,0.4001307639731806,1,0,-0.023227607541787876,False
OFD1,0.40005634616136165,5,0,0.19147002480281827,False
RFX1,0.4000230564753551,3,0,0.08916482586566232,False
IKBKG,0.3998976983310296,2,0,-0.0014481063184028642,False
TMEM164,0.398802739132293,1,0,-0.03904659712521408,False
DOPEY2,0.3987767776069351,2,0,-0.10353795857443515,False
TP53BP2,0.39811900439861203,8,0,-0.11065426146706159,False
OIP5,0.3976844178814929,1,0,0.21792631584411026,False
CLK1,0.3971838700598189,4,0,0.08030644280489696,False
KANSL1,0.3970886505442337,7,0,0.047057965715833205,False
TMEM192,0.39690090951064505,3,0,-0.03694919331075042,False
CAAP1,0.39661240425432354,2,0,-0.01832606387680613,False
ZNF280D,0.3965855233778175,2,0,0.0642752883563702,False
HCFC1,0.3964146409875715,8,1,-0.021032317732665007,False
UMPS,0.3960334157397405,1,0,0.06277544713390171,False
DICER1,0.3956779912738799,2,0,0.05625560723895262,False
WDR77,0.39557117261742647,1,0,-0.26337440365668385,False
SPTBN1,0.39552510966533144,12,1,-0.11290960773753511,False
UBR4,0.3949908997992715,11,0,-0.09347554277446335,False
TPPP,0.39464522762695725,3,0,0.04746437907450485,False
CASC5,0.3945711278261553,3,0,0.19192160318768003,False
KIF2C,0.39452175662996325,2,0,0.7017671843137769,False
CLNS1A,0.3944125364247739,1,0,0.15120056714897245,False
SENP3,0.3943314126164189,5,1,0.2793521133786676,False
KDM1A,0.3941981621162925,6,0,-0.03960541743438739,False
CBX3,0.3941851088007965,5,0,0.21532242905908205,False
ZCCHC11,0.39414122131934093,1,0,0.08111672588503538,False
DCAF6,0.3941390395627039,5,0,0.06776228150795305,False
MASTL,0.3938274615068214,3,0,0.18405149107285368,False
TGFBR1,0.3933860972038161,1,0,-0.6860000276724207,False
TCF3,0.39333835077629686,1,0,-0.02316539062697487,False
XPC,0.3933242433997801,6,0,0.007854854079905493,False
ATXN2L,0.3931991041130465,16,0,-0.0643828841836509,False
RAB23,0.3931886820899185,3,0,-0.1716255291037143,False
DNAJC19,0.39315777721300904,1,0,0.4524793621618599,False
FUBP3,0.39280183705587035,1,0,-0.046504886982209115,False
CTSB,0.3927939407564587,1,0,-0.434782121910942,False
PPP6R1,0.3927243253999085,3,0,-0.09674534588581452,False
MSL1,0.39248810065708994,6,0,0.1904961145720847,False
PPIL1,0.3924222205521488,1,0,-0.03081970125834843,False
RIPK2,0.39200435438117864,1,0,-0.6294928482410889,False
KIF4A,0.39177955676636744,5,0,0.4566032348276927,False
TULP3,0.39160789555887376,1,0,0.04701435076299276,False
PSPC1,0.39160376988720813,1,0,0.1264535316134605,False
BAIAP2,0.3906545313832751,5,0,0.12635307417233577,False
HJURP,0.3906133226611225,5,0,0.003084830774156444,False
TOR1AIP2,0.3906014631612666,3,0,-0.2837300645416505,False
SON,0.39037026218348553,23,1,0.028008635536835413,False
CBX8,0.3902993699490249,6,0,-0.11446364816072929,False
PXN,0.3902010000684543,7,0,-0.37762001829593217,False
DOCK5,0.3901245899210952,2,0,-0.6159387011861917,False
LEF1,0.38972172178851494,1,0,0.10819822414352842,False
TCOF1,0.3896968619383493,27,0,0.21171333457462183,False
SRSF1,0.38948392281217536,7,0,0.09729040433803249,False
ZC3HAV1L,0.38928955216020356,1,0,-1.3365377697027725e-05,False
TBCEL,0.3891634282833927,1,0,0.03726435064272238,False
DOCK1,0.38883165830332445,1,0,0.010467253611253113,False
BCL9,0.3887079928716442,9,0,0.07817460601169657,False
KIAA1551,0.3884571351450896,4,0,0.04677612687687471,False
BIRC6,0.3882619923361261,1,0,-0.0404058540856056,False
UGP2,0.388115568952486,1,0,-0.16332511105952463,False
KIDINS220,0.38784340453619326,13,1,-0.1695160260157813,False
MPP5,0.3877663942032399,2,0,0.3457131227160417,False
SLC30A1,0.3874677752597151,1,0,0.2011770327236846,False
PAXBP1,0.387156876872352,5,0,0.05651522255896424,False
RCOR1,0.3871249968123098,3,0,-0.23402097682958,False
MCM2,0.38708518210350296,15,1,0.2312135205627328,False
HNRNPH1,0.38704709071677534,2,0,0.050879665737046054,False
SAR1A,0.38698035045696955,1,0,-0.6966083954221354,False
EIF3B,0.38690796335805305,9,0,-0.10433746597217564,False
ERBB2IP,0.3867718347840533,11,0,0.1891275435577704,False
SFSWAP,0.386735682485645,7,0,-0.06631763649264855,False
PDAP1,0.38644381725535126,4,0,-0.29976559441579553,False
HPS5,0.38641431975338064,5,0,-0.23796774814570654,False
HMGA1,0.3862899902622061,9,0,-0.41888287608875885,False
STIM2,0.3859355071900694,4,0,0.07032089926419971,False
CDC37,0.3858908530108944,3,0,0.04838645275528819,False
MARCKS,0.38556308765972247,16,1,-0.26800689360525,False
IGHMBP2,0.38530355016561657,1,0,0.0324215277094666,False
BICD2,0.38526034317535424,6,0,0.09459727092276182,False
GTPBP4,0.38502228532268035,3,0,0.09570496259346228,False
NUF2,0.3849824790581202,1,0,0.20773580488846832,False
ATAD3B,0.38491138117570856,1,0,0.23425016766849183,False
LSM14A,0.38487417951173936,6,0,-0.2787548210556281,False
KATNB1,0.3847567521759565,2,0,0.03519356022503217,False
GPR56,0.3844417372545384,3,0,0.6178226385422079,False
INPPL1,0.38439504506454103,4,0,-0.21439852788011038,False
SUMO1,0.3841363110661806,2,0,-0.250288299151876,False
SKIV2L,0.3840504064317045,2,0,-0.0845697395185887,False
SMTN,0.38398579678262923,8,0,0.24199511551724484,False
TRIM25,0.3838936983705364,3,0,-0.09553652608248697,False
DCTN2,0.3835982777494813,1,0,-0.06713547468938685,False
PAPOLG,0.383547239543895,4,0,0.0324215277094666,False
TNRC6A,0.383511940607292,1,0,0.0327769567416496,False
SMARCAD1,0.3834675789761497,8,0,0.2882892096093599,False
MAP4K3,0.38339113684030224,1,0,0.10633881266893752,False
HEATR1,0.3833625906554303,1,0,0.20641244638935063,False
NUP133,0.38301308499430053,4,0,0.17651452792369327,False
RAB11A,0.38276097219642935,2,0,-0.07843634076484207,False
PDCD6IP,0.3823647502526022,1,0,-0.04961937468845434,False
PBXIP1,0.3820714177926021,1,0,-0.4150676545913292,False
RPAIN,0.3814983929427207,1,0,0.06655064815069522,False
N4BP1,0.3813996631253316,4,0,0.08608817525774626,False
ERF,0.38111328992048704,7,0,-0.10117579481711303,False
DNMBP,0.3808901544743932,1,0,-0.20263175295515268,False
SAMHD1,0.38079813337394164,2,0,-0.4526403898351816,False
MGA,0.38075043641699063,11,0,0.2636655799926473,False
RHBDF1,0.38037323105625376,5,0,-0.2138461374027507,False
TMEM131,0.380372888144534,3,0,-0.024433182756915528,False
OSBPL1A,0.3803632342987143,5,0,0.28697565071180264,False
LIMK2,0.38017089649902047,2,0,-0.13046614029447667,False
DAXX,0.3801009123341852,8,0,0.08704019815350961,False
DNAJB6,0.38007736921452207,1,0,-0.15592783346042793,False
ARHGEF11,0.38006364825918837,21,2,-0.3702771113991261,False
NUFIP2,0.37969993601748947,7,0,0.11339383615375098,False
GTF2H1,0.379368485356931,1,0,0.85248729332681,False
SRPK2,0.37932212180094727,4,0,-0.04486222003708207,False
TMEM184C,0.3793162769862306,1,0,0.03228033913916306,False
GZF1,0.37901227589777164,2,0,0.1293611565826147,False
ARGLU1,0.37889487770388364,4,0,-1.2283150855241196,False
NUMA1,0.3788836078969514,18,1,0.05432126656565828,False
EIF3E,0.3788092750475407,1,0,-0.062103775844462916,False
SORL1,0.37863086316068717,1,0,0.9394873365236052,False
PANK2,0.37861990260400563,6,0,0.16230858872113885,False
SF3B1,0.378570272881001,25,1,0.12098807292170477,False
ATG13,0.37844578030175313,1,0,0.13361210042425142,False
LAS1L,0.37836069408943285,4,0,0.308723501897731,False
DNTTIP2,0.3781165204958974,9,0,0.2270572875314727,False
HSPA1B,0.3781053795498579,2,0,0.14616057799645787,False
EIF3J,0.378060621141073,3,0,-0.013476721146936654,False
KIAA1671,0.3778512459739482,19,0,-0.5312142028774964,False
KIAA1598,0.377719756865325,4,0,0.11480129346936607,False
NFRKB,0.377572431015297,4,0,-0.017984233277879014,False
PDLIM5,0.37692701821698726,2,0,-0.20228300498175145,False
RPTOR,0.37674029301913875,5,0,-0.3701489144623906,False
PCIF1,0.37648767327384,6,0,-0.003582195729240567,False
ZMYM3,0.37624061469552783,5,0,0.03357935402989298,False
TACC3,0.3760829808019075,3,0,0.017212479808062398,False
SSFA2,0.3760098473203553,12,1,0.2547104112022467,False
CEACAM1,0.37569095818417253,1,0,0.610586751431196,False
EPS8,0.3755259137968441,8,1,-0.01989803027177217,False
CREBBP,0.37551456703327296,7,1,0.09604696809583047,False
MGRN1,0.3754541997116588,7,0,-0.03788975773577263,False
UHRF2,0.3748889829857962,2,0,-0.23443383516491423,False
AFF3,0.3748553058832644,3,0,0.0986749906942741,False
SMC1A,0.3745658471870401,4,0,0.13208228102351782,False
MAP3K2,0.37449228514757227,4,0,0.0651936297665543,False
DOCK9,0.3744589080594403,11,0,0.3738915231143558,False
FXR2,0.37415432737211135,5,1,-0.2657255493653281,False
NT5DC1,0.37411964349761817,2,0,0.3726263142852133,False
AP1M1,0.3737945786719301,2,0,-0.04936946046321111,False
TRIT1,0.3736930028771906,3,0,0.03995857450302509,False
SVIL,0.3736031796155732,10,1,-0.32215118363753703,False
STX16,0.3735779056083377,2,0,0.14082893561863585,False
DOCK6,0.37340089909275775,5,0,0.18487081875119316,False
GPR143,0.3733941859572944,5,0,-0.5354877959254338,False
RNF169,0.3731243667785719,5,0,0.06312513974030054,False
UPF2,0.3730606915899486,1,0,0.003804532516866743,False
METTL3,0.3730241177841114,4,0,-0.00966329440660374,False
SMG6,0.37284870351590804,2,0,-0.18236881364700253,False
MYO9B,0.3721872621615814,17,1,0.09158835968151635,False
CENPF,0.3720951170194295,11,0,0.11594784525468782,False
DDX51,0.37133082681230967,2,0,0.2367102750876171,False
AHCTF1,0.37117036410156923,21,0,0.13711278495373236,False
DKC1,0.3711569694609689,8,0,0.023763672228540145,False
AIFM1,0.3710218401100285,2,0,0.1184229137483861,False
FANCD2,0.3702832550731401,4,0,0.6968708944821316,False
USP33,0.3700885501486759,2,0,0.15660194649913706,False
TTC33,0.36982435761430565,1,0,0.051091843504316614,False
PKP4,0.36936018207206167,9,0,0.032922699869789795,False
EMSY,0.3687868579242487,10,0,0.031260862070691786,False
DIP2B,0.3683154012056251,4,0,0.17886581704564009,False
TIMM44,0.368082313878471,1,0,0.2096381786174959,False
UPP1,0.3680527116392227,1,0,0.03191334265011747,False
INTS3,0.368049809535524,2,0,-0.018606280757122562,False
EIF4B,0.36799074321449177,18,0,0.002736249141914726,False
NFKBIE,0.36750508770820467,2,0,0.30271153748691404,False
BCLAF1,0.36748461720424225,35,1,-0.010168491357600118,False
DDX19A,0.3674018369381322,1,0,0.11487673501333617,False
HTATSF1,0.367377845640062,19,0,0.15764242187294641,False
COG4,0.3672117974753224,2,0,0.30369598622576177,False
GTF3C2,0.36708358370737315,8,0,0.3634638051501682,False
SRPRB,0.36687963886560837,2,0,0.05703062213491705,False
MON2,0.36661721973922035,2,0,-0.9706034116001838,False
TSC2,0.36648394689394265,5,0,-0.03345115538946786,False
PRKAB1,0.36627196934460454,3,0,-0.010164493390796281,False
WTAP,0.3661887438400626,2,0,0.37934528688127855,False
YAP1,0.36585611293644116,10,0,-0.45512593680245317,False
PPP1CB,0.3657614543541605,1,0,0.13407233101035487,False
CYTH2,0.36549002880142467,1,0,0.0324215277094666,False
BPTF,0.3654173585705747,20,0,-0.010757538563598956,False
ST7,0.365296481159497,1,0,0.38215077297977373,False
SF1,0.3652459547667455,2,0,0.15860515198751202,False
DYNC1I2,0.3650998077371212,6,0,-0.04782999380220332,False
RPS28,0.36504624789083806,1,0,-0.11649971671101866,False
RBBP4,0.3649931191477928,3,0,0.08939656260821138,False
ITFG3,0.36476938871822995,1,0,0.026265171720783798,False
AP1S1,0.36463753642472696,1,0,-0.2023505984507601,False
EPB41L3,0.3643076361937423,4,0,0.5865487816651722,False
SUGT1,0.3642503087926947,1,0,0.0906883770378748,False
CORO1B,0.3638644283606638,1,0,0.006789765864656516,False
TMEM9,0.36313916685955405,1,0,0.045191348197135994,False
ARF4,0.3631317232990696,1,0,-0.14037541424256617,False
SRRM1,0.3629193684146488,66,0,0.1768951707364863,False
BRD8,0.3629080653514185,4,0,0.4591797705874825,False
TIAL1,0.36274778197767077,1,0,0.009072942291801667,False
PPP1R9A,0.36263599717511896,8,0,0.20040779049566737,False
AKAP8,0.36257247338786325,4,0,-0.011773140629603773,False
BRCA1,0.36244545201138145,14,0,0.0927784011956696,False
MTMR3,0.36227573701248694,6,0,0.0938212336566231,False
MPLKIP,0.3620270471047533,1,0,0.04180438526169894,False
UBAP1,0.3620238416980115,1,0,-0.004345847936548353,False
NEO1,0.36188164411988727,6,0,-0.22264409152892384,False
STRN4,0.3618173758619143,2,0,-0.17301853638092268,False
EXO1,0.36175295543688907,3,0,0.06235473987516116,False
SSB,0.361466585389806,2,0,-0.05725734211667799,False
CAMSAP1,0.36145178017542534,3,0,0.09117601770682882,False
TOE1,0.3614300102096368,3,0,0.06526213331077457,False
NUP188,0.36138786185178634,3,0,0.15057347018469258,False
GOLGA2,0.3613281369683641,2,0,0.04284905869410949,False
ANKIB1,0.3605711171218289,2,0,0.12765620235944297,False
STRIP2,0.3600808866164987,3,0,-0.008334897078167813,False
RNF213,0.36005306459690267,2,0,-0.3325692366997153,False
FXYD3,0.3599767294954681,1,0,0.2518198031736887,False
ATN1,0.3598994601113797,15,0,0.06993761447620273,False
SLC4A1AP,0.3598899613971689,4,1,0.04542806096138463,False
CASK,0.3598446155772521,1,0,0.16222990544809335,False
DHCR7,0.3596906218662994,1,0,0.2038873173146314,False
FNBP1L,0.3596904580700368,5,0,0.08777541656219157,False
SPRED1,0.3595917823808108,1,0,0.17214480896793916,False
HSP90AA1,0.35945329237735874,6,0,0.061674838731555326,False
EXOC1,0.3588865012665625,4,0,-0.4563075007336366,False
KIF15,0.3586503285744378,2,0,0.58139769139488,False
SART3,0.3585891739407572,2,0,-0.0049756143934658326,False
MGMT,0.3585550110470006,2,0,0.07768078062478878,False
C2orf49,0.35817273558637625,5,0,0.0177387320284339,False
RBBP6,0.3581710428083726,22,1,0.1121088721189345,False
ASPSCR1,0.3578978238658775,3,0,-0.02027699311226172,False
PGM1,0.35781990164574395,1,0,0.030065050597208653,False
ZNF281,0.35777321105344484,2,0,0.02046522159434261,False
MPHOSPH10,0.3572413720906103,3,0,0.1074422818107692,False
WDR4,0.35701606692722976,2,0,0.0791766159193159,False
PPFIBP2,0.35697106853432314,5,0,0.0324215277094666,False
SPATS2L,0.35690578633943676,3,0,-0.06610810164943359,False
SLC26A2,0.356857431143764,2,0,0.011649736474389272,False
HNRNPF,0.35654101813080885,1,0,0.12090404034368873,False
FAF1,0.356142872318177,1,0,-0.11094425496498062,False
PARVA,0.3561116870558945,6,0,-0.2083069661160586,False
PEAK1,0.35578614903955086,18,1,-0.038989553728193016,False
MBD2,0.3554861178180566,2,0,-0.23334244142933258,False
SAMD1,0.35535174382036655,3,0,0.0243924029716851,False
PCYT1A,0.3551968261079167,9,0,0.028660553728677485,False
HAUS7,0.35514290937668846,1,0,0.015087267486691758,False
BRD4,0.35511580205462323,9,0,0.20178648094697493,False
TUBB,0.3550122451891262,2,0,0.06427546162008468,False
NDRG3,0.3547431818301992,3,0,0.0645004430414815,False
PCBP1,0.35468334000848856,4,0,-0.006705788085227482,False
MRPS16,0.35462385490436077,1,0,0.022955696812083204,False
DTNB,0.3546113708311817,3,0,0.08145329841601878,False
NFIB,0.3545991369683694,2,0,0.0324215277094666,False
CAMK2D,0.35449743261229016,7,0,0.15019384034417982,False
DR1,0.354472336130744,1,0,0.12740070127018654,False
IL17RA,0.3542290916908293,1,0,-0.04180707172453424,False
SLC25A46,0.35403680743335464,2,0,0.06757897026229287,False
HOOK3,0.3540220126825986,1,0,-0.09918272617867885,False
WIPF1,0.3538079347088985,2,0,-0.171277680680177,False
NUSAP1,0.35362910482676213,1,0,0.35119759655787774,False
PRKAA1,0.3534126871721064,1,0,-0.12540560294039693,False
SETD2,0.3533220938380506,14,0,-0.46806091437716546,False
RMDN2,0.3530310772480476,1,0,0.2037604755682949,False
BACE2,0.3520493652997345,1,0,-0.4067855359987327,False
UBR2,0.35201205948521874,1,0,-0.01672359815752955,False
TAF9,0.3518479260435434,2,0,-0.0033370924712485817,False
RBM15,0.3516828569260666,18,0,0.10506755458252215,False
SGK223,0.35127528388019386,14,0,0.1092199975778918,False
KTN1,0.3509502397544259,6,0,-0.0006240015266314458,False
RBM12B,0.3508661364307226,12,0,-0.11344760102181795,False
GPKOW,0.3508223621496711,1,0,-0.09546326846848174,False
TJP2,0.35078922583960687,13,0,0.07349954620261201,False
TOP1,0.3507265075567938,4,0,-0.06058169388187551,False
RAB3GAP1,0.3506938968291351,1,0,-0.07899180926416349,False
ZNF668,0.35069140240973695,1,0,0.023488286254170987,False
POLR3D,0.3505718109117133,1,0,0.00718706324602536,False
TRA2A,0.3505522935433335,13,0,0.04029142154968568,False
VDAC1,0.3502759673513207,2,0,0.25386361596779494,False
SLC9A3R2,0.3500192329885152,1,0,0.4342619636567129,False
MTX3,0.3499841925180469,1,0,-0.013478682834037414,False
CDK11B,0.34991178822801006,8,0,-0.07167110597268689,False
AAMDC,0.34990255089874367,1,0,0.11463512779327445,False
LPAR3,0.34984150915125173,3,0,0.17613044289164748,False
PPP1CA,0.34982420092886457,1,0,-0.1980791315831567,False
NLGN1,0.34972950569639494,1,0,0.08326390580180032,False
ZNF131,0.34970540883191603,1,0,0.07243119411279153,False
MAD1L1,0.34930600375409426,2,0,0.2275513047544777,False
FAM134A,0.3492807331225574,10,0,0.1683921583516188,False
NFKB2,0.3491954394961887,2,0,0.017634817727749663,False
SPNS1,0.34917941618839343,2,0,-0.344762631180636,False
ZFYVE26,0.3490664953792524,8,0,-0.08972699367648218,False
BAZ2A,0.34902736851288396,9,1,0.04389844379336694,False
LBR,0.3488394332857503,1,0,0.040947166373157984,False
ASAP1,0.3484607367913547,10,0,0.033778232189774826,False
ENO2,0.3484490247117975,1,0,0.05842526949894733,False
EIF4A2,0.3481692914519776,1,0,-0.12296751259558292,False
AHDC1,0.3481316711082765,8,0,-0.08195676761643611,False
CCNK,0.3480532946809163,6,0,0.16315505209169245,False
PHGDH,0.34786351962116413,1,0,0.134356187169125,False
TPRN,0.34779227870559826,4,0,0.08911115670225556,False
SLAIN2,0.34739113211262573,12,2,-0.43948349268659115,False
CCNY,0.34737655766546993,1,0,-0.034714764882533444,False
DHX34,0.34727319378308774,4,0,-0.01143686939032662,False
STRBP,0.3471243459185587,1,0,1.8377638648169992,False
ATG4B,0.347123222745779,1,0,-0.20442330515237472,False
CEP170,0.3469837904915165,32,1,-0.12318644555718095,False
BLM,0.3465757742698716,3,0,0.8105081026755165,False
RTF1,0.3463294978365834,2,0,0.034673655531861414,False
SNRPC,0.34618454363496554,1,0,-0.767474695780308,False
RANBP3,0.34610662445017226,10,0,-0.23644457722149426,False
SMN1,0.34598125499427707,3,0,-0.04862552018513,False
SUN1,0.3459277586605758,2,0,-0.0359845100499534,False
TMEM115,0.3459117608562696,2,0,0.014474342815482544,False
SRSF6,0.3459110669508313,5,0,0.12992277146559417,False
CHD6,0.34579891172052085,5,0,-0.02144393839263259,False
GNL2,0.3453506743296373,1,0,0.27163925389055166,False
SEPT4,0.34523272673930805,2,0,0.21562636906935495,False
WAC,0.3450726370713504,9,0,0.04014414799065591,False
COASY,0.3449352062235196,4,0,0.006327759619054518,False
ARIH1,0.34485152236428007,1,0,-0.43407869910914343,False
TNS3,0.34457012387952446,9,1,-0.76301871200112,False
HNRNPC,0.34422884329591774,6,0,0.19697537678036525,False
URI1,0.34397234771310714,2,0,0.2322068839144258,False
EIF6,0.3438999557603708,3,0,-0.1378452825096872,False
SLC20A2,0.3438350092990987,3,0,0.01947412326971687,False
CPEB4,0.3436761300032085,2,0,0.047435379479221496,False
MMGT1,0.3434715625705387,1,0,0.16390602298088908,False
LIMA1,0.34327148470441804,16,1,-0.25564138449176,False
RNF2,0.3430530750190239,3,0,0.1337583372506579,False
FLNB,0.3429933990485665,1,0,-0.6701217176040757,False
COBLL1,0.34292381624402285,13,1,0.28031935098042027,False
PPP1R12A,0.34290138860567626,9,1,0.021599921827753832,False
CEPT1,0.342876084652751,1,0,-0.02390427225260794,False
PHF12,0.34286791075572365,5,0,0.20035653104207896,False
FCHSD2,0.3427166593157658,3,1,-0.18728746358996773,False
SRGAP1,0.3425720582937526,4,0,0.1952065664924838,False
VGF,0.3425420748501651,6,0,0.1543524459924157,False
PIEZO1,0.34231465842175446,4,0,0.13956623667867518,False
SKI,0.3419915027236883,5,0,0.19186229522172127,False
PBK,0.34196943458436735,2,0,0.6397504376630678,False
MAX,0.3418288419348201,2,0,0.5348346030598741,False
CASC4,0.3414296131555652,1,0,-0.1744891042843868,False
SLC39A10,0.3413331657800107,1,0,-0.06935957398559367,False
MIA3,0.3412721520882946,6,0,-0.07296354983845532,False
PLEKHO1,0.3412463241066253,3,0,0.025292049406040462,False
RPS27,0.34122064891551435,3,0,0.043498412403543796,False
IL16,0.3412128437213937,23,0,0.08437548569342823,False
USP28,0.3409253256976328,1,0,0.15660056291298474,False
SKP2,0.34090272455138404,1,0,-0.010785765185353569,False
SBDS,0.3408026043886139,1,0,-0.1356002534646521,False
HSD17B4,0.3407086097017977,2,0,-0.013451595368522362,False
SH3BP1,0.3406418427507691,3,0,0.06675245943596408,False
ORC2,0.3406380816594474,2,0,0.163902789794804,False
CCDC93,0.3405212974767515,1,0,-0.028791892128907648,False
ZFHX3,0.3405031444220295,9,0,-0.13570995143139442,False
CCT5,0.33998601285371066,1,0,-0.016841890708640506,False
ASPM,0.3399073713985956,5,0,0.03846623535136118,False
SNX2,0.33952258692509363,5,0,-0.0009877723968827468,False
SPRED2,0.3393577236382181,3,0,-0.017282029455763848,False
CA8,0.33917924554958034,1,0,0.4090138047888736,False
AKR7A2,0.33897003702140793,1,0,-0.5304428389978852,False
RRP15,0.3387833715894537,5,0,0.45896235238588545,False
EARS2,0.33877143137335963,1,0,-0.1461313299137501,False
ADD1,0.33863394387856127,8,0,0.24185368761746773,False
HELZ2,0.33837636498214163,4,0,-0.4916876586576535,False
MOSPD2,0.3382603971028928,1,0,-0.24458595151224927,False
ANKLE2,0.3381901592407393,7,0,-0.008135180426158684,False
MTMR10,0.33808620095710157,3,0,0.19370297382958057,False
RACGAP1,0.33802692107672233,6,0,0.8687058277505422,False
DDX39B,0.3370311362587124,1,0,0.07048985456009405,False
BRAP,0.3368310149721516,1,0,-0.015417857405427782,False
KDM4B,0.33663872153102403,1,0,0.023866305349439898,False
CLASP2,0.3364483804125394,11,0,0.1901920341990717,False
RAI1,0.33636195172782535,23,1,-0.09017982434299654,False
NKRF,0.33622256846102516,1,0,0.2547998142454695,False
HELZ,0.33611476329787493,8,0,-0.07780520602579344,False
DNAJC21,0.3359893798397131,3,0,0.052265830218242826,False
PGM2,0.3359727065124929,1,0,0.11350245904182543,False
ZFR,0.3359194003061603,1,0,0.21194032637193416,False
SSH1,0.33578087251880007,6,0,0.04493747657037517,False
TRIP12,0.3357087378711999,18,0,0.09250651132993681,False
HSPA9,0.33531926133312595,1,0,0.07347588464993038,False
KTI12,0.3352308061567033,2,0,-0.1510710835324396,False
KHSRP,0.3349497216822179,4,0,0.028828901660418182,False
GIGYF1,0.3345610749232975,5,0,0.20547038287497799,False
PLCG1,0.3344032262451456,5,0,-0.11217509715305596,False
HMCES,0.33434184674509204,2,0,0.08044912110709745,False
UTP3,0.3342594728649688,4,0,0.14991900830193572,False
ACBD5,0.3342033169905596,4,0,0.06936708990181728,False
RBM33,0.33414530932301145,5,0,-0.17045017276991103,False
SH3KBP1,0.33412116752148335,7,0,-0.08838639629322387,False
NO66,0.3341114590351175,1,0,0.03885531266951858,False
PRRC2C,0.33387708892430135,20,0,0.05794106075529015,False
DSCC1,0.3338703615614307,1,0,0.2650512831986589,False
ARAP1,0.3334906184411892,4,0,-0.30914619840723745,False
RHBDF2,0.33312336870459935,8,0,-0.035302217755265985,False
DOCK10,0.33307935917788445,8,0,0.8139767909062243,False
PGM2L1,0.3330395760029248,1,0,0.0228135203294606,False
SNX14,0.33303928144487394,2,0,-0.8516909919093081,False
TRA2B,0.33284364406957323,12,0,-0.0757218489291347,False
ARID5B,0.33282889205803795,3,0,0.10193065400051893,False
RBM8A,0.33270266011644506,3,1,0.13518261234137796,False
HSPA8,0.33268974614575697,2,0,0.16154038486453715,False
CAV2,0.33260948209824015,2,0,-0.018989797209876258,False
U2SURP,0.332559302500875,5,0,0.19616118766873925,False
MDFIC,0.33235718684503013,2,0,-0.0185478083998305,False
SDF4,0.3323172720107834,1,0,-0.09301713119142363,False
GPHN,0.3322909883031908,2,0,0.23864239617026328,False
NMI,0.332138843282884,1,0,-0.04786343718163266,False
FTSJ3,0.33213238440832576,7,0,0.07921800330868933,False
PES1,0.33205674635702565,2,0,0.13149429712317584,False
DDX54,0.3320514873046543,4,0,0.16175315550269076,False
SLC39A7,0.33182261800215684,2,0,-0.01379908801532892,False
ZC3H15,0.33161526679692344,3,0,0.06445654887444263,False
RAB32,0.3313369254763039,2,0,0.1307750517648003,False
NOTCH2,0.33130846188295493,1,0,0.26460095867453504,False
RBMS1,0.33125237845896294,2,0,-0.2606584538783352,False
PHF6,0.3311544545555929,4,0,0.26087915593226896,False
RPL23A,0.33103699769044326,2,0,0.11829567260537388,False
MAF1,0.3309776961693404,3,0,0.01465796514115425,False
CCDC88A,0.33088713180083185,10,0,0.051924159439131756,False
PRR14,0.3307963822737392,2,0,-0.00013275874404428123,False
FAT1,0.3306872064813007,1,0,0.02301821256718739,False
SLC38A2,0.3305530019330618,1,0,0.013376591666308002,False
RPS2,0.33036418274745927,3,0,-0.1465564433775235,False
ZCCHC8,0.3300456829526304,5,0,0.43725857986566297,False
POLR1A,0.3299646712338067,1,0,0.1666894733203037,False
GOLGB1,0.32993049956135323,4,0,-0.13865829479356506,False
HBS1L,0.32970768633250697,3,0,-0.2619325095380489,False
CYTL1,0.329660263324854,1,0,0.036607026048098845,False
PANK4,0.32932483407847535,2,0,0.05718123961408139,False
NAGK,0.3291001004833163,1,0,-0.09908266857410553,False
RBM12,0.3290769446857347,2,0,-0.0432297194004434,False
ECM29,0.3290624970266194,2,0,0.2843823974333297,False
PTDSS1,0.32889174936411675,3,0,-0.18158755507464264,False
AKTIP,0.3286260477002241,2,0,-0.13526832419822554,False
CBX5,0.32804595312187246,1,0,0.14976038490928545,False
PLEKHF2,0.3280275517043876,1,0,0.042850253703704766,False
C1QBP,0.32792962333203857,4,0,0.11444120691754733,False
PIP5K1A,0.32785672880994987,2,0,0.4259111336254193,False
MKRN2,0.32760230238299926,1,0,0.010344769964252265,False
HERC1,0.3271152412695496,10,0,-0.08956600878808274,False
PALM2,0.3269849159827025,1,0,-0.02503392771873081,False
ERCC5,0.3269645233390521,9,0,0.03162115293886103,False
TMEM237,0.32692770020860795,4,0,0.21265170410059397,False
PACSIN2,0.32670093542479606,1,0,0.06950836185929177,False
C2CD2L,0.3266336952051572,7,0,-0.31982115678945533,False
FAM101B,0.326630480101052,1,0,0.04646104048974564,False
C1orf198,0.3266273224333194,2,0,0.036972866154080464,False
GLE1,0.3264344007836506,1,0,-0.13966701058917153,False
ARAP3,0.32624218320724907,1,0,0.04218520987613772,False
CDC42BPA,0.32597149172009576,4,0,-0.05303793909474663,False
POU3F1,0.32587543509380446,2,0,0.06754752695296062,False
PHF14,0.3257830054178769,12,2,0.062100739263662774,False
SNTB1,0.32556252425735277,4,0,-0.4722925783529881,False
CCAR1,0.32533288984146935,1,0,0.05446765165127587,False
MAP3K7,0.3253294132658979,2,0,-0.1347708903038587,False
ANLN,0.32526261281557917,11,0,0.718292205143598,False
PTPN11,0.3250548577649326,2,0,-0.21679403401962105,False
SLC7A2,0.3250004253401073,1,0,-0.4456881390251439,False
COPRS,0.32498176106120624,1,0,0.03282250099804429,False
SNW1,0.3246305667987646,3,0,0.02651427225515235,False
VANGL2,0.32458728498556155,1,0,0.1084223089366958,False
PRKCE,0.32445987323378633,5,0,-0.06273473392037232,False
RBL1,0.32430648123511296,9,0,0.06458532827930341,False
ARID4A,0.3243064686513664,11,0,-0.3680675420121844,False
R3HDM1,0.32422799371645994,7,1,0.08222724771359324,False
MAPRE2,0.3240741444231787,1,0,-0.0570932184187356,False
PFKL,0.32400044810454176,1,0,-0.1970142185896151,False
FN1,0.3238445238660148,1,0,-2.8864366742197163,False
PAFAH1B1,0.32375378472547567,1,0,-0.2450215296980538,False
SGK3,0.3235935151759932,2,0,0.05518082178862471,False
KAT7,0.32354387381015765,11,0,0.2153291754195159,False
CGGBP1,0.3233675517205121,2,0,0.07003308574392264,False
KIAA0754,0.3233132197736355,8,0,-0.017074529324975884,False
STRN,0.32329013220956604,4,1,0.06252024341375773,False
ASF1A,0.3232032953567696,1,0,-0.538861674646661,False
RPS3A,0.32315889021730726,4,0,-0.00781378761520557,False
CCND1,0.32303997507452564,1,0,-0.0618907365278929,False
PAPOLA,0.32297429240742304,1,0,-0.09013584023477961,False
EHMT2,0.3229441440444285,4,0,-0.02535399305091346,False
MID1,0.3225939268308142,2,0,0.09138358551049564,False
STRAP,0.32258643544458465,1,0,0.007129973984213223,False
SCLY,0.3224349557068962,1,0,0.08082092022384302,False
CRKL,0.32231482971710435,1,0,-0.26272750056859806,False
TFAM,0.32218228030973606,2,0,0.5517771658095683,False
TPRG1L,0.3217764234137661,1,0,0.07287062019200263,False
NOL8,0.32166514819866165,13,0,0.10657999421005826,False
PSAT1,0.3214245857290301,1,0,0.24206016623938353,False
MAP4,0.32114446165553334,20,1,-0.12980195909280212,False
ITSN2,0.3209089243962726,2,0,0.21650900872197099,False
PUS7,0.32075098729846907,2,0,0.12094905375737142,False
PPP1R16A,0.3205983857848427,2,0,0.029048369499218296,False
SLC3A2,0.320562272884267,1,0,0.1059602046294188,False
ST5,0.32011100212761684,10,0,0.12835873297804312,False
GPR126,0.32010652309885756,1,0,0.04252586522087398,False
LUC7L3,0.3200183880244847,2,0,0.20112419726937958,False
MYCBP2,0.31975958730922516,8,0,-0.07549697440424907,False
TAF2,0.3196601924262185,3,0,-0.18823161521446607,False
PHLDA2,0.31955714754060693,1,0,-0.29265755186334985,False
ZNF592,0.3193039368410363,15,0,-0.1036908537279686,False
VAT1,0.3190942509127396,5,0,0.028902841607660434,False
PDCD11,0.3189831684789605,3,0,0.2023436543230055,False
STRN3,0.31893055170921514,1,0,-0.08642577279313812,False
FAM21A,0.3189027685537456,27,2,-0.037179419370716005,False
LZTS2,0.31885555900005347,4,0,0.051520739565603435,False
ACIN1,0.31875964994913286,37,0,0.0682978632311233,False
NIPBL,0.3187291847442358,14,1,0.09016465559223263,False
LUC7L,0.3185224773864306,2,0,-0.2468830343351449,False
ASMTL,0.31843348197256116,4,0,-0.0810249410254329,False
SNX11,0.3182344983410559,2,0,-0.21663606145292036,False
KMT2E,0.3181077000701249,4,0,0.05812003625672091,False
DNMT3A,0.3180835870300598,1,0,-0.007407823556071946,False
TSSC4,0.3180713879536678,3,0,-0.1544751186976825,False
C5orf24,0.31799836268106674,1,0,-0.24667573226444972,False
PNKD,0.31773762368462855,1,0,0.15671011494632126,False
CORO7,0.31767241160030224,3,0,-0.03770239087782201,False
USP13,0.31739734946859244,1,0,0.418364502155935,False
KIAA1429,0.31736529569809885,6,0,0.05359074930347063,False
DEK,0.3173480894519162,10,0,0.02999572155687602,False
NAT10,0.31732390102926544,1,0,0.09758026470138503,False
FRMD5,0.3171616410320013,1,0,-0.08065485235066916,False
USP34,0.31715668128858976,4,0,0.16698381735546874,False
YIPF1,0.31681793603152286,2,0,-0.015083363815719508,False
NEURL4,0.3166446180510718,2,0,-0.01046287341215546,False
STAU2,0.316550345092984,5,0,0.31496145013806043,False
PHF1,0.3164305995283243,2,0,-0.02523782720743739,False
FUNDC2,0.3162554069958645,1,0,0.033750535407687465,False
BOD1L1,0.31596765909477775,18,0,0.08007633243709833,False
BIN1,0.31596570823480735,3,0,-0.013282305323986776,False
SMC3,0.31587078042773786,4,0,0.15652974406446418,False
CHCHD6,0.31582048108125704,1,0,0.1942347300965892,False
PPID,0.3158166704622918,2,0,0.17659645960914716,False
MMTAG2,0.31568688292659264,4,0,0.19097597505261987,False
PKMYT1,0.3151185848969078,2,0,-0.1744389828136086,False
WNK1,0.31508299823817776,12,0,-0.023837657096610343,False
AGPAT9,0.31494977606585195,2,0,0.05491261743825149,False
PAGR1,0.31480662015786365,1,0,0.13111059255528446,False
HIST2H3A,0.3142345262414885,2,0,0.19501259388508174,False
MITF,0.3139834867589819,7,0,0.7252664019750377,False
PNPLA6,0.31397106497270205,6,1,-0.5400553019208765,False
SMARCA4,0.31386608719338466,12,1,0.14003979497492836,False
PPP6R3,0.313854493160927,3,0,0.07331356419316393,False
PPM1G,0.3136904779445011,1,0,0.043260179539515775,False
CALU,0.3135612556915944,7,0,-0.0020328731396332955,False
SLC12A2,0.31355088297820277,4,0,0.5438506288545106,False
SLC6A8,0.31337749897608624,2,0,0.05594684443239828,False
ZNF521,0.31335239946275095,5,0,0.08009722844715839,False
ARHGEF40,0.31328966107832235,10,0,-0.4187206268040349,False
CEP41,0.3132491442259653,4,0,-0.2664687249361535,False
HUWE1,0.3129662995687106,9,1,0.05419808566193396,False
MPG,0.31295954821468897,2,0,-0.2759237073445142,False
TRIM11,0.31293488981430073,1,0,-0.22899565276981093,False
TMEM201,0.31278502350317794,5,0,-0.29712421191072025,False
RERE,0.3126851162535141,14,1,0.07760475918716381,False
ARFGAP3,0.31262831463059104,4,0,-0.14497694528631655,False
DSTN,0.3123917386787305,2,0,-0.2703662832787188,False
CCT6A,0.3118448620303802,2,0,-0.07394300951225574,False
MLLT1,0.3117845229861098,4,0,0.2794011831068346,False
DCTN1,0.31169641706292595,1,0,-0.16333105230508238,False
KIAA1033,0.31157294623161275,3,0,-0.07078496139605406,False
NOP58,0.3114844467573996,8,0,0.2265651761099683,False
GSE1,0.3114095658730376,4,0,0.06700353916522417,False
RBL2,0.31107735940542935,5,0,0.0324215277094666,False
ARHGEF18,0.3109949168823694,3,0,-0.16191294630394637,False
BRIX1,0.3109114200270291,1,0,0.20207217097918928,False
MCC,0.31071160033619805,6,0,0.07206179487162245,False
PEG10,0.31058378423218613,1,0,0.06070180041497508,False
SLC7A6OS,0.3101073324241283,6,0,-0.004762344391274098,False
TBC1D23,0.3100670180344416,2,0,-0.2396206760789461,False
HDLBP,0.3098910867920033,2,0,-0.16869863827280795,False
TRPM7,0.30980338723521783,7,0,0.1156944739585235,False
TROVE2,0.30966019688708,1,0,-0.10298756104760187,False
PARN,0.3093492458847251,5,0,0.09636779916641913,False
EBAG9,0.3088545432715435,1,0,0.004165606013238232,False
MCL1,0.3088459911295658,1,0,-0.37383042751938333,False
SCAMP3,0.3086742964679736,3,0,-0.10576174149787221,False
PHF20L1,0.3084771216524267,1,0,0.12877109973618772,False
SPAST,0.3084599368093528,1,0,0.055738306145997285,False
RER1,0.30836964971693587,3,0,-0.12001270680983112,False
KIFC1,0.3083261697537445,1,0,0.46463840315254146,False
RNPC3,0.3080578852442386,3,0,0.05624300236836888,False
FMNL2,0.3079964990471433,4,0,0.08868151084285358,False
PRPF38A,0.307795142416231,3,0,0.1773923002849429,False
ANKRD13C,0.30779163516235997,1,0,0.058123505071208115,False
PRR12,0.30768887464141237,8,0,-0.15057284340667465,False
EPB41,0.3076144595359798,23,0,0.13597733800577316,False
EIF5,0.3073246258201028,2,0,0.04100177553636897,False
SAMD4A,0.3072371816002125,5,0,0.0064811820070076465,False
SLC20A1,0.30673188027384946,6,0,-0.5328883028428422,False
TMSB10,0.30645324771553817,1,0,0.17270510842494602,False
CDC42EP3,0.30644355873001317,3,0,0.07912109720472671,False
TJP1,0.3058363222026986,22,0,-0.03878185230625775,False
SHROOM2,0.3056595192320401,10,0,0.01581713778045568,False
ARHGAP21,0.30559081289474105,12,0,-0.29477195867355377,False
PARVB,0.30533675163122,1,0,-0.3161170840057679,False
MARCKSL1,0.3053185216593694,12,0,-0.051567176661343694,False
CNNM3,0.30523257380197605,5,0,0.2580046834939438,False
VTI1A,0.30523109075421573,1,0,-0.21809266931246185,False
ARHGAP28,0.30504383173761696,2,0,0.05598007919073922,False
PIK3C2A,0.30494488766380456,3,0,0.02842404583909186,False
GART,0.3048842399665759,1,0,0.08868349164314537,False
MED8,0.30459496801366015,1,0,0.06589768405282825,False
TCEA1,0.30448194848211685,2,0,0.0422118400601974,False
NCBP1,0.30421211182476426,1,0,0.09256099711143406,False
ATP7A,0.3037625593972358,5,0,-0.2804086919428812,False
NOL7,0.3037237489501585,1,0,0.3431261377797803,False
SBF1,0.30369667842540266,5,0,-0.124819925712643,False
SNRPD2,0.303390289596809,1,0,0.1898581256490921,False
TAOK2,0.3033587029627647,2,0,0.119997411895433,False
PSMA7,0.303293248759811,1,0,0.07568872788494119,False
VIM,0.30324033173927817,27,0,-0.11606847118082442,False
ILVBL,0.3029759284623985,1,0,0.06960544266964774,False
MEPCE,0.3027314997578234,10,0,-0.08751516009436955,False
OPTN,0.3020070882671835,2,0,-0.12001548199151202,False
VRK3,0.30199974389735473,6,0,-0.008675666751955191,False
NT5C2,0.3016330559812701,1,0,-0.36758822063735863,False
SNX5,0.3015565736505579,1,0,-0.010402059979551126,False
CERS2,0.3013795298121522,4,0,0.029211145740625,False
ADD3,0.3013574648678656,5,0,0.14195276383767563,False
RBM5,0.3012091478024594,5,0,0.2937030694149385,False
ZMYM4,0.3007800076678567,9,0,0.05348458843109327,False
ARPP19,0.30060494845994273,3,0,-0.10035107575804147,False
KIAA1211,0.3005422881950774,6,0,0.6918083053001496,False
PRDM2,0.3005216731464777,11,1,0.028437265526644495,False
DDX28,0.30036263002971,2,0,0.15054608452372875,False
RABL6,0.30024863077695374,10,0,-0.05011268309889161,False
MLLT4,0.30019153955965383,15,0,0.11474948230341298,False
REPS1,0.3001224804328352,17,1,0.014262785286923929,False
PA2G4,0.30010139496653804,3,0,-0.06871388407548196,False
USP39,0.2992184898245096,2,0,0.05924830835363437,False
HIBCH,0.2990997977843435,1,0,0.2176563210660838,False
SMARCC1,0.29909474399635405,8,0,0.14126031548816442,False
CHD9,0.29875244884820695,8,0,0.14653481909145327,False
TMEM245,0.2985710969742989,5,0,-0.21753448526112962,False
MRPS17,0.29835242896209024,1,0,0.3609527345524626,False
AKAP8L,0.2981754950208675,1,0,-0.006505974556453964,False
ARHGAP35,0.298149960982541,7,0,-0.050531277212723325,False
CKAP4,0.2981273722226945,1,0,-0.21732665850531774,False
SRSF11,0.2979687702985565,8,0,0.04059390066348456,False
ARFGEF2,0.2978475730508782,14,0,-0.21768314131740496,False
FRG1,0.2976621875885179,1,0,0.5469938641181002,False
ZBTB7A,0.2976481759853282,4,0,0.022140817491298037,False
BMP2K,0.2976414922566981,2,0,0.048614243940800606,False
ATXN2,0.29744722997236295,10,1,-0.14056411198528806,False
TUT1,0.29734376115103345,1,0,0.15267202608049146,False
NUCKS1,0.2972280687147216,13,0,-0.20231148864502302,False
ZGPAT,0.29717904796285666,1,0,-0.12459262024242435,False
ELMSAN1,0.29704168581226964,5,0,-0.11294848625434639,False
NCAPD2,0.2967441568125597,2,0,0.2311415209914287,False
SSR3,0.2965605984247901,1,0,-0.24211349213449296,False
DGCR14,0.2964651867846122,2,0,0.15353624740866323,False
NCAPG,0.29645944139397784,3,0,0.19265343595982998,False
OGT,0.2961477524194791,1,0,0.003444224169225407,False
THOC1,0.29597915504433203,1,0,0.04683320382044087,False
IRF3,0.2959723985756053,2,0,-0.10843293929563913,False
TNKS1BP1,0.2959207322449712,36,1,-0.1866501355931547,False
USP5,0.29590134848259336,3,0,-0.18492564780684972,False
RALGAPB,0.2956068392120521,4,0,-0.45614284002508754,False
CEP72,0.29500556954223,2,0,0.2586073723798883,False
SUPT6H,0.29480972187552723,8,0,0.1648752294751077,False
MOCS3,0.2947502885762212,1,0,0.10086495102616766,False
SKA1,0.29473088691045035,1,0,0.05454239765457913,False
RAD50,0.29469381803456507,2,0,0.08448524089645915,False
RPL18A,0.2946773190161629,2,0,-0.016948498645295018,False
NEMF,0.29451767526253037,7,0,0.033057587376582376,False
KLC2,0.29451312267200397,9,0,-0.022279662691524038,False
CTAGE5,0.29449221884684035,5,0,-0.17750728783996905,False
COX17,0.29439831941292915,2,0,-0.02170386557177295,False
CTSD,0.29435060986539696,1,0,0.18118848098988138,False
TOMM22,0.29426204167104153,2,0,0.34419648008725545,False
LLGL1,0.29414795675891625,1,0,-0.2390016757555884,False
ATP1A1,0.2941032367121865,4,0,0.1658982796507189,False
MARK3,0.2936846529509573,5,0,-0.029770393915942606,False
KIF23,0.2935817529341727,6,0,0.7254752840384562,False
CABLES1,0.29351280907899024,3,0,0.010623889419349553,False
NSFL1C,0.29327626822757047,2,0,-0.07697948678386979,False
MAGOH,0.29307280718419904,1,0,-0.1706944673236599,False
TRIM28,0.2929682825911787,10,1,0.1461382442428416,False
RAB27A,0.29291067841967156,4,0,0.365732003416003,False
ABL2,0.29286883234733924,6,0,-0.009127969002264535,False
ZFYVE16,0.2928590759140217,2,0,0.26682215307939927,False
CTNND1,0.29267197496292735,12,1,-0.26645248801322907,False
PBRM1,0.2926351108388345,12,0,0.14115343635764077,False
SUN2,0.29257413919032754,6,0,-0.2266560055410416,False
APC,0.29221550264099516,16,0,-0.05505437499328991,False
CTNNBL1,0.29185674881540535,1,0,-0.022971648902768038,False
TFAP4,0.2918315596625997,3,0,0.02090822562995598,False
CRYBG3,0.2914100408456868,8,0,0.018507348540083512,False
SUMO3,0.29135934929629315,1,0,0.8734448050159216,False
RNF25,0.2912123384069183,2,0,-0.19722242073137863,False
GSS,0.2910778438280168,1,0,-0.18464004396392397,False
CCDC6,0.2907844910997776,7,0,-0.17551030322765016,False
SOS1,0.29075990674908425,5,0,0.04350057349613934,False
ZDHHC5,0.290581540705227,13,0,0.278744530468245,False
EIF4G1,0.29053439930712976,14,0,-0.09751999982171355,False
SPCS1,0.2898140568793828,1,0,0.013442273323903464,False
TRIM33,0.2897336721188353,3,0,0.30253760529028284,False
NOC2L,0.28970446118548576,4,0,0.32802493873300875,False
UBE2E3,0.2890702191473036,2,0,0.06601811486913434,False
CLN3,0.28883862726718235,2,0,0.0324215277094666,False
SAP18,0.2888367574133852,1,0,0.16528911305238836,False
CXXC1,0.2886151759172719,1,0,0.06973431925421636,False
RPL27A,0.2885622279202096,1,0,-0.19518697978767108,False
PRKD1,0.28855339938712926,6,0,0.245155050484815,False
DIDO1,0.2884471587903468,13,1,-0.030440090103571293,False
GNB1,0.2884219251097093,1,0,-0.10821106423275495,False
SMARCA5,0.2877703318530527,4,1,0.22906125874026273,False
ARHGAP31,0.287364237104702,7,0,-0.06833246522562675,False
STK39,0.2872115727483484,4,0,0.160835322546248,False
BRIP1,0.2866751302597758,3,0,0.14293206030122008,False
PTRH2,0.28666229087443895,2,0,0.001341128816793713,False
VCP,0.28617144971938124,2,0,-0.11111373173769934,False
RCC1,0.2861518689959084,1,0,0.15439464054515284,False
NACA,0.28611356749343386,1,0,0.04938489091583165,False
FKBP3,0.2856651651896982,2,0,-0.20212511638249708,False
PAK4,0.2855842974437846,6,0,-0.28107885934085886,False
FXR1,0.28547554690536764,7,0,-0.05932413390423008,False
GRIPAP1,0.2854643997666173,1,0,-0.5957856932309653,False
RPL7L1,0.2854400313532608,1,0,-0.07865482274252145,False
EIF2S3,0.28523930595897085,1,0,-0.030880196351009914,False
TRMT112,0.285170498055102,1,0,0.0007389220831370835,False
KIAA1522,0.2851426926408894,12,0,-0.0684106791829393,False
BRD2,0.28493032153330705,3,0,0.3748852356457526,False
ABCC1,0.284698116966533,4,0,0.20954791431626774,False
ARHGAP12,0.28429494858612037,8,0,-0.2981320447895257,False
APBB1,0.28422649416057766,1,0,0.18926935177421456,False
EIF4G3,0.28398195750251176,6,0,-0.055065578803979776,False
CALM1,0.2839411715176752,1,0,0.13565748934451705,False
RAB8A,0.2838703332565604,2,0,0.06945793636318598,False
IRF2BP1,0.2837880745711428,6,0,-0.23007940768647472,False
USP1,0.2837252354867748,3,0,-0.07532770157157387,False
NAA30,0.2836685078470378,2,0,-0.07353946515242882,False
TP53RK,0.2835629454499582,1,0,-0.005281026534479594,False
RAB2A,0.28354641373769596,2,0,-0.026627769078807262,False
ATG16L1,0.2833130566328883,1,0,0.04585011862680588,False
CEBPZ,0.2828795372709667,2,0,0.09127308405798118,False
DDX39A,0.2828470419925928,1,0,0.1246105523985257,False
C1orf174,0.28270679392096554,2,0,0.11985405916382419,False
PAG1,0.2823297256050071,15,0,-0.09611574853225235,False
WAPAL,0.2823187617444744,6,0,0.04592533509744712,False
TMEM179B,0.2822128039116407,1,0,0.05611908951935618,False
OXSR1,0.2820021580698757,2,0,0.03588488603932305,False
CAST,0.2816411010260462,8,0,-0.16926691599448773,False
ZNF280C,0.28147093926608946,3,0,0.13647223292017685,False
DDOST,0.2813402938111622,1,0,-0.051300704006479236,False
SFT2D2,0.2811424282599191,1,0,0.21413611954334044,False
RPL15,0.28091432512535874,1,0,0.026925354413997127,False
CMTR1,0.28049402847963023,1,0,-0.03373814858662527,False
OBSL1,0.2804789981660569,1,0,0.09100896395698754,False
JMJD6,0.28038563622794754,2,0,-0.037569044540827434,False
UFD1L,0.280382766867425,4,0,-0.09094378549432491,False
CAPZA1,0.2802791797143165,1,0,-0.02190658532892442,False
MCM3,0.27977934275331195,8,0,0.09040839780190169,False
MTA3,0.27977334835379253,1,0,0.11873581436033476,False
ARL2,0.2795811305122058,1,0,-0.29753558318230944,False
HTT,0.27953689095998513,3,0,0.03907161525309277,False
ARHGEF12,0.2793816223263166,8,0,0.0426207698223422,False
TFAP2A,0.27915688577779463,1,0,0.06478736421657771,False
POGK,0.27890199152713535,1,0,0.16957100685904436,False
TSEN2,0.27852994100306816,1,0,0.0802927786969434,False
RANBP10,0.27842144787824147,7,0,0.46353006306516775,False
OGFR,0.2783049548820988,12,0,-0.13003113691223334,False
TCP11L1,0.278040150601079,1,0,0.010412114480224943,False
CBX4,0.27803260630923,2,0,0.25310209915680915,False
TAOK1,0.2779363973859521,2,0,-0.41633630206251127,False
PLCB4,0.27782084859643774,3,0,0.740258031870006,False
RAP1GAP,0.277432467342378,3,0,0.06998724532008538,False
RICTOR,0.2772896739233648,6,0,-0.18354934634919573,False
FAM64A,0.2772319111320094,3,0,-0.19944124830314536,False
PELP1,0.27715980941922114,8,0,0.17202291403693337,False
DCBLD2,0.27714491271765,3,0,0.11894840529153683,False
RABGAP1,0.2771192828762832,2,0,-0.3475934000528227,False
ZMYM1,0.2770229720604913,2,0,0.11224528618150487,False
GPNMB,0.2769393873196897,1,0,-0.19128623643274523,False
CAPZB,0.27691835564429823,1,0,-0.09869778855859579,False
STK11IP,0.2766642459811616,6,0,-0.05617293371011556,False
DYRK1A,0.27623963937501905,2,0,-0.009001088934500245,False
CWF19L2,0.2762371544528861,3,0,0.0815955338033234,False
CLINT1,0.275983930795969,3,1,-0.06743136787822124,False
AIM1,0.2753757705351729,4,0,0.4246802524937614,False
ENSA,0.2753565571897205,3,0,-0.09952320350828714,False
SLMAP,0.27523113394026666,1,0,0.03519284357312458,False
ZNF703,0.27486560194361953,4,0,0.09430880969450683,False
PSMA3,0.27456065489871406,1,0,0.04921682354790491,False
FURIN,0.27456065489871406,1,0,-0.7762999350984678,False
GDI2,0.27456065489871406,1,0,-0.058872867386000394,False
PTGES3,0.27456065489871406,3,0,-0.11111438462433298,False
GPRC5A,0.27456065489871406,1,0,-0.24856771705391978,False
GPRC5B,0.27456065489871406,1,0,-0.01658960680676458,False
SHOC2,0.27456065489871406,1,0,0.08864300626502697,False
TRIM63,0.27456065489871406,1,0,0.03600056766520865,False
NBAS,0.27456065489871406,2,0,-0.19732532875459796,False
RPS20,0.27456065489871406,1,0,0.11080649798877573,False
RPL26,0.27456065489871406,1,0,-0.023996208016960452,False
CCDC25,0.27456065489871406,1,0,-0.07984817405209554,False
STK4,0.27456065489871406,1,0,0.09017814961562465,False
CPSF2,0.27456065489871406,3,0,0.056088291658255685,False
WDR55,0.27456065489871406,3,0,0.09468982872372322,False
COMT,0.27456065489871406,1,0,0.04984836500993595,False
UBAP2,0.27456065489871406,1,0,0.0432081315699584,False
PRMT3,0.27456065489871406,2,0,-0.15412946079860745,False
YWHAB,0.27456065489871406,1,0,-0.16651216015301884,False
RBM19,0.27456065489871406,3,0,0.3177321879942703,False
RBM28,0.27456065489871406,1,0,0.13529175280260475,False
CHMP6,0.27456065489871406,1,0,0.20984715725844083,False
SMIM13,0.27456065489871406,2,0,-0.03203319493492529,False
TUBA1C,0.27456065489871406,1,0,-0.6277189888472101,False
THEMIS2,0.27456065489871406,1,0,-0.23106344395837297,False
BZW1,0.27456065489871406,2,0,-0.40034733838585623,False
AVEN,0.27456065489871406,1,0,0.02831812220200547,False
GRWD1,0.27456065489871406,1,0,0.1371284004041975,False
EPC1,0.27456065489871406,1,0,-0.0720816937556279,False
ANXA5,0.27456065489871406,1,0,0.2410021507143867,False
ZBTB11,0.27456065489871406,1,0,-0.05211889964273553,False
GARS,0.27456065489871406,1,0,0.12550733111094914,False
CHRAC1,0.27456065489871406,1,0,0.09104695216894498,False
POP5,0.27456065489871406,1,0,0.017207836545278354,False
EFTUD2,0.27456065489871406,1,0,0.07843882089165888,False
USO1,0.27456065489871406,2,0,-0.08428252320707941,False
EHD2,0.27456065489871406,1,0,-1.0094606692789085,False
HDAC3,0.27456065489871406,1,0,-0.255498965936102,False
EIF2S1,0.27456065489871406,1,0,-0.02273265510012834,False
PREX1,0.27456065489871406,1,0,-1.0442464147878319,False
LRPPRC,0.27456065489871406,1,0,0.225748588395561,False
DVL2,0.27456065489871406,1,0,-0.059541194764062055,False
VPS4B,0.27456065489871406,1,0,-0.04392359471697205,False
MTMR1,0.2743108265664089,4,0,-0.029359121664334964,False
CLTA,0.2742343670169056,1,0,0.11598658679199403,False
HDGF,0.2739412904939115,5,0,-0.15878133728588395,False
ANAPC4,0.27384688483937225,2,0,-0.00027121844865263256,False
LAMTOR5,0.2734277628543751,1,0,0.22175605319865,False
HP1BP3,0.2732071399436035,11,0,0.16856194569483307,False
VDAC3,0.27306025983426707,1,0,0.29191914293768306,False
CHMP7,0.2728957956708899,3,0,-0.7316829032483767,False
LAT,0.27267682579667607,6,0,-0.6680190044385483,False
KLC4,0.27249012972189846,3,0,0.07104018499252263,False
MADD,0.27231741361588674,5,0,0.014749248321884068,False
ABCC4,0.2720256612722345,1,0,0.09782139643584031,False
GSK3A,0.2719247203416071,2,1,-0.17175208336609415,False
FNTA,0.27180267268966557,3,0,0.20005446285184192,False
ASCC3,0.2717685241189969,1,0,-0.49265387490972756,False
ATP8B2,0.2716232081650318,1,0,0.006931447902019272,False
EVI5,0.271463430440793,4,0,-0.01498442933068489,False
SLC25A11,0.2709015979308411,1,0,0.44740215924038296,False
SNX12,0.2707175167204916,1,0,-0.1338307396758509,False
SNAP29,0.2706202246455689,1,0,0.02830698105395868,False
RRS1,0.27049314706443894,1,0,0.13516386822374926,False
SOAT1,0.26962319291035897,2,0,0.24335820357587323,False
FAM83H,0.26941895550759654,16,1,-0.06954347277029527,False
SLC39A11,0.2691475871944,1,0,0.049311787759563686,False
LYST,0.26897700926751333,9,0,-0.2038788427458016,False
KIF16B,0.26875192260546044,6,0,0.22597606738607467,False
MED12,0.26858797060476824,4,0,-0.051046096850470235,False
ESYT2,0.26852870879264756,11,2,-0.29129551648789587,False
KDM3B,0.2680813199860026,3,1,0.08136288740630349,False
TBC1D5,0.26799413405183103,9,0,-0.11541879464091309,False
SYNRG,0.2678194136979868,8,0,0.020967449677520733,False
TLK2,0.267692467594955,2,0,0.06966757032271786,False
EIF3C,0.2676899219848998,5,0,-0.022468047173056505,False
EYA3,0.2671565684785584,2,0,0.20491320312786243,False
PHF21A,0.2668927289704908,3,0,-0.02718548173550417,False
ASCC2,0.26683697910419113,1,0,-0.20707867060803054,False
EPB41L2,0.2667809635588301,15,0,0.057549149721793924,False
SEC16A,0.26676205729630714,11,1,-0.5230513118484268,False
PGM5,0.266568734252953,1,0,0.08457748409398391,False
KIAA1468,0.26646058755498636,2,0,-0.20220247989671236,False
CAPZA2,0.26640961198868496,1,0,-0.07782245110029606,False
SNX17,0.2662087331024405,3,0,0.011325321754640072,False
AFAP1L1,0.26598364925796086,6,0,0.7326699745076439,False
ATL2,0.26591522577517424,2,0,0.15572398692786749,False
KANSL3,0.2656909833499223,3,0,-0.013505066213841843,False
TPM3,0.2653462041544863,1,0,0.022758924515972723,False
SRSF5,0.26510116875847345,4,0,0.06923706353198966,False
ACO2,0.26504305344549195,1,0,0.0217652053997881,False
YKT6,0.26495490675260314,1,0,-0.19350417455594382,False
FKBP5,0.26490669596779054,3,0,0.1119876953169836,False
ATP6V0D2,0.26465241991808597,1,0,0.2881596171533225,False
OCA2,0.2644717325192696,4,0,0.08762263728922548,False
CD97,0.26431002345679744,1,0,0.3447831319276169,False
SMG7,0.2640377828774234,1,0,0.0029786567962126753,False
NEDD4,0.2640298219747592,1,0,-0.1846082539144902,False
CDK13,0.2638909721697692,20,0,-0.2654611219375198,False
SNX3,0.26340149335222307,1,0,0.09028468653009725,False
XPO6,0.26323905988519297,3,0,0.1418068773485075,False
YWHAE,0.2632242521608532,1,0,-0.026166149757045787,False
NELFE,0.26321333812238024,6,0,0.12963088838103332,False
MAZ,0.26315477831185596,4,0,0.034919148543913536,False
OSBPL11,0.2630228086740381,5,0,-0.04219808987897977,False
SNAPC1,0.26282698332283516,1,0,0.11422556334565215,False
SEH1L,0.2628198295209015,3,0,0.33203851107840165,False
EEPD1,0.26271380240856745,5,0,0.0324215277094666,False
ATM,0.26267115253427953,4,0,0.14664175443236616,False
CALCOCO2,0.26260025983836144,1,0,0.03806256929588869,False
CIC,0.26252182077974523,10,0,-0.038348991241480945,False
NCAPH2,0.26223767715374535,3,0,0.4548312179520231,False
MAP2K4,0.2619262618780205,1,0,0.10297690710677188,False
SNRPF,0.2618498107724996,1,0,0.3893636412045858,False
NCOA2,0.2615074039895965,9,0,0.49986098289706504,False
GOLPH3,0.2612786812775738,2,0,-0.11844681468603824,False
RGPD5,0.2611203078234734,2,0,0.03545226765844944,False
TELO2,0.2609951308685883,2,0,-0.04408990362934162,False
PIK3CD,0.2609693484740063,1,0,-0.014124177243093783,False
CDC27,0.26023732677382583,1,0,0.2811282609435075,False
TMEM39A,0.25931769199944554,1,0,0.00413646372892984,False
LMNB2,0.2591860143741312,6,0,0.1464552284351619,False
VAPA,0.2591522157433654,3,0,-0.03150290250261989,False
PDZD4,0.2587011177859111,1,0,0.03173469475695612,False
CCT3,0.2584296656476113,2,0,-0.034560981947318936,False
SMARCD3,0.2583134071864315,1,0,0.14216245794859717,False
HECTD4,0.258246014074448,2,0,0.00413645771989124,False
SHROOM1,0.2582141894543497,2,0,0.003999802100949523,False
EXOC7,0.2574299846638783,3,0,-0.20796826788982514,False
GPATCH8,0.2573747675093454,10,0,-0.004538482400576527,False
DHX40,0.25731125660431786,1,0,0.016264723527601888,False
PRKDC,0.25716078952492866,20,0,0.028291023845959273,False
NGDN,0.2571025082167833,3,0,0.10738404246974653,False
DYNC1LI2,0.2567044860019454,6,0,-0.017873194319957264,False
STX10,0.2564880842664093,3,0,-0.043255291175071875,False
ZNF704,0.2564525232390107,4,0,0.07200570202562773,False
TRAPPC12,0.25631874057616244,2,0,0.06468871527777509,False
VARS,0.2560449112583072,1,0,-0.15202685103965408,False
CC2D1A,0.25593762579727797,5,0,-0.11263734408228743,False
TMX2,0.2556586609436036,3,0,0.05463141680845496,False
FYN,0.25561231087154823,2,0,-0.030249494345955696,False
RBM42,0.25540644038941807,1,0,0.05856255456590986,False
ATOX1,0.25526981823173855,1,0,0.3355465925020731,False
DHPS,0.2549800096291719,1,0,-0.018097260701100737,False
FRYL,0.25482296622039985,3,0,0.015482661155207467,False
LEMD2,0.2541334553075859,7,0,0.05631356035827295,False
GPN1,0.25409962193726443,2,0,0.08161108781060378,False
CREB3L2,0.2538902546757534,5,0,0.025217530394520793,False
ZNF644,0.25359552077038927,1,0,-0.2986210706520538,False
PRC1,0.253457671414278,1,0,0.5571625555493931,False
UHRF1BP1,0.25344425258007774,2,0,0.40861174013774004,False
PMAIP1,0.2534170162911238,1,0,0.05842668279696994,False
PHIP,0.25324655985933986,9,0,0.4885521798632837,False
RPL30,0.2530860143382263,1,0,-0.10242092378149792,False
ZC3HC1,0.25239267495495354,18,1,0.014229286678439479,False
NCOR2,0.2523024598871791,23,0,-0.7053123664398733,False
MYO10,0.25228541263238924,3,0,-0.12539266204733934,False
SUCO,0.25220825282820886,3,0,-0.01116953926778308,False
PAK1,0.25220358552915556,4,0,0.011298055867705159,False
MATR3,0.2519913792648905,14,0,0.05322003230923755,False
DYNC1LI1,0.25193359360933937,9,0,-0.039627144645802304,False
USP9X,0.25184499309179387,2,0,-0.23514165025881084,False
GOLGA3,0.25166659425979887,3,0,-0.5196212839248915,False
DDX27,0.25142183251790406,2,0,0.03894515031452883,False
MLPH,0.2510338215836408,26,0,0.04604120849787918,False
MTMR9,0.2509844889281929,1,0,0.07438927111892824,False
ZNF3,0.2509199931823858,1,0,-0.011125685707273902,False
SPAG9,0.25063924504313767,26,0,-0.10611823703012746,False
SMEK1,0.25008540423923975,6,0,0.021409297967291963,False
GYS1,0.24994055594780681,3,0,-0.4076287251664503,False
PRKD3,0.24990233926565017,12,0,0.10966906107469399,False
GPATCH2,0.24946412017442016,5,0,0.16044862333285792,False
PKD2,0.2490807138300113,2,0,0.03740114941506789,False
HEXA,0.2488319627280582,1,0,0.2572377145434217,False
SMYD4,0.2486195553599302,1,0,0.026570602245683972,False
RAB6C,0.24841975887980539,1,0,0.01621441255011291,False
USP10,0.24826656174466688,4,0,0.18200824873073174,False
ARID1B,0.2481214201480396,6,0,0.2398640402438197,False
SERINC1,0.24807179209433805,2,0,-0.06601921909414088,False
DNAJA1,0.24802211806051133,1,0,0.11304497946687775,False
SIRT1,0.24774272966796662,4,0,-0.007162041613586467,False
ATP11B,0.2477190898563606,1,0,-0.032455953544452854,False
SLC19A1,0.2475832021514582,3,0,0.02004183356296707,False
AFF4,0.2475375814804519,19,1,0.15281726459258493,False
CLTC,0.24713968964708322,2,0,-0.10085713045825884,False
GJC1,0.24691081475250698,1,0,0.10373291562443043,False
SLC9A3R1,0.24689643238151757,7,0,0.0466582098732502,False
C21orf2,0.24681218820376039,2,0,0.015057860935996814,False
LZTS1,0.2467724285144564,14,0,0.6463406678473795,False
BRSK2,0.2464117865660782,4,0,0.5093584282440382,False
GOLGA1,0.24627370630964407,1,0,0.13989103219151033,False
PVRL3,0.2461849292886562,1,0,-0.0652269794135556,False
AKAP10,0.24603029111637417,6,0,-0.20775813188583925,False
AHNAK,0.24583615550898807,37,2,-0.34728600162662815,False
EIF4E2,0.24560202326108893,1,0,-0.3791699488496576,False
WIPF2,0.24531034414408737,5,0,0.08414681671028035,False
CASC3,0.2450978449252652,5,0,-0.022353330578656738,False
ENTHD2,0.24503414892718686,3,0,0.026892271504181053,False
SND1,0.24450284858862656,7,0,-0.058422192339726564,False
MAST2,0.2444420964141365,12,0,0.05725105212389536,False
BAG4,0.24443794328362145,1,0,0.14328521486933354,False
PSIP1,0.2440323884611053,8,0,0.2241307199522211,False
POLR3C,0.24390604937439875,2,0,-0.0031715582667466435,False
HN1L,0.24379054220380603,2,0,0.15361672225175482,False
TMPO,0.24326258464236653,20,1,-0.11830041070112784,False
URGCP,0.24323507105180653,1,0,-0.02505390971481347,False
GLUD1,0.2422410002592,3,0,-0.08508815571194717,False
LEO1,0.24210431330525756,26,0,-0.037377544773075755,False
PPA2,0.2417645015702874,1,0,0.11039640703301856,False
SSRP1,0.24155499096197097,4,0,0.10001576092883013,False
UNK,0.24143759257191513,3,0,-0.3134412468398864,False
KPNA4,0.24099927578113167,1,0,-0.14643843463393935,False
PRR5,0.24090590797907296,3,0,-0.11803929390200096,False
EHBP1L1,0.24080014569008412,2,0,-0.15537764083367378,False
METTL13,0.24078109530718805,1,0,-0.22547065675776068,False
QSER1,0.24073025114804114,4,0,0.22408740018843076,False
GPCPD1,0.24060644933405229,1,0,0.04177367000690069,False
PUM1,0.24053621373275824,4,0,-0.12902799444159996,False
DLL3,0.24032135129318277,1,0,0.025720834344593158,False
CHTF18,0.2402918662735143,2,0,0.4960142115519339,False
C3orf17,0.24028829165838417,1,0,0.1940190985947403,False
LUC7L2,0.2402608672121147,5,0,-0.0919102291658831,False
NME1,0.24025449166876633,2,0,0.1349924848922761,False
IWS1,0.23995699305485396,34,0,-0.030406662908514903,False
LRCH4,0.23988050655717283,12,0,-0.23770744015391188,False
EGLN1,0.23951331484337857,1,0,-0.3164327214732907,False
ALKBH5,0.23950898503397275,6,0,-0.40211720955577945,False
RPS6KC1,0.23891431884585504,7,0,-0.12278205232924577,False
NUDC,0.23889701944672215,4,0,0.09767525167994862,False
CENPC,0.23887944750036283,12,0,0.46011731492283303,False
PRKG2,0.23886874605676844,4,1,0.5371524390764755,False
CHD2,0.238730695056556,11,0,-0.07586625264509905,False
RALBP1,0.2385825940094115,10,0,-0.04075452236561361,False
RABGEF1,0.23854962658406365,3,0,-0.06833851132862634,False
HNRNPUL1,0.23845359323874504,1,0,-0.11420059915460357,False
C16orf62,0.2383580461183641,1,0,-0.4243571293875412,False
CDC42BPB,0.23791256275735506,4,0,0.06150148609626527,False
SP100,0.23788591709964693,12,0,-0.028141707951593986,False
UQCRFS1,0.23739605929328889,2,0,0.103662969003814,False
SETX,0.2373095180320277,2,0,-0.19911692049190322,False
TCF12,0.23645586935750415,5,0,0.07004511491258825,False
BOP1,0.23637496619195866,6,0,0.0827930906893215,False
TRPS1,0.23632551300682358,10,0,-0.00879191114838207,False
IPO11,0.23629054022159934,1,0,0.03947385830574035,False
SRSF2,0.2360825388833085,10,0,0.04391690768938972,False
SPIRE1,0.23603867537147197,6,0,0.006058038219919126,False
SNRPD3,0.23590845926595705,1,0,-0.053028491965378066,False
NME2,0.23585989541946617,1,0,0.05219337178210992,False
ZAK,0.23568821941697018,3,0,0.0577911158354496,False
CABIN1,0.23552538990762706,2,0,-0.025721490434509775,False
SIPA1L2,0.2351224292598464,8,0,0.04406201343284977,False
KIAA0101,0.23467151349927917,1,0,0.4762501651980706,False
SAP130,0.23466641312182118,5,0,0.16884464647140618,False
GTF2E1,0.2343391871387972,1,0,0.18043660443522214,False
MFN1,0.23356005604772534,1,0,0.007899499537501242,False
SLC12A9,0.23281161045531107,2,0,-0.052934236236168886,False
RPP30,0.23274357271075985,1,0,-0.17764097852641214,False
PKN1,0.23257523322668572,4,0,0.05072179916419017,False
TOR1AIP1,0.23176997688995885,9,0,0.11007558590651456,False
PIK3C3,0.2316395290853528,1,0,-0.09384107574728162,False
ARPC5L,0.23154432111764578,1,0,-0.08375812626143997,False
PPP1R9B,0.23151277524595848,2,0,-0.03499986281346423,False
LNPEP,0.2312497152187234,1,0,0.3505873674211273,False
DLG1,0.2311539449781037,4,0,-0.0555194883325143,False
WEE1,0.23068702242864347,3,0,0.0324215277094666,False
PVR,0.2306632552830159,1,0,0.18317418067810465,False
NPAT,0.230613495938794,2,0,1.0621479128421072,False
ARHGAP1,0.2304830224810095,4,0,0.05323905206028812,False
ZNF579,0.2302480328005796,2,0,0.019480292780681197,False
TOPBP1,0.2299505428627171,2,0,0.13740303634469342,False
VPS4A,0.22988212770087557,2,0,0.2300522698042755,False
TRIOBP,0.22984270741591928,1,0,-0.023177360436157812,False
TANK,0.22975696812384783,2,0,-0.02526993532695343,False
SIRT6,0.22969492836656435,4,0,0.04806640002830065,False
SRSF9,0.22963063902224778,4,0,0.15705960009376696,False
HYPK,0.22945288182208046,1,0,0.1519072686685412,False
SUB1,0.2288329115603176,2,0,-0.014617387663136583,False
KIF14,0.22831759616101444,2,0,1.3961844910344041,False
NR2F6,0.22801460895977854,2,0,0.05314710868151096,False
EPB41L5,0.2277952838710977,2,0,-0.025531946227420832,False
MCM5,0.22778405002746283,1,0,0.17092227819372852,False
TOMM34,0.22765501444436076,2,0,-0.3633549717107023,False
TNS1,0.22741474616936017,45,0,-0.3425737273961218,False
SLC1A4,0.22728346490900364,4,1,0.17543128062049362,False
RCC2,0.2272830686644074,2,0,-0.0040033553033751446,False
SRSF4,0.22723645539182927,6,0,-0.7899441331821535,False
H1F0,0.22671695349118615,2,0,-0.09416376675866545,False
TLDC1,0.2264337636178766,2,0,-0.27224476219755545,False
ARHGEF2,0.22580115801392509,18,1,-0.1580781109474998,False
APOL2,0.22574019446889082,1,0,0.2621424115223938,False
PGRMC1,0.2256814221411627,2,0,0.07145120028985374,False
NCOA7,0.2255404264535296,3,0,-0.06999223269912136,False
IRF2BP2,0.22525065688004173,7,0,-0.2975244701306998,False
ABT1,0.22518531343576242,1,0,0.10131107448604126,False
PSME4,0.22488796416791246,1,0,-0.11446460568055628,False
SPTBN2,0.2245425311683391,1,0,0.3776275832429761,False
RPS11,0.22448012294076847,1,0,-0.031237607327174288,False
BBX,0.22431468839988433,6,0,0.16252272101020182,False
RPS10,0.22417117465502656,1,0,0.025322224309878294,False
TSHZ3,0.22408228425224644,6,0,0.03840694226995822,False
SLC4A7,0.2240803140531722,8,0,-0.3143879128022995,False
BSDC1,0.224063633718405,1,0,-0.028290987306817783,False
MAPRE1,0.22401191091404016,1,0,-0.2335334261428379,False
USP47,0.22388541214831528,3,0,0.02038276292667973,False
PURB,0.2234051712131162,5,0,-0.22228812246494556,False
MYO5A,0.22309050861469437,4,0,-0.159795232455334,False
TADA3,0.2229022942495078,1,0,0.07159867258850028,False
TSR3,0.22269312220511495,1,0,0.22322095041595347,False
CNOT4,0.22242371782395587,2,0,0.02406145577343466,False
DDX42,0.22226458243795832,3,0,0.1354590155610822,False
GAPVD1,0.22180486632473162,3,0,-0.14562722449453247,False
CAP2,0.2214930406725033,4,0,-0.3336674649584239,False
RBMX2,0.22100653035274576,3,0,0.47318957321154187,False
THOC6,0.22073435980630052,1,0,0.14127367133526647,False
GDAP2,0.2205822613325168,1,0,0.03058523268192559,False
TMED8,0.22053707118979915,2,0,0.13472093421685827,False
SAE1,0.22046787898563736,1,0,-0.05300876964538048,False
STXBP5,0.22039456515057337,5,0,-0.007415838193153945,False
POLA2,0.2201595044059932,2,0,0.24307263588561412,False
PEX5,0.21991505058077365,1,0,0.09284246651283112,False
RNF14,0.21987450790014407,1,0,0.258087480944468,False
ARCN1,0.21966538959061666,1,0,-0.010090858904515443,False
FKBP15,0.21959083371909796,11,1,0.051445033616776215,False
MTOR,0.21942300669202672,3,0,-0.09209998590804958,False
DDB2,0.21920030993244133,2,0,0.006009981406748466,False
HERC2,0.21917091726127622,6,0,-0.21507576973873554,False
AMFR,0.21899381979760868,2,0,0.6170392234039923,False
STARD3NL,0.2188036478994526,8,1,-0.0978942897641808,False
FKBP1A,0.21878697147003479,1,0,-0.14986464954331424,False
OCC1,0.2185118895451339,1,0,0.056273391062596545,False
HIP1,0.2183265394665792,2,0,-0.1369162486008939,False
TTF2,0.21818511012563135,1,0,0.4327630765345667,False
PDLIM2,0.21810558120628087,1,0,0.03453991928129341,False
EIF4A3,0.21764753873121023,2,0,0.153407558013253,False
WDR44,0.21718063490175377,8,0,-0.1424432275138372,False
SNX1,0.21704438370024803,3,0,-0.12131626297993492,False
LUZP1,0.21671354881886865,6,0,-0.035617163942919916,False
SNX33,0.21660913379501778,2,0,0.4746504860696845,False
TFIP11,0.21629891451277405,4,0,0.06369979192617592,False
GOLGA5,0.21625686911204411,1,0,-0.0729009216359664,False
CDKN1B,0.21614135095913056,2,0,-0.07079388460307001,False
NKTR,0.21603237912212947,8,0,0.2658625959762482,False
RAB8B,0.21576814778411624,2,0,0.2107617987238335,False
HDGFRP3,0.21574222089692618,2,0,-0.19359638358391962,False
XPR1,0.2156774341036911,2,0,-0.028878810971072255,False
RAI14,0.21535598384231028,13,0,-0.20670643222379326,False
CCND3,0.21523541439876936,1,0,0.049656051887307484,False
SLC1A5,0.21519360061148873,2,0,0.16710050223414896,False
PITPNM1,0.21394483119258823,1,0,0.049498317978716955,False
MICAL1,0.21370296376200848,4,0,0.2497576286987524,False
DDX46,0.21325242722977222,2,0,0.016580668288412426,False
ESYT1,0.21286261523110994,4,0,-0.2213591809441624,False
U2AF2,0.21271353333577814,2,0,0.036125349388481,False
TMEM230,0.21269225999999128,3,0,-0.1426490389286279,False
WDR74,0.2123729095372795,1,0,-0.10332739877951269,False
ABI1,0.21220144615563896,7,0,0.015082109703424607,False
ENO1,0.21219819655285618,5,0,-0.06710390281266143,False
NOP56,0.21200962661388056,11,0,0.17773108788410497,False
TBC1D9B,0.21200827231744857,4,0,-0.16587231186079876,False
NOL9,0.21192567580163413,1,0,0.2927300015519876,False
RRP12,0.2118954385489502,4,0,0.11069919206803647,False
TSFM,0.21169408922973787,1,0,0.2441628419600832,False
TBC1D24,0.21167267301644088,1,0,-0.5128157190673619,False
TTN,0.21135911107006322,1,0,0.16225375434802913,False
CLSPN,0.2113237931048136,10,0,-0.016787374166270297,False
THAP4,0.21111934208475347,1,0,0.012683321562334982,False
AGTRAP,0.2109095944918593,1,0,-0.06774747031276362,False
EIF3A,0.21055324239874076,6,0,-0.081541280823064,False
SNIP1,0.21018479172740712,6,0,-0.03069692588014661,False
SLK,0.20998728389460997,4,0,-0.014976729986720727,False
LMNA,0.20993275281643728,29,0,-0.23289870066767548,False
UPF1,0.20988664435714988,2,0,0.07801257203074385,False
FAM118A,0.2097715941536613,1,0,0.041967812441782826,False
RPS6,0.20974086064191733,8,1,-0.09633624526327011,False
WRN,0.2095143064343136,3,0,0.26135854172577666,False
PPP2R5E,0.20890847479177665,1,0,-0.23665440230997703,False
LMTK2,0.20882545635208535,3,0,-0.003398168234223675,False
ITSN1,0.20845044233802076,3,0,0.039344742486537854,False
CLASP1,0.20817999960173134,10,0,-0.03134854355130656,False
KRI1,0.2080992261931982,5,0,0.029664645022588587,False
HSP90AB1,0.20711905794920682,5,0,-0.0421921448352407,False
FRMD6,0.20687621666960254,8,0,-0.21851766963283126,False
RBM10,0.20671232098739267,8,1,0.13966030603268464,False
NOMO3,0.206384710609413,1,0,0.008357203189071072,False
GTF2F1,0.20631887247355252,9,0,-0.007383135495473425,False
CNNM4,0.20566128100070813,1,0,0.02006873161492706,False
RNF10,0.20489704667003394,1,0,0.07847453243294211,False
PPP6R2,0.20462265663892035,3,0,-0.1702539261662217,False
ZC3H7A,0.20455615951783912,1,0,-0.04608484515372879,False
CCDC12,0.20437517242062597,1,0,-0.01587976320113782,False
PRRC2B,0.20418801648079352,10,0,0.007159081000434497,False
SMC5,0.20390291657025847,3,0,-0.029479916688295305,False
NFIL3,0.20387393825773495,3,0,0.1145449355025896,False
LPP,0.2038429512650417,1,0,-0.7670280487693972,False
MEF2D,0.20365990782913304,7,0,-0.2967967636199802,False
PYCR2,0.2035404924813733,1,0,0.04678101034737381,False
CPNE1,0.2030907379952751,1,0,-0.18686712420721463,False
ITGB1BP1,0.20290783651561028,1,0,-0.2902730401380431,False
USP19,0.20236473825292123,1,0,-0.08446983762539162,False
SMARCC2,0.2023483126008916,8,0,0.00950197565314781,False
HNRNPLL,0.20232388667079113,3,0,-0.1665218118289573,False
SOWAHC,0.20224879060209489,2,0,-0.14648389482620416,False
ZNF24,0.20216148097750875,1,0,0.01687133427187959,False
MOV10,0.20206345492212208,1,0,0.08107685726869107,False
CDC26,0.20203223839308748,1,0,0.056580810983973606,False
KIAA1467,0.20195008706403783,1,0,-0.24188143378108862,False
ST13,0.2018420087318956,3,0,-0.10282330207949641,False
UBE2J1,0.2011777554850971,4,0,-0.30281879801567513,False
TTC38,0.20103049564500708,1,0,0.024023607661789015,False
FLYWCH1,0.20077462070846033,3,0,0.0635889357983288,False
KCNQ5,0.2007336457734361,4,0,0.16040063620445366,False
CFL1,0.19991988134612715,4,0,0.08024275064239816,False
ABCF1,0.19967535254070645,8,0,-0.012003043488498122,False
CUL7,0.19945597929587322,1,0,-0.04209187386799229,False
POLR2M,0.19938634955666976,3,0,0.1453195236956688,False
DHX16,0.19936330966640767,5,0,-0.06751683722443147,False
ADAM17,0.1993468752119849,2,0,-0.3545198167223056,False
MCRS1,0.19817565982038232,3,0,-0.02300035350671692,False
EI24,0.1979970607014394,2,0,0.05387552162548204,False
MYO18A,0.19743865865470814,15,0,-0.08811985447805526,False
IQGAP3,0.19730862291512707,1,0,-0.08990845018897531,False
LRBA,0.19720632726119014,6,0,0.12452974280322593,False
WDR33,0.19715130247962165,3,0,0.08881913477730308,False
BOLA2,0.19685170974854316,1,0,0.03458310409395793,False
XRCC6,0.19670729584069946,5,0,-0.08659911266765619,False
RABEP2,0.19651915800802655,1,0,-0.1380707809552355,False
DST,0.19643991840368855,10,0,0.03894581284708565,False
EIF4A1,0.19635201843573924,1,0,-0.03214275295774627,False
RBBP5,0.19554039614539676,1,0,0.11234797892844028,False
ABCC5,0.19546019481590876,5,0,-0.5199849245393757,False
PRMT6,0.19542584797197549,1,0,0.0676741114778352,False
GRAMD1A,0.1951707223095287,4,0,0.007403712238225779,False
ATF2,0.19483076497586596,6,0,-0.005338197698684155,False
NFYA,0.19473893532965292,1,0,0.010162443686908773,False
VPS18,0.19416288236332235,1,0,0.1738227519285367,False
TTK,0.19409949683075212,3,0,0.01831921188928476,False
VCL,0.19404715273154358,3,0,-0.41518649638972605,False
MME,0.19390956897055034,2,0,0.2799223816084542,False
PTPN23,0.19288174275072834,1,0,-0.031530274678569725,False
TUFM,0.19211247900773287,1,0,0.06872714775682454,False
RAD51AP1,0.19188730217499952,5,0,0.025988085728567256,False
SYVN1,0.19187025502010968,1,0,-0.01833427647908792,False
TK1,0.19175077852297484,2,0,-0.4016816162007899,False
PEX14,0.19146575690885898,5,0,0.03461870323242522,False
EPN1,0.19145681273878168,3,0,-0.06708459749626172,False
VPS11,0.19137907125243103,1,0,-0.22163313274974428,False
PKM,0.19038014580687346,3,0,-0.4055788385611123,False
M6PR,0.1892956484391064,1,0,0.011286923070368715,False
VASN,0.1886821832946417,1,0,0.07189502723169028,False
FARSA,0.1885267283003138,1,0,-0.17572266220022925,False
SLC16A1,0.18829493226073596,5,0,0.2035632481896421,False
NRD1,0.18789633634871095,2,0,-0.05792442442248813,False
G3BP1,0.18780564397075494,2,0,0.03251774130350071,False
DOT1L,0.18735075063115864,10,0,-0.0015628415799895379,False
PLEKHO2,0.18710419068252115,9,1,-0.05778734923394069,False
RALA,0.18692839159360375,1,0,-0.2395205342588156,False
ACTB,0.1868442868857123,3,0,0.08761585423594909,False
ATE1,0.18633501130682362,1,0,-0.05765819178500209,False
C2orf43,0.18614882599996108,1,0,-0.12399986312866318,False
CDC42EP4,0.18612755201710557,10,0,0.0173410691063296,False
CENPO,0.18568600363510512,1,0,-0.0034819190019916846,False
RNPEP,0.18545250982485584,1,0,-0.09607674154628043,False
AKAP13,0.1853835854737286,15,1,-0.4908698508988465,False
FIP1L1,0.18532700802277446,8,0,0.06814726086674838,False
XIRP1,0.18486455337746666,4,0,-0.542204899201387,False
CDS2,0.18459828698658023,6,0,0.0035310805121326894,False
PRRC2A,0.18449549902557097,27,0,-0.05253679930685706,False
RAB38,0.1844682599088472,1,0,0.5058823711032936,False
OSTM1,0.18443299919440648,1,0,0.11461368617169398,False
CPNE3,0.18431927605053033,1,0,0.026456154813587318,False
FAM65A,0.18324315229591548,2,0,0.02848249478321918,False
ATF7,0.18298760043792406,4,0,0.11366816666840762,False
SORBS3,0.18251946748547887,8,0,-0.13282825124476005,False
FAM21C,0.18230208430447092,3,0,0.013475854955959932,False
EIF3G,0.18106269508095707,3,0,-0.043333251780410365,False
DTNBP1,0.18027724760302988,1,0,0.028053557058481005,False
COPA,0.1798518464328378,2,0,-0.11038305345575239,False
NRM,0.178290704724688,1,0,0.028290700314368422,False
PSMA4,0.17816631435857033,1,0,0.02978367094344847,False
SF3A1,0.17815365891351695,3,0,0.09899289032568603,False
SNX13,0.17807218099075328,1,0,0.03294172258322803,False
VPS52,0.17761881405155933,1,0,0.054579515718913285,False
SIN3B,0.17757100732830366,1,0,0.06967019320207157,False
CPSF1,0.17710403456935944,3,0,0.11259538501657573,False
FAM133B,0.17665363228904596,5,0,-0.2452734115681814,False
ERAL1,0.17594635849444984,1,0,0.021611538430747146,False
RPL13,0.17590133801655483,1,0,0.07776083647015497,False
AKAP9,0.1757626114972253,7,0,-0.10542212142570406,False
TTC1,0.1754942696688815,1,0,0.006046303093231842,False
ATP2B1,0.1754225247275393,5,0,-0.5198370886813919,False
PPFIBP1,0.17540460590781232,15,0,-0.2905216146295331,False
TCF20,0.17531395205753136,17,0,0.03736088258418491,False
MRPL1,0.17480214475437705,1,0,0.25495051605950536,False
WDR26,0.174775414361946,1,0,-0.06992655666521586,False
CDC5L,0.17473623647088962,3,0,0.12188214985046386,False
ANKRD11,0.17430697112216942,8,0,0.04928520722388896,False
SMIM1,0.1742828771729575,3,0,0.026507568441687113,False
PIKFYVE,0.1730124082337833,9,0,0.036069791964816744,False
RIN1,0.17294650117764712,3,0,0.05904750792230473,False
EIF4H,0.17288361058409407,1,0,-0.003937373041942749,False
FRMD8,0.17248481509801294,1,0,0.010066628913989462,False
JUNB,0.17247694374915046,4,0,-1.0426222582446485,False
IGF2BP1,0.1713119328407373,1,0,-0.26018408735629706,False
ANKRD28,0.17129352916191465,1,0,-0.013356908333403084,False
MAP4K4,0.17125368902496713,11,0,-0.3969199964943755,False
ATAD2,0.17045958774830366,10,0,0.6604395469024631,False
ERRFI1,0.16999387034040758,2,0,-0.4582692802575501,False
NDC1,0.16997109055400195,2,0,-0.034852012286492595,False
PDCD4,0.1697599947273689,4,0,-0.6115986007290992,False
ADARB1,0.16974201187667148,2,0,-0.032171601771963765,False
SLC7A11,0.1697153918186345,1,0,0.04217132350623842,False
SV2A,0.16952026126531905,1,0,0.011588194169860344,False
FAM134C,0.16922777751875095,6,0,-0.4159921236946751,False
CKAP2,0.16897936169401895,2,0,0.45982964134478266,False
ARHGAP17,0.1684835208789849,5,0,0.07752071009301531,False
PPIL4,0.16822102159082775,1,0,0.07785205198017664,False
GIT2,0.16782303822866318,2,0,-0.0542882442095447,False
POLD3,0.16765115423499566,2,0,0.5623814026953582,False
ARHGEF17,0.16688479849092686,13,0,-0.07516591298869457,False
KIF21A,0.16672778685722137,5,0,0.40688423239354776,False
DHX57,0.16612884809496187,2,0,0.20897371357144934,False
EED,0.16595560985178537,1,0,0.26530285114409224,False
BCL10,0.16560755784419356,1,0,0.13659939016909206,False
TFG,0.1651725827268553,2,0,-0.18835112512978824,False
CBLL1,0.16472412390189817,2,0,0.000899667254870451,False
RPS6KA3,0.16428320000547672,5,0,-0.6304897166860144,False
TMOD3,0.16256291757134989,1,0,-0.196258957165945,False
DMXL2,0.16228130495989093,6,0,0.10881857646851145,False
PRKCD,0.16175182952004205,6,0,-0.16397152821160077,False
RBM39,0.16076154155055514,9,0,0.12275103423841927,False
REPIN1,0.16070914942445924,2,0,0.15197562478970283,False
RAPGEF1,0.16034754924471528,3,0,0.0324215277094666,False
WASH3P,0.16014388086779974,1,0,0.1482442054147235,False
RRP36,0.15957201400108367,2,0,0.30344600849358017,False
JADE2,0.15937922224964396,4,0,0.1379536399842678,False
CDK12,0.15900421294559883,26,2,-0.026825291897878856,False
MKL2,0.15829427613142263,3,0,0.058189567225433336,False
SDCBP,0.15814530529869467,3,0,0.21960663678969183,False
VPS35,0.15723752857909545,1,0,0.02854032941363016,False
ARMCX3,0.15722925998572457,2,0,-0.030827909290479738,False
NSRP1,0.15700515718177713,5,0,0.021105165344010857,False
CALD1,0.1565266277652646,8,0,0.10318225619682408,False
SEC24D,0.1561949526187263,1,0,0.017015749880155084,False
ARHGAP5,0.15558811843198095,8,0,0.0425245394412741,False
ATP13A1,0.15510049183102836,1,0,0.16668529778807795,False
ROBO1,0.1542132577312721,5,0,-0.1010874421358352,False
RAB14,0.15352265100731444,1,0,-0.06486197790328774,False
NAB1,0.15342720329073836,3,0,0.012604494968286417,False
SLC35F2,0.15308403014418204,1,0,0.07918656743041552,False
GTF2B,0.15265501985489038,1,0,0.044725821175674696,False
WDR43,0.1520401875925792,2,0,0.41054769594969187,False
SUDS3,0.15183379769026084,8,0,-0.041643410970472416,False
TFDP1,0.15177644130081802,1,0,0.012074113150827515,False
SASH1,0.15158324800034065,25,0,-0.13558289874696072,False
SYNJ1,0.15150592812523436,6,0,-0.3385435446798972,False
FLNA,0.15115057831597659,13,0,-0.3789344883060366,False
CTR9,0.15108355323212486,8,0,0.1626741115252628,False
NCOA5,0.15069823103530933,8,0,0.03526866366751946,False
STK10,0.15056076095371368,10,0,-0.18004951532408597,False
C10orf12,0.15014829037811475,3,0,0.0324215277094666,False
HDAC4,0.14984691070438494,4,0,0.18181734691023976,False
SLC30A6,0.14949355052649693,1,0,0.05294909315072971,False
STOM,0.1494113218458537,1,0,0.6272885178015848,False
UNC45A,0.14828194892932464,3,0,-0.19316783282843986,False
NAPRT,0.14787878485704908,1,0,0.04486353457120984,False
FAM103A1,0.14477305611615066,1,0,0.01036613964334876,False
ZNF654,0.14424715588794612,1,0,-0.04538005988735705,False
TMF1,0.14381946928576847,12,0,-0.20434516548295178,False
RAB13,0.14317444021985182,1,0,-0.46229170584535595,False
NDUFV3,0.14316877325235566,1,0,-0.04056814112091445,False
HOMER3,0.14278931554937824,4,0,-0.17516308912749778,False
ACTL6A,0.14127067209048327,2,0,0.027314648776997075,False
CSTF3,0.14092183767144206,1,0,0.01158348502166362,False
DDAH2,0.14048583861248076,2,0,-0.5534387357721471,False
STAU1,0.13983820879667638,3,0,-0.18068539623191882,False
NMT1,0.13927221095785391,2,0,-0.031011385500711697,False
PML,0.13885234884916015,13,1,-0.1938358570772465,False
PPME1,0.1384955406362991,1,0,-0.1085219007093734,False
VCPIP1,0.13839148473338553,5,0,-0.048818320247821845,False
ARFGEF1,0.1376937318999088,7,0,-0.10566829337070871,False
STK26,0.13759559410151923,2,0,0.5620869299089648,False
EHD1,0.13746568357799305,1,0,-0.13191592231666505,False
ADRBK2,0.1371662861789975,2,0,-0.11568752604969035,False
GTF2H2C,0.13716149348791618,2,0,0.1223262398448739,False
TACC2,0.13664441461526364,9,1,-0.6948778586113136,False
PGAM5,0.13642513994068217,2,0,-0.23087938728628288,False
GAPDH,0.13595403673505166,3,0,-0.09650262553017797,False
RASSF8,0.13578762174050496,1,0,0.14847443945441086,False
TEX2,0.13537799850009544,12,0,0.2931276993985179,False
OSBP,0.13519130068464788,9,0,-0.0689788991067175,False
AAK1,0.13508340369352942,6,0,-0.06317336945117802,False
TJAP1,0.13497875989585992,5,0,-0.15229630951373352,False
L3MBTL3,0.13426368151955437,2,0,-0.05803655767167015,False
MOB1A,0.13407719480339786,2,0,0.18942850457449012,False
FAM177A1,0.1337835617576033,2,0,0.20647461164310243,False
CLIP2,0.133612105551709,4,0,-0.5651773668816773,False
DCP1A,0.1332825518354375,7,0,0.11238883536994138,False
ATG9A,0.1330367093167027,5,0,-0.44293036231752936,False
RCOR3,0.13217618770586803,4,0,0.039354743096250644,False
CLPTM1,0.13134907311596322,1,0,0.10745803739463966,False
SLC2A1,0.13095849060847087,1,0,-0.2617547435732952,False
RPS5,0.13093762102685247,1,0,-0.00033949572033620257,False
AP3B1,0.13000698127165755,2,0,-0.14460187379380685,False
TIMELESS,0.1279169436870807,3,0,0.46388529986734284,False
COPB2,0.12683881885071457,1,0,-0.15115411731039785,False
MAP1S,0.12602742947839804,15,0,-0.7108339398835319,False
EHBP1,0.1259263739333544,14,0,-0.5275674627450222,False
ZNF316,0.12587695083246567,3,0,-0.024664637720327676,False
YBX1,0.12498829506252562,6,0,0.028885187409350976,False
HAUS6,0.12417502861784868,3,0,0.07582800183983451,False
EIF4ENIF1,0.1238239527750318,9,0,-0.14182652064460655,False
HNRNPUL2,0.12381054799948389,7,0,-0.00927305741501172,False
HNRNPA2B1,0.12322297428134259,3,0,0.14349278089393636,False
WDR7,0.12312043385264222,3,0,0.014651778855842679,False
RAPH1,0.1223443455701781,6,0,-0.5445210811924461,False
GNG2,0.12229378280998304,1,0,-0.38378351885778983,False
ZNF318,0.12062383879290846,24,0,-0.2398723770866411,False
ZCCHC17,0.1204645646853919,3,0,0.14898338015069967,False
SART1,0.11982883775517336,5,0,0.15760421192568685,False
ANXA2,0.11884075582603018,5,0,-0.4968281546720057,False
MAPT,0.11860769528587214,9,0,-0.010413194356750921,False
NUMB,0.11832583309191337,7,0,-0.589275084988202,False
TRAK1,0.11796122468820869,4,0,-0.03670692312772772,False
SPG21,0.11781547381964153,2,0,-0.14061003395146443,False
C17orf59,0.11689966261523033,2,0,-0.03542795937434562,False
STAT1,0.11683679537621572,1,0,0.15684014608826402,False
STBD1,0.11631452390765418,1,0,-0.1813629263832759,False
DONSON,0.11567878729513481,2,0,0.000893170214748551,False
OTUD4,0.11523440733708827,6,0,0.028374471128771006,False
NELFA,0.11500563873920555,2,0,-0.049886413959693954,False
SCAF4,0.11488660651362181,4,0,0.06374816689859131,False
SLC7A1,0.11293190523115726,1,0,-0.191750765644084,False
CAPRIN2,0.1129240740983164,1,0,0.11137960411259584,False
LRCH3,0.11269132509247193,4,0,-0.117730500393602,False
SLU7,0.11137591071435438,2,0,0.09682220267607988,False
ALX1,0.10889151381153421,3,0,-0.3232735963154063,False
SLC16A3,0.10865202871448609,2,0,-0.21104535772256838,False
MIER1,0.10726368197090874,4,0,0.11924825967719244,False
KLC1,0.10715130876915957,4,0,-0.08692456545868055,False
TAF7,0.10698362417370255,4,1,0.0362316942529155,False
WDR91,0.10500874257028059,1,0,0.09330228825096398,False
RBCK1,0.10389794910056693,1,0,0.18160208497886288,False
CAMSAP2,0.10372901931586709,8,0,-0.009952641743293356,False
FNDC3A,0.10372432289977596,4,0,-0.14450600415262826,False
KIF13B,0.10369373051966117,3,0,0.13660804579309271,False
SET,0.10361904338435579,2,0,-0.07140619613259602,False
GINS2,0.10292969247307582,1,0,0.11955176316888227,False
TBRG1,0.10120059750055077,1,0,0.0243030782514424,False
LRRC47,0.09889269917212484,4,0,-0.06519814391804601,False
PSMG1,0.09885840411610403,1,0,0.2939735781746968,False
PTPN12,0.09844293981258984,17,0,-0.6393906474315649,False
ALDH4A1,0.096586084264068,1,0,-0.10959687384940153,False
RBM27,0.09581626329610415,1,0,0.07382958395139738,False
ZNF629,0.09482608708614156,3,0,-0.06557230272880332,False
IRF2,0.09465535005611869,1,0,0.045123606953435313,False
L1CAM,0.09378285613947075,3,0,-0.06355835029565071,False
WIPI2,0.09333797106246067,1,0,-0.05979540914754722,False
GOLGA4,0.09202077768122509,7,0,0.03454987272651522,False
ASUN,0.0917471528308127,2,0,0.007554350524145548,False
POLA1,0.09170541946224375,1,0,0.28551831881834744,False
TLE3,0.09153461296248544,10,0,-0.49906469273881626,False
BNC2,0.09084253096614389,5,0,0.04521582382863443,False
SYNE1,0.08935340309330542,5,0,-0.5943716318802039,False
NAA15,0.08926855302629377,1,0,0.14849874272066899,False
NAP1L1,0.08916733863811999,3,0,0.00048356378204417183,False
ARPC1B,0.08892779265182682,1,0,-0.29429589492650976,False
IER3,0.0884753250326753,1,0,-0.05478537456470889,False
GAS2L1,0.08815107355819368,9,0,0.01984855001455088,False
PTPN14,0.08777090516460204,9,0,-0.037724061153259214,False
GBF1,0.08776342041396354,10,0,-0.16140425856632845,False
KATNA1,0.08772439900409523,1,0,0.0386640780623182,False
MACF1,0.08613139194355401,8,0,-0.2716997493965465,False
EIF2B2,0.08545638083765184,1,0,-0.013482197881060642,False
API5,0.0849297604136261,2,0,0.06170704820082307,False
CCNL1,0.08487764942710009,9,0,-0.0005618775623368322,False
EXOC4,0.08465041692068809,1,0,-6.976208388564942e-05,False
TMEM55A,0.08420238914235653,10,0,-0.04976892770279662,False
SNX18,0.0837573455642886,2,0,-0.03588821725039537,False
TRIM56,0.08328690206818053,5,0,-0.17038597383502463,False
ITGAV,0.08274639004688389,2,0,0.12646029832061245,False
ERCC6,0.08197169697335838,2,0,0.008296671016964297,False
KIT,0.08184930340892649,2,0,-0.22446000935849497,False
SLC16A6,0.08121920585717508,3,0,-0.761104302142769,False
FTH1,0.08100255678323265,1,0,-0.12754288912989153,False
BNIP3L,0.08093351530587523,4,0,-0.8250707291601564,False
SOGA3,0.08077423401782902,2,0,-0.0892890517186089,False
FAF2,0.08061784678011463,1,0,0.03695938489424222,False
FBL,0.08054941156313511,2,0,0.14306479520023885,False
CTDP1,0.08045382407955988,3,0,-0.10335083969996361,False
EIF2B4,0.07916949723410127,1,0,0.016319227577497486,False
ZNHIT2,0.07823306945796915,1,0,0.16650807905181608,False
MNAT1,0.07807307429098387,1,0,0.0801734474313136,False
RBM25,0.07769776293535458,4,0,0.1479096644855531,False
FAM114A1,0.07723684566766664,2,0,-0.23945941670663373,False
VPS26A,0.07683762914629592,3,0,0.19494654373663778,False
TIMM8A,0.07633962809410022,2,0,-0.5466849838499925,False
NHP2L1,0.0751738024040165,1,0,0.24024674911904498,False
RNH1,0.07478020427734755,2,0,-0.08845845740613711,False
MYH9,0.073525300680652,2,0,-0.27739492925364573,False
TLN1,0.07292544570461779,4,0,-0.4271350379216585,False
HEATR6,0.07272101857114066,4,0,0.05806841460273304,False
PPP1R10,0.07268053159510046,3,0,0.018077634225790007,False
CCDC43,0.07224770661841617,1,0,0.17768442913586924,False
PSMC3,0.07122671762331478,1,0,-0.12229643961854109,False
MED15,0.0711883980583714,1,0,0.25199237729654556,False
PHC2,0.06978940162787808,5,0,-0.42364209502341055,False
ZYX,0.06971071827122952,7,0,-0.6826939605497131,False
DPYSL2,0.06963772215777198,1,0,0.06395582665762234,False
SECISBP2L,0.06857134049504232,2,0,0.014718290360072217,False
DLGAP5,0.06854753515794935,3,0,0.46510613692746006,False
MIEF1,0.06840008585573898,4,0,-0.03111641626129824,False
ACTN4,0.06787531472014763,1,0,-0.01476788923309158,False
WASH6P,0.06781695359441287,1,0,0.025231673241986385,False
QSOX2,0.06709343680250868,1,0,-0.35427833074999526,False
TAOK3,0.06622825347711014,2,0,-0.21503534627332144,False
FAM195B,0.06605185854665407,3,0,0.08072139114757348,False
CCNYL1,0.06569177398180297,3,0,0.08100016807165744,False
CANX,0.06552581841325189,4,0,-0.014549063830116893,False
EPB41L1,0.06531397890901403,14,0,-0.2789425148003488,False
TMEM184B,0.06419366705446805,2,0,-0.20009298769136663,False
DCAF8,0.06406718296088165,2,0,-0.01689432660631951,False
RNF214,0.06286310348042552,3,0,-0.20358342112598038,False
MED13,0.06137704582655488,5,0,-0.01366998563351629,False
POU2F1,0.061231428438768276,2,0,0.25916997223638916,False
KANK2,0.06088947229367658,8,0,-0.23428802273171812,False
MTPN,0.06014740680636521,1,0,0.4336839013967193,False
KIF5B,0.05913044906450793,2,0,-0.1539791377348081,False
SEC61A1,0.05898866719470419,1,0,0.01757657208036889,False
THOC5,0.05887104935216433,3,0,0.23148268931148053,False
NQO1,0.058301701316821664,1,0,-0.20695679211164375,False
TMEM214,0.05749675115774622,1,0,-0.11463289309324054,False
HMGN3,0.0574967083122632,3,0,0.2779311773153239,False
EPS15,0.0561393202827338,9,0,-0.10064560147559831,False
TMX1,0.055886145309978374,2,0,0.14053466372666534,False
PRKAB2,0.055528274904142805,2,0,-0.04209718162289633,False
CEBPB,0.054647100416875816,1,0,-0.665047208897839,False
PEX1,0.0543130078321461,3,0,0.09136848279531762,False
SLC25A1,0.054154746792395514,2,0,0.038994282648918244,False
BABAM1,0.053949982593412216,4,0,-0.029863554130809433,False
MAD2L1BP,0.05348466910510652,1,0,-0.23984551801979137,False
CCDC186,0.052044105368203475,1,0,0.0324215277094666,False
CARS,0.051720450285515085,1,0,-0.13857198575028917,False
LCP1,0.04896775204039372,2,0,-0.04574663166486914,False
S100A13,0.04835336460776141,2,0,-0.8385058745195586,False
DIP2A,0.048039417921643235,2,0,0.015840549052029473,False
AIF1L,0.04803823927738904,1,0,-0.43331767584808745,False
HNRNPA3,0.04537207510965615,5,0,0.0960667324662765,False
ROBO2,0.04534324093417297,1,0,-0.3011767729808419,False
BRAF,0.04508901499382532,5,0,0.10508565177919849,False
FNDC3B,0.04493817058097527,2,0,-0.050745312138129606,False
USP6NL,0.044861806104055546,4,0,0.00830590601614034,False
DSTYK,0.044412401319793356,7,0,-0.31966578156200853,False
AKT2,0.04353995326022897,1,0,0.05999910349806825,False
RUNX2,0.04348772015690727,1,0,-0.00042264693471238957,False
VPS26B,0.04202177658938311,3,0,0.004409227747046884,False
PPP1R18,0.04074210869782746,10,0,-0.3712774644206185,False
ATXN7,0.03985743343267778,2,0,-0.012341987935048593,False
TSC22D4,0.03972094309657859,4,0,-0.23111404216226106,False
KIF1C,0.039182643986153565,2,0,0.06645771890671881,False
AP2A1,0.038342193183510176,1,0,-0.018450755505664773,False
TAGLN2,0.03706723133675638,1,0,-0.6034522617840246,False
ZNF787,0.03683904316989839,1,0,-0.0250082646683083,False
SYT7,0.036414111443964,2,0,-0.49793763284662873,False
ALDOA,0.036324046142880914,5,0,-0.23063831881921715,False
DLGAP4,0.03614655545798895,8,0,-0.4710878767964637,False
ARID1A,0.035939015597425135,14,2,0.10912367695796377,False
TRMT1L,0.03527564566814512,2,0,-0.24708084146157816,False
SYNM,0.03455577181983003,5,0,-0.8724560515700972,False
CSRP1,0.03350540433427085,2,0,0.3718525721235224,False
ERICH1,0.03331660125656555,2,0,-0.015374491775737908,False
DDX5,0.03243556643016188,4,0,0.2119489076234835,False
PGK1,0.032072052064020085,1,0,-0.15950225849179134,False
ATP11A,0.03191496301493402,2,0,0.1224159454061926,False
UTRN,0.031127648363291627,2,0,-0.1940159401052881,False
SLC2A3,0.0307237195445218,1,0,-0.9255432587259271,False
SRC,0.03057952879822956,2,0,-0.26630693915529946,False
ZNF652,0.029187393644635407,2,0,0.09841206969005256,False
LRRFIP2,0.028806299616669584,4,0,-0.13323351921019366,False
KHDRBS1,0.028766268324117068,3,0,0.12405499101047468,False
BCKDHA,0.028577917029426914,3,0,-0.05576513257574334,False
HDAC2,0.028191601613512418,4,0,0.15463772255830222,False
BSG,0.02801530643395367,1,0,-0.009455996857482774,False
CAT,0.02783149567907728,1,0,0.11225148592926004,False
BAG2,0.027399903694846017,1,0,0.20329717693385874,False
SLC35B2,0.027272961365849113,1,0,-0.5526586426225855,False
CBL,0.026346828156312323,3,0,0.08929570833927158,False
SNRNP200,0.0255092942574701,3,0,0.01020256509104911,False
SNAP25,0.024197903083130967,1,0,-0.3403460106894869,False
CSNK1E,0.0236016852116047,3,0,0.07159974485099596,False
NCK2,0.022183782780398786,1,0,-0.019938215051464425,False
KCMF1,0.02083226187470899,1,0,0.09940096056864434,False
TIAM2,0.020331076394744407,4,0,0.058370137578656056,False
PHLDB1,0.019694350536806543,17,0,-0.39577027446207325,False
PHC3,0.019565771806212478,6,0,0.10163735650608885,False
MORC2,0.019331879178459924,9,0,-0.20822553528145704,False
MAP4K5,0.01907017210818888,3,0,-0.10548283653702839,False
INTS1,0.018126658177969546,3,0,0.19024107893963205,False
EEF2K,0.017504124354572603,4,0,0.04703647170860492,False
PTRF,0.015733851688109368,2,0,-0.6123318782327161,False
PGAM1,0.015298029683442849,2,0,-0.09057915372559933,False
MAPK14,0.015086728256598292,2,0,-0.41561293168736313,False
LRRFIP1,0.014752332008279669,13,1,-0.14907684152854372,False
SEPT8,0.01390317035968991,2,0,-0.27486263447582004,False
SEC31A,0.013833389676643826,4,0,-0.03795643513337765,False
VIPAS39,0.012665884908670932,1,0,-0.030790316950763952,False
AKAP2,0.011133439684832602,8,0,-0.14226939643101844,False
STAG1,0.007594710287050906,6,0,0.1589076425267386,False
ERBB2,0.006726827498123811,2,0,0.03611291165923802,False
MYH10,0.006509384079669722,4,0,-0.06115207385263233,False
TMX4,0.004185122608117098,1,0,-0.028603580101560055,False
KCTD12,0.0024482318466354513,1,0,0.03884237625041109,False
ACACA,0.0014077984131610321,5,0,-0.06879116892403303,False
HEATR5A,0.000644961593234683,1,0,0.024696859371672986,False
ATP8A1,0.0005722942864695805,3,0,-0.4433764829967437,False
TMCC2,-0.0008977480905363322,4,0,0.005584783430094831,False
MTFR1L,-0.0023446524050161344,2,0,-0.03677815875831314,False
RPRD1B,-0.003053424745198541,2,0,-0.02480462284335161,False
CCDC53,-0.0065639084280100235,1,0,-0.1539419368615711,False
ETS1,-0.007270814537888271,5,0,-0.22109787490453314,False
SHC1,-0.007666638587917163,1,0,-0.1331236159801854,False
NOL4L,-0.00975345182366875,3,0,0.05334251400345735,False
SARM1,-0.013097523309671288,1,0,-0.009592342004467014,False
GTF3C4,-0.014198341941085602,3,0,0.13970225504470335,False
RABEP1,-0.014811025587553909,3,0,0.31404536144658834,False
IQGAP1,-0.014947558039536327,3,0,-0.2038791897200376,False
PLEKHM2,-0.015584600634738877,2,0,0.06806363297387108,False
GNAI2,-0.016360887674821356,1,0,-0.10545318409137039,False
NMNAT1,-0.018486808503956453,2,0,-0.09117677439319749,False
SPP1,-0.019804779495149916,7,0,-1.1135346677829787,False
HLA-A,-0.019983981346481272,3,0,-0.03413942250796609,False
PI4K2A,-0.021795352402162394,5,0,-0.04235541821052635,False
VAMP7,-0.022172116336312442,2,0,-0.3215246852756728,False
PPP1R12C,-0.02240843902122691,1,0,0.04598105623288973,False
NEIL2,-0.02481370891287682,2,0,0.036956393050800784,False
C11orf96,-0.025832224731555442,3,0,-0.016058793657272474,False
KIAA1524,-0.026641211168533612,3,0,0.6818419273560892,False
WDR12,-0.026760381513767584,1,0,0.134669282150071,False
RASAL2,-0.027086349379705776,8,1,0.06723982405551254,False
POLDIP2,-0.028696360703850843,1,0,-0.17066627768396359,False
ARHGEF7,-0.029652365402662657,3,0,-0.04490639075945069,False
CCDC91,-0.03086742608063986,1,0,-0.018515829472267598,False
PI4KA,-0.03263543926081051,3,0,0.14925037993235435,False
HS1BP3,-0.03652123509059457,2,0,-0.4164683500234361,False
DNAJC17,-0.038217620289870524,1,0,-0.018803301368105707,False
TBC1D2B,-0.04036049309876333,1,0,0.01234582474022261,False
MED19,-0.04055969206340038,2,0,0.07248262298473307,False
CD2BP2,-0.041488952912362244,3,0,-0.036356966500779464,False
DYNC1I1,-0.04192044647349036,1,0,0.05932643299015794,False
NAB2,-0.043366518339845506,4,0,-0.227249346305193,False
SEPT5,-0.04565426065905065,2,0,-0.13482758889831103,False
MVP,-0.04852386867871061,1,0,-0.7190853658714396,False
SHROOM3,-0.05344667516031384,6,0,-0.011648886339152398,False
WDR20,-0.05471100667517259,4,0,0.047154812458281015,False
ZRANB2,-0.055654792456289216,5,0,-0.07080692835385705,False
TAF6L,-0.05753657503227316,1,0,0.02778146366158296,False
PRPSAP2,-0.05916757554595975,2,0,0.061505677853730845,False
RAB9A,-0.05984402818204515,2,0,0.3700056220808108,False
TGOLN2,-0.06122494046679705,2,0,-0.10177442278413551,False
CDK17,-0.06519839505507896,6,0,0.02786720116493413,False
PBX2,-0.06525759253014367,3,0,0.173495549863258,False
FASTKD2,-0.06786953773315219,1,0,0.28316890218584945,False
TALDO1,-0.07052233830406252,2,0,-0.11754676004937537,False
HADHA,-0.07177817286428478,1,0,0.11387929363925764,False
USP16,-0.07228321668469917,2,0,0.04637947579837487,False
FAM8A1,-0.07487741692059657,3,0,-0.3977031190421165,False
CAV1,-0.07492858411467651,1,0,-0.8443298850657861,False
CSNK2B,-0.0760722908699698,1,0,0.04131697982200677,False
PLEKHA2,-0.07647403867137648,2,0,-0.23193802444033906,False
MREG,-0.0769192735203248,1,0,0.009956594639064065,False
THUMPD1,-0.07770834255598125,2,0,-0.2139696325684568,False
CLCN3,-0.08557695842782564,1,0,0.04170904342316106,False
TONSL,-0.08605525425626581,1,0,0.542766864851,False
EDC3,-0.0896857236638174,3,0,-0.03344197448140207,False
UBXN7,-0.09094602520081274,2,0,-0.5595958239150747,False
RUNX1,-0.09339006377740826,3,0,0.024326406763076847,False
SMAD2,-0.09834907029901174,1,0,-3.2431359156817727,False
RPUSD2,-0.09900929372314238,1,0,-0.04475297073482665,False
DDX3X,-0.10234817997325862,2,0,-0.0011609809393888781,False
SLC5A3,-0.10413351286639146,3,0,-0.7164739498316521,False
YWHAZ,-0.10559708393662248,2,0,-0.16045804880177883,False
CDC23,-0.10580997821463001,2,0,-0.21352541299714645,False
CLCN7,-0.10590146609262874,6,1,0.11994784153199234,False
RPLP1,-0.10714666145399399,2,0,-0.15722937188069253,False
XPO5,-0.10779655825817613,1,0,-0.13190765048044995,False
MLH1,-0.10847704021255566,1,0,0.10433887573091738,False
MYO1E,-0.10888765177563482,6,0,-0.010448886269241342,False
TLN2,-0.11551156668169682,1,0,-0.40462414391724266,False
S100A11,-0.11639575397028068,1,0,-0.394987326979372,False
BNIP3,-0.11702485332583201,2,0,-0.04178821508589081,False
RALGAPA2,-0.12193519990047222,5,0,0.09322766453267306,False
PRKD2,-0.12317005421640648,4,0,0.07460078707015327,False
WASL,-0.12367284601804585,1,0,-0.011020333014688077,False
MCM7,-0.12385556556272981,2,0,0.16376087701882014,False
NCAM1,-0.12579088337808386,2,0,0.08417353001804528,False
LGALS1,-0.13068321476097822,1,0,-0.16990618874215357,False
LRIF1,-0.13111650811982045,1,0,-0.011863962281289275,False
PTPRA,-0.13342677891992594,1,0,-0.3794510612602515,False
SEPT2,-0.13519227948440715,1,0,-0.06255476187561726,False
RRAGC,-0.1354861676360398,3,0,0.06125868867847828,False
WDTC1,-0.13675415672837588,1,0,0.016110695914505868,False
MTMR6,-0.13928039745914944,1,0,0.04362891793386581,False
HEATR3,-0.14078293426719313,2,0,-0.02261934817563116,False
ARNT,-0.1420702536482601,1,0,-0.20421680677700493,False
STX6,-0.14410422737226725,1,0,0.08057311478975748,False
HSPA12A,-0.14673434453867173,1,0,-0.23747055538706263,False
MVB12A,-0.1489383530026096,1,0,-0.025776873980692727,False
PLCD1,-0.15099663263736574,1,0,0.0743590301857715,False
MCM10,-0.15102848121290613,2,0,-0.011170976555433754,False
STT3B,-0.15147494248360438,2,0,0.17653116444541794,False
TMEM57,-0.15209475210822276,3,0,0.031050651404520124,False
IKBKB,-0.15294436864970606,1,0,0.04100874055890458,False
SEPN1,-0.15596445167573592,1,0,0.25498997178000593,False
DNAJC2,-0.15696601700257595,4,0,0.1884565979778685,False
RALY,-0.15716629480702693,5,0,0.06994206333325792,False
FBXO28,-0.158151979352656,1,0,-0.030990259880596227,False
GPATCH1,-0.15954879296723234,2,0,0.011189814790906638,False
HACD3,-0.1648462154498489,2,0,-0.11363418627432509,False
MCTP2,-0.16737967092164396,2,0,-0.33177752811811345,False
LRP12,-0.16926801666808444,2,0,0.1582724118547283,False
VAMP4,-0.16962480880414077,1,0,0.005014896289871729,False
FAM219A,-0.1740225558479859,3,0,0.17197277929093602,False
VPS8,-0.1742540029954185,1,0,0.1925979044380881,False
CLIC4,-0.18771650403816942,2,0,-0.34931001642896575,False
NUP205,-0.1927859770177006,3,0,0.09530275196451754,False
GFPT2,-0.20002317615966447,1,0,-0.03866637645349158,False
ARRB1,-0.20018960628756588,2,0,-0.1910603200115517,False
TCP1,-0.20407374373002263,2,0,-0.03684480474443319,False
DNAJC1,-0.2052471457002009,3,0,-0.011972337112876374,False
PRKAR1B,-0.20620576171428695,1,0,0.003566313376211383,False
PODXL2,-0.2063605950819536,1,0,0.014187980882446993,False
TXNDC9,-0.21305130301295705,1,0,-0.2300575004976828,False
ZHX3,-0.2150730415722215,2,0,-0.2944005596787065,False
IRF2BPL,-0.2164432445021518,11,0,-0.7596367078724242,False
SEMA6A,-0.21760698655056565,4,0,-0.2345812027870693,False
VTI1B,-0.21842925709149696,1,0,0.06602099282896035,False
CUL4A,-0.22019289515631613,1,0,-0.13701259896105356,False
TOM1,-0.22345281498461061,5,0,-0.15766576422232603,False
OTUD3,-0.2324559413206444,1,0,0.03201069054010475,False
ATP2B4,-0.24053120352144042,2,0,-0.42206122573877636,False
CCZ1,-0.2427845969611866,1,0,-0.06936389266845921,False
MORC3,-0.24336376103521218,2,0,-0.03146451715908327,False
TLK1,-0.24852196407672622,1,0,-0.059013152978739214,False
RAB29,-0.25108090961868257,1,0,0.12889916079467056,False
BYSL,-0.2524901536263542,1,0,-0.0050119264161168076,False
RANGAP1,-0.2551487176506342,1,0,0.06356104753513137,False
FAM129B,-0.2607757869343058,7,0,-0.7362730428097208,False
IGSF3,-0.26641129260792695,1,0,0.31651962061729577,False
SLC39A3,-0.26707250420974304,1,0,0.15259404303926516,False
PFAS,-0.26976867771501034,1,0,0.011710902782301247,False
SPTAN1,-0.27956817426420244,3,0,-0.1437928821231651,False
TGFB1I1,-0.282598797949563,8,0,-0.25311036050233326,False
CAPG,-0.2945518818692854,1,0,0.18558490086383728,False
GPATCH11,-0.3008610753188705,1,0,0.24927334273518298,False
ILKAP,-0.30320059111994624,1,0,-0.02658766349613373,False
CTNNB1,-0.3055162473004778,2,0,0.20641265340667658,False
RAB3C,-0.30851317977472803,1,0,0.020128965845856328,False
PCNP,-0.3123764302103549,2,0,0.057687733745201086,False
GSK3B,-0.3242170915476912,2,0,-0.053027590456931506,False
LSM12,-0.33037373656128466,1,0,0.1485388489642041,False
SGTA,-0.3483903265800228,4,0,0.19453465124390945,False
STAT3,-0.3670877914974717,1,0,0.07690026143462347,False
PFKFB2,-0.38391728546952325,3,0,0.46776633159330316,False
TPMT,-0.3927400013840838,1,0,-0.3833025372329111,False
STX1A,-0.39590855545647585,1,0,0.0324215277094666,False
RASA4,-0.40644009107993995,1,0,-0.28480207001552316,False
CAMLG,-0.4192927227308445,1,0,0.21668802908544293,False
NDRG1,-0.42232085583837276,7,0,-1.8899920476062952,False
PDCD5,-0.43099334805169676,1,0,0.15187110561065253,False
EIF2S2,-0.43976926173383735,4,0,0.032064035283653425,False
NELFB,-0.4426396207823764,1,0,-0.11123499054641073,False
SLIRP,-0.46881518265579913,1,0,0.3091521202320884,False
AVL9,-0.5040594671139047,1,0,-0.04557735893086701,False
KDM5C,-0.5299579904123739,1,0,0.08471612172142784,False
SKP1,-0.5342935435760978,1,0,0.06547351686146996,False
RPL14,-0.5535948587882764,1,0,0.06703161914584044,False
PIN1,-0.572991070855231,1,0,-0.14775796906333127,False
PTPRG,-0.5763182208893269,1,0,-0.09784559535145831,False
RAD23A,-0.5933926856470073,1,0,0.08772091550294192,False
STARD10,-0.6035857049511115,1,0,-0.05430420571043726,False
DHX9,-0.6126282977135382,2,0,0.03567229315862619,False
CD44,-0.6146352864659145,3,1,-0.6506671422981682,False
RAB3A,-0.6156307123441884,1,0,0.061933480523617135,False
CDKN1A,-0.6607916938578278,1,0,-0.8877892302799708,False
TXLNA,-0.6610129453192073,2,0,-0.053969545623242965,False
HOXB13,-0.6884843655907709,1,0,0.10369487948784695,False
CD276,-0.7698025482916471,1,0,-0.7582133822113448,False
WDR81,-0.7952225719548771,1,0,-0.20900914594507114,False
SSR1,-0.8444539191266962,1,0,-0.30988949735420235,False
CETN2,-0.871788806298472,1,0,-0.6534972660051039,False
CNOT2,-0.9698907833172008,1,0,0.01162939144987618,False
PGM3,-1.0174942134289608,1,1,-0.3168816617807835,False
UBL7,-1.0418962932842888,1,0,-0.04463759831120484,False
BCKDK,-1.1743241490703582,1,0,0.05921117342389337,False
CSTF2,-1.756756815140541,1,1,0.15503882763863075,False
