,ProteinFoldChange,PValue,AdjPValue,Significant
PIGBOS1,-0.029388872590182302,0.7463857162135934,0.9732623744879622,False
TTC26,-0.4482672184935588,0.15587551444604822,0.7468793264782728,False
UBA6,0.01969951525736846,0.9048431676589359,0.9906253158153695,False
ESYT2,-0.29129551648789587,0.011122359164956153,0.288830327710679,False
MED19,0.07248262298473307,0.3009156712033078,0.8542034037693326,False
KIAA1598,0.11480129346936607,0.5774088712216578,0.9426811085231039,False
ARHGAP10,-0.035882535256881454,0.7513813396487045,0.9737735160683184,False
ILVBL,0.06960544266964774,0.5763309100695098,0.9426811085231039,False
SH3PXD2B,-0.09930036018203126,0.6558628405917983,0.9558209137948426,False
FAM92A1,-0.0009970054227750325,0.990472350818363,0.9976036277220482,False
ANKRD18B,0.4814081118810485,0.1893904970851771,0.771321598050201,False
NBAS,-0.19732532875459796,0.009760907649832772,0.2742857673653882,False
KIAA1467,-0.24188143378108862,0.22015203630481123,0.8005271889425227,False
VWA8,0.13418919540385943,0.7369961195807966,0.9732623744879622,False
SBNO1,0.12011010196853888,0.4029791377716774,0.8770879497439329,False
GSAP,0.11997933281054074,0.2703860044996879,0.8386146206467584,False
GTPBP10,0.10295852936912553,0.21282134864649846,0.7958870791430258,False
WDR91,0.09330228825096398,0.6746032750187644,0.9558209137948426,False
LCHN,-0.5758254183005143,0.07150568669813379,0.593521348757803,False
VPS37C,-0.01725913724867567,0.8742343799639702,0.9864997068182194,False
CCDC151,0.0324215277094666,0.6753273082121741,0.9558209137948426,False
TMEM189,-0.07759119284352778,0.30595053988028464,0.856811285772871,False
TRAPPC13,0.03153761205931005,0.6852017824542709,0.9576425556985229,False
CNOT1,-0.19164912831769243,0.004593624936596527,0.24429732617354258,False
CCDC88B,0.1923848951688143,0.34583472783699576,0.8676073108938235,False
MAP1LC3B,-0.5631006883960978,0.07578807721311615,0.5962057174405897,False
PGP,0.04081148114334354,0.7305888355666883,0.972556714288713,False
C5orf51,0.01834758307615658,0.8282274749539563,0.9796746903350853,False
ZNF316,-0.024664637720327676,0.7930190736063428,0.9757676912534892,False
SDHAF1,0.40370404541316063,0.03404738281750249,0.4329938901791078,False
FBLL1,0.859983173910738,0.1912010358150986,0.7718731895271739,False
SMCHD1,0.13512814897129033,0.19291215200265457,0.7734515253190544,False
ARHGAP42,0.006655334086097753,0.9421841075890847,0.9929705792864855,False
UNC119B,-0.04170391907664239,0.5866689381278675,0.946440071448739,False
METTL15,-0.19250954138560772,0.30266715931522087,0.8549882222095901,False
RGPD3,0.21780735283925878,0.3347055991367708,0.8671397439011865,False
POM121C,-0.0025671086616654293,0.9887228999824061,0.9973108179068919,False
YDJC,0.0324215277094666,0.6753273082121741,0.9558209137948426,False
PHF20L1,0.12877109973618772,0.258559731430637,0.8296686601105563,False
SNRPG,-0.5763112271508604,0.3074786056752093,0.858327802648197,False
NUDT19,-0.049147762145310026,0.8806915065292087,0.9873158439777973,False
HACD1,-0.11742408210375999,0.3937031539264517,0.8764319149979993,False
SMIM1,0.026507568441687113,0.7318178772789296,0.9729851322913041,False
RABGAP1L,-0.1303835155443096,0.39300717694386295,0.8764319149979993,False
GPR89B,-0.10664427595066783,0.6795857022533951,0.9568123106951699,False
WASH3P,0.1482442054147235,0.4586307303605415,0.9000575632418679,False
RASA4,-0.28480207001552316,0.13111279212749,0.6955571453754312,False
FAM195B,0.08072139114757348,0.852018821234877,0.9844804580394803,False
INAFM1,0.007164431959154172,0.9306789902379714,0.9929705792864855,False
NACA,0.04938489091583165,0.4746063348436872,0.9106367586519569,False
C11orf98,0.17233361670362157,0.17954418737529987,0.7632902418660206,False
DNASE2,0.04792794707322301,0.8909311420961135,0.9895993288981546,False
AGPS,0.24444594532338826,0.007387259577079533,0.2495805951257824,False
UBXN8,0.03193468703118896,0.6796102591045524,0.9568123106951699,False
KIF2A,0.08556371023415821,0.5087941477084721,0.9247690556585174,False
SGK1,0.07820567220190355,0.346109863381255,0.8676073108938235,False
DDX39A,0.1246105523985257,0.38778786940517546,0.8724463008932468,False
ACOT7,-0.04971070443364667,0.7032151174457292,0.9642064433183422,False
MYO1C,-0.20339763658180487,0.03397326729443178,0.4329938901791078,False
SNAP23,0.003975576070647691,0.9689299583996825,0.9961388673740844,False
HAX1,-0.05444046587331286,0.6895691342502588,0.9590182362006517,False
AIP,-0.1502922215750928,0.1826389843169383,0.7644955993710568,False
GTPBP1,-0.2781536783379579,0.0256682256010797,0.4014985792261078,False
STXBP3,-0.14329857268678126,0.05518675258303325,0.5351693511082973,False
SMAP,0.0021174433462647357,0.98387964422966,0.9972240854967319,False
AP3B1,-0.14460187379380685,0.0840013849703238,0.611301509390781,False
APBB1,0.18926935177421456,0.11997535993477164,0.6833260061341345,False
LGALS8,-0.03610351776479348,0.7451393606062434,0.9732623744879622,False
NDUFS8,0.1995029196620095,0.33521983586213366,0.8676073108938235,False
NFKBIE,0.30271153748691404,0.26077576833358984,0.8307746793345019,False
PSMD11,0.03920192538294032,0.7643847317395516,0.9747728847731245,False
PSMD12,-0.0949533850045512,0.1560253036619787,0.7470407954351436,False
PSMD9,-0.13205151032971685,0.18634487728396792,0.7668014469769195,False
ATOX1,0.3355465925020731,0.019518697841558522,0.3673232706837742,False
MEN1,0.026393900319344965,0.7531850304401269,0.9737735160683184,False
CBX4,0.25310209915680915,0.2827122499613116,0.8457356496499373,False
WRB,0.032786593981683154,0.6712458297312545,0.9558209137948426,False
PGRMC1,0.07145120028985374,0.8058585908832854,0.978017374036115,False
SUPT5H,0.03802577548912467,0.6480878768899923,0.9558209137948426,False
TAF4,-0.07139983908057346,0.5819980091013388,0.9449459854812928,False
DFFA,0.3312688256419385,0.18514651248004843,0.7658229735284879,False
RFXAP,0.10827443226890665,0.3691159633074528,0.8699981161492333,False
HIP1,-0.1369162486008939,0.09502410236663104,0.6356113023764716,False
CLIC1,-0.2947630809200774,0.054033342284984825,0.5276245183670369,False
EIF3F,0.028757801254730708,0.8761853672380999,0.9864997068182194,False
CDC7,0.019458935163157776,0.8166571505645229,0.9796427422937294,False
PIK3CD,-0.014124177243093783,0.8616861346026671,0.9853852578924835,False
PDHX,0.18232650491378521,0.031923119466608654,0.4310127454299641,False
DCTN6,-0.07025294084170497,0.7555350010685962,0.9737735160683184,False
SLC33A1,-0.07183934569221861,0.6784227477685336,0.9568123106951699,False
WASL,-0.011020333014688077,0.8963516459647044,0.9896259744685637,False
IPO5,-0.05105997032184817,0.5984749126181063,0.9479632391439603,False
POLRMT,0.21398892799463098,0.16098179685958464,0.7512461355597192,False
EEF2K,0.04703647170860492,0.5149044563454345,0.9263098061456166,False
SAP18,0.16528911305238836,0.4281341894844072,0.8800723730691165,False
EML1,0.0369459429090071,0.6247452119874668,0.9556087593733652,False
IGF2BP3,0.005769992622020936,0.9630413487124522,0.9943137920657577,False
DNM1L,-0.07639630879926429,0.3440378859215092,0.8676073108938235,False
RTCA,-0.30539207074910024,0.1012848697362619,0.6500968265353259,False
PIK3C2A,0.02842404583909186,0.8316076938836757,0.980288607829539,False
SYT5,0.20045299866017885,0.1902876174199357,0.771775968753144,False
IFRD1,-0.03376228673343462,0.9138190370536191,0.9929705792864855,False
PIK3R2,-0.045033935846181095,0.6871568318234543,0.9577677155653451,False
GOLIM4,0.04596115913564347,0.7282962374368357,0.9719591947634878,False
MANBA,0.12250736963797948,0.6090090426136299,0.9516690600336835,False
AGRN,0.2624765217107736,0.3719463831545298,0.8701811028798047,False
PLOD2,-0.5984685183583416,0.02827979683379808,0.4152677321328016,False
EXOC5,-0.5072785039325787,0.00797761922415894,0.25614057963278447,False
HMGN4,0.15919663000572015,0.2869721388943453,0.8478070461855779,False
NDUFA4,-0.12053821743514348,0.8089430661655831,0.9781188708710122,False
PSMD14,0.0756773711095704,0.5081402555100613,0.9247690556585174,False
ZNF593,0.38248368584440584,0.11962512870749584,0.6833260061341345,False
BIN1,-0.013282305323986776,0.8896093304524474,0.9895654349976661,False
KPNA3,0.0337973853303879,0.7342389154377471,0.9732405574099902,False
BCL9,0.07817460601169657,0.2858162016211452,0.8471797592962088,False
KRIT1,-0.021253792565094187,0.8011043723270813,0.9768683851080251,False
PES1,0.13149429712317584,0.1498385137488233,0.7368142988107953,False
EBAG9,0.004165606013238232,0.9599477960951496,0.9943137920657577,False
SDCBP,0.21960663678969183,0.4605698420575019,0.900531604432244,False
PITPNM1,0.049498317978716955,0.5163855982692926,0.9265888182165767,False
MPHOSPH10,0.1074422818107692,0.15508785182335988,0.7444754364710432,False
NOP56,0.17773108788410497,0.014993419749654364,0.3237673023121672,False
DDX3X,-0.0011609809393888781,0.9857397226811311,0.9972240854967319,False
RNASET2,0.19612215918718334,0.1510693695499266,0.7377854205205973,False
PEX12,0.08654543842494888,0.31433332146213017,0.8602661132433345,False
PIR,0.4175618308943534,0.10425740378935079,0.6519097566118913,False
KPNA4,-0.14643843463393935,0.16204604887261856,0.7517808855755417,False
TRIM38,0.08914816370048229,0.327155404796232,0.8643320035562339,False
NFIB,0.0324215277094666,0.6753273082121741,0.9558209137948426,False
PPP6C,0.4190281956948745,0.17171821736292084,0.7613501152595638,False
NME4,0.023315090299718122,0.9536598215168269,0.9941741692960507,False
MAN2B1,-0.19194040960453762,0.2947202909495573,0.8493170946083303,False
UBE2C,0.38821572033845086,0.32057357504613454,0.8637329012289565,False
ACACB,0.0324215277094666,0.6753273082121741,0.9558209137948426,False
PDXK,-0.19830189418235022,0.12015920944403685,0.6833260061341345,False
SCD,0.48033511815269847,0.0004387256742781631,0.12702972211189337,False
ARID1A,0.10912367695796377,0.0531089903039511,0.524166184978413,False
CDK2AP1,0.028154548553185776,0.7130437216742487,0.9661863599652067,False
SDHD,-0.03435420225880037,0.7058852933043586,0.9645093452622473,False
C2CD2L,-0.31982115678945533,0.19445529820734037,0.7743704887069277,False
TXNDC9,-0.2300575004976828,0.527431548491403,0.928947555129878,False
DPYSL4,-0.0015374288146468018,0.9848135809621331,0.9972240854967319,False
TRAFD1,0.0548167939021198,0.4374010731928479,0.8865120963766854,False
COX7A2L,0.6264207947108389,0.07275243573447053,0.5936817089710029,False
GAPDHS,0.5402288009562355,0.0026459031198962633,0.21188217009413088,False
NDUFAB1,0.16993357606031623,0.27149670022607003,0.8386146206467584,False
UBFD1,-0.10473250964334113,0.40819772027275797,0.8770879497439329,False
CYB561D2,-0.06630067020183716,0.49286926298575334,0.9192936166434658,False
DYNC1I1,0.05932643299015794,0.44688743579383605,0.8937143094373057,False
CIT,0.9235140443619905,0.0010424613539896342,0.17193970555416557,False
COPE,-0.131755941295431,0.07805039031340068,0.6026116467688927,False
RFXANK,0.015238777083617094,0.8599631955010487,0.9853852578924835,False
AP3D1,-0.11771877875591485,0.14713919936865694,0.7318327269484091,False
CCS,-0.10258396375855838,0.38358585176946935,0.8718690155859481,False
DVL2,-0.059541194764062055,0.8021567953226505,0.9770734389364483,False
CHD1,0.17058238772635903,0.20499351488410666,0.7870723557751947,False
CHD2,-0.07586625264509905,0.541852192312313,0.9347557814904268,False
GOSR2,-0.02619867747036153,0.9276006716162257,0.9929705792864855,False
TOR1A,0.1724318471467754,0.5078152047347887,0.9247690556585174,False
TOR1B,-0.004425050632594463,0.9557950876303157,0.9943137920657577,False
STX16,0.14082893561863585,0.5767297849734543,0.9426811085231039,False
ADAM10,-0.39475263497456226,0.04293950866171972,0.47971482333015003,False
EI24,0.05387552162548204,0.44630409328679194,0.8937143094373057,False
KMT2D,0.011030556120694257,0.8848633959577363,0.988414301604248,False
ITGB1BP1,-0.2902730401380431,0.015341372246260988,0.3269493265658943,False
APAF1,0.07632830675946067,0.19083782357303503,0.7718731895271739,False
ACOT8,-0.15605898042224453,0.48564052541464825,0.9145732458423359,False
CDIPT,-0.746608172111852,0.015383550276031109,0.3269493265658943,False
PDCD5,0.15187110561065253,0.3059591790219412,0.856811285772871,False
PRMT5,-0.03410667502562248,0.7026398654323501,0.9638643219051743,False
SLC9A3R1,0.0466582098732502,0.6138172501323725,0.9524750433088539,False
TNFRSF10B,-0.2669926440382717,0.6545866460394842,0.9558209137948426,False
TPP1,0.09993949504778854,0.8143048272153649,0.9796427422937294,False
TCERG1,0.13795476880664737,0.10531216993367218,0.6554002065021087,False
NDC80,0.04182042672285036,0.585171247631636,0.9456496681339973,False
KIF3C,-0.0656531606052333,0.7813794069976719,0.9757676912534892,False
TNPO2,0.07229817592211418,0.5186593509271342,0.9265888182165767,False
POLR3A,-0.06369346767091244,0.5923811972220278,0.947780458509137,False
MRAS,0.07469624993801105,0.37981553257910244,0.8718690155859481,False
TSPAN4,0.05788521617939324,0.5043531486152009,0.9246588791949638,False
PSMA7,0.07568872788494119,0.6229986056061559,0.9551553129784979,False
SCAMP3,-0.10576174149787221,0.32120500651717326,0.8637501951266234,False
PHYH,-0.031538380985246306,0.685739146502851,0.9576425556985229,False
BACH1,-0.1136536378117512,0.6306378826301117,0.9558209137948426,False
BCKDK,0.05921117342389337,0.792871223798161,0.9757676912534892,False
IFIT3,1.4858621618100187,0.001277027700738763,0.1826149612056431,False
MGST3,0.1228998233680656,0.3269184729051001,0.8643320035562339,False
GEMIN2,-0.006483573379838958,0.9446352776170589,0.9929705792864855,False
TAX1BP3,0.07527923504580514,0.3954572120218294,0.8764319149979993,False
GIPC1,0.1959554887071846,0.07597768361686819,0.5962238409289047,False
IKBKB,0.04100874055890458,0.5893211663873328,0.947780458509137,False
TIMM23,0.14403619221394948,0.2063254558193148,0.7879967471773515,False
HAT1,0.0920194494057327,0.35338224881810354,0.8676073108938235,False
UBE2L6,0.02491766648568472,0.8198241243405253,0.9796427422937294,False
CASK,0.16222990544809335,0.3586831597679851,0.8676073108938235,False
MYL12A,-0.2418145835509513,0.019038952879804807,0.36362957920765027,False
HGS,0.06578163387146674,0.4383095983952437,0.8877942290441905,False
AURKA,0.26801351539404195,0.25735445868185347,0.8291488368233156,False
RAB29,0.12889916079467056,0.36232369234911777,0.8676073108938235,False
DSCR3,-0.19131967854213272,0.18389841852202257,0.7644955993710568,False
PPP1R12A,0.021599921827753832,0.7801106987272989,0.9757676912534892,False
HNRNPDL,0.2613504198564556,0.007628565774713964,0.25304031319734205,False
XPO1,0.01099716310901755,0.869561343708585,0.9860136117647127,False
BTAF1,-0.47890434704243035,0.08657740604425698,0.611301509390781,False
ARHGEF10,-0.1145986730467854,0.293956174566633,0.8490161505100015,False
ZNF609,-0.34941361822261285,0.10366689918630678,0.6505255545260021,False
SPTBN2,0.3776275832429761,0.23170174791621848,0.8149286156262824,False
SEC16A,-0.5230513118484268,0.050045041689330744,0.5103642524102113,False
PLXNB2,-0.35607573709676643,0.08794969583197335,0.6151698833464657,False
U2SURP,0.19616118766873925,0.02191512912323851,0.38037019194545985,False
SETD1A,-0.2850615461304393,0.07741594868716972,0.5994845123970364,False
TRANK1,0.10562895548841311,0.6927964187167022,0.9615563608086537,False
SYNM,-0.8724560515700972,0.14380044895640412,0.7252005399956587,False
KIF3B,-0.055423016263333125,0.7232782633447726,0.9702869229134838,False
PFAS,0.011710902782301247,0.9310500830241988,0.9929705792864855,False
ANKRD28,-0.013356908333403084,0.9134119413106778,0.9929705792864855,False
ARHGEF11,-0.3702771113991261,0.03400532063393334,0.4329938901791078,False
KIAA0391,0.07496831942236426,0.5159707862929265,0.9265888182165767,False
LSM1,-0.10746778430969428,0.4011165423339032,0.8770879497439329,False
NPC1,0.02478099350792462,0.9211607004446348,0.9929705792864855,False
AGPAT2,0.005498347774132384,0.9437904997898753,0.9929705792864855,False
DEGS1,-0.48242103445741336,0.06756423959400878,0.5808077439971759,False
SCAMP1,-0.36959229073735855,0.04881740747876831,0.5042375876819808,False
SCAMP2,-0.5704065649242978,0.07154457611231967,0.593521348757803,False
ARPC1B,-0.29429589492650976,0.1385532223346664,0.7104302675088273,False
ARPC2,0.001973279454695387,0.9758843004563377,0.9961636220552876,False
ARPC3,0.0749074299282455,0.7337776713576719,0.9732405574099902,False
BET1,-0.1328243379664542,0.561020690137759,0.9412902243607043,False
POLR1C,0.05713235821809093,0.7471272414590848,0.9732623744879622,False
TRIM24,0.28538267199572687,0.21783258562001834,0.7987194806067339,False
PGRMC2,0.1355165506235032,0.24246589128342733,0.8245116905388719,False
CETN3,0.20265601643378872,0.2201900655116774,0.8005271889425227,False
PFDN6,-0.007199228437134053,0.9746792025842732,0.9961388673740844,False
WDR46,0.17730548767193355,0.09177109907686286,0.6289105671561369,False
NKRF,0.2547998142454695,0.20295654760966508,0.7851644396273738,False
GNPAT,0.04199305965979505,0.6481748187731405,0.9558209137948426,False
LAMA5,0.007915809573169952,0.9427883724090247,0.9929705792864855,False
CASC3,-0.022353330578656738,0.843252941927386,0.9824574286373784,False
MRPS12,0.11289754622842452,0.6367458878494274,0.9558209137948426,False
VGF,0.1543524459924157,0.825276779769808,0.9796427422937294,False
LEPROT,-0.014605521199285931,0.8914174689293756,0.9895993288981546,False
RER1,-0.12001270680983112,0.4640096565636946,0.9006418246531251,False
SURF4,0.14735248807343027,0.6882083309452606,0.9587834184093422,False
ATXN7,-0.012341987935048593,0.9415157903059567,0.9929705792864855,False
SPTLC1,-0.012291405460164384,0.8907215283069678,0.9895993288981546,False
SPTLC2,0.4266036997389797,0.18749596989374367,0.767433867516824,False
OGT,0.003444224169225407,0.9898971260520715,0.997555161318346,False
PMM2,-0.23351899721003022,0.11708345958507632,0.681157398507616,False
POLR3G,0.22394625237150123,0.26479421694006217,0.8340434586438081,False
CTAGE5,-0.17750728783996905,0.12018678400998047,0.6833260061341345,False
TM9SF1,-0.41089539338874914,0.051843376832754834,0.5180312576378531,False
INPP4B,0.5755622365824848,0.0003480472432765643,0.12702972211189337,False
MID1,0.09138358551049564,0.21943066946779585,0.8005271889425227,False
HMGB3,-0.20313121061530381,0.3861978762993097,0.8718690155859481,False
PPM1G,0.043260179539515775,0.7035770609380453,0.9642443828845914,False
INPPL1,-0.21439852788011038,0.13504941179035979,0.702540796177013,False
SOX12,0.0324215277094666,0.6753273082121741,0.9558209137948426,False
EIF3D,-0.017386448248256414,0.7747866913583664,0.9756853931293714,False
EIF3H,0.17638935212410445,0.12499745453896523,0.6868815000283959,False
HDAC3,-0.255498965936102,0.010382669463300583,0.27723019915493463,False
NVL,0.2792410356132393,0.02726621697629736,0.41240710038580686,False
BCAT2,0.14308743379406152,0.5071875919866407,0.9247690556585174,False
BIRC5,0.22048635580504694,0.07861302708204536,0.6031882940385503,False
IPO8,0.24296281068069447,0.03711972063370922,0.4549817186246073,False
STX7,0.09440349142973048,0.6396691726651974,0.9558209137948426,False
SLC16A6,-0.761104302142769,0.08674324994676175,0.611301509390781,False
SLC16A3,-0.21104535772256838,0.6689895389640765,0.9558209137948426,False
SLC31A1,-0.3551220085264326,0.4127321004953727,0.8770879497439329,False
SLC31A2,0.05455132485395353,0.48076388960192973,0.9134088070824972,False
ABCC4,0.09782139643584031,0.20352047945586005,0.7851644396273738,False
ABCC5,-0.5199849245393757,0.08834770441446059,0.615851276123216,False
CD3EAP,0.1164930803745321,0.29863689233133767,0.8519707087999923,False
MSH4,0.14531205085054566,0.17243819908286406,0.7613501152595638,False
P4HA2,-0.498151253753111,0.020755204857275753,0.3734913568829507,False
CAPN5,0.017114601478649405,0.8300516898625422,0.9796746903350853,False
GYG2,0.028898568909010436,0.7111332545964517,0.9652272713200098,False
YKT6,-0.19350417455594382,0.1802242999919288,0.7639943151831764,False
NUPL2,0.040300204782436566,0.754236424668319,0.9737735160683184,False
ARPC5,-0.0003407210651324988,0.9982702076312535,0.9995822144026556,False
POLR2D,0.18281326701457346,0.26972230912331613,0.8386146206467584,False
TAPBP,-0.08703121508669653,0.4219784682195952,0.8799102302725008,False
FABP7,0.07581057504356892,0.28207311478480396,0.8457356496499373,False
KDM6A,0.0291212260076108,0.7121031963039358,0.9659325607537579,False
DHX15,0.054028281437606296,0.5086954230295664,0.9247690556585174,False
RNMT,0.060396075989029185,0.5448659584343232,0.9362383024098451,False
ZZEF1,0.09962997347052038,0.38007968743851617,0.8718690155859481,False
TTI1,0.027988349191442552,0.8787399190235935,0.9865356311419047,False
RRP8,-0.02771097021272695,0.9411400913520542,0.9929705792864855,False
PJA2,-0.2468686145381973,0.11087238986680054,0.6686633821863744,False
CYB5B,0.18439135939735252,0.6181953646659495,0.9533884235117631,False
PRPF4,-0.02937728140740603,0.6988447625924028,0.9633409167967912,False
PHGDH,0.134356187169125,0.3180048113792163,0.8615102915399846,False
NDUFS4,0.1136794569532924,0.7717189855150962,0.9747728847731245,False
PHF1,-0.02523782720743739,0.7727658796861568,0.9747728847731245,False
SEPT4,0.21562636906935495,0.3103137669582358,0.8599825844982091,False
DYNC1LI2,-0.017873194319957264,0.8102297131670481,0.9784692852828405,False
PSMD3,-0.07954709696247875,0.19928887177226237,0.7795889907930142,False
RBFOX2,-0.0863751412189444,0.6608148414448711,0.9558209137948426,False
PAPSS1,-0.07395454649972066,0.8742987778256639,0.9864997068182194,False
ZNHIT1,0.007801203554521408,0.9204181791333839,0.9929705792864855,False
ZW10,0.11485796702295659,0.08351735244541682,0.6107556612730876,False
B4GALT5,0.044986550607525544,0.5537821597234585,0.9412902243607043,False
SART1,0.15760421192568685,0.0581998519623326,0.5540178215645123,False
DAPK3,0.00106400596813927,0.9892517405904725,0.9973108179068919,False
TGFB1I1,-0.25311036050233326,0.13753599361118754,0.7074693196546697,False
HSPA12A,-0.23747055538706263,0.4100468228951032,0.8770879497439329,False
PPIP5K2,-0.04101337357156254,0.778885042706373,0.9757676912534892,False
MAP3K7,-0.1347708903038587,0.21848396378614227,0.799649375600395,False
EEF1E1,-0.2963739454606831,0.1623893443589748,0.7517808855755417,False
LYRM1,0.024015498899327525,0.7681267594226431,0.9747728847731245,False
RIPK2,-0.6294928482410889,0.0007442242468356175,0.15448654930281286,False
WDR62,0.09050375579119319,0.27500841275753307,0.8398450868463807,False
HNRNPR,0.10376939141471908,0.22088422048905337,0.8005271889425227,False
PRPF3,0.08062307442089178,0.4185566103983347,0.8793378347741703,False
TXNL1,0.03508478943837545,0.7347450013342249,0.9732405574099902,False
TPD52L2,-0.2161283988067808,0.0904729439686362,0.6260144026216925,False
EMC8,-0.3584720832143553,0.13609758023917132,0.705143259934837,False
ERI3,0.06222214320538555,0.37280267443668574,0.8701811028798047,False
PRKRIR,0.010010504181988011,0.9058394179433436,0.990745488446245,False
SYNJ1,-0.3385435446798972,0.07279968689113753,0.5936817089710029,False
FIBP,-0.1900797890084327,0.08628666387576173,0.611301509390781,False
EIF4G3,-0.055065578803979776,0.8240446764788005,0.9796427422937294,False
PPIH,0.09490752721466578,0.39208915610215755,0.8755669269616613,False
HTRA2,0.017407312681669396,0.8281371534942551,0.9796746903350853,False
OIP5,0.21792631584411026,0.23297610525671444,0.8149286156262824,False
AKR7A2,-0.5304428389978852,0.017062117749418286,0.3431085241172083,False
EPB41L2,0.057549149721793924,0.5605431262516518,0.9412902243607043,False
TGOLN2,-0.10177442278413551,0.5617417444849625,0.9412902243607043,False
RAD51C,0.033290825834040305,0.6656063604221456,0.9558209137948426,False
LAMTOR5,0.22175605319865,0.3030299174914253,0.8555361681307423,False
B4GAT1,0.06421278073358394,0.357210994801982,0.8676073108938235,False
MED7,-0.004419469293985401,0.9580935115678908,0.9943137920657577,False
WIPF1,-0.171277680680177,0.482046709925713,0.9142140904688919,False
LAT,-0.6680190044385483,0.06454906731111058,0.575096245668695,False
RNF13,0.02442363038176154,0.7637037189576554,0.9747728847731245,False
AKAP10,-0.20775813188583925,0.0743341308193283,0.5939240829767172,False
SYT7,-0.49793763284662873,0.015857127905610426,0.33383461619918803,False
DENR,-0.22031845183255427,0.08670851901637751,0.611301509390781,False
XPOT,0.12397657293450592,0.6974846428481583,0.963157441357918,False
SPRY2,0.02461763031069708,0.7615974061479728,0.9747728847731245,False
DNPH1,0.05222584024828336,0.8352820128785684,0.9808466702324066,False
SPRY1,0.003637779129583407,0.9751548915819328,0.9961388673740844,False
TIMM44,0.2096381786174959,0.011179498735140207,0.288830327710679,False
TRAPPC3,0.05123628778270728,0.5984865649681155,0.9479632391439603,False
CHMP2A,-0.1487166486597289,0.6038217628186876,0.9504935061175727,False
NCK2,-0.019938215051464425,0.9319213406494631,0.9929705792864855,False
PLRG1,0.02172222539791946,0.8471317521532002,0.983457003366575,False
PRC1,0.5571625555493931,0.02848828721782798,0.4152677321328016,False
RGS10,-0.21725578558428893,0.5304906803201351,0.9290708236410674,False
ZNF207,0.0770917708315686,0.4591373263177412,0.9005024976698155,False
NDUFB5,0.004196029569342841,0.9920633202109785,0.9982685638088581,False
NDUFB3,0.3511650422218011,0.3546477042708239,0.8676073108938235,False
NDUFC1,0.2772462046987094,0.18357863502319444,0.7644955993710568,False
NDUFA2,0.26395263378296363,0.2524932896068205,0.8280879008147418,False
ASNA1,-0.0005550465414998484,0.9947368197825573,0.9986707923931288,False
BUB1,-0.07969337141920363,0.5912876708177375,0.947780458509137,False
BUB3,-0.06552445779462701,0.3644574409624154,0.8676073108938235,False
PPAP2C,-0.21912353308519172,0.5577210571412763,0.9412902243607043,False
ACTN4,-0.01476788923309158,0.8765615494816086,0.9864997068182194,False
GSTZ1,0.08873299203004237,0.3550353327070106,0.8676073108938235,False
WBSCR22,0.7484476203807553,0.0065419587116499,0.2495805951257824,False
GATC,0.5080930179878465,0.02381094693471734,0.38701458980125747,False
HTATSF1,0.15764242187294641,0.15870080661281913,0.750716157098671,False
KDELR3,0.024624665238334842,0.7461490955198312,0.9732623744879622,False
CYTH3,-0.08065262325012768,0.6762141851117153,0.9558209137948426,False
PRKAB2,-0.04209718162289633,0.6867800990822612,0.9577677155653451,False
AP1G1,-0.3279772426966865,0.03868958465263161,0.4627648275830565,False
STX6,0.08057311478975748,0.7692363322356589,0.9747728847731245,False
SYNGR1,-0.14479563574830223,0.4246740959605312,0.8800723730691165,False
SGTA,0.19453465124390945,0.3721736860068662,0.8701811028798047,False
ENSA,-0.09952320350828714,0.6372740692115195,0.9558209137948426,False
SLC25A20,-0.08076694643360938,0.42388080819638135,0.8800723730691165,False
NARS,-0.04779058731686092,0.6135753232800489,0.9524750433088539,False
MYO1B,-0.0241805274826703,0.8003426898649428,0.9768683851080251,False
SLC25A17,0.0891241943564367,0.6135987362212696,0.9524750433088539,False
NUDT21,0.16515650118029157,0.09881899463796824,0.6455009185882099,False
LANCL1,0.13837639589590722,0.5926999453746385,0.9479632391439603,False
STRN,0.06252024341375773,0.7934005672796514,0.9757676912534892,False
RRP9,0.05669464168725469,0.6610687505130654,0.9558209137948426,False
SCO2,-0.00654403714355567,0.9534013913718151,0.9941741692960507,False
C21orf2,0.015057860935996814,0.8617800290887592,0.9853852578924835,False
AKAP8,-0.011773140629603773,0.8987389225637594,0.9903056449824986,False
GTPBP6,0.02776826893274631,0.8977137912079317,0.9899468705396672,False
IDH3B,0.03238122433953805,0.7882803795313627,0.9757676912534892,False
NRD1,-0.05792442442248813,0.5548977527760803,0.9412902243607043,False
CALU,-0.0020328731396332955,0.9766977604227646,0.9963179601591929,False
ATP9B,0.018186642554049115,0.8103989978548861,0.9784692852828405,False
AHCYL1,-0.3082784953981772,0.002056317563234784,0.20029505689003724,False
KIF1C,0.06645771890671881,0.4268377596359337,0.8800723730691165,False
ORC5,0.06180577207104676,0.6426687272419379,0.9558209137948426,False
NDUFS5,-0.18677737613437273,0.7182928215145781,0.9684492890310712,False
PDE6D,-0.11241324048850387,0.7348617355215831,0.9732405574099902,False
ORC4,0.1258257693290723,0.2522585906034524,0.8280879008147418,False
PEX1,0.09136848279531762,0.5719282750078047,0.9426811085231039,False
RAD21,0.07573315567252337,0.37728575256965696,0.8718690155859481,False
TIMM8A,-0.5466849838499925,0.056291064820271026,0.5438933965742403,False
KALRN,0.36407260167933586,0.22843562658032532,0.8127893566185669,False
DHX16,-0.06751683722443147,0.6143161978602905,0.952610291440026,False
SSSCA1,-0.05653230268142906,0.809994328234961,0.9784692852828405,False
BNIP3L,-0.8250707291601564,0.0018604521219619237,0.1992494754417592,False
MED14,0.2507655154868651,0.4488087530499466,0.8946977465540291,False
PRPSAP2,0.061505677853730845,0.4262258712793084,0.8800723730691165,False
GNG7,-0.0349977320188799,0.8982739952525456,0.9900537235507614,False
SMARCA5,0.22906125874026273,0.028280709566690862,0.4152677321328016,False
SPAG9,-0.10611823703012746,0.28494776513503484,0.8458193698471415,False
ZNF292,-0.10096571203460769,0.4894333049549176,0.9174333597268364,False
ST18,0.10524507039906439,0.19045535949961037,0.771775968753144,False
URB1,0.2856679157754982,0.06832448506699809,0.583114139795932,False
MGRN1,-0.03788975773577263,0.7299749155889436,0.9721054892137841,False
SIPA1L3,-0.1298134381872451,0.24792329137263133,0.8273351377053714,False
ZFC3H1,0.15388815599933992,0.1763829320404508,0.7614969150952969,False
TRAK2,-0.20972665999262574,0.0053865920641707095,0.2456911588334829,False
AQR,0.21667538900385708,0.009241697811172594,0.2678843487157461,False
OPA1,0.32462040416909943,0.0009680277826810723,0.17188308399374774,False
ZEB2,0.05623802121234789,0.5478529486210497,0.9378848246643942,False
MCM3AP,0.006692857465282032,0.9779364824448173,0.9963736685954901,False
KIF1B,-0.38844148692014,0.11720360860245914,0.681157398507616,False
KDM1A,-0.03960541743438739,0.7636014940557192,0.9747728847731245,False
TBC1D4,0.08618554288270985,0.6396197066104761,0.9558209137948426,False
FZD6,0.06629241968398958,0.4178692047064736,0.8789314592683469,False
NME2P1,0.00977401206796813,0.951027480606747,0.9936382978877489,False
DFNA5,0.3673221246699434,0.1916788433355748,0.7718731895271739,False
EVI5,-0.01498442933068489,0.8736471347841431,0.9864997068182194,False
NRP2,0.4071225652827444,0.1454582049881618,0.7289612695628411,False
MAN1A2,-0.13603809356225582,0.29735743369879686,0.8518273082832161,False
ACSL4,-0.21678444646921946,0.27254359769706943,0.8386146206467584,False
SNX3,0.09028468653009725,0.3898123290927305,0.8725971459402324,False
STX10,-0.043255291175071875,0.8256092172452233,0.9796427422937294,False
MGEA5,-0.1318741668867709,0.5483018974961074,0.9378848246643942,False
ADCY9,0.01863914003474676,0.8165426995698176,0.9796427422937294,False
SORBS3,-0.13282825124476005,0.4084436932630774,0.8770879497439329,False
SYNCRIP,-0.09619070338708369,0.3510011739049391,0.8676073108938235,False
CDC40,0.06655241773157172,0.540095323491648,0.9345293327399908,False
B4GALT4,0.03097687751343514,0.6914583351820641,0.9604002561831605,False
RANBP6,0.028291225536602127,0.7176928222673905,0.9684492890310712,False
NEMF,0.033057587376582376,0.6464996383338744,0.9558209137948426,False
GMDS,-0.10707219589323458,0.5314538957858971,0.9290708236410674,False
CCNT1,-0.11467660358210452,0.5964506122956993,0.9479632391439603,False
BUB1B,0.4076248884424878,0.36346980316881655,0.8676073108938235,False
PLOD3,0.02288574097917717,0.8419516311548307,0.9824574286373784,False
EIF4E2,-0.3791699488496576,0.039794880365825167,0.4664481878945081,False
CCNT2,0.08295688615606167,0.2484824453765894,0.8278774903177788,False
DIAPH1,-0.027796270068982665,0.7859106264297412,0.9757676912534892,False
SEP15,0.39389873125696084,0.30665009791485787,0.8572082450400133,False
TSPAN3,-0.19632987451198147,0.5369214973477465,0.9327996315963144,False
EXOC3,0.007153929591034114,0.9248838026460108,0.9929705792864855,False
PDE8A,-0.34936647936594767,0.04971057748428358,0.5085652879353971,False
PLIN3,-0.32459310726201807,0.026852214086807862,0.4104370490465762,False
RAD1,0.054086645490311724,0.5065501885207245,0.9247690556585174,False
JAK2,0.008125178456367621,0.9307571155342372,0.9929705792864855,False
PRMT3,-0.15412946079860745,0.4104237340502847,0.8770879497439329,False
PEX10,0.024085298031945257,0.7530651224035163,0.9737735160683184,False
KPNA6,0.5123896157058105,0.09343183230116263,0.6342129122974489,False
UGDH,-0.20904595841791007,0.09841147587463865,0.644629021797475,False
TPST2,0.04005087755565384,0.5902719081651827,0.947780458509137,False
LPXN,0.07249303737268775,0.8071245053581682,0.978017374036115,False
CTNND1,-0.26645248801322907,0.10031607615382936,0.6500362769284888,False
ICMT,0.07587049900518394,0.28175319112920255,0.8457356496499373,False
SNX2,-0.0009877723968827468,0.9938101026622639,0.9986707923931288,False
DPM1,-0.1024889865382157,0.4840997849676764,0.9142140904688919,False
USO1,-0.08428252320707941,0.5757336507180858,0.9426811085231039,False
SLC19A2,0.36715735286245277,0.14972597310361407,0.7368142988107953,False
MRPS14,0.29603575794279635,0.0435842341389638,0.4810712636093174,False
TOM1,-0.15766576422232603,0.3051632560696106,0.8566776482658927,False
HIST1H2BK,0.01084312686445088,0.8928327278455392,0.9896259744685637,False
PFKFB2,0.46776633159330316,0.01830987143629285,0.3559638147811012,False
CCDC22,0.030510360071520637,0.8658806989360242,0.9855253681560873,False
PQBP1,0.09334989711895147,0.4282619713964393,0.8800723730691165,False
DKC1,0.023763672228540145,0.7798873331241758,0.9757676912534892,False
EIF5B,-0.07845935631321765,0.4136722432552636,0.8770879497439329,False
GAS7,0.0724596099193171,0.6100190567948538,0.9523211366104778,False
EDF1,-0.08543129522195159,0.5136210631982056,0.9257573377965317,False
KIN,0.12893444334451942,0.15964293353902065,0.750716157098671,False
DIAPH2,0.10812482223946063,0.18662774454003894,0.7668459450265401,False
DNAJA2,0.07785653235077561,0.46772572316920447,0.90357701248689,False
BRD4,0.20178648094697493,0.03461088806289673,0.43886984785001276,False
CUTA,-0.025213853470145153,0.9223114880864767,0.9929705792864855,False
SMPD2,0.2771936255237222,0.2581299679112631,0.8291488368233156,False
PFDN1,0.001032103634049264,0.9977939496128453,0.9995822144026556,False
PPP1R11,0.15736373944410786,0.06046702903019599,0.5588240068148651,False
RNASEH1,0.005097759885060782,0.9761090232535813,0.9962349824959232,False
NBN,0.06972780260937128,0.4180066569972095,0.8789314592683469,False
NOL3,-0.38463938302310297,0.16768659304927017,0.7613501152595638,False
DTNB,0.08145329841601878,0.4093711264035519,0.8770879497439329,False
RNGTT,-0.3609881822293879,0.14984917473144893,0.7368142988107953,False
ABCB7,-0.03144498762985393,0.8352326767436399,0.9808466702324066,False
MITF,0.7252664019750377,0.07447998016095035,0.5939240829767172,False
SRGAP2,-0.032318042792521595,0.6308334112924255,0.9558209137948426,False
IGSF3,0.31651962061729577,0.15105841221127683,0.7377854205205973,False
SDC3,-0.3077066282133316,0.03223654161897126,0.43143041831626344,False
FAM20B,-0.1188004078865994,0.6191242329176243,0.9533884235117631,False
TMCC2,0.005584783430094831,0.9422431404853917,0.9929705792864855,False
EFCAB14,0.041280052054055716,0.5982366518315992,0.9479632391439603,False
WDR1,-0.23008768662510803,0.12200243664165407,0.685977301236774,False
SLIT3,-0.2153554663958026,0.15691337931964391,0.7475311155409757,False
LRP4,-0.11043962906634874,0.10302850465885698,0.6503730453397883,False
N4BP1,0.08608817525774626,0.6188686101647022,0.9533884235117631,False
ROCK2,-0.09211248819751461,0.42731241473558834,0.8800723730691165,False
CLASP2,0.1901920341990717,0.04134223484872805,0.47432250374435264,False
PTCD1,-0.04113365637150679,0.7957342686263488,0.9759521704704214,False
CPNE3,0.026456154813587318,0.7650239413985045,0.9747728847731245,False
ATG13,0.13361210042425142,0.3846637564394874,0.8718690155859481,False
HIP1R,-0.09126561178509007,0.4562706556273397,0.8984399231829655,False
OBSL1,0.09100896395698754,0.3957295813551234,0.8764319149979993,False
RNF40,0.06142008527825027,0.41015397187910274,0.8770879497439329,False
ZC3H11A,0.14519175315903254,0.15694087600557238,0.7475311155409757,False
CLUH,0.21668245821962984,0.009108148281349874,0.267380681919445,False
TSC22D2,0.040261477177182314,0.5994759603911377,0.9481801885122683,False
DNAJC13,0.05605869339384739,0.30172997971123733,0.8547596951762149,False
PPP6R2,-0.1702539261662217,0.5195154826180035,0.9270244796429726,False
ADAMTS4,0.07634098711721293,0.35279020094135555,0.8676073108938235,False
CNOT3,-0.017550658738120006,0.9207996388271159,0.9929705792864855,False
SS18L1,-0.08331647783558793,0.7376625550989406,0.9732623744879622,False
ANKRD17,0.026868168908336543,0.8007185018601416,0.9768683851080251,False
SIN3B,0.06967019320207157,0.6592012442661079,0.9558209137948426,False
DNAJB6,-0.15592783346042793,0.47794638546425733,0.9120951929010961,False
TMEM127,0.08680437478308178,0.4047719854070458,0.8770879497439329,False
COQ9,-0.013921186859022328,0.9505661068559156,0.9936382978877489,False
GGCT,0.1585086329931933,0.4401435873784102,0.8895489901947454,False
NDUFS7,0.05275487379658372,0.8855266446348644,0.988414301604248,False
NDUFS2,0.03449952659530453,0.8187228369430009,0.9796427422937294,False
ZPR1,0.11549841070385725,0.47519633884795875,0.9106367586519569,False
GBAS,-0.3654120812808692,0.15693928000384297,0.7475311155409757,False
SNN,0.03298774682478722,0.6689963283061555,0.9558209137948426,False
SEMA7A,-0.5252955305799354,0.001139248717995396,0.17233546249040946,False
HMMR,0.6377083787549935,0.007215309397301944,0.2495805951257824,False
PPFIA2,-0.005605517615283162,0.9506031037802858,0.9936382978877489,False
PDCD6,0.20816552393986498,0.1775041692591284,0.7630923555112326,False
TBCA,0.13842163729926327,0.0749061379505891,0.5939240829767172,False
ATP6V1G1,0.24837251906842184,0.6252803631323595,0.9556087593733652,False
VPS4B,-0.04392359471697205,0.6509462095517066,0.9558209137948426,False
ZNF217,-0.31196166248476587,0.2362459964671479,0.817774603155512,False
H2AFY,0.11002643605889517,0.2745037131652078,0.8387613457825793,False
SH3BGRL,0.05768414286617585,0.8168369346329278,0.9796427422937294,False
FLNB,-0.6701217176040757,0.002829559000997092,0.21188217009413088,False
NCOR1,0.05693356717392817,0.45076814689617195,0.8968779475222963,False
VAMP4,0.005014896289871729,0.9569278434308336,0.9943137920657577,False
NDUFS6,0.3349606375378329,0.13488940505211108,0.702540796177013,False
PEX14,0.03461870323242522,0.8110872875936426,0.9786886734792968,False
TRIM3,0.056580810983973606,0.42111514209644774,0.8799102302725008,False
TULP3,0.04701435076299276,0.5151360935686268,0.9263262441472638,False
CS,0.04997289798160409,0.6619493011579993,0.9558209137948426,False
SPAG7,0.014219393838267536,0.8618225370856967,0.9853852578924835,False
MRPL33,0.06103476831573218,0.3824724642518695,0.8718690155859481,False
SEC22B,0.03674026135087516,0.7336461516086719,0.9732405574099902,False
PRPF40A,0.06274939897540222,0.5572443243437627,0.9412902243607043,False
TACC1,0.20350832612233916,0.02508328008969889,0.39561496906179494,False
CDC45,0.42588880162898235,0.10183404009617142,0.6501012381139514,False
GIGYF1,0.20547038287497799,0.29156009727836224,0.8487579901098453,False
LRCH4,-0.23770744015391188,0.04617323711966947,0.4894971678172537,False
MTX2,0.22052248803669983,0.15230610119452997,0.7391325499146307,False
VPS26A,0.19494654373663778,0.48517026811525105,0.9142140904688919,False
NDUFB1,0.085093295438746,0.3276977477827872,0.8643320035562339,False
PMPCB,0.1702411946554392,0.03353773028093491,0.4329938901791078,False
SAP30,0.0033470205303238743,0.971588350334599,0.9961388673740844,False
MED24,-0.07222348534513756,0.6472392384859849,0.9558209137948426,False
KATNA1,0.0386640780623182,0.6229120604562779,0.9551553129784979,False
PSIP1,0.2241307199522211,0.0689691147223963,0.5864374062320205,False
ERLIN1,0.12696850970259987,0.4020048726563039,0.8770879497439329,False
NDUFS3,0.08011565040186142,0.5248862342371462,0.9283883178018956,False
SRSF10,0.22448339366605907,0.09507828542606203,0.6356113023764716,False
GMNN,-0.1362767368200366,0.18673622313233695,0.7668459450265401,False
CLN5,0.0009267512104820241,0.9903734480391695,0.9976036277220482,False
HSBP1,-0.10816449671197148,0.5198693442641148,0.9270641432679677,False
ECI2,0.12203672146098654,0.32098042556657375,0.8637501951266234,False
KHDRBS3,-0.21365302037251865,0.5837896357633577,0.9449459854812928,False
TADA3,0.07159867258850028,0.590437056131746,0.947780458509137,False
TAF5L,-0.17625774439270003,0.012983117896276491,0.30603063612651726,False
EED,0.26530285114409224,0.18629298356486587,0.7668014469769195,False
BANF1,0.13637238759501003,0.2895739062978486,0.8487579901098453,False
SF3B1,0.12098807292170477,0.08519914431724793,0.611301509390781,False
CSDE1,0.0027940307700298206,0.9751838907053397,0.9961388673740844,False
PRKRA,-0.2581333658243068,0.011733066629755113,0.29186291759110733,False
MTRF1,-0.015973679634896598,0.863650088469075,0.9853921882848486,False
CRCP,0.037504941759205934,0.6185142154302282,0.9533884235117631,False
ITGA10,0.06857308037427146,0.4066098366001195,0.8770879497439329,False
RPS6KA5,0.3144864364746667,0.18074048385868197,0.7642406642043584,False
MYCBP2,-0.07549697440424907,0.15514243361424537,0.7444754364710432,False
GCAT,0.12091255615215957,0.3447028002896733,0.8676073108938235,False
NPM3,0.09559844899382597,0.73009880798294,0.9721054892137841,False
LYPLA1,-0.02700957089311018,0.8870075260777291,0.9884647975571688,False
ERAL1,0.021611538430747146,0.8202956758713035,0.9796427422937294,False
SNRNP200,0.01020256509104911,0.8941595368078464,0.9896259744685637,False
TRMU,0.18141755808721172,0.36509689515969856,0.8678974955126192,False
TIPRL,-0.08156767086731165,0.453232768614703,0.8977244778944686,False
OFD1,0.19147002480281827,0.5010458010546536,0.9241165240783552,False
TOM1L1,-0.1683494892971531,0.49343423522521895,0.9192962662635449,False
SURF6,0.2987413886117345,0.3108842785265932,0.8599825844982091,False
PPM1B,0.014601239341210714,0.9441585968220229,0.9929705792864855,False
UTP20,0.357791201501346,0.0029256949068764463,0.21188217009413088,False
NUP155,0.13930853343354954,0.09014026873100885,0.6247325424427247,False
STK16,-0.07134069599441162,0.693835149842273,0.9622645432849847,False
WDHD1,0.5911075829744163,0.015055041340960286,0.3240106723380583,False
CRTAP,-0.3184572649380222,0.10840001858961273,0.6615530384114455,False
SLC25A12,0.1309699963559261,0.6477363781993785,0.9558209137948426,False
B3GALNT1,0.02755152204730038,0.7294695273666422,0.9720721492243409,False
ATP6AP2,-0.08497449227406406,0.5897956644485045,0.947780458509137,False
RNASEH2A,-0.02236265503850632,0.8599004863904901,0.9853852578924835,False
CDC123,0.047144194899317426,0.5137772211598495,0.9257573377965317,False
POP7,0.05479265899289132,0.4863051434080726,0.9146243514524387,False
RPP40,-0.2464312299378868,0.09292668548863414,0.632786477374985,False
EIF3G,-0.043333251780410365,0.6384990169860828,0.9558209137948426,False
EIF3J,-0.013476721146936654,0.9095363126136997,0.992103986449071,False
CBR3,-0.19916915148344572,0.05260497431965232,0.5215916945253661,False
PSMD10,0.021140532513541643,0.9332190159137856,0.9929705792864855,False
AP1G2,-0.018485203645592918,0.8412564703337441,0.9824267753414627,False
ZMPSTE24,0.08824683387192778,0.7250629490986632,0.9702869229134838,False
PPP1R37,-0.01704486803045313,0.8310609907623892,0.980031843410658,False
IDH1,-0.06300548291694952,0.6460169102584042,0.9558209137948426,False
GATB,0.3983997037653424,0.03760774928789174,0.45575492781089144,False
SCO1,-0.03376283562462845,0.8406590017080017,0.982320805518611,False
CYP7B1,0.3909791982912587,0.18239450083801023,0.7644955993710568,False
ATRN,-0.2043281273814621,0.01757905274936142,0.34806524443735615,False
RBBP9,0.0761717601050016,0.6898793940205199,0.9592424158431386,False
STAM2,-0.08521328146765228,0.37424962112610927,0.8701811028798047,False
ALDH1L1,0.3306746541228769,0.3880440532086084,0.8724463008932468,False
DGAT1,0.24224257909535396,0.5532844619915172,0.9412902243607043,False
CCNK,0.16315505209169245,0.2820537647460439,0.8457356496499373,False
ARL6IP5,-0.18880801821457993,0.36383496768928814,0.8676073108938235,False
PIAS2,0.03234566475674683,0.6761024636106314,0.9558209137948426,False
BCAS2,0.02788597663034409,0.8781150459447958,0.9864997068182194,False
DNAJC8,0.2205933505738109,0.0009629568777637099,0.17188308399374774,False
SMNDC1,0.07213908196058583,0.44625168053884484,0.8937143094373057,False
ATP5H,0.10537324183245644,0.30007079407486803,0.8533193234033211,False
DNAJB5,-0.007616287961177193,0.9354452987975154,0.9929705792864855,False
TSPAN9,-0.17511274320548864,0.17842778080639138,0.7632902418660206,False
FLOT1,0.11955730345072624,0.3274569376770234,0.8643320035562339,False
TRIO,0.19786243708449192,0.13854661243755462,0.7104302675088273,False
ATP5L,0.28678460379873627,0.17807273669298979,0.7630923555112326,False
MPDZ,0.09926704450856505,0.5704361062942603,0.9426811085231039,False
CPD,-0.04052413542942901,0.6795668197092897,0.9568123106951699,False
GLRX3,0.0650508723497687,0.6234063635052274,0.955192696515682,False
RSL1D1,0.24749199476372752,0.01387154036610869,0.31093670762677067,False
WFS1,-0.15850726367038703,0.5014014828636942,0.9241165240783552,False
CLPX,0.033828990654679814,0.6199600157636133,0.9534996896364368,False
SEC14L2,-0.6172637818668854,0.059200002806439014,0.557762837568719,False
STC2,0.0324215277094666,0.6753273082121741,0.9558209137948426,False
CIAO1,0.41669487394367977,0.12069186059697132,0.6833260061341345,False
DFFB,0.00653614695684368,0.9432661091746379,0.9929705792864855,False
ZFAND5,0.08208752968520372,0.5621411549678612,0.9412902243607043,False
SRP72,-0.06407612106663763,0.3878882503614384,0.8724463008932468,False
JTB,0.030925777543714617,0.6904430703584559,0.9596114811569468,False
RECQL4,0.0950041603736338,0.3214658342475076,0.8637689122788939,False
RECQL5,-0.030449308181474066,0.7199205376207081,0.9693398167578531,False
URI1,0.2322068839144258,0.35062151227012556,0.8676073108938235,False
B3GAT3,0.03177096391895873,0.6809164782084673,0.9570067310877324,False
MTA2,0.12201225172130137,0.26475049234572673,0.8340434586438081,False
USP1,-0.07532770157157387,0.6191173091050046,0.9533884235117631,False
STK10,-0.18004951532408597,0.18950418749298645,0.771321598050201,False
PRKD3,0.10966906107469399,0.5872941839117645,0.9464658335768105,False
GFPT2,-0.03866637645349158,0.7356154364647083,0.9732623744879622,False
TPPP,0.04746437907450485,0.6519098827276129,0.9558209137948426,False
ATG12,0.07340061374275564,0.5159854956639437,0.9265888182165767,False
LTN1,-0.21907015522175755,0.03374856954181381,0.4329938901791078,False
TOMM70A,0.1552400854779883,0.11064995103893698,0.6679478751740707,False
IPO13,-0.4574359425510721,0.19020170860264746,0.771775968753144,False
MYO1D,0.29143898012920744,0.3450112793826363,0.8676073108938235,False
TOX4,0.11986406294504448,0.16098965360324052,0.7512461355597192,False
MICAL2,-0.09845611211214944,0.44826899466929204,0.8946977465540291,False
KIAA0754,-0.017074529324975884,0.9328388546449166,0.9929705792864855,False
SEC24D,0.017015749880155084,0.9567088652815195,0.9943137920657577,False
SUPT7L,0.0324215277094666,0.6753273082121741,0.9558209137948426,False
FCHSD2,-0.18728746358996773,0.23045912692568066,0.8149286156262824,False
UFL1,-0.0008243250877626451,0.995243262504387,0.9988132243006441,False
PHF14,0.062100739263662774,0.3941707746044858,0.8764319149979993,False
SASH1,-0.13558289874696072,0.4270171524422215,0.8800723730691165,False
TMEM63A,-0.9873985329364565,0.27125959910013486,0.8386146206467584,False
FARP2,0.4209260404217403,0.16482045280449398,0.7581269576818576,False
UBXN7,-0.5595958239150747,0.011171543267914627,0.288830327710679,False
SUN1,-0.0359845100499534,0.7020307693779563,0.9636450513965761,False
PROSC,-0.10899180149876031,0.31505006699740723,0.8605572767205228,False
ERLIN2,0.07802592001062436,0.70333877932188,0.9642064433183422,False
PRPF6,0.06668647124208249,0.293075853273629,0.8487579901098453,False
PCF11,0.1570387558929518,0.06508479957295679,0.575096245668695,False
FRYL,0.015482661155207467,0.8673101711777672,0.9855253681560873,False
NFAT5,0.07512192697815578,0.3933182624269275,0.8764319149979993,False
ENDOD1,-0.009190898816971327,0.9258095059341369,0.9929705792864855,False
GLS,0.11751553686968208,0.10753029880307619,0.6588175046678757,False
KDM4B,0.023866305349439898,0.769740796051711,0.9747728847731245,False
SOGA1,0.10475241168865779,0.6184015570498718,0.9533884235117631,False
USP19,-0.08446983762539162,0.41371135247711854,0.8770879497439329,False
WDR47,0.07910760657714633,0.37558976086233664,0.870648455024905,False
AP2A2,0.05591739805389295,0.4624247768192811,0.900531604432244,False
SEC31A,-0.03795643513337765,0.7254157554214097,0.9702869229134838,False
CLSTN1,0.09861933894847397,0.3343947232427043,0.8671397439011865,False
HEXIM1,-0.058248798688946835,0.7019200213572631,0.9636450513965761,False
SOX30,-0.39642990992311766,0.38915523963160575,0.8724463008932468,False
RPP14,-0.15402695745719797,0.04891386186244485,0.5044242004564625,False
CCNB2,-0.27761533219217327,0.23345407016811748,0.8151258499901444,False
YIF1A,0.07400657112225062,0.29202289549073773,0.8487579901098453,False
UBR5,0.1703896487594463,0.16595690644205907,0.760856937793883,False
AGFG2,-0.022647669197972675,0.7970941360141124,0.9768683851080251,False
SCAF4,0.06374816689859131,0.40617683574159463,0.8770879497439329,False
NDUFB6,0.5027837202027143,0.11195303105335615,0.6726589680936945,False
MFN2,0.11823165135424674,0.09334644891955751,0.6342129122974489,False
DUSP14,0.018161326983353376,0.8220607625640584,0.9796427422937294,False
SNUPN,-0.22957481405566682,0.20690142800113595,0.7879967471773515,False
UBE4B,-0.14222295699596899,0.43493171746132053,0.8834310868100671,False
ZFPL1,-0.052668422719087005,0.7919558773079068,0.9757676912534892,False
IKBKAP,0.011507347536479529,0.9077000541729723,0.991453259587103,False
UBL3,0.13034042184935046,0.33339983485615265,0.8661396597898031,False
GABARAP,0.06828030927767514,0.6069286232104646,0.9516534333234259,False
NDUFA3,0.2828910088899761,0.523556123523984,0.9283883178018956,False
NDUFB4,0.6760899006178533,0.1023989423597264,0.6503730453397883,False
NDUFB8,0.4597637959752561,0.1201145507859592,0.6833260061341345,False
NDUFB2,-0.21326370079603052,0.3460451207128534,0.8676073108938235,False
NDUFA7,0.3142158209645203,0.3031427560989897,0.8555361681307423,False
RTN3,0.07763683688781953,0.2726230423617662,0.8386146206467584,False
LETM1,0.07614753464117996,0.6061160805386335,0.9514336198025617,False
EPN2,-0.1625772195078099,0.2838589321559871,0.8457356496499373,False
STBD1,-0.1813629263832759,0.3087480231082882,0.8597341507042215,False
LEPROTL1,0.04867439132308249,0.5252441354324281,0.9283883178018956,False
ZRANB2,-0.07080692835385705,0.5620184856706466,0.9412902243607043,False
SNX4,-0.2816959821203646,0.13103983708439323,0.6955571453754312,False
VENTX,0.017434309737705433,0.8186425922396378,0.9796427422937294,False
LUC7L3,0.20112419726937958,0.005365985442382397,0.2456911588334829,False
KIF20A,0.4557228051279054,0.010564067990296064,0.2797521708541365,False
KIF4A,0.4566032348276927,0.0718776820346034,0.593521348757803,False
MBD4,0.09396370004294852,0.47658353223407823,0.9106826290592618,False
SBF1,-0.124819925712643,0.39591699289542476,0.8764319149979993,False
GOSR1,-0.005307246763965878,0.9510183595516806,0.9936382978877489,False
KAT7,0.2153291754195159,0.1628113099002761,0.7530045592857957,False
ATE1,-0.05765819178500209,0.6463568500871424,0.9558209137948426,False
TNKS,-0.05526692990230231,0.6945502258222468,0.9625543355027497,False
CCNDBP1,0.08619157888287177,0.23609476159667148,0.8176909531079553,False
VAPB,-0.039460879650178526,0.6754475975302857,0.9558209137948426,False
MPZL1,0.04857175826867888,0.7816650993540317,0.9757676912534892,False
NDUFC2,0.26299925887138187,0.4130113425576579,0.8770879497439329,False
NDUFA10,0.06010567218930518,0.5840772655124968,0.9449459854812928,False
FKBP9,0.05573909668521182,0.7802327057879861,0.9757676912534892,False
CELF2,0.01689307321247213,0.8296201898769018,0.9796746903350853,False
PGLS,-0.12141054177679322,0.195234065031514,0.7743704887069277,False
PAPSS2,-0.07141159670739583,0.7018156541717644,0.9636450513965761,False
SMC2,0.2337878805312421,0.007692127498932523,0.25384020746477326,False
TACC2,-0.6948778586113136,0.022972547490667766,0.3851403504115488,False
FARS2,0.07549738491316305,0.43485450283404065,0.8834310868100671,False
ZBTB7A,0.022140817491298037,0.8383533026086682,0.9818424436116271,False
LYPLA2,-0.04355879566718812,0.846404166102712,0.9833736548852402,False
IPO7,-0.04495788831895453,0.6255099447857965,0.9556087593733652,False
ARIH2,0.038356985197072646,0.5647204109894993,0.9425436825432365,False
TNFAIP8,0.058803586692242504,0.4013722648322755,0.8770879497439329,False
SLU7,0.09682220267607988,0.5618990210669805,0.9412902243607043,False
PGM3,-0.3168816617807835,0.36603864015485216,0.8691502432621906,False
MOCS3,0.10086495102616766,0.7630224637697778,0.9747728847731245,False
UTS2,0.27487211087643004,0.21704053349556351,0.7987194806067339,False
CD2BP2,-0.036356966500779464,0.6892253990222266,0.9588645835904517,False
ZFYVE9,0.0324215277094666,0.6753273082121741,0.9558209137948426,False
CNIH1,0.17461888565383532,0.10922158984991497,0.6633597516365545,False
SVIL,-0.32215118363753703,0.17043277639314772,0.7613501152595638,False
BAG4,0.14328521486933354,0.48598418012136374,0.9146243514524387,False
AHSA1,0.04299204334898121,0.8321143544654233,0.98043044117166,False
PARN,0.09636779916641913,0.5616783943380295,0.9412902243607043,False
PSMG1,0.2939735781746968,0.015394816775363787,0.3269493265658943,False
SGPL1,0.26531671103582966,0.4035682374602924,0.8770879497439329,False
NSA2,-0.10420534160211048,0.7952860397577752,0.9759521704704214,False
SEC24A,-0.1445909420690974,0.6875773879291491,0.9581118430758065,False
SEC24B,-0.4764006467227233,0.02089462136408116,0.3734913568829507,False
NADK,0.014074623285090127,0.8623456994240931,0.9853852578924835,False
TDP2,0.23107676157991008,0.25686198692547796,0.8291488368233156,False
SFT2D2,0.21413611954334044,0.5139096157650597,0.9257573377965317,False
MPC2,-0.03172510537304518,0.8847707890466249,0.988414301604248,False
ETHE1,-0.42936838425207924,0.07754433051132428,0.5997569312985237,False
ACSL3,0.11348599539687498,0.24139189214587897,0.8239307092895942,False
POLR1A,0.1666894733203037,0.02364475147249887,0.38701458980125747,False
PCNT,-0.0004058669268438564,0.9958949057764812,0.9991555532696689,False
YEATS4,0.0346643329054821,0.8364920808217228,0.9814622066449394,False
ZBTB11,-0.05211889964273553,0.6419010008970455,0.9558209137948426,False
CNOT4,0.02406145577343466,0.7572522240547949,0.9739992128308225,False
STAMBP,-0.3269690023554013,0.16847809197397168,0.7613501152595638,False
CPSF4,0.14571873118248035,0.5612094799419117,0.9412902243607043,False
ASMTL,-0.0810249410254329,0.6863784260057958,0.9576425556985229,False
CDS2,0.0035310805121326894,0.9781579730165426,0.9963736685954901,False
EYA4,-0.20452440726363363,0.36255881590873185,0.8676073108938235,False
FGFR1OP,0.23840903311107908,0.10314579900196545,0.6503730453397883,False
PPP1R3D,0.05007018368780791,0.48368844703873815,0.9142140904688919,False
BRD1,-0.21293687209029244,0.06987062022947262,0.591601896285074,False
POP4,-0.03987848220044299,0.819839048016638,0.9796427422937294,False
HERC2,-0.21507576973873554,0.37551582881746937,0.870648455024905,False
RAB3D,-0.044550393992540904,0.915499728500288,0.9929705792864855,False
SNAP29,0.02830698105395868,0.7463064994235591,0.9732623744879622,False
OXSR1,0.03588488603932305,0.7473526578544483,0.9732623744879622,False
HSPA4L,0.04763609283427783,0.5391806337586227,0.9345293327399908,False
PTBP3,0.3660705348298521,0.0021469918285374956,0.20029505689003724,False
STARD3NL,-0.0978942897641808,0.6750281811553523,0.9558209137948426,False
LSM8,0.2537388490638577,0.10625896325162625,0.6580328721801054,False
AP2A1,-0.018450755505664773,0.7266568166248353,0.97150065478384,False
WIZ,-0.0248123756841494,0.8864627195659802,0.9884573904708166,False
STAU1,-0.18068539623191882,0.10478683826742122,0.6533946746616818,False
TTC4,-0.07400143067052412,0.5558688649765987,0.9412902243607043,False
BAG2,0.20329717693385874,0.07495428321579871,0.5939240829767172,False
BAG3,-0.2591956333598233,0.39762096670552816,0.8764319149979993,False
MAP4K4,-0.3969199964943755,0.008499237305821163,0.26028524322523383,False
MLYCD,-0.20458128378171736,0.17922027152352674,0.7632902418660206,False
CRYZL1,-0.3839544870682481,0.09649273064362396,0.6382449055322508,False
AIFM1,0.1184229137483861,0.1701661583670723,0.7613501152595638,False
EML2,-0.289987025094927,0.36096512051183954,0.8676073108938235,False
GNA14,0.042768746898140364,0.5761084425482078,0.9426811085231039,False
TSPAN13,0.048319850298380373,0.5337897893026146,0.9301211194590643,False
BPNT1,0.140984133365194,0.4015278698847279,0.8770879497439329,False
DDAH2,-0.5534387357721471,0.09733269162664261,0.6404252255802098,False
ABHD16A,-0.17471532722430538,0.34827906805163705,0.8676073108938235,False
C6orf47,0.03840606214001241,0.6084892942956366,0.9516690600336835,False
TXNDC12,-0.009447399543716983,0.9335922856561246,0.9929705792864855,False
TRUB2,-0.2273672261239028,0.096451826058682,0.6382449055322508,False
ECD,-0.1376389572747847,0.2576580644014126,0.8291488368233156,False
SYF2,0.10670297198842249,0.6323126819212822,0.9558209137948426,False
MBD3,0.23428110125055923,0.1721440418911741,0.7613501152595638,False
TOP3B,0.009432833788451944,0.9092560227180905,0.9920417948780794,False
NUDT3,-0.036744795453159895,0.7616132920474864,0.9747728847731245,False
BCL10,0.13659939016909206,0.11915053413295071,0.6833260061341345,False
NDUFB10,-0.21599633923194972,0.25753735957005836,0.8291488368233156,False
CLPTM1,0.10745803739463966,0.21312342409818757,0.7960581890525026,False
MOCS2,-0.05592369270899411,0.6646542893502502,0.9558209137948426,False
TOMM40,-0.06749011236869151,0.5755103214901168,0.9426811085231039,False
PEX11B,-0.03866181623762799,0.8710665376988617,0.9864997068182194,False
PAK4,-0.28107885934085886,0.25739631568758947,0.8291488368233156,False
CHEK2,0.3117368560937166,0.0923946939660174,0.6311675750226349,False
ACTL6A,0.027314648776997075,0.7503095151448346,0.9737735160683184,False
CYB5A,0.19467164852498087,0.04221656047511014,0.4763626693890292,False
LDHA,-0.18618362604393113,0.12283525402882814,0.6868815000283959,False
GLUD1,-0.08508815571194717,0.19397093895091908,0.7743704887069277,False
DHFR,-0.3196757561077703,0.10163129875594992,0.6500968265353259,False
CYB5R3,-0.13164679331962859,0.2726312022366773,0.8386146206467584,False
GSR,0.18795801432075265,0.4445929651269206,0.8937143094373057,False
MT-CO1,0.22784842625561552,0.1367371725532294,0.7067499641606676,False
MT-CO2,0.6470711239300755,0.09019060325241512,0.6247325424427247,False
MT-CO3,0.41140819915484883,0.2953393439324052,0.84957920348906,False
SOD1,0.04805186736436795,0.8666927520241074,0.9855253681560873,False
PNP,-0.25403115734513193,0.1693078843186456,0.7613501152595638,False
HPRT1,0.08141353241855853,0.4615949484123274,0.900531604432244,False
GOT2,0.16586652032187033,0.5219550881299885,0.9283883178018956,False
ABL1,-0.006722982456963678,0.9426807804742766,0.9929705792864855,False
PGK1,-0.15950225849179134,0.2703253937629425,0.8386146206467584,False
AK1,-0.25688132001065256,0.2075609147576707,0.7879967471773515,False
PLAT,0.08900637465014327,0.6592550636339114,0.9558209137948426,False
ADA,0.2358556107268832,0.3711642774980942,0.8701811028798047,False
A2M,-0.05531029401756271,0.8917605196834814,0.9895993288981546,False
TIMP1,-0.1915643245154115,0.3519414598506021,0.8676073108938235,False
CST3,-0.5366566461024505,0.0658127478202981,0.5761973227532221,False
FOS,0.03801965372137772,0.6249698067274169,0.9556087593733652,False
NRAS,0.04256974304707484,0.6660262615288559,0.9558209137948426,False
HRAS,-0.03872279723272953,0.7253284474761555,0.9702869229134838,False
KRAS,-0.2942692025505842,0.015214437300610286,0.3263496800980906,False
LDLR,-0.024322750602657095,0.9383902720957908,0.9929705792864855,False
TGFB1,0.0324215277094666,0.6753273082121741,0.9558209137948426,False
LMNA,-0.23289870066767548,0.10903571559791055,0.6631803684995788,False
APOE,0.5123472466162582,0.0027146656621341923,0.21188217009413088,False
APOC3,0.08991660895146936,0.3490879538799588,0.8676073108938235,False
MBP,-0.30325716835504934,0.040158443605782405,0.46821991446752886,False
FN1,-2.8864366742197163,0.016752589515685784,0.3400722824398676,False
TFRC,0.17054989455596115,0.3180961076455328,0.8615102915399846,False
FTH1,-0.12754288912989153,0.06417889008565263,0.575096245668695,False
MT-ND1,0.06279606652100256,0.4826474909434269,0.9142140904688919,False
MT-ND3,-0.00812192872276185,0.9304014692106147,0.9929705792864855,False
MT-ND4,0.2679578215789853,0.38565638825011733,0.8718690155859481,False
MT-ND5,-0.0872306363149633,0.66627315116754,0.9558209137948426,False
MT-ND6,0.11704981777955226,0.3448898469556373,0.8676073108938235,False
MT-ATP8,-0.30106461974140686,0.334728068974444,0.8671397439011865,False
MMP1,-1.4655665896130756,0.003926969999440254,0.2386449048723498,False
HMGCR,0.02128011164163013,0.778569509229456,0.9757676912534892,False
CAT,0.11225148592926004,0.318034389258337,0.8615102915399846,False
RAF1,-0.031896154309283276,0.8352163430033739,0.9808466702324066,False
GBA,0.19388491022142773,0.24375591820201936,0.8246004142899965,False
FUCA1,-0.44793233140945077,0.009229986994708063,0.2678843487157461,False
ALDOA,-0.23063831881921715,0.12331811252739937,0.6868815000283959,False
CSTB,-0.13274773396982908,0.3779416059039452,0.8718690155859481,False
ANXA1,-1.0070254437751949,0.00589391319623727,0.2495805951257824,False
APOB,-0.16899043559895688,0.8048738632835105,0.9777918274928054,False
NR3C1,-0.0008689686442480138,0.9880734410702278,0.9972240854967319,False
PRNP,-0.04183835528562341,0.6605794359917917,0.9558209137948426,False
OAT,0.18353368768026002,0.14290974851882357,0.7235438487164672,False
TK1,-0.4016816162007899,0.31180869408290635,0.8599825844982091,False
S100B,0.30808242389279883,0.3682854041865283,0.8696941563083704,False
TUBB4A,0.2610158203562527,0.3618208175775808,0.8676073108938235,False
GAPDH,-0.09650262553017797,0.6085082311228779,0.9516690600336835,False
ASL,-0.5239256541669342,0.10119378345790639,0.6500968265353259,False
ERBB2,0.03611291165923802,0.634044260932675,0.9558209137948426,False
CAPNS1,-0.3687555696201592,0.06738715462074464,0.5808077439971759,False
TP53,0.08220792918644904,0.40735021581584796,0.8770879497439329,False
MT1F,-0.055708234435915216,0.6930378246201299,0.9615563608086537,False
HSPB1,-0.10344061557895401,0.3702499962587139,0.8701811028798047,False
TYMS,0.11840139923484827,0.5753599008863571,0.9426811085231039,False
RPN1,0.03348912155852801,0.7912901051661798,0.9757676912534892,False
RPN2,0.048938780889738354,0.5788420843616229,0.9434774095407911,False
GNAI2,-0.10545318409137039,0.2846690213214574,0.8458193698471415,False
HIST1H2AC,0.16685961525845272,0.5967223058566848,0.9479632391439603,False
SLC4A2,0.8567387893144449,0.006926846347488742,0.2495805951257824,False
GYPC,0.22866433106721118,0.09899400480326362,0.6455009185882099,False
ATP1A1,0.1658982796507189,0.08271981860162284,0.6107556612730876,False
ATP1B1,0.202910314495643,0.4113672869141313,0.8770879497439329,False
APP,-0.017438537399296905,0.8121073435607549,0.9791850769746033,False
ITGB3,-0.6928205118611928,0.11222680124434332,0.6736748750068556,False
HMGN1,0.05040236139393883,0.7330605383265741,0.9732405574099902,False
SERPINE1,0.0032424355587856724,0.9691362163905639,0.9961388673740844,False
SLC25A5,0.2586748818952458,0.31306191513157655,0.8600791469679718,False
ISG15,0.13029398213328136,0.7401030134147161,0.9732623744879622,False
PCCA,-0.1508521577180062,0.3796111625742832,0.8718690155859481,False
PCCB,0.10167064107999835,0.6069258178151137,0.9516534333234259,False
EIF2S1,-0.02273265510012834,0.7190326908430634,0.9687971870969667,False
HMGN2,0.29817941998413033,0.5119211017881321,0.9250806767780483,False
ICAM1,-0.039582116178852544,0.8402087685549273,0.982151394305351,False
RPLP1,-0.15722937188069253,0.3204283104161766,0.8637329012289565,False
RPLP2,-0.007152011575470851,0.9018011243380788,0.9906253158153695,False
RPLP0,-0.08117308688027336,0.38582392069971116,0.8718690155859481,False
FABP3,0.06264449261939475,0.7350348265753771,0.9732405574099902,False
POLR3D,0.00718706324602536,0.9586427637824546,0.9943137920657577,False
SSB,-0.05725734211667799,0.5442169726937439,0.9362383024098451,False
HLA-A,-0.03413942250796609,0.7381573681172608,0.9732623744879622,False
TFAP2A,0.06478736421657771,0.45145102145126925,0.8971857081651999,False
ITGB1,-0.45666837435768315,0.006636962946855322,0.2495805951257824,False
KRT18,0.003329066162059746,0.9806029900353003,0.9967545352670668,False
MYL1,-0.8210676925109048,0.05952089874582477,0.5588240068148651,False
UROD,0.00770983506395595,0.9725863713805339,0.9961388673740844,False
INSR,-0.022766664400911907,0.805055166078177,0.9778274808820439,False
FYN,-0.030249494345955696,0.7721257713696368,0.9747728847731245,False
GLA,0.2159396266415925,0.42872827838729305,0.8800723730691165,False
GSN,0.1432820461444848,0.25478466691721174,0.8290968166032652,False
RB1,-0.05711028419068853,0.7109779557637966,0.9652272713200098,False
PTMA,0.26241732846024135,0.19123598630082442,0.7718731895271739,False
CDK1,0.5511098722966068,0.050741970947243996,0.5127521827908191,False
ATP5B,0.1464957567694043,0.3623046631305361,0.8676073108938235,False
S100A6,-1.2452343215920934,0.20609024225698425,0.7879967471773515,False
EIF4E,-0.5696478644760177,0.06041234468677036,0.5588240068148651,False
ENO1,-0.06710390281266143,0.4778699171322419,0.9120951929010961,False
PYGL,0.09865457037893322,0.405086479713016,0.8770879497439329,False
GPI,-0.19324643797543573,0.15152361179857304,0.7377854205205973,False
POLB,0.23199519168804272,0.438498652958865,0.8878976814947439,False
NPM1,-0.0016650626639460597,0.9866764768374697,0.9972240854967319,False
TPM3,0.022758924515972723,0.8450897201713489,0.9830354933663467,False
ITGAV,0.12646029832061245,0.14933166967662598,0.7368142988107953,False
HEXA,0.2572377145434217,0.2131481367113383,0.7960581890525026,False
SERPINE2,-0.45336744671627116,0.21435340105367853,0.796887571096153,False
EPHX1,0.4098620334172338,0.24834389600776427,0.8278774903177788,False
DBI,0.17751450314738193,0.2782995879067227,0.8435505643804808,False
LDHB,0.04497981953658936,0.7298717610583543,0.9721054892137841,False
CENPB,0.06182561543762333,0.5523902668877405,0.9412902243607043,False
GPX1,-0.7834613419585317,0.000581383948365453,0.12702972211189337,False
PROS1,0.15174275656092462,0.28396348383473036,0.8457356496499373,False
P4HB,-0.12134052266798534,0.20752111193129086,0.7879967471773515,False
H1F0,-0.09416376675866545,0.8009229669104543,0.9768683851080251,False
CTSD,0.18118848098988138,0.2112680897168664,0.793549472866806,False
ANXA2,-0.4968281546720057,0.005467617525373413,0.2456911588334829,False
CAPN1,-0.3812599660314966,0.0033561537046344603,0.22037601111553828,False
TUBB,0.06427546162008468,0.581450444287025,0.9449459854812928,False
PSAP,0.0860664353573597,0.6038255560230983,0.9504935061175727,False
HEXB,0.07246322468675359,0.5635116351922049,0.9421141523673263,False
CTSL,-0.16416567930045645,0.39318049621645257,0.8764319149979993,False
PFN1,-0.13989526171054223,0.2632391934756104,0.8340434586438081,False
APRT,0.21752993009447508,0.5238714109436727,0.9283883178018956,False
EPRS,-0.022263973996363262,0.7814375070482028,0.9757676912534892,False
CTSB,-0.434782121910942,0.0004256657032350402,0.12702972211189337,False
HSP90AA1,0.061674838731555326,0.5591422646740426,0.9412902243607043,False
HNRNPC,0.19697537678036525,0.07195158702408343,0.593521348757803,False
UQCRH,0.1833088567778347,0.3011979907343129,0.8545895372025148,False
LAMB1,-0.20233522840072382,0.37911267909091684,0.8718690155859481,False
YES1,-0.103465537880016,0.5066509608188825,0.9247690556585174,False
FH,0.14495702410721378,0.04393366060258376,0.4816462528279052,False
ERCC1,0.07479983831800396,0.3822371128639361,0.8718690155859481,False
SP1,0.13598188002734446,0.17201107820979397,0.7613501152595638,False
IGF1R,-0.15747538569016584,0.5825877283318955,0.9449459854812928,False
ANXA6,-0.2660133141035601,0.19713934428472604,0.7777999267150288,False
RHOC,-1.1735258548679113,0.000513370759961334,0.12702972211189337,False
SLC3A2,0.1059602046294188,0.5141657692750279,0.9257573377965317,False
GUSB,-0.16323439755932512,0.17033229848563608,0.7613501152595638,False
PFKM,-0.010045070315541693,0.9352416726715648,0.9929705792864855,False
HSP90AB1,-0.0421921448352407,0.6665056319328764,0.9558209137948426,False
SRPR,0.001225204699849769,0.9927044442998335,0.9985846081690612,False
ASNS,0.14788895797789792,0.48119500344844984,0.9139580422641012,False
HMBS,0.12525334142203803,0.17400940543465496,0.7613501152595638,False
MME,0.2799223816084542,0.2795511220074498,0.844559375642225,False
PDHA1,0.1805829451939509,0.024087567227576115,0.38847993761767496,False
CYC1,0.3628483857336029,0.2139922645266776,0.796887571096153,False
SNRPB2,0.026897481984541116,0.8422400449525042,0.9824574286373784,False
MET,-0.6396845336886123,0.0021605371163848698,0.20029505689003724,False
MFI2,-0.036576147252276314,0.7994039618361661,0.9768683851080251,False
SNRNP70,0.21489610054229047,0.03316799744540741,0.4329938901791078,False
ITGA5,-0.7514222375626609,0.0839001897466462,0.611301509390781,False
NFIC,0.39943654266254214,0.17907253935024278,0.7632902418660206,False
VIM,-0.11606847118082442,0.263586712241321,0.8340434586438081,False
RPS17,-0.009343617579673946,0.8947184121128681,0.9896259744685637,False
GNAI3,0.0671207613096243,0.6249501679900351,0.9556087593733652,False
ANXA5,0.2410021507143867,0.17092939851400593,0.7613501152595638,False
RPSA,-0.045654154163962346,0.5550850904558534,0.9412902243607043,False
ABHD2,0.09706979479707556,0.3843600778588429,0.8718690155859481,False
MRPL3,0.06886585944649681,0.6617071803968418,0.9558209137948426,False
SNRPA,0.15343579402276575,0.18124754325232065,0.7644955993710568,False
ENO2,0.05842526949894733,0.7454114360236249,0.9732623744879622,False
ACAA1,-0.02221156543235736,0.7642700492180772,0.9747728847731245,False
SRP19,0.341496296890174,0.23590037839339062,0.8176909531079553,False
GSTP1,0.0786528286736079,0.5999392593136157,0.9481801885122683,False
SNRPC,-0.767474695780308,0.07482894413476777,0.5939240829767172,False
CD48,0.037210223355440775,0.6217983277438341,0.9545019654178369,False
LGALS1,-0.16990618874215357,0.1820422700843975,0.7644955993710568,False
QDPR,0.14902175349879698,0.5963780072961512,0.9479632391439603,False
HMGB1,-0.09776988146508359,0.6435267887126365,0.9558209137948426,False
GNAO1,0.12224250035416873,0.29429105078936674,0.8492210366948766,False
SPARC,-0.06822961352475687,0.5443235722542233,0.9362383024098451,False
TPM1,0.3389842339874569,0.36964396701562563,0.8700288689632593,False
CLTA,0.11598658679199403,0.34178549342989933,0.8676073108938235,False
CLTB,-0.5329015176775584,0.03402861382644644,0.4329938901791078,False
ANXA4,-0.05773066206036148,0.8684667607311123,0.9855253681560873,False
CNP,0.19307199794842234,0.2553357456651592,0.8290968166032652,False
HMOX1,1.1704050587653505,0.0017921306827113467,0.1988338093663365,False
DLD,0.04770698197185297,0.5803220841797904,0.9448837424044848,False
HNRNPA1,0.2063190708821665,0.14234617041202546,0.7229657510666013,False
SNRPA1,0.09271619866521519,0.252062090228009,0.8280879008147418,False
CTSH,0.11513243851853616,0.17963387233474584,0.7632902418660206,False
COX6C,0.11618097444405961,0.5839162975759693,0.9449459854812928,False
PARP1,0.17523712594170604,0.05273134656346587,0.5217247550315319,False
POLA1,0.28551831881834744,0.10098940010134352,0.6500968265353259,False
IFIT2,0.39264347603150185,0.007601870124156934,0.25304031319734205,False
IFIT1,0.6440223961329821,0.1428140035464568,0.7235438487164672,False
FURIN,-0.7762999350984678,0.0065887808651771285,0.2495805951257824,False
LTA4H,-0.06831058512708665,0.7036661417289884,0.9642443828845914,False
ALDOC,-0.20989030304383505,0.1670412463123024,0.7613501152595638,False
H2AFV,0.350842012221662,0.19580189467996537,0.7743704887069277,False
HIST1H2AJ,0.08026065836149598,0.5900996461224988,0.947780458509137,False
TFPT,0.6530839302135973,0.3717373900282146,0.8701811028798047,False
CISD3,-0.2979464019372067,0.03483157020352145,0.43886984785001276,False
GCOM2,0.0025526496388792452,0.9784533937743816,0.9963736685954901,False
GSTT2B,-0.14806879093579184,0.46727020425016236,0.9032393404475202,False
RAB34,0.013433484418161612,0.8205838435290573,0.9796427422937294,False
SMIM13,-0.03203319493492529,0.7679716540389743,0.9747728847731245,False
RGPD1,0.12535824073980706,0.3511810552974284,0.8676073108938235,False
SRGAP2B,0.14543968424082365,0.32434559433297255,0.8642500619182933,False
HSPA1B,0.14616057799645787,0.19202159992297824,0.7722868721902281,False
U2AF1,0.13120811952969902,0.21523384430464157,0.7973966597830138,False
CBS,0.17766168292383,0.38107307350662384,0.8718690155859481,False
FDX1,0.15656695927216902,0.3401014441496138,0.8676073108938235,False
TROVE2,-0.10298756104760187,0.37287111388827826,0.8701811028798047,False
GAA,0.2052108806012818,0.47864797423564415,0.9123518110800859,False
RARA,0.028407525335111927,0.7117660691240869,0.9657424367574985,False
RRAS,0.18799366977568255,0.4340209240352726,0.8834310868100671,False
HLA-A.1,0.05761317684851264,0.5056984954078501,0.9247690556585174,False
HLA-C,-0.01734810816732235,0.9207544237439781,0.9929705792864855,False
HIST1H1E,0.2106208061346848,0.2248173114787729,0.8050636613054556,False
SPP1,-1.1135346677829787,0.0022099376906282277,0.20029505689003724,False
DLAT,0.16692137096956827,0.09592491595529988,0.6370245966690967,False
NR2F6,0.05314710868151096,0.4912966142966329,0.918504855606866,False
TXN,-0.057369907839625256,0.6960939471457724,0.9627230094035356,False
COX5B,0.14299480672930898,0.6461593348831369,0.9558209137948426,False
CTSA,0.058909641548247293,0.9205084012253627,0.9929705792864855,False
MGST1,-0.5914640709560999,0.01661576120649244,0.3400722824398676,False
MAPT,-0.010413194356750921,0.9044817149600685,0.9906253158153695,False
PRKAR1A,0.2567552681923573,0.028906898789448396,0.4189547155632892,False
TFPI,0.053754205876757055,0.47782888238185484,0.9120951929010961,False
KIT,-0.22446000935849497,0.40723182415811604,0.8770879497439329,False
ESD,0.45146022935456287,0.0628226605929712,0.5662521990783712,False
HSPD1,0.21119254845757496,0.007162545627232889,0.2495805951257824,False
HSPA5,0.019681590729696552,0.7982903925067537,0.9768683851080251,False
LAMC1,0.061857401018947655,0.7289521244968143,0.972059676295171,False
ACP2,0.31479303753153687,0.174410412143512,0.7613501152595638,False
HSPA8,0.16154038486453715,0.15340047354527006,0.7422045468148969,False
SLC2A1,-0.2617547435732952,0.6530980986812176,0.9558209137948426,False
SLC2A3,-0.9255432587259271,0.05994789834576666,0.5588240068148651,False
EPB41,0.13597733800577316,0.17172485289817155,0.7613501152595638,False
UMPS,0.06277544713390171,0.5637984322859014,0.9423011910263802,False
PDHB,-0.009244037412415196,0.9306812089372505,0.9929705792864855,False
DBT,-0.057959669448163,0.5973432858438193,0.9479632391439603,False
PYGB,-0.4393007010405654,0.013118838945633371,0.30810119932536767,False
RALA,-0.2395205342588156,0.4295731627204333,0.8800723730691165,False
RALB,0.08429257711261329,0.3660093576121693,0.8691502432621906,False
BCR,-0.17526973973211213,0.04357541547237513,0.4810712636093174,False
SPTB,0.13714524770838565,0.3062490103889084,0.8572041678349828,False
LAMP1,-0.37493150495259897,0.2378551603523965,0.8193608856365375,False
ACADM,0.22892656698709146,0.08127476820519361,0.6107556612730876,False
FGFR1,0.0324215277094666,0.6753273082121741,0.9558209137948426,False
TOP1,-0.06058169388187551,0.6265288820196158,0.9556087593733652,False
TOP2A,0.4862224498305032,0.014152556218213713,0.31188938104179875,False
G6PD,-0.14409888333183574,0.22319751006874497,0.8026978449909309,False
UBL4A,-0.037183489240550927,0.6512737042870144,0.9558209137948426,False
ESRRA,0.015325346095856673,0.8512193634102284,0.9844804580394803,False
PC,0.13637754308112449,0.3635011831951942,0.8676073108938235,False
MTHFD1,0.1130109768012666,0.20732998971582717,0.7879967471773515,False
IGF2R,-0.01673313106436325,0.9042452119487375,0.9906253158153695,False
ADH5,0.09256174953894103,0.3890927970489503,0.8724463008932468,False
CDK4,-0.048786793656674377,0.8863205625434503,0.9884573904708166,False
PRPS2,0.09131885945503271,0.6113574049569079,0.9524750433088539,False
PABPC1,0.01869386063213696,0.8293047020394884,0.9796746903350853,False
PCNA,0.30606332031291217,0.0030645560769863257,0.21188217009413088,False
COX6A1,0.10251886309254843,0.8106314449858292,0.9785055990402947,False
HARS,-0.06870858261347834,0.3867417077206424,0.8718690155859481,False
COL6A1,-0.8253841532842188,6.714965495339048e-05,0.11034672286128128,False
SLC25A4,0.30892826797984085,0.2695630060229451,0.8386146206467584,False
SLC25A6,-0.48948011039809103,0.32427639723810964,0.8642500619182933,False
IMPDH2,0.04047438076484866,0.748545632763318,0.9735026569991817,False
TPR,0.12523162621161887,0.11682133776046659,0.681157398507616,False
RLBP1,-0.1774116716091143,0.7369135858891546,0.9732623744879622,False
CKB,0.07449843713535742,0.6997647974893179,0.9633810724588848,False
CKMT1A,-0.09070491784575552,0.359889707226081,0.8676073108938235,False
BCKDHA,-0.05576513257574334,0.7916574495248506,0.9757676912534892,False
SKI,0.19186229522172127,0.20096100184401242,0.7830314482631234,False
ACTN1,-0.2646922908512721,0.02463992400245058,0.390536726492043,False
CDH1,0.03300638821981394,0.9270228676058548,0.9929705792864855,False
SRC,-0.26630693915529946,0.008759786278479714,0.26475467722158,False
PEPD,0.09302669092891236,0.49172460743727014,0.9186517750117713,False
XRCC6,-0.08659911266765619,0.0994074812024036,0.6468019631319183,False
XRCC5,-0.06825505150826672,0.4049141547955382,0.8770879497439329,False
UNG,0.22253170381948806,0.26181126678826155,0.8324080144830759,False
COX4I1,0.32789016085013856,0.39376152330672237,0.8764319149979993,False
ALAS1,0.39751269339254236,0.10685861234841876,0.6580328721801054,False
LAMP2,-0.06660006551485509,0.6587431306495631,0.9558209137948426,False
RNH1,-0.08845845740613711,0.42254855197427194,0.8799102302725008,False
CYBA,-0.02025272077426621,0.8932218581266946,0.9896259744685637,False
NCAM1,0.08417353001804528,0.5067548783776978,0.9247690556585174,False
EEF2,-0.12828675551214275,0.14515972694191734,0.7280614519651115,False
PDIA4,-0.008305355318022123,0.9192407951046412,0.9929705792864855,False
P4HA1,-0.3148967706746113,0.0054979839738961206,0.2456911588334829,False
ACP5,0.10923918353744,0.7154626915350348,0.9673548963861935,False
CEACAM1,0.610586751431196,0.012480160259007998,0.2974438195063573,False
TPT1,-0.11003800531215546,0.4146004722874715,0.8770879497439329,False
ALAD,-0.0502432272779636,0.6812817148582598,0.9570067310877324,False
HLA-E,0.0365292239794357,0.6293952265336433,0.9558209137948426,False
LCP1,-0.04574663166486914,0.6550622691809446,0.9558209137948426,False
PLS3,-0.19089305311406335,0.08338877372730569,0.6107556612730876,False
APEH,0.004816679356490994,0.9628785130481171,0.9943137920657577,False
ETFA,0.03841142009769172,0.7896398935644252,0.9757676912534892,False
GYS1,-0.4076287251664503,0.011221069452629332,0.288830327710679,False
PRKAR2A,-0.019853868860518986,0.8527883140946201,0.9844804580394803,False
GTF2F2,-0.1792747317950365,0.2452469675375662,0.8254669765810669,False
CD59,0.21474012316928892,0.4560005478671094,0.8982715534478075,False
MTHFD2,0.22272231864852898,0.07376074999019948,0.5939240829767172,False
MIF,-0.24789634461266985,0.6318355091419752,0.9558209137948426,False
CD99,-0.16464379200428425,0.24134862232673734,0.8239307092895942,False
PRKCSH,0.0025356402484000284,0.9776393818799991,0.9963736685954901,False
IRF2,0.045123606953435313,0.5509981962511477,0.9412459232482441,False
FDPS,0.004479438173088823,0.9704623595067524,0.9961388673740844,False
TRIM27,-0.011601527584918614,0.8755097513083827,0.9864997068182194,False
CPM,0.2359914774356362,0.582284482229632,0.9449459854812928,False
COX7A2,0.18478094241227438,0.8039571025853094,0.977321208851085,False
AKR1A1,0.30309061107916335,0.03328265887687276,0.4329938901791078,False
PKM,-0.4055788385611123,0.040600725030706886,0.46942773620099687,False
HSP90B1,-0.06064083043209223,0.5230947020051929,0.9283883178018956,False
CCNB1,0.2093115319026282,0.4600755853762545,0.900531604432244,False
MYL6B,0.07795408606315135,0.41327284870827863,0.8770879497439329,False
SNRPN,-0.07268682374460766,0.5675891639378764,0.9426811085231039,False
TYR,0.053196546079146145,0.7497512119326898,0.9737735160683184,False
IDE,-0.0701371466009384,0.5982804897160492,0.9479632391439603,False
COX6B1,0.21907537677096656,0.4998582653697432,0.9241165240783552,False
POU2F1,0.25916997223638916,0.20172396479899318,0.7842495757407623,False
HNRNPL,0.001783387084078214,0.9831642128935104,0.9972240854967319,False
DARS,-0.1055097747328837,0.3101577647722722,0.8599825844982091,False
ETS1,-0.22109787490453314,0.061972030528522556,0.5653380532332504,False
UQCRB,0.039794458971975644,0.7028296294423096,0.9639191529116075,False
BRAF,0.10508565177919849,0.28442545337916775,0.8458193698471415,False
FABP4,-0.046053058450851836,0.7015888518527649,0.9636450513965761,False
GLUL,0.4382335459682025,0.10317750881860532,0.6503730453397883,False
AKR1B1,0.1108273145714378,0.4630968691045952,0.900531604432244,False
PVR,0.18317418067810465,0.5055782198987523,0.9247690556585174,False
RAC2,-0.5191315195058408,0.11479484349028783,0.6783331660789735,False
GSPT1,-0.10750007079321477,0.2539822013162828,0.8286541531755407,False
ARSA,0.06480847095338049,0.41360913748669975,0.8770879497439329,False
B4GALT1,0.0324215277094666,0.6753273082121741,0.9558209137948426,False
EZR,-0.19592978073101364,0.22854894674915838,0.8127893566185669,False
ATF2,-0.005338197698684155,0.9495821075762061,0.9936382978877489,False
UCHL3,0.13763973219279535,0.5810264131615457,0.9448837424044848,False
FOSL1,-0.7515897643816203,0.20611713370237758,0.7879967471773515,False
FOSL2,-0.42932526344209165,0.28691316644912884,0.8478070461855779,False
HPGD,0.3360771376846685,0.5846437508724232,0.9455095594028758,False
NME1,0.1349924848922761,0.11449671748795567,0.6783331660789735,False
NQO1,-0.20695679211164375,0.2557563417339177,0.8291488368233156,False
GNS,0.04091248194545116,0.8396479479971865,0.9818672109238561,False
PHKG2,0.007704220595709188,0.9325896630671857,0.9929705792864855,False
ARSB,-0.09708453218285129,0.32898766294142706,0.8643320035562339,False
RPS2,-0.1465564433775235,0.3297490394297675,0.8643320035562339,False
ST6GAL1,-0.021723583549899672,0.833099246670806,0.98043044117166,False
TCF3,-0.02316539062697487,0.8210417019335937,0.9796427422937294,False
RPA2,-0.03025594665122,0.6984098454776143,0.9633409167967912,False
TIMP2,0.21714005824929927,0.3719972913614084,0.8701811028798047,False
CD44,-0.6506671422981682,3.307078553007966e-05,0.11034672286128128,False
H2AFX,0.10405520348262698,0.3675883851634937,0.8696941563083704,False
CBR1,-0.054810005499163594,0.8030700927387471,0.977321208851085,False
ACADS,-0.2650145366364427,0.20752560914859516,0.7879967471773515,False
CREB1,0.03496130169834899,0.750157526631142,0.9737735160683184,False
SLC25A16,0.09014446998953574,0.3884735232448683,0.8724463008932468,False
GLB1,0.23988677958340787,0.20319256958415247,0.7851644396273738,False
PECAM1,-0.23908608041155688,0.2034344197419009,0.7851644396273738,False
PPP3CB,0.05465681016148949,0.5146186140889628,0.9260544691449876,False
NCK1,-0.049269886637933524,0.6031612944523639,0.950145148054091,False
HIST1H1B,0.09264665068387501,0.38455069341279224,0.8718690155859481,False
HIST1H1D,0.01599180781544618,0.8523646449899329,0.9844804580394803,False
HIST1H1C,0.20942827949539122,0.29424798471940744,0.8492210366948766,False
POR,-0.04164909010431472,0.6539607861724037,0.9558209137948426,False
MGMT,0.07768078062478878,0.8166093092639106,0.9796427422937294,False
ATP2A2,0.04675055810396955,0.6969311913885228,0.9628145782292297,False
PLCG2,-0.07203735384613097,0.5710062983351135,0.9426811085231039,False
STMN1,0.25808024901633075,0.06494039514215486,0.575096245668695,False
YBX3,0.2840179703174286,0.046160116594051705,0.4894971678172537,False
ZNF24,0.01687133427187959,0.8263528576992619,0.9796427422937294,False
ZKSCAN1,-0.37373779544077834,0.005256735305306233,0.2456911588334829,False
ZNF3,-0.011125685707273902,0.8958312064175256,0.9896259744685637,False
ZFP30,-0.004667376567866199,0.959673095146814,0.9943137920657577,False
NAGA,0.17802552267143312,0.2381048727490793,0.8193608856365375,False
HSPA6,-0.04625720013831014,0.9436476482531401,0.9929705792864855,False
RHOQ,0.017430961091861263,0.8193309114417807,0.9796427422937294,False
HMGA1,-0.41888287608875885,0.057981926593418776,0.5527610335239257,False
GOT1,0.16615107714968858,0.45590861977157165,0.8982715534478075,False
JUNB,-1.0426222582446485,0.013645690559294248,0.31028275176345754,False
ITGA2,-1.0797387291496356,0.022404177270246045,0.3814044463863315,False
SMPD1,-0.6366988270580656,0.062076287580471685,0.5653380532332504,False
UBTF,0.03228718794458274,0.6608113054338777,0.9558209137948426,False
JUND,0.007883586347869453,0.9699413308118215,0.9961388673740844,False
ATF7,0.11366816666840762,0.422232249335326,0.8799102302725008,False
NDUFB7,0.2018896580141778,0.50327350037771,0.9241165240783552,False
PRKACA,-0.339976248830979,0.1292540939692639,0.6928869636461377,False
TYRP1,-1.3350141985973494,0.023773637113631098,0.38701458980125747,False
CAPN2,-0.4509466696037663,0.0018887673662699785,0.1992494754417592,False
DES,0.13592834470356507,0.17201355825529327,0.7613501152595638,False
CEBPB,-0.665047208897839,0.15983307516821552,0.750716157098671,False
PTPN2,0.21132883711747397,0.28768594819452575,0.8478070461855779,False
CTPS1,0.05678694600334211,0.30165493695258294,0.8547596951762149,False
ENG,-0.14249222387098115,0.12402800058240669,0.6868815000283959,False
DDX5,0.2119489076234835,0.03163082836631988,0.43032638591388667,False
PFKL,-0.1970142185896151,0.11335089622383009,0.6766354519483735,False
GM2A,0.379158430033808,0.349071238280951,0.8676073108938235,False
LGALS3,0.26639500646453484,0.09465136658180333,0.6356113023764716,False
PSMC3,-0.12229643961854109,0.1761526939519317,0.7613501152595638,False
TCP1,-0.03684480474443319,0.6847603374439177,0.9576425556985229,False
PTPN1,-0.04373708859994352,0.7985853423333654,0.9768683851080251,False
IGFBP2,0.04750198341098866,0.5402461829311411,0.9345293327399908,False
ERCC2,0.16006795656873152,0.38450913211625715,0.8718690155859481,False
RPL35A,0.12569521949315643,0.6180324165451475,0.9533884235117631,False
ITGB5,-0.007838194679429478,0.9797507235248114,0.9967092363899145,False
ARF4,-0.14037541424256617,0.5455624745190938,0.9366893576263704,False
RPL7,-0.11579266416681122,0.43433964188401036,0.8834310868100671,False
EGR1,0.03366160050019573,0.6635381282284928,0.9558209137948426,False
VCL,-0.41518649638972605,0.007374083384147196,0.2495805951257824,False
PTPRA,-0.3794510612602515,0.046759857763704164,0.4932781716548136,False
SON,0.028008635536835413,0.6446529949270843,0.9558209137948426,False
NELFE,0.12963088838103332,0.29039178285340944,0.8487579901098453,False
RPL17,-0.08108980981641167,0.48747480504068913,0.9159788918854416,False
PGAM1,-0.09057915372559933,0.45474584598446405,0.8982715534478075,False
RCC1,0.15439464054515284,0.12066109004450414,0.6833260061341345,False
SDC1,0.9309579922319138,0.0311058309114556,0.4257071796074799,False
ATF1,-0.01968951642948369,0.8433713808535941,0.9824574286373784,False
LIG1,0.6821199920985528,0.0031280196051192595,0.21188217009413088,False
ATP5J,0.03410771219479969,0.6496441806622866,0.9558209137948426,False
XRCC1,0.12218337796288026,0.46060581827119285,0.900531604432244,False
PAM,0.0007816167765071214,0.9939892820243841,0.9986707923931288,False
PLCG1,-0.11217509715305596,0.5276921174883553,0.928947555129878,False
CD58,0.005341752702214819,0.9441966725979012,0.9929705792864855,False
NCL,0.18208120445295606,0.012037148150239482,0.29186291759110733,False
HK1,-0.030428140406613124,0.7932238868380375,0.9757676912534892,False
POLR2C,-0.10944730902397026,0.2289890952640116,0.8127893566185669,False
POLR2E,0.17660390724316244,0.04234334839013593,0.4763626693890292,False
NDUFV2,0.234829776171253,0.19393037275134048,0.7743704887069277,False
ERCC3,0.16225207257852148,0.04329743662894441,0.4810712636093174,False
TRIM21,-0.03315100116909164,0.7132069308985375,0.9661863599652067,False
EIF2AK2,-0.0450740565021448,0.6854870674070538,0.9576425556985229,False
SRM,0.04496642327589839,0.607949198170576,0.9516690600336835,False
SLC9A1,-0.3870783608718966,0.10696229748257813,0.6580328721801054,False
CSNK2A2,0.31687448988453326,0.006194966214708716,0.2495805951257824,False
RXRA,0.02473386569866065,0.7541427964358034,0.9737735160683184,False
NFKB1,-0.1653431714137561,0.7771776583985879,0.9757676912534892,False
ATP2B1,-0.5198370886813919,0.0029539569502339794,0.21188217009413088,False
EIF2S2,0.032064035283653425,0.6833408552231615,0.957453092639316,False
ANXA7,-0.05846900078805817,0.5988221390766513,0.9480766961091135,False
TBP,0.08607977558184743,0.23649596735609596,0.8181997580303643,False
CCNA2,0.020672403736995193,0.8038975992891849,0.977321208851085,False
POU3F2,0.03973182057367808,0.76618618242909,0.9747728847731245,False
BTF3,0.03290912502592036,0.7825333371894807,0.9757676912534892,False
RAB3A,0.061933480523617135,0.7569582119270124,0.9739992128308225,False
RAB4A,-0.19420379459886306,0.3744822717344765,0.8701811028798047,False
RAB5A,-0.44193017813650215,0.02570589194112765,0.4014985792261078,False
RAB6A,0.06585221596978386,0.5361977681337695,0.9322973893382347,False
MSH3,0.05411820206276374,0.802548060893258,0.977321208851085,False
PSMB1,-0.20322516619326692,0.1700830311366894,0.7613501152595638,False
M6PR,0.011286923070368715,0.9186939386195145,0.9929705792864855,False
COX5A,0.11828731205918785,0.8294472787810164,0.9796746903350853,False
LMNB1,0.06513612767875188,0.49106019142846874,0.918329651799534,False
CAST,-0.16926691599448773,0.06640772583486354,0.5806164616132431,False
IMPDH1,-0.19969464067616371,0.30245908736117005,0.8549882222095901,False
RASA1,-0.5974860400417654,0.028840678761230636,0.4189385278296143,False
PTMS,0.2235889881544999,0.5113265139151214,0.9250452957671652,False
CDK11B,-0.07167110597268689,0.5241997601761629,0.9283883178018956,False
ATP6V1B2,-0.01701764663316041,0.8945853676974019,0.9896259744685637,False
ATP6V1C1,0.10820828365683255,0.5019798130557259,0.9241165240783552,False
CSRP1,0.3718525721235224,0.17577339908235942,0.7613501152595638,False
FLNA,-0.3789344883060366,0.00013391466398952583,0.12310583753894268,False
NF1,-0.1661411021254473,0.39887678875450916,0.8770260756315682,False
MAOA,0.13805156678783348,0.6637014245363759,0.9558209137948426,False
ACO1,0.1645686411332008,0.22109810386309314,0.8005271889425227,False
NT5E,-1.1393313383832577,0.03361523786386277,0.4329938901791078,False
TAF1L,0.038266274423900626,0.6100426389315949,0.9523211366104778,False
MDK,0.381003664498035,0.07490745539105845,0.5939240829767172,False
VDAC1,0.25386361596779494,0.38153418609971784,0.8718690155859481,False
ERBB3,-0.01999217215739435,0.8463467736882433,0.9833736548852402,False
SDHB,-0.008283198177682749,0.9784163007907029,0.9963736685954901,False
CD9,-0.2230413243857896,0.4093600292356746,0.8770879497439329,False
BCKDHB,0.6595250712893659,0.026842455661655388,0.4104370490465762,False
COMT,0.04984836500993595,0.7110702645265788,0.9652272713200098,False
MUT,0.07750715067918179,0.5108499619504767,0.9250452957671652,False
OSBP,-0.0689788991067175,0.2778868341882328,0.8435505643804808,False
PCMT1,-0.05262190806973521,0.782833429079966,0.9757676912534892,False
FBL,0.14306479520023885,0.19370988768662376,0.7743704887069277,False
RPS4Y1,0.0208344236549749,0.9394886368881197,0.9929705792864855,False
GART,0.08868349164314537,0.5604191877911933,0.9412902243607043,False
PAICS,0.1499554379013901,0.0441864885066139,0.4822958413210948,False
IDS,0.040665296493820335,0.6002141184369009,0.9482639185825192,False
SCP2,0.09068711001362573,0.42999169680900357,0.8800879672283517,False
UBA1,-0.18428610588700778,0.19268692107544402,0.7731722670269207,False
NME2,0.05219337178210992,0.6126919729316623,0.9524750433088539,False
ENPP1,-0.85939090405925,0.3089790738509997,0.8597341507042215,False
USF1,0.08372443314123856,0.45318371621734643,0.8977244778944686,False
FDXR,0.11248317028808685,0.3835865175519265,0.8718690155859481,False
PRKACG,0.10061215202937035,0.19801639679832858,0.7779215588505767,False
HNRNPA2B1,0.14349278089393636,0.232652287429019,0.8149286156262824,False
RFX1,0.08916482586566232,0.63032778837765,0.9558209137948426,False
CBL,0.08929570833927158,0.5030851068430714,0.9241165240783552,False
PRKACB,-0.11192091888692701,0.34568400698962987,0.8676073108938235,False
UQCRC2,-0.025369053596747904,0.8222913328884693,0.9796427422937294,False
NR4A1,0.05602904670942621,0.4870960720573793,0.9157064632454677,False
FECH,0.055687898591319396,0.6599450668207413,0.9558209137948426,False
TCEA1,0.0422118400601974,0.6566042071553954,0.9558209137948426,False
ITGA6,-0.16048603743294976,0.5759551369447807,0.9426811085231039,False
SFPQ,0.11172734670392259,0.1267852088023788,0.6868815000283959,False
TUBG1,-0.025721972677835936,0.8254845645486429,0.9796427422937294,False
PPIB,0.08478396288801804,0.658445907391775,0.9558209137948426,False
S100A1,0.15221170739892287,0.7240027620415562,0.9702869229134838,False
ME2,0.17976576097785824,0.1242020860703613,0.6868815000283959,False
WARS,0.0385574567328284,0.6839619112732517,0.957453092639316,False
RPS3,-0.01028288852663195,0.8890832824926587,0.9895511797039162,False
GCSH,0.24773167642233318,0.2993944957591121,0.8533193234033211,False
JAK1,0.16590646540126386,0.4878454093812258,0.9159788918854416,False
PTPRD,-0.10777393348213948,0.4651394422380378,0.9011737060891576,False
PTPRE,-0.1432823323309229,0.6089983640067392,0.9516690600336835,False
PTPRG,-0.09784559535145831,0.31695495720455397,0.8611314749381176,False
SP100,-0.028141707951593986,0.7898973276018917,0.9757676912534892,False
MCC,0.07206179487162245,0.6153933164278105,0.9532680024183657,False
NFYA,0.010162443686908773,0.9608637620503508,0.9943137920657577,False
AHCY,0.011851794308263663,0.935993717266543,0.9929705792864855,False
HIST2H2BE,0.014853693591263095,0.9348612660189346,0.9929705792864855,False
CFL1,0.08024275064239816,0.42548322192856697,0.8800723730691165,False
EIF4B,0.002736249141914726,0.9785989914191441,0.9963736685954901,False
ATP2B4,-0.42206122573877636,0.003505518806607125,0.22706815700610747,False
CPT2,0.1930575889824162,0.06484510238494748,0.575096245668695,False
DTYMK,0.05269468879230388,0.3828420207283764,0.8718690155859481,False
RRM1,-0.024349409122535803,0.7358405384290434,0.9732623744879622,False
LAMA2,0.8908245050787684,0.0270540971494857,0.41218279908207256,False
CCND1,-0.0618907365278929,0.5740248896014678,0.9426811085231039,False
CHM,0.03482579191551949,0.6519895664631938,0.9558209137948426,False
KDELR2,-0.053947083502869475,0.5999984036708557,0.9481801885122683,False
NR2F2,-0.4971911561339084,0.016703256168355326,0.3400722824398676,False
EEF1B2,0.0011146902452274787,0.9874763064961205,0.9972240854967319,False
ATP5F1,0.11965421777414065,0.5281408264331836,0.928947555129878,False
ACP1,-0.28191650880432917,0.0026673387545156535,0.21188217009413088,False
ACAT1,0.15934513855034993,0.12571532223623447,0.6868815000283959,False
TNC,-0.7025660755498926,0.008353096636883679,0.2593505014381997,False
POLR2A,0.09229167564060958,0.14606599009060509,0.7292136619107176,False
CDK2,0.26652756147172596,0.1777801614453534,0.7630923555112326,False
APC,-0.05505437499328991,0.44067360173640024,0.8898396968465484,False
ADRBK1,-0.029919716473731484,0.8017474595035515,0.976893852676945,False
MCM3,0.09040839780190169,0.46310387040726725,0.900531604432244,False
MPST,-0.14765573303879975,0.7083072651889784,0.9645093452622473,False
LAMA1,0.49237726991895414,0.025865155799239935,0.4030079360002639,False
RPS12,-0.13880006110560217,0.6156876254353071,0.9532680024183657,False
BRD2,0.3748852356457526,0.0010087918350762332,0.17188308399374774,False
FAS,0.01305723486280641,0.8631882981724833,0.9853852578924835,False
YY1,-0.12081924338731653,0.5586789947973945,0.9412902243607043,False
DNAJB1,0.1724618219899412,0.02835039946460642,0.4152677321328016,False
DNAJB2,-0.1744430966926913,0.20724029940556155,0.7879967471773515,False
ATP5A1,0.08580658046509626,0.5011376133007973,0.9241165240783552,False
PSMA1,0.10684176262665801,0.3679227331948958,0.8696941563083704,False
PSMA2,0.014302808973049252,0.8509873862082961,0.9844804580394803,False
PSMA3,0.04921682354790491,0.8754366043283337,0.9864997068182194,False
PSMA4,0.02978367094344847,0.8267968690650263,0.9796427422937294,False
ITGA3,0.004047473427725379,0.963428059424854,0.9943137920657577,False
MSN,0.10413539320569498,0.2312648344091194,0.8149286156262824,False
DDX6,0.04185554988723794,0.5683495672042658,0.9426811085231039,False
DNMT1,0.3674856519712222,0.003223340344278858,0.2160645324524422,False
U2AF2,0.036125349388481,0.6455208882384026,0.9558209137948426,False
RPL13,0.07776083647015497,0.6989648392423028,0.9633409167967912,False
CHML,0.045042231616996276,0.556593812048663,0.9412902243607043,False
IVD,0.0846059242344559,0.42979714584667034,0.8800723730691165,False
MGAT1,0.09597978760137948,0.5717690416239953,0.9426811085231039,False
HMGB2,0.12527087861495545,0.42542121752328543,0.8800723730691165,False
PTBP1,0.15662644727954955,0.35489093281253487,0.8676073108938235,False
TARS,-0.03316579635313843,0.6413156845718873,0.9558209137948426,False
VARS,-0.15202685103965408,0.1426145800884086,0.7231874096681713,False
EEF1G,0.04245145703367115,0.6348486168674976,0.9558209137948426,False
FKBP2,0.16116032524608315,0.6853902465429011,0.9576425556985229,False
IL3RA,0.10953620740853154,0.29519214302950497,0.84957920348906,False
STOM,0.6272885178015848,0.11467414729874137,0.6783331660789735,False
AK4,-0.5695754010658831,0.058908183261729544,0.5568094684134711,False
YWHAQ,-0.05659203838127169,0.5310924693145539,0.9290708236410674,False
MAPK3,0.16064570940029554,0.4140434648168273,0.8770879497439329,False
MARK3,-0.029770393915942606,0.7488407834554582,0.9736897234867394,False
CALML3,0.11821283811858052,0.3165241755223849,0.8605572767205228,False
ARNT,-0.20421680677700493,0.47993298131265905,0.9131782184349383,False
CERS1,0.04832282532414922,0.528975320338018,0.9290708236410674,False
RPL10,-0.09905167483307764,0.451017410750917,0.8968779475222963,False
RPA1,0.08941958550998308,0.21453766860497503,0.796887571096153,False
APEX1,-0.1448527928883614,0.14699158447012695,0.7318327269484091,False
CD82,-0.19865747052538651,0.12237792413672362,0.685977301236774,False
DCK,0.19340494931231333,0.32514269665752416,0.8643320035562339,False
CAD,-0.04615624378140737,0.61078630559964,0.9524750433088539,False
CALR,-0.04158847305093616,0.6101662853527584,0.9523211366104778,False
MAP4,-0.12980195909280212,0.11781323769059465,0.681157398507616,False
CANX,-0.014549063830116893,0.8765346087588699,0.9864997068182194,False
PIK3R1,0.10424625505475049,0.4739338588577308,0.9103774273879098,False
PSMB8,0.0788479044856274,0.4198468652006051,0.8799102302725008,False
PSMA5,0.1004561613420556,0.35736336263292184,0.8676073108938235,False
PSMB4,0.23433897469170972,0.3466720562775516,0.8676073108938235,False
PSMB6,-0.5253885087823953,0.03735477618214302,0.45539217602661675,False
PSMB5,-0.13061233210884282,0.6433269825162674,0.9558209137948426,False
ABCD3,0.3096966624050097,0.029994019430415676,0.42081735441190454,False
TMOD1,0.07943685319531113,0.4122849474669092,0.8770879497439329,False
SSFA2,0.2547104112022467,0.1807489524292497,0.7642406642043584,False
NDUFS1,0.12058895715033913,0.46377027771382384,0.900531604432244,False
ADH6,0.1993787639095892,0.276399285323263,0.8420256285998596,False
POLD1,0.12878982756969037,0.33916993121197203,0.8676073108938235,False
TEAD1,0.07652923089912633,0.6456827058381415,0.9558209137948426,False
SMARCA1,0.06666305231141578,0.4898966154603509,0.9174333597268364,False
MAPK1,0.38887349361707635,0.5528914690159982,0.9412902243607043,False
GCA,0.11539457908531858,0.17942801678630874,0.7632902418660206,False
RXRB,-0.13321151752797178,0.3838374866007494,0.8718690155859481,False
ERCC5,0.03162115293886103,0.8517934611682922,0.9844804580394803,False
RBL1,0.06458532827930341,0.5807414855697687,0.9448837424044848,False
GRN,0.0324215277094666,0.6753273082121741,0.9558209137948426,False
PTPRM,0.05304863959214501,0.5165491863263567,0.9265888182165767,False
LAP3,0.23855554047749195,0.060493588510442196,0.5588240068148651,False
S100A2,-0.6047748191345228,0.074000428524832,0.5939240829767172,False
GTF2E1,0.18043660443522214,0.5420834173742185,0.9347557814904268,False
GTF2E2,0.15300363054339172,0.4970991669938444,0.9218539307220139,False
TPP2,0.10268562151935967,0.24097813895804682,0.8239307092895942,False
IMPA1,0.03165993329834649,0.8450841468486812,0.9830354933663467,False
CTGF,0.29157502701572824,0.47103064937551653,0.9074880407975435,False
EPHA3,-0.13997578921686227,0.6656021235844326,0.9558209137948426,False
SHC1,-0.1331236159801854,0.24903067462925943,0.8278774903177788,False
MPG,-0.2759237073445142,0.11904166471807913,0.6833260061341345,False
ARID4A,-0.3680675420121844,0.08513215008510837,0.611301509390781,False
KDM5A,-0.1588361195634782,0.2538157368954697,0.8286541531755407,False
TKT,0.0335539936692868,0.7847175469395209,0.9757676912534892,False
RBMS1,-0.2606584538783352,0.08107809800929597,0.6107556612730876,False
PML,-0.1938358570772465,0.21801583630820306,0.7989361655144002,False
EEF1D,0.018456745954136267,0.8418110315235708,0.9824574286373784,False
MARCKS,-0.26800689360525,0.18709626790859707,0.767433867516824,False
GNA11,-0.45680417709516163,0.11710572467457735,0.681157398507616,False
ALDH4A1,-0.10959687384940153,0.6530272349614847,0.9558209137948426,False
ERP29,0.2504843415622169,0.03548741033406258,0.441004031071694,False
PRDX6,0.04416126638111706,0.6411256970280838,0.9558209137948426,False
C21orf33,0.022077396453077824,0.8375704274324218,0.9814622066449394,False
BLVRB,-0.02036982425655154,0.8737730365628795,0.9864997068182194,False
PRDX5,0.08319345781287524,0.7427854588636852,0.9732623744879622,False
DDT,-0.4154268463228732,0.1037873818458083,0.6505255545260021,False
PRDX3,0.026740498758105247,0.7528030746372509,0.9737735160683184,False
ATP5D,0.18128327155162438,0.18359017361063104,0.7644955993710568,False
RPL12,-0.08967657831025733,0.3773879071424364,0.8718690155859481,False
ECHS1,-0.07058636933559725,0.5468671217204468,0.9371744149856392,False
CMPK1,-0.1362753426776777,0.271480073667718,0.8386146206467584,False
PEBP1,-0.09500136158818506,0.6163771105974745,0.9533884235117631,False
PDIA3,-0.044847549109434226,0.5912613239084227,0.947780458509137,False
PPP2R1A,-0.0768299070374816,0.3003102126739362,0.8533193234033211,False
PPP2R1B,-0.05321706940418025,0.8175563449761692,0.9796427422937294,False
CDC27,0.2811282609435075,0.05656526825447555,0.5457233901312596,False
CCND3,0.049656051887307484,0.523047668176915,0.9283883178018956,False
WEE1,0.0324215277094666,0.6753273082121741,0.9558209137948426,False
PPIF,0.13282142031273736,0.13809678278527177,0.7092201095157413,False
NKTR,0.2658625959762482,0.1606109521412179,0.7511129920266986,False
NMT1,-0.031011385500711697,0.7139843216736742,0.9664222233025915,False
HLA-A.2,0.02197746122260469,0.7728412464127262,0.9747728847731245,False
HLA-B,-0.09875743221366662,0.6823643809228845,0.9571167381095452,False
HMOX2,0.14165299334286985,0.26493094916958954,0.8340658796019123,False
ADSS,0.0035367649275421797,0.9674493221782487,0.9961388673740844,False
LRPAP1,0.05865156193215526,0.48864692192085174,0.9167472135745426,False
ADSL,-0.1037988893826487,0.47571151625253605,0.9106367586519569,False
PKLR,0.25153787360407165,0.41429221321112136,0.8770879497439329,False
CLIP1,-0.1760053698110582,0.19313773115978777,0.7738737858114784,False
SRI,-0.450065010826183,0.13419072095103365,0.7003384341605041,False
GSTT1,-0.2618567321149996,0.03002879702823601,0.42081735441190454,False
SERPINB1,-0.050957495070719006,0.8075267985106621,0.978017374036115,False
SLC7A1,-0.191750765644084,0.2523259406910333,0.8280879008147418,False
ALDH1B1,0.17160132346705836,0.12031787717094115,0.6833260061341345,False
POLR2B,0.10489244876043458,0.12813461534349327,0.689419941250317,False
SDHA,0.09687324849963375,0.06550824367912252,0.575096245668695,False
CORO1A,0.024200713721448608,0.7661209187383832,0.9747728847731245,False
GDI1,-0.1363012416358842,0.3371693319709866,0.8676073108938235,False
MAT2A,0.0904554383853835,0.3662583342878599,0.8691502432621906,False
PRKAR1B,0.003566313376211383,0.9869302807315167,0.9972240854967319,False
PRKAR2B,-0.03480702558958626,0.9013287169647772,0.9906253158153695,False
CPS1,0.03130645085655814,0.7814673638665828,0.9757676912534892,False
RRM2,0.30378429176161603,0.30965609234437186,0.8599825844982091,False
SDC4,-0.4202443331781609,0.05278054631321325,0.5217247550315319,False
TIA1,-0.2539137362354751,0.0030637780105027645,0.21188217009413088,False
SLC6A6,-0.6788630089554886,0.08551085501461385,0.611301509390781,False
GABRA5,0.12142022734611757,0.2552512854925506,0.8290968166032652,False
DNAJA1,0.11304497946687775,0.2014332484067668,0.7836898146901718,False
AKT1,0.11587299380688876,0.5560532129285751,0.9412902243607043,False
AKT2,0.05999910349806825,0.48386392579489873,0.9142140904688919,False
UQCRC1,0.0633308766012064,0.663507103237159,0.9558209137948426,False
HIBADH,0.1722250657133486,0.17895931296973816,0.7632902418660206,False
ATIC,0.18000092790537892,0.10378951610260359,0.6505255545260021,False
HNRNPH3,0.030529517918452598,0.7976062630446213,0.9768683851080251,False
HNRNPH1,0.050879665737046054,0.5542245321222629,0.9412902243607043,False
YWHAB,-0.16651216015301884,0.06916954022223831,0.5864374062320205,False
SFN,0.3344487235918763,0.23313225138262197,0.8149286156262824,False
STIP1,0.033101385479568535,0.6619316932696082,0.9558209137948426,False
S100A11,-0.394987326979372,0.010138243086142935,0.27723019915493463,False
L1CAM,-0.06355835029565071,0.5920207087471021,0.947780458509137,False
INPP5B,0.013667749650675631,0.8997290289019637,0.9905448320860241,False
PRDX2,0.082235516222525,0.4825000618269334,0.9142140904688919,False
ARRB2,0.3780762579119994,0.01002215717328652,0.27723019915493463,False
GK,0.0563878739355026,0.8740490906509861,0.9864997068182194,False
DCTD,0.01994186302153622,0.9424617770534448,0.9929705792864855,False
PYCR1,0.0037513991834110527,0.9763121570661348,0.9962842896797618,False
GBP2,0.14893674521771771,0.24552351098308658,0.8254669765810669,False
ELF1,0.07727679378471564,0.3823772238594211,0.8718690155859481,False
GTF2H1,0.85248729332681,0.06002468959213744,0.5588240068148651,False
STX2,-0.060455225376571775,0.4485134182095094,0.8946977465540291,False
CTH,-0.23241132001551534,0.29770934208686134,0.8518273082832161,False
RPL9,-0.15082116665506362,0.2308668947193997,0.8149286156262824,False
ACSL1,0.38393386016961273,0.045688410637231516,0.4894971678172537,False
KIF5B,-0.1539791377348081,0.07864607769157259,0.6031882940385503,False
CSTF2,0.15503882763863075,0.10823741353339017,0.6614508604818288,False
DUT,0.36781039007766836,0.004638893614284131,0.24468262629441295,False
ABCC1,0.20954791431626774,0.06304742606413546,0.5662521990783712,False
CKS2,-0.17886333361359874,0.30758603147440366,0.858327802648197,False
ABCD1,0.07654134091322007,0.5712197407169548,0.9426811085231039,False
TTK,0.01831921188928476,0.8102497385320191,0.9784692852828405,False
MCM4,0.2677156482607863,0.011618107111698351,0.29186291759110733,False
MCM5,0.17092227819372852,0.24398433392512098,0.8246004142899965,False
MCM7,0.16376087701882014,0.17887901634655343,0.7632902418660206,False
GALNS,0.07337048098260723,0.525702837986091,0.9283883178018956,False
SDC2,0.01853806258466051,0.8164762843416666,0.9796427422937294,False
CD68,0.09679890397477564,0.6402284742521436,0.9558209137948426,False
SHMT1,-0.015445430081669542,0.9452221842411455,0.9929705792864855,False
SHMT2,-0.006054937081970024,0.9736532143261781,0.9961388673740844,False
EPHX2,0.051200660085950034,0.5404649650319499,0.9345293327399908,False
HSPA1L,0.46834991996179554,0.3845379720598305,0.8718690155859481,False
HSPA4,0.06753439233153813,0.3704336879513928,0.8701811028798047,False
MPI,-0.11553348672870101,0.5056832448827356,0.9247690556585174,False
GPC1,-0.9662992324799475,8.573948940270495e-05,0.11034672286128128,False
PFN2,-0.129204925358664,0.43286220321387575,0.8834107604075652,False
CA8,0.4090138047888736,0.0005922131566988036,0.12702972211189337,False
CTNNB1,0.20641265340667658,0.4165286785426297,0.8785174586870791,False
BMI1,0.1498268010751822,0.42069172487066786,0.8799102302725008,False
PCGF2,0.0480682809376205,0.8587253544721187,0.9853597817453787,False
PHB,0.23321003138432062,0.18288873814511727,0.7644955993710568,False
SERPINB6,-0.12663036400235583,0.601281169953545,0.9488724762217042,False
NF2,0.2857174630912134,0.10152938820407763,0.6500968265353259,False
RDX,0.1902551252776199,0.10050222175633278,0.6500362769284888,False
RPA3,-0.2681294968245638,0.17225482706153256,0.7613501152595638,False
RFC4,0.2526209457124864,0.03604530458933498,0.4460606442930203,False
RFC2,0.23028631008496347,0.008000661461723338,0.25614057963278447,False
RFC1,0.2098719883312299,0.013970429880958118,0.31093670762677067,False
RPL22,0.17012821055368832,0.08689272194963991,0.611301509390781,False
GTF2F1,-0.007383135495473425,0.9450803095130009,0.9929705792864855,False
SPR,-0.08897098974910378,0.650731303362812,0.9558209137948426,False
AGL,-0.14128518252578814,0.22570891754510533,0.8078069434943008,False
MYH9,-0.27739492925364573,0.035824470994813694,0.4441820247622854,False
MYH10,-0.06115207385263233,0.6693248663712229,0.9558209137948426,False
COPB2,-0.15115411731039785,0.04587423603776757,0.4894971678172537,False
SOAT1,0.24335820357587323,0.25954508389026165,0.830105673376657,False
ADD1,0.24185368761746773,0.16123385102198673,0.7514444725590148,False
BSG,-0.009455996857482774,0.9517440679395976,0.9936382978877489,False
TIMP3,-0.41239490781290655,0.46670028995047425,0.9027172085803488,False
ADRBK2,-0.11568752604969035,0.4459418270078372,0.8937143094373057,False
FUS,0.08132324965363225,0.5730029798764958,0.9426811085231039,False
NUP214,0.04619592922083271,0.5237519402922334,0.9283883178018956,False
DEK,0.02999572155687602,0.8670110040558534,0.9855253681560873,False
SOX5,-0.3366524264656334,0.27793023990536675,0.8435505643804808,False
SOX6,-0.013273897467669826,0.8741249009362788,0.9864997068182194,False
MYH11,-0.041560342443819565,0.7217683673713422,0.9697951848439991,False
CHKA,0.09183533863347293,0.7399996067707612,0.9732623744879622,False
PPM1A,-0.021095017487574808,0.8188745517869601,0.9796427422937294,False
HMGCL,-0.8203266142874099,0.013484791833888957,0.31028275176345754,False
PSMC2,0.018932328599490234,0.8058100843247071,0.978017374036115,False
GJC1,0.10373291562443043,0.19272234907710656,0.7731722670269207,False
ARL2,-0.29753558318230944,0.09551455002300668,0.6356113023764716,False
ARL3,-0.5693081307272898,0.017705458676579394,0.349492719582173,False
MAP2K2,0.04671196422516033,0.5897510875879375,0.947780458509137,False
ATP5C1,0.0444385131554661,0.8178226560471293,0.9796427422937294,False
ATP6V1E1,0.15191156102236292,0.25417988673677777,0.8286541531755407,False
CPOX,0.12349062445945336,0.28722193052593514,0.8478070461855779,False
RPL4,-0.08295817663159255,0.5107881872528531,0.9250452957671652,False
NUDT1,0.23049309560589393,0.04929166713402737,0.5050826082921436,False
LONP1,0.17100743347198488,0.05760753723146296,0.5514621153946684,False
PGM1,0.030065050597208653,0.7622460209861193,0.9747728847731245,False
PPP1CC,0.3586620246521477,0.3145619525192799,0.8602661132433345,False
TGFBR1,-0.6860000276724207,0.0021679193155350685,0.20029505689003724,False
GNL1,-0.2316213163368701,0.2375224957811053,0.8193090911923891,False
LTBR,-0.05544405444713618,0.638962862882747,0.9558209137948426,False
POLR2I,-0.01241554315631177,0.869255581657,0.9858570782575957,False
SREBF1,0.15933503088640677,0.33046800245887553,0.864988327445132,False
DLST,0.1263051799622339,0.2720167059479472,0.8386146206467584,False
GMPR,-0.5270140683748323,0.08323891279010172,0.6107556612730876,False
GPX4,-0.6592897780050109,0.006351815896463744,0.2495805951257824,False
SRP14,0.05909501154563657,0.6783594035530334,0.9568123106951699,False
NUP62,0.050710489651510926,0.5357801687621133,0.9319600429228658,False
HPCAL1,-0.5464494891720832,0.04183597996424492,0.47564404782670683,False
FDFT1,0.2176565319925814,0.10749562962930775,0.6588175046678757,False
TAGLN2,-0.6034522617840246,0.02762157015843703,0.41397735564655364,False
TALDO1,-0.11754676004937537,0.1425610754505233,0.7231874096681713,False
SNCA,0.21391724369411236,0.39995748778958307,0.8770879497439329,False
ETFB,0.06810698647023017,0.56451003766043,0.9425436825432365,False
RBMX,0.20198799780051857,0.32381031482319755,0.8638969220096503,False
BRCA1,0.0927784011956696,0.40946844510810326,0.8770879497439329,False
COIL,0.06685082964894562,0.5199338761544826,0.9270641432679677,False
GGCX,0.017574109050848108,0.816160503609397,0.9796427422937294,False
LIPA,-0.4775168846948894,0.0624603176535876,0.5653380532332504,False
ATP6V1A,0.01895986936629157,0.9113856144346949,0.9928502503618185,False
HSPA9,0.07347588464993038,0.38924527270621784,0.8724463008932468,False
EIF4A3,0.153407558013253,0.1332745556602227,0.6978208020126387,False
IGHMBP2,0.0324215277094666,0.6753273082121741,0.9558209137948426,False
CDKN1A,-0.8877892302799708,0.00423455969328671,0.2386449048723498,False
RPS19,-0.34615704774865463,0.31329067917527986,0.8600791469679718,False
RPL3,-0.006914375538471518,0.9430488249637997,0.9929705792864855,False
DDOST,-0.051300704006479236,0.6740741780197964,0.9558209137948426,False
ANP32A,-0.20236006767143166,0.1505243123894931,0.7377854205205973,False
FEN1,0.23178178835560814,0.016721100989562896,0.3400722824398676,False
CUX1,0.16925630737146946,0.038960056539385515,0.4651353688885822,False
CAPG,0.18558490086383728,0.22225487678615044,0.8026978449909309,False
CAP2,-0.3336674649584239,0.12236261712725315,0.685977301236774,False
DCT,0.004363804333525678,0.9907413342334505,0.9976981717606491,False
TXLNA,-0.053969545623242965,0.48777607377899845,0.9159788918854416,False
CCT6A,-0.07394300951225574,0.5450708859517389,0.9363404033901335,False
NNMT,0.0696225093070666,0.3834691444836547,0.8718690155859481,False
PBX2,0.173495549863258,0.23147741392122387,0.8149286156262824,False
RPL13A,0.09853293882076741,0.442535983902889,0.8918631557829911,False
ARL1,-0.22649918613476316,0.08464817652721393,0.611301509390781,False
MLH1,0.10433887573091738,0.5092524214456962,0.9247690556585174,False
STAT3,0.07690026143462347,0.5514090787301953,0.9412902243607043,False
USP8,-0.3625033175536032,0.07160652462886165,0.593521348757803,False
PEX19,0.01807176269642241,0.8269266252010566,0.9796427422937294,False
MDH1,0.026844165861625413,0.829798915705651,0.9796746903350853,False
MDH2,0.04638584526850309,0.5133028527064576,0.9257573377965317,False
RFC5,0.18057089489032307,0.09099131131741142,0.6266070553262433,False
RFC3,0.3399371585551947,0.010066188249121073,0.27723019915493463,False
HADHA,0.11387929363925764,0.39178341709742603,0.8755669269616613,False
PMEL,0.4553096409244759,0.31183533857364215,0.8599825844982091,False
EIF2S3,-0.030880196351009914,0.6504818142657381,0.9558209137948426,False
ETV5,0.006471316959704154,0.93417068171538,0.9929705792864855,False
ETV3,0.3980859853420533,0.05510995440423682,0.5351693511082973,False
CETN2,-0.6534972660051039,0.017801409066278657,0.3503121325428231,False
EIF2D,0.06327835914888524,0.4272957571529861,0.8800723730691165,False
BUD31,0.4951202378267432,0.01787229819712758,0.35053375702804807,False
NAA10,0.1613334289783559,0.07810071692389378,0.6026116467688927,False
KDM5C,0.08471612172142784,0.311876968080804,0.8599825844982091,False
PPP1R2,-0.2497699788318961,0.2732509926531717,0.8387613457825793,False
CSK,-0.2888332658211894,0.30597549878882013,0.856811285772871,False
PNPLA4,0.0075486125740980015,0.921449872172607,0.9929705792864855,False
GARS,0.12550733111094914,0.23409829714431632,0.8152778102905333,False
IARS,0.06808418344786915,0.4580688269839873,0.900052794394491,False
SLC19A1,0.02004183356296707,0.7927791828780703,0.9757676912534892,False
EIF1,-0.21243396309123241,0.18394862388541808,0.7644955993710568,False
PRKCI,0.04541588227110083,0.6620945817885625,0.9558209137948426,False
ACTR1B,-0.36390905512260474,0.12029706183318835,0.6833260061341345,False
ECI1,0.07323007320099961,0.5602727765323119,0.9412902243607043,False
TMPO,-0.11830041070112784,0.12679505913557657,0.6868815000283959,False
TMPO.1,-0.026423627527130122,0.8570728068891865,0.9849296200170881,False
STAT1,0.15684014608826402,0.1719735808460368,0.7613501152595638,False
SKIV2L2,0.20328125090496485,0.04368560525727817,0.4813645031345634,False
ARHGAP25,0.2416029078087618,0.2176231871593778,0.7987194806067339,False
MTOR,-0.09209998590804958,0.3510785440341557,0.8676073108938235,False
PI4KA,0.14925037993235435,0.16933074132256398,0.7613501152595638,False
EPS15,-0.10064560147559831,0.35216239778176445,0.8676073108938235,False
CASP3,0.04134808091951925,0.8534731519497858,0.9844804580394803,False
CASP2,-0.31250397703927035,0.19794604737971666,0.7779215588505767,False
RPS27,0.043498412403543796,0.7822727129058787,0.9757676912534892,False
ABL2,-0.009127969002264535,0.9222915687625903,0.9929705792864855,False
HELZ,-0.07780520602579344,0.6559210862678354,0.9558209137948426,False
NCAPD3,0.8856498939149979,0.0013168484164403954,0.1842156426042162,False
RBM34,0.12169674819355691,0.2332754458123407,0.8149443505984867,False
LRPPRC,0.225748588395561,0.006894121575556218,0.2495805951257824,False
ACAA2,0.12068652497962518,0.2512075224171987,0.8280879008147418,False
RPL35,0.0662969464383778,0.8932726648094272,0.9896259744685637,False
PRCP,0.11967115923543403,0.4863783264444826,0.9146243514524387,False
HTT,0.03907161525309277,0.656946203156694,0.9558209137948426,False
ECE1,-0.6559269021526681,0.020440577658451507,0.3726207287029333,False
SLC1A3,0.025638213268774024,0.7380040134631345,0.9732623744879622,False
SLC1A4,0.17543128062049362,0.2324304652780489,0.8149286156262824,False
PAFAH1B1,-0.2450215296980538,0.04124020579907144,0.47432250374435264,False
MCAM,0.46969566954429354,0.001248304192410449,0.18256448814002815,False
CRAT,-0.21562364380562826,0.12124906756560219,0.6833260061341345,False
CTSK,0.052882116198418316,0.8841070882985748,0.988414301604248,False
MATR3,0.05322003230923755,0.5647938523522487,0.9425436825432365,False
MSH2,0.19844673047064632,0.014061007291280538,0.31093670762677067,False
GRK6,0.044093871916828675,0.5461589100437728,0.9370679211815144,False
GPD2,0.07935857944814018,0.3276208545321016,0.8643320035562339,False
SSR1,-0.30988949735420235,0.09900458667232806,0.6455009185882099,False
MAGEA6,0.05622002380020419,0.42440263145636914,0.8800723730691165,False
PTPN9,-0.38895945359299944,0.09570381316441591,0.6362128488770831,False
RANBP1,0.06120765662603844,0.5566384770504921,0.9412902243607043,False
NAMPT,-0.23857889525593023,0.10280055956866008,0.6503730453397883,False
PSMC4,-0.026131243255004932,0.7135710964439675,0.966294193101206,False
GATA4,-0.40551290140323104,0.0033232522656808663,0.22037601111553828,False
TSFM,0.2441628419600832,0.024199812163904842,0.38931447818681914,False
VDAC2,0.09733461968043855,0.7063340770092444,0.9645093452622473,False
ACADSB,0.17136771026188669,0.4535596687576549,0.8977719066304242,False
CBX5,0.14976038490928545,0.15667434724237658,0.7475311155409757,False
USP5,-0.18492564780684972,0.12645562735647584,0.6868815000283959,False
MAPK9,0.005155222911138679,0.9525385753832541,0.9937755654486585,False
MAP2K4,0.10297690710677188,0.2903873484348032,0.8487579901098453,False
MKI67,0.7757214051658394,0.0016810498254808154,0.1988338093663365,False
RANGAP1,0.06356104753513137,0.28296921814320103,0.8457356496499373,False
RECQL,-0.23444418986725069,0.1018047956639451,0.6501012381139514,False
NOP2,0.18761842250117766,0.04574581169299369,0.4894971678172537,False
ATRX,0.303389771836553,0.7251833728622933,0.9702869229134838,False
CRK,-0.1975924130670137,0.14919766995659803,0.7368142988107953,False
CRKL,-0.26272750056859806,0.029779529388706698,0.42081735441190454,False
MTIF2,0.06986499074125518,0.791236027024779,0.9757676912534892,False
BAG6,-0.011616864962800122,0.9051288960346039,0.9906253158153695,False
NSF,-0.1444049754740533,0.0074472940759934035,0.24960071551571641,False
CDKN1B,-0.07079388460307001,0.3123850460000331,0.8599825844982091,False
BDKRB1,-0.015358660771390475,0.8681592308734674,0.9855253681560873,False
IER3,-0.05478537456470889,0.6460000377659424,0.9558209137948426,False
MAP2K3,-0.003044213290781528,0.9832005814630382,0.9972240854967319,False
BRCC3,0.004751774054291502,0.9538404256129861,0.9941741692960507,False
RPL27A,-0.19518697978767108,0.5248087490158218,0.9283883178018956,False
RPL5,-0.1351845775788263,0.38088784176394536,0.8718690155859481,False
RPL21,0.0034344537149664234,0.9743829811027224,0.9961388673740844,False
RPL28,0.01282151729360237,0.9309072688223965,0.9929705792864855,False
RPS9,0.06453464722691393,0.6136836819519429,0.9524750433088539,False
RPS5,-0.00033949572033620257,0.9980065326473525,0.9995822144026556,False
RPS10,0.025322224309878294,0.8826786903687573,0.9881763000213907,False
GNPDA1,0.106404123883447,0.44928815663460503,0.8950988507565584,False
NEDD4,-0.1846082539144902,0.24544985674698594,0.8254669765810669,False
YAP1,-0.45512593680245317,0.03253423141265407,0.4329938901791078,False
UTRN,-0.1940159401052881,0.3140083063103375,0.8602661132433345,False
IQGAP1,-0.2038791897200376,0.20690955084818013,0.7879967471773515,False
GYG1,0.17489529588315378,0.6074806301813325,0.9516690600336835,False
STT3A,0.29482711764496017,0.2721541381399013,0.8386146206467584,False
RAP1GAP,0.06998724532008538,0.5579210899016047,0.9412902243607043,False
CAPZA2,-0.07782245110029606,0.33228357960983496,0.8660367901131177,False
CAPZB,-0.09869778855859579,0.20339424973441037,0.7851644396273738,False
EIF1AX,0.11368796204120102,0.6389705582598174,0.9558209137948426,False
QARS,-0.11305262345651812,0.2168102314257935,0.7987194806067339,False
RPL29,0.72723331374198,0.14139249807261994,0.7199436486928782,False
UQCRFS1,0.103662969003814,0.4541529719378686,0.8982381439614627,False
SLC6A8,0.05594684443239828,0.49544294136893546,0.9201083196851659,False
ATP5O,0.11093309731895928,0.3123585048028903,0.8599825844982091,False
LIMS1,-0.20104986126830937,0.15733935471677363,0.7477686466783148,False
PREP,0.10870354998457543,0.6537433248343861,0.9558209137948426,False
ME1,-0.9908692564364436,0.03224833429838737,0.43143041831626344,False
IREB2,0.04532760730517893,0.5770250863824582,0.9426811085231039,False
RFX3,0.08802232080210359,0.33852253103819674,0.8676073108938235,False
RFX5,0.2488409709662136,0.4574884031858627,0.8994616176294,False
PIP4K2A,0.023028631126450705,0.8862725106645982,0.9884573904708166,False
RXRG,0.0324215277094666,0.6753273082121741,0.9558209137948426,False
ARCN1,-0.010090858904515443,0.9044847814327719,0.9906253158153695,False
LSS,0.364971655166908,0.027580965391588202,0.41397735564655364,False
GCLC,0.03684526457784543,0.7216991250521106,0.9697951848439991,False
GCLM,-0.028349585485518247,0.8735119657823581,0.9864997068182194,False
CD151,0.02486215396420377,0.7525918871414274,0.9737735160683184,False
TRAPPC10,-0.10278194630164705,0.4586295954979881,0.9000575632418679,False
PSMD8,-0.09012868982618372,0.7719803071764341,0.9747728847731245,False
PRRC2A,-0.05253679930685706,0.6726073837870417,0.9558209137948426,False
GSS,-0.18464004396392397,0.44876852619971597,0.8946977465540291,False
CCT5,-0.016841890708640506,0.8204074079139702,0.9796427422937294,False
PTDSS1,-0.18158755507464264,0.4979365241559961,0.9228468816256954,False
HSPA13,-0.19836661209031092,0.02442134409914567,0.39017973021447133,False
CSNK1A1,0.045018690394005745,0.7876543493694155,0.9757676912534892,False
CSNK1D,-0.21624042210324035,0.4246811102793237,0.8800723730691165,False
IDH2,0.004745088274560771,0.9403425281582067,0.9929705792864855,False
PITPNB,-0.23577843341114502,0.03008173784451843,0.42081735441190454,False
CD97,0.3447831319276169,0.3794622170371535,0.8718690155859481,False
POLD2,0.10789313834523284,0.48504977111411857,0.9142140904688919,False
MARCKSL1,-0.051567176661343694,0.7842386005617543,0.9757676912534892,False
PXN,-0.37762001829593217,0.0569121148990535,0.5482476936757623,False
CAMLG,0.21668802908544293,0.38902328036991246,0.8724463008932468,False
NR2C2,0.01615340486038619,0.8393428966130216,0.9818672109238561,False
DNASE1L1,-0.02622031623824128,0.7540238027698875,0.9737735160683184,False
ALDH9A1,0.029817658945663794,0.7661864789546897,0.9747728847731245,False
RPL34,-0.7574452979471396,0.2623453543884554,0.8328526667438138,False
RPIA,0.040869574081479954,0.5938610033420088,0.9479632391439603,False
LMAN1,-0.15133776801940257,0.17505987410225576,0.7613501152595638,False
NASP,0.27108453261810794,0.08465477508141053,0.611301509390781,False
FASN,0.12453395288506641,0.26338628803056785,0.8340434586438081,False
FNTA,0.20005446285184192,0.22594843914242546,0.8079163189869645,False
DHPS,-0.018097260701100737,0.9596918850161451,0.9943137920657577,False
CCT3,-0.034560981947318936,0.784748929201799,0.9757676912534892,False
MRPL19,0.4256593203731214,0.1268507957689499,0.6868815000283959,False
ARRB1,-0.1910603200115517,0.28265057347681494,0.8457356496499373,False
TUFM,0.06872714775682454,0.21174104312751152,0.793549472866806,False
ALDH7A1,-0.03105899113063515,0.6708248260312234,0.9558209137948426,False
CDC34,-0.008471569050488625,0.9147670619103928,0.9929705792864855,False
INPP1,-0.22438100155320484,0.13001056422456106,0.6931383436495862,False
GLUD2,0.00845781488106212,0.9381341607423723,0.9929705792864855,False
CENPF,0.11594784525468782,0.44443487503074924,0.8937143094373057,False
SRP9,0.32521674807729894,0.6554105197100157,0.9558209137948426,False
UBE2A,-0.0426117997971005,0.8669103110601671,0.9855253681560873,False
PCYT1A,0.028660553728677485,0.791730138533198,0.9757676912534892,False
AARS,0.20404695280514318,0.04615549214767557,0.4894971678172537,False
CARS,-0.13857198575028917,0.25137379097803875,0.8280879008147418,False
HARS2,-0.1763202071730241,0.24476639350448384,0.8252168714006759,False
SARS,-0.08567416722000942,0.4628887966670029,0.900531604432244,False
PPM1F,-0.01535262753463229,0.926314451863585,0.9929705792864855,False
MAN2A2,-0.10156906481016392,0.4616731024365605,0.900531604432244,False
PRIM1,0.20359189664631572,0.1976589531914119,0.7779215588505767,False
PRIM2,0.11317279481392006,0.18129164393029248,0.7644955993710568,False
CASP4,0.05124823645924437,0.555802111490036,0.9412902243607043,False
CSNK1E,0.07159974485099596,0.40093064852997295,0.8770879497439329,False
CTCF,0.2127694606661663,0.10149061998460811,0.6500968265353259,False
PSMB3,-0.06645018537771463,0.5178786464461339,0.9265888182165767,False
PSMB2,-0.09034806470855727,0.7613909635654857,0.9747728847731245,False
MCM2,0.2312135205627328,0.039720920710194646,0.46643088461697546,False
ACADVL,0.05264268994470811,0.7793592688909144,0.9757676912534892,False
YLPM1,0.08981727015171259,0.15851458467524934,0.750716157098671,False
ACOT2,0.06816441968640774,0.45559142606244313,0.8982715534478075,False
VPS41,-0.15449096281564678,0.4177463003483809,0.8789314592683469,False
TMED10,-0.005112620112676325,0.9577328249772231,0.9943137920657577,False
RBM25,0.1479096644855531,0.15503034477775285,0.7444754364710432,False
NUMB,-0.589275084988202,0.02912885505752742,0.4193382154254786,False
CLK1,0.08030644280489696,0.37549594875518044,0.870648455024905,False
PSEN1,0.046516312815221283,0.6472536105524298,0.9558209137948426,False
EIF2B2,-0.013482197881060642,0.9118673352352884,0.9928751356394397,False
HINT1,0.028077309183089483,0.8203043810580154,0.9796427422937294,False
NUP153,-0.028333450011743366,0.83238341417601,0.98043044117166,False
RANBP2,0.09025218705581395,0.2495325106901494,0.8278862910247803,False
RGS19,0.04391157839872051,0.6234357925976479,0.955192696515682,False
PSEN2,0.18762148640709597,0.16300596197802297,0.7530103125115419,False
TSC2,-0.03345115538946786,0.7476512898092706,0.9732623744879622,False
NDUFV1,0.09479515993134768,0.695350004837286,0.9627230094035356,False
GSK3A,-0.17175208336609415,0.357083415026274,0.8676073108938235,False
GSK3B,-0.053027590456931506,0.7483503995862071,0.973445486423538,False
TAF6,-0.022369346058635386,0.9185189846501304,0.9929705792864855,False
NT5C2,-0.36758822063735863,0.13999426737188606,0.717247699472999,False
SEPHS1,-0.06780791666043484,0.5166502869961354,0.9265888182165767,False
MTHFS,-0.37699623563498363,0.1891954734047232,0.771321598050201,False
GMPS,0.033636017489410364,0.7001874864946782,0.9633810724588848,False
LIG3,-0.06537795806507063,0.5967635798605918,0.9479632391439603,False
LIG4,0.0324215277094666,0.6753273082121741,0.9558209137948426,False
MRE11A,0.09723397434920145,0.5259302216390086,0.9283883178018956,False
HNMT,-0.1932886184828,0.46752729990895403,0.9034649173916274,False
GNAQ,-0.19413652819418914,0.4101915028576859,0.8770879497439329,False
GNG4,0.0749615630474274,0.43539393361084294,0.883557225728721,False
IDH3A,-0.049020312040582326,0.6410906069110607,0.9558209137948426,False
MMP14,-0.53085128644123,0.14988188300595665,0.7368142988107953,False
PPOX,-0.33272259460527565,0.09512139523483826,0.6356113023764716,False
GDI2,-0.058872867386000394,0.5522432867544208,0.9412902243607043,False
EMD,0.07349085941632438,0.49968370053903943,0.9241165240783552,False
CPT1A,-0.14616326649731803,0.567409058630576,0.9426811085231039,False
SLC26A2,0.011649736474389272,0.8786764351210201,0.9865356311419047,False
SERPINB8,0.022138969830134414,0.7794307396572724,0.9757676912534892,False
SERPINH1,-0.38450381896607766,0.003701500552640018,0.23352113780625994,False
ST13,-0.10282330207949641,0.3919667868777044,0.8755669269616613,False
PEX5,0.09284246651283112,0.49289870824315,0.9192936166434658,False
ERF,-0.10117579481711303,0.4892237149324669,0.9174333597268364,False
VASP,-0.36266880248386,0.1633636753264592,0.7535808248930216,False
DNM2,-0.09208535503471182,0.2663304944336354,0.8342043180305807,False
METAP2,-0.1773521695202085,0.007192680695032581,0.2495805951257824,False
CDK7,0.033306571008356656,0.8251900297918517,0.9796427422937294,False
KNTC1,0.06301674372878097,0.7542510507575603,0.9737735160683184,False
CDK9,0.13418039800281534,0.2927608555052038,0.8487579901098453,False
LRBA,0.12452974280322593,0.3231806012521356,0.8637689122788939,False
BCAM,0.017940294123555134,0.8258024853474841,0.9796427422937294,False
PPT1,0.18057732601838694,0.48314529813499485,0.9142140904688919,False
RPL14,0.06703161914584044,0.895002352809725,0.9896259744685637,False
CCT8,-0.02163488900779953,0.848184503266712,0.9839674199605718,False
CCT4,0.007507494112900304,0.9307699889836334,0.9929705792864855,False
ANXA11,0.11165008176621427,0.6237355781763539,0.9553606923919843,False
PAPOLA,-0.09013584023477961,0.5188305134394121,0.9266373449854614,False
FXR1,-0.05932413390423008,0.5030969915565233,0.9241165240783552,False
FXR2,-0.2657255493653281,0.04393808213899059,0.4816462528279052,False
RAB5C,0.17342700407635192,0.004503201790588603,0.2425620724982544,False
RAB7A,0.17194592441883216,0.2773363868179919,0.8435505643804808,False
RAB9A,0.3700056220808108,0.01645930524054614,0.3400722824398676,False
RAB13,-0.46229170584535595,0.03183816260852479,0.4310127454299641,False
RAB27A,0.365732003416003,0.11386616174103814,0.6770631006774708,False
PDE6C,0.034068386649543925,0.6609751319943158,0.9558209137948426,False
PLCD1,0.0743590301857715,0.4336543109439242,0.8834310868100671,False
DAP3,0.04260783053691597,0.9157123958791913,0.9929705792864855,False
DUSP3,-0.22630731168599993,0.4370083202031729,0.88599512933441,False
SMARCA2,0.08054054821260337,0.6859605499287718,0.9576425556985229,False
SMARCA4,0.14003979497492836,0.07413524520717231,0.5939240829767172,False
IDH3G,-0.08368055056953594,0.5326021039429,0.9294807961282194,False
GALK1,-0.35765901957402946,0.22309818468188283,0.8026978449909309,False
SSR4,-0.29581209798804053,0.020275409415625067,0.3726207287029333,False
BCAP31,0.12977166216764502,0.377512671354819,0.8718690155859481,False
TPMT,-0.3833025372329111,0.19043003416471369,0.771775968753144,False
RENBP,0.1542926554633226,0.13227811926224672,0.6967099500286092,False
MECP2,-0.10867732826818255,0.38622558755977915,0.8718690155859481,False
HCFC1,-0.021032317732665007,0.7584254468306628,0.9746858611062325,False
CAV2,-0.018989797209876258,0.8634193301226394,0.9853921882848486,False
ALDH3A2,-0.7090105587815465,0.1079659589234376,0.6604191498786322,False
ALDH5A1,-0.08935131075444502,0.5226932247024503,0.9283883178018956,False
HSD17B4,-0.013451595368522362,0.8822535469023928,0.988076724121314,False
PSMD7,-0.10551860568848781,0.5119139753791424,0.9250806767780483,False
SGSH,0.07308518051910085,0.4323661009053378,0.8827017320196221,False
STAT5B,0.044539068916645164,0.5591738511922594,0.9412902243607043,False
USP11,-0.312265401143776,0.18237389809030874,0.7644955993710568,False
CLCN3,0.04170904342316106,0.6764567069077873,0.9558627380218733,False
CLCN5,0.0711138265064335,0.3092905297405241,0.8597341507042215,False
CLCN7,0.11994784153199234,0.4832055996033965,0.9142140904688919,False
DYNLT3,-0.45203441922681975,0.13130971887926554,0.6958347443338581,False
VAMP7,-0.3215246852756728,0.34086776104639266,0.8676073108938235,False
GPR143,-0.5354877959254338,0.11953313534730302,0.6833260061341345,False
RPS6KA3,-0.6304897166860144,0.009340237176215373,0.2695265750176948,False
AFF3,0.0986749906942741,0.38220571643087353,0.8718690155859481,False
HDGF,-0.15878133728588395,0.17318718950786385,0.7613501152595638,False
LUM,0.03498103629523541,0.719958534248358,0.9693398167578531,False
CCNH,0.15159864913016108,0.2230575466852881,0.8026978449909309,False
MNAT1,0.0801734474313136,0.40624051096326025,0.8770879497439329,False
UBE2E1,-0.0016322207154537693,0.9832210490140071,0.9972240854967319,False
NDUFA8,0.473355232340527,0.12109411908673018,0.6833260061341345,False
HNRNPA3,0.0960667324662765,0.4071978031759473,0.8770879497439329,False
PGD,-0.018842010100463824,0.885678648736816,0.988414301604248,False
HNRNPM,-0.003915967278416588,0.9691497315908862,0.9961388673740844,False
KPNA2,0.5303492573432784,0.011537430636811258,0.29186291759110733,False
KPNA1,-0.0083896494611011,0.9497872476063995,0.9936382978877489,False
NCBP2,0.1916617813111472,0.28861084002966336,0.8487579901098453,False
RAP1GDS1,0.25075857442599414,0.36814313308117447,0.8696941563083704,False
POLR2H,0.14624414254612006,0.10612395532454386,0.6580328721801054,False
POLR2J3,0.12329330651037296,0.17476446630891812,0.7613501152595638,False
ARHGDIA,0.05365646362346865,0.6988642675875721,0.9633409167967912,False
ARHGDIB,0.025168064457574246,0.7556080150755414,0.9737735160683184,False
SLC7A2,-0.4456881390251439,0.04293058784447728,0.47971482333015003,False
AGFG1,0.1810029286857926,0.33380265621039895,0.8668361956069077,False
HNRNPF,0.12090404034368873,0.4032960552320666,0.8770879497439329,False
STAT2,-0.055574746124420926,0.8315055665954202,0.980288607829539,False
GTF2A1,0.22430251400621515,0.5367839939678142,0.9327996315963144,False
GTF2A2,0.006709838702960269,0.934568783934954,0.9929705792864855,False
MSH6,0.13565896403747857,0.21389115971053113,0.796887571096153,False
KIF11,0.30815603318488627,0.2845992028435392,0.8458193698471415,False
VAV2,-0.36008860621925365,0.16415865164621923,0.7556229780711164,False
ZNF131,0.07243119411279153,0.418090007275899,0.8789314592683469,False
ZNF143,0.2849871297513964,0.7381167105135044,0.9732623744879622,False
RBM5,0.2937030694149385,0.07291215321438667,0.5936817089710029,False
HRSP12,-0.11505851994876792,0.5758177938848208,0.9426811085231039,False
SMS,-0.004891815350784867,0.9713617834484664,0.9961388673740844,False
HK2,0.2814465937368311,0.2128549593170392,0.7958870791430258,False
EFNA5,0.04082863172891038,0.6086528382586145,0.9516690600336835,False
MRPL12,0.2866186189974371,0.0237349659424504,0.38701458980125747,False
STC1,0.06529864194844137,0.40436919036108054,0.8770879497439329,False
NDST1,0.044133415402676235,0.567875494247668,0.9426811085231039,False
THOP1,0.2914195432275406,0.08842992682794895,0.615851276123216,False
CAPZA1,-0.02190658532892442,0.8113589116907038,0.9788328827764677,False
HMGA2,-0.31852551886487745,0.5099779933222625,0.9247690556585174,False
CRIP2,-0.13616048111908796,0.5723859352324724,0.9426811085231039,False
NUP98,0.012567480919376095,0.8175281491748649,0.9796427422937294,False
BLVRA,-0.019808644094908345,0.8425966759455051,0.9824574286373784,False
SLC25A1,0.038994282648918244,0.758543402085472,0.9746858611062325,False
PPP5C,-0.14630110541667563,0.5181821616395137,0.9265888182165767,False
PLK1,0.4451761736090951,0.11767800751486075,0.681157398507616,False
ARFIP2,0.18752296088331377,0.398597571329897,0.8770260756315682,False
ARFIP1,0.09118357435220048,0.7213428932887207,0.9697951848439991,False
NUBP1,0.16108912376123996,0.47987974603084,0.9131782184349383,False
ACLY,-0.031962204329825994,0.8411274975819587,0.9824267753414627,False
FOSB,0.08835019743627015,0.36367073387076715,0.8676073108938235,False
CEBPG,0.05090484072255208,0.4753082584407231,0.9106367586519569,False
METAP1,0.27114920476784476,0.07187308173137948,0.593521348757803,False
SUCLG1,0.08281047727093593,0.5667897735612495,0.9426811085231039,False
MVD,0.3728928421380324,0.3891268586192277,0.8724463008932468,False
PGGT1B,-0.4305442927086247,0.08663671827143075,0.611301509390781,False
RABGGTB,-0.1268586582501925,0.4113475425999019,0.8770879497439329,False
COPB1,-0.07153511790438927,0.31633036216729143,0.8605572767205228,False
COPA,-0.11038305345575239,0.08335446018816163,0.6107556612730876,False
CTSC,0.28818543228960536,0.004061384279295685,0.2386449048723498,False
LIMK2,-0.13046614029447667,0.241838597354345,0.8239307092895942,False
CLTCL1,0.019895832068066,0.8120780165720733,0.9791850769746033,False
AP3M2,0.014856854722125945,0.9371172075674805,0.9929705792864855,False
AP2S1,-0.4116486927545395,0.11840561239320059,0.6833260061341345,False
HCCS,0.30193740889544074,0.23097875206385587,0.8149286156262824,False
SLC5A3,-0.7164739498316521,0.15357850798504916,0.7425076625723451,False
SMTN,0.24199511551724484,0.505887029444813,0.9247690556585174,False
SLC16A1,0.2035632481896421,0.0766852308918844,0.5981448009566984,False
IST1,-0.058190975711941206,0.6532039439645451,0.9558209137948426,False
SEC24C,-0.16144988732511578,0.12116213505415831,0.6833260061341345,False
SUB1,-0.014617387663136583,0.9030402728496943,0.9906253158153695,False
POLG,0.3216437733408526,0.06672816967825816,0.5807751207151718,False
CLNS1A,0.15120056714897245,0.2067291121042011,0.7879967471773515,False
BLM,0.8105081026755165,0.0026231751665799588,0.21188217009413088,False
RARS,-0.008347960723867232,0.9159781201636428,0.9929705792864855,False
HIRA,0.20634984902151032,0.3644067226090097,0.8676073108938235,False
ATXN3,-0.08256299544337153,0.6694437373689816,0.9558209137948426,False
ATN1,0.06993761447620273,0.41126004288315143,0.8770879497439329,False
TERF1,0.020017160161891923,0.8442057711753264,0.9827178251651999,False
PMS1,0.030634610339980384,0.6938473163702142,0.9622645432849847,False
PMS2,0.04101946073873819,0.6504699573242206,0.9558209137948426,False
CACNA2D1,-0.008579034467722124,0.9657470731596249,0.9952229790882976,False
YARS,0.15083745786567349,0.05050640681499707,0.512093578596709,False
USP14,-0.020564218577391102,0.7919435422938216,0.9757676912534892,False
PRKAG1,0.06507837621491674,0.591971788318783,0.947780458509137,False
HSPA2,-0.0080647614886864,0.9291459879171502,0.9929705792864855,False
ATP1B3,0.23593899879999825,0.028408842380946174,0.4152677321328016,False
RAD23A,0.08772091550294192,0.5992856108339318,0.9481801885122683,False
RAD23B,-0.033730317214356376,0.7471852661831999,0.9732623744879622,False
EPHA5,-0.004887265832579146,0.9506263239362781,0.9936382978877489,False
EPHB4,0.004314627672791005,0.9715645210643518,0.9961388673740844,False
EPHA4,0.05662218193729274,0.4941490356903337,0.9199494948008993,False
NAGLU,0.029925762372840836,0.6974377534868186,0.963157441357918,False
AK2,0.0009013491600349255,0.9937984734760711,0.9986707923931288,False
PRRX1,-0.07836950062627324,0.5100241458480308,0.9247690556585174,False
ALDH18A1,0.09752904115123329,0.41408425364147794,0.8770879497439329,False
NAPA,0.1396375239582106,0.5185126080482664,0.9265888182165767,False
ADPRH,0.006755500699554773,0.937284749359236,0.9929705792864855,False
EIF5,0.04100177553636897,0.529600066075191,0.9290708236410674,False
SLC12A2,0.5438506288545106,0.005297496089692225,0.2456911588334829,False
PSMD4,0.0016105646905835158,0.9855708874665584,0.9972240854967319,False
DRG2,0.09387919434726655,0.6281891901133894,0.9558209137948426,False
GEM,-0.2591098916927912,0.1330438914759241,0.6971803270745697,False
PLTP,-0.22260036737518618,0.1709974938629931,0.7613501152595638,False
CSE1L,0.13653952439411654,0.08277474731470114,0.6107556612730876,False
VCP,-0.11111373173769934,0.09543381069290273,0.6356113023764716,False
MFAP1,0.1383208813598067,0.29757511496815814,0.8518273082832161,False
HADHB,0.11214530663306022,0.4154954580355256,0.8777784873468836,False
MANF,-0.059743252905946065,0.6456330554390964,0.9558209137948426,False
MLLT4,0.11474948230341298,0.524894249924996,0.9283883178018956,False
ELL,0.1758995777729524,0.209616471659618,0.791133134973397,False
NAP1L1,0.00048356378204417183,0.9964957714683799,0.9992909910236908,False
CASP7,0.06970155969855796,0.4877765852079374,0.9159788918854416,False
CASP9,0.06070616437423482,0.49180347551135234,0.9186517750117713,False
ADK,0.07830291010770196,0.4265102151802323,0.8800723730691165,False
ADAR,0.05826065729280572,0.5655280946555375,0.9426811085231039,False
LAMB2,-0.007243746466276235,0.928912259450191,0.9929705792864855,False
TPD52,-0.04517222910487817,0.6803707519434133,0.9568761506102116,False
PKNOX1,-0.04136220635756516,0.6961227914148642,0.9627230094035356,False
SEC13,-0.09571667541885631,0.2566554254456271,0.8291488368233156,False
NHP2L1,0.24024674911904498,0.6395708145217356,0.9558209137948426,False
NPEPPS,-0.11722607775763905,0.3421155898400573,0.8676073108938235,False
GFER,-0.04251767768597148,0.8087071402091948,0.978017374036115,False
HNRNPH2,-0.09177992246227973,0.7272592790557189,0.9715410962681235,False
OXCT1,0.5234700667005932,0.024557014481164253,0.3901836745340542,False
SUMO3,0.8734448050159216,0.016602122125206998,0.3400722824398676,False
EIF3B,-0.10433746597217564,0.1259073746183981,0.6868815000283959,False
BID,0.09430417682659709,0.569700724341371,0.9426811085231039,False
ATP5J2,0.017637548393750535,0.8190716083989703,0.9796427422937294,False
NDUFV3,-0.04056814112091445,0.9059124248667763,0.990745488446245,False
RRP1,0.2360494958588788,0.007376320752448774,0.2495805951257824,False
MARS,-0.01819510277334757,0.8611783039448491,0.9853852578924835,False
ARPP19,-0.10035107575804147,0.32559760011170474,0.8643320035562339,False
MAZ,0.034919148543913536,0.6473894917347137,0.9558209137948426,False
POLE2,-0.0017480539687895202,0.9882566489847351,0.9972240854967319,False
AP1S2,0.12089103101053311,0.49491609602151915,0.9201083196851659,False
ATP5I,-0.13157194788238868,0.7610490502025428,0.9747728847731245,False
HDAC4,0.18181734691023976,0.1270705715913658,0.6871421245297806,False
EIF6,-0.1378452825096872,0.25274235010728724,0.8280879008147418,False
CTBP2,0.05197284828925319,0.8265515226212867,0.9796427422937294,False
NDUFA6,0.5469108609769187,0.029659140136093113,0.42081735441190454,False
PEX3,0.24647300433910146,0.27158249634819503,0.8386146206467584,False
SOX10,0.26807457696800086,0.08867920523346151,0.6169196601917025,False
CLDN12,0.07622181050082233,0.3610387439705144,0.8676073108938235,False
BCAR1,0.09397704504885596,0.2751194161728315,0.8398450868463807,False
C21orf59,0.06495920599304839,0.7064596430955383,0.9645093452622473,False
WDR4,0.0791766159193159,0.6871815917273035,0.9577677155653451,False
SCAND1,0.0574240129452015,0.413521161052904,0.8770879497439329,False
TMEM33,-0.13015113764564035,0.7615911590648483,0.9747728847731245,False
SYNJ2BP,-0.44861047012053845,0.17386295978812358,0.7613501152595638,False
GEMIN4,0.2311940933971961,0.007068408330692788,0.2495805951257824,False
PCBP3,0.18260834143168836,0.1833209247020373,0.7644955993710568,False
PCBP4,0.004335366095883586,0.9571492142082497,0.9943137920657577,False
RAB38,0.5058823711032936,0.012155285456785823,0.29186291759110733,False
CORO7,-0.03770239087782201,0.877600875078028,0.9864997068182194,False
NUP107,0.08361113881784021,0.3052458808129044,0.8566776482658927,False
GSDMD,-0.4686010234067304,0.04656560679311304,0.4928235179356367,False
SNX16,0.10637040286609434,0.4322128060216981,0.882668805696486,False
EEFSEC,0.012642144235329056,0.938272602469031,0.9929705792864855,False
EPPK1,0.148312354772564,0.32924835481333115,0.8643320035562339,False
LOXL3,0.22031576181854007,0.09699923454771167,0.640194948014897,False
MTPN,0.4336839013967193,0.13734987425009332,0.7072457392287851,False
YBEY,-0.54421144614669,0.004301912815103741,0.2386449048723498,False
HIST1H2BL,0.46527948523990403,0.18293567421830523,0.7644955993710568,False
GNG2,-0.38378351885778983,0.10692649470722991,0.6580328721801054,False
ARPC4,-0.04998252361362532,0.9028150449331274,0.9906253158153695,False
ELOF1,0.0920605994873398,0.21752532031463792,0.7987194806067339,False
CD81,0.024520254069262393,0.8001639961873334,0.9768683851080251,False
SEC61G,-0.036367379778670994,0.7702133685590633,0.9747728847731245,False
TPI1,-0.17320729714541017,0.06886001097541415,0.5864374062320205,False
PLP1,0.08566478091018581,0.3152486928922871,0.8605572767205228,False
EIF3E,-0.062103775844462916,0.5111985963350684,0.9250452957671652,False
SEC61B,-0.044222819843543704,0.8179495490665587,0.9796427422937294,False
PPP4C,-0.3868131922764313,0.0031174057454449494,0.21188217009413088,False
GABARAPL2,-0.03364644783452064,0.7183229924701325,0.9684492890310712,False
ROMO1,0.7201178460035749,0.11027125388808887,0.6669130815506127,False
UBE2G2,0.23453654659818213,0.17615705858948846,0.7613501152595638,False
MYL6,-0.2310570122019726,0.05152366167303546,0.5171656739550491,False
ACTB,0.08761585423594909,0.23114573137003713,0.8149286156262824,False
EIF4A1,-0.03214275295774627,0.7791964593841612,0.9757676912534892,False
RPS20,0.11080649798877573,0.4113949319177527,0.8770879497439329,False
SNAP25,-0.3403460106894869,0.36754592806127484,0.8696941563083704,False
PRPS1,0.07926904157835679,0.36308120876053257,0.8676073108938235,False
PSMA6,0.07322295390489231,0.7893816049178862,0.9757676912534892,False
S100A10,-0.21920257126540932,0.6259414400202613,0.9556087593733652,False
CDC42,0.006897998365264613,0.9616215294950369,0.9943137920657577,False
DSTN,-0.2703662832787188,0.12504106697691317,0.6868815000283959,False
GMFB,-0.11464924322465464,0.10645113717875905,0.6580328721801054,False
RAB8A,0.06945793636318598,0.5962979228835997,0.9479632391439603,False
SPCS3,0.49123304971657333,0.27098968551583164,0.8386146206467584,False
SRP54,-0.008626696342229678,0.9396282035396473,0.9929705792864855,False
RAB4B,0.03825897448645321,0.6371515758533114,0.9558209137948426,False
RAB2A,-0.026627769078807262,0.7820685443317059,0.9757676912534892,False
RAB5B,0.1810418820442976,0.3170467495036478,0.8611314749381176,False
CKS1B,0.04162437221111048,0.7454090725310366,0.9732623744879622,False
RAB10,-0.027927494323350288,0.7456193176443164,0.9732623744879622,False
UBE2M,0.10581834327290451,0.4681982311579258,0.9039470799583715,False
UBE2K,-0.03091863043319165,0.8647138199133513,0.9855253681560873,False
UBE2N,-0.014352428876527767,0.944062278255687,0.9929705792864855,False
RAB14,-0.06486197790328774,0.38537187910908494,0.8718690155859481,False
ZC3H6,0.14055015666200177,0.6860227311333824,0.9576425556985229,False
ACTR3,-0.07140703639249679,0.2461369051172052,0.8270971198063788,False
ACTR2,-0.2741079632895911,0.0017508252352749967,0.1988338093663365,False
ACTR1A,0.012376016019732816,0.967773743866359,0.9961388673740844,False
COPS2,-0.12365177092339152,0.14888100867696252,0.7368142988107953,False
ARF1,-0.020144584563993817,0.8513439466262601,0.9844804580394803,False
ABCE1,0.07560980538435658,0.309173807701365,0.8597341507042215,False
RAP1B,-0.24895688112475867,0.19197467429111656,0.7722868721902281,False
RAP2B,0.2135239933204396,0.12727658291325786,0.687654152229669,False
MAX,0.5348346030598741,0.031287767327813465,0.4265609804120331,False
RPS3A,-0.00781378761520557,0.9047485508991616,0.9906253158153695,False
RPL26,-0.023996208016960452,0.862961284395059,0.9853852578924835,False
PSME3,0.011397451510894996,0.9415737954588447,0.9929705792864855,False
RPL15,0.026925354413997127,0.9484543059497855,0.9936382978877489,False
MAGOH,-0.1706944673236599,0.13219632891051425,0.6967099500286092,False
RPL27,0.2703804138058885,0.46347393371379025,0.900531604432244,False
ATP6V0D1,0.7954798053071563,0.04216798484667171,0.4763626693890292,False
RPL37A,0.027606241795176345,0.9239078272623898,0.9929705792864855,False
RHOA,-0.06047058300367425,0.596585423362152,0.9479632391439603,False
RND3,0.0849538328280488,0.24064213082234404,0.8239307092895942,False
NAA20,0.09005458411907696,0.6755538357512284,0.9558209137948426,False
NCALD,0.184685361421554,0.3961648627764424,0.8764319149979993,False
HSPE1,0.10626269628784257,0.26128692812663495,0.8319551620459653,False
SEC61A1,0.01757657208036889,0.9048119833086619,0.9906253158153695,False
VBP1,0.1688058886932886,0.20248311307173503,0.7844544446818873,False
STXBP1,0.03623440944275913,0.7469055974314246,0.9732623744879622,False
B2M,-0.053198051088074294,0.9186834133143426,0.9929705792864855,False
DAD1,-0.020931087221413236,0.9099479196010632,0.992103986449071,False
NPC2,0.40389735002788996,0.10874301672282309,0.6626527581547033,False
COPZ1,-0.03867974257590845,0.6580216209889279,0.9558209137948426,False
SUMO2,0.34642164139696163,0.0918908678506267,0.6290614198072157,False
UFM1,-0.1218644884768132,0.40598395928562225,0.8770879497439329,False
DCAF7,-0.4320236883626265,0.23118751994989828,0.8149286156262824,False
WDR5,0.02376928080788332,0.824710204916867,0.9796427422937294,False
AP1S1,-0.2023505984507601,0.5564217826138138,0.9412902243607043,False
NUTF2,-0.05806783313927255,0.7833614300508746,0.9757676912534892,False
HNRNPK,-0.004817142288189302,0.9429862888817949,0.9929705792864855,False
YWHAG,-0.07645509250244586,0.29093581108926814,0.8487579901098453,False
USP46,0.024365143884189422,0.7494838817095851,0.9737735160683184,False
RRAS2,-0.038674835792491535,0.8456540694178504,0.9832368101007968,False
TIMM10,0.31451351213895506,0.2792457295001568,0.8440330057930996,False
RPS7,-0.19102534216047573,0.08466020619441088,0.611301509390781,False
PPP1CA,-0.1980791315831567,0.044010566691967096,0.4816462528279052,False
PPP1CB,0.13407233101035487,0.2037713339728724,0.7856611947965452,False
CALM1,0.13565748934451705,0.2976084984891391,0.8518273082832161,False
NCS1,0.059154791820169805,0.4480064256337716,0.8946977465540291,False
PSMC1,0.07242215722282452,0.34403714079930103,0.8676073108938235,False
PSMC5,0.007708328673324161,0.9043422783078428,0.9906253158153695,False
RPS8,-0.05476164652150217,0.5963260689453975,0.9479632391439603,False
RPS15A,-0.0889350450776405,0.7898489357059101,0.9757676912534892,False
RPS16,0.021119572417966026,0.9186338000441595,0.9929705792864855,False
UBE2G1,0.11478377464663225,0.3970444863192669,0.8764319149979993,False
UBE2H,-0.01649098999075349,0.9270941816756929,0.9929705792864855,False
YWHAE,-0.026166149757045787,0.8274484206881355,0.9796427422937294,False
RPS14,0.06400680443729811,0.5353464030639324,0.9319600429228658,False
RPS23,-0.031247128539053648,0.8119973898787974,0.9791850769746033,False
RPS18,-0.05857489422875517,0.5564968622658433,0.9412902243607043,False
RPS13,0.06678821821905245,0.5059191936748523,0.9247690556585174,False
RPS11,-0.031237607327174288,0.7729679345044616,0.9747728847731245,False
SNRPE,0.12372575041229084,0.5652996257835905,0.9426811085231039,False
SNRPF,0.3893636412045858,0.15909638936318707,0.750716157098671,False
LSM3,0.14022142254902192,0.5961654748962729,0.9479632391439603,False
LSM6,0.302808952532434,0.3632120066249942,0.8676073108938235,False
SNRPD1,0.03145821026019746,0.8729436193719976,0.9864997068182194,False
SNRPD2,0.1898581256490921,0.04598527927515296,0.4894971678172537,False
SNRPD3,-0.053028491965378066,0.7595622338112805,0.9747728847731245,False
TMSB4X,0.4000774670816334,0.26348804422669714,0.8340434586438081,False
ARF6,-0.12816684257776956,0.1638711837584001,0.7553804208347454,False
PSMC6,-0.0077121598397553726,0.9068759193934863,0.9909571304630811,False
SELT,-0.1816467312758938,0.3998414823330108,0.8770879497439329,False
TBPL1,0.10219830555963583,0.19521806542081388,0.7743704887069277,False
RPL7A,-0.16831603589979238,0.2874800125104362,0.8478070461855779,False
POLR2G,0.23742959445094414,0.2864755552885656,0.8478070461855779,False
RAB11A,-0.07843634076484207,0.8183655716009091,0.9796427422937294,False
ETF1,-0.07471918768399988,0.7071544226445005,0.9645093452622473,False
CNBP,-0.07292295916966296,0.6812071093169063,0.9570067310877324,False
YPEL5,0.005173186151779419,0.9791232080233143,0.9963736685954901,False
RPS4X,-0.06796293186750546,0.4527798111104727,0.8977244778944686,False
PPP2CB,-0.15622648383064686,0.21181058519552678,0.793549472866806,False
RPL23A,0.11829567260537388,0.3111876577444976,0.8599825844982091,False
RPS6,-0.09633624526327011,0.3019835693700923,0.8549304170587799,False
HIST1H4A,0.3339608817475934,0.36508943231011237,0.8678974955126192,False
RAB1A,0.13914448829508075,0.25388155941434687,0.8286541531755407,False
RAN,0.006056875035088893,0.9505260176414497,0.9936382978877489,False
RPL23,-0.00609114463738436,0.9521515511278016,0.99369043650785,False
RAP1A,0.0728032250739652,0.44040303242901546,0.8897938818463781,False
RPS15,0.2097498291221349,0.42152713231179467,0.8799102302725008,False
RPS24,-0.5407112131561256,0.0732432242497213,0.5939240829767172,False
RPS25,0.12078305165900005,0.5375244461024862,0.9329193300863873,False
RPS26,0.6303310865279919,0.10958673869104629,0.6640213403737127,False
RPS28,-0.11649971671101866,0.6685575980110734,0.9558209137948426,False
FAU,0.18327561411563664,0.18357508272172604,0.7644955993710568,False
GNB1,-0.10821106423275495,0.5302050305528785,0.9290708236410674,False
POLR2L,-0.15854129428284125,0.42583483317448906,0.8800723730691165,False
GNB2,-0.01948281158706422,0.9338566809933059,0.9929705792864855,False
RPL30,-0.10242092378149792,0.5720609248608982,0.9426811085231039,False
RPL31,0.057576501062154506,0.601616115459915,0.9488724762217042,False
RPL10A,-0.01818833135839526,0.7874516866161044,0.9757676912534892,False
RPL32,0.011457285543155393,0.9188842977203842,0.9929705792864855,False
RPL11,0.04046611765510377,0.6495565407323379,0.9558209137948426,False
RPL8,-0.15164523553601228,0.2503547368726146,0.8280879008147418,False
PPIA,-0.03481034224657975,0.8173905203669846,0.9796427422937294,False
FKBP1A,-0.14986464954331424,0.32313485166566414,0.8637689122788939,False
RPS27A,-0.08005452414753478,0.6280047956315574,0.9558209137948426,False
GRB2,-0.1788871374824197,0.14634581969247024,0.729461928521337,False
TRA2B,-0.0757218489291347,0.7917214856463662,0.9757676912534892,False
RAC1,-0.12944709185244818,0.1266017111878556,0.6868815000283959,False
AP2B1,-0.06776651508691245,0.20727101321177213,0.7879967471773515,False
VAMP2,-0.032295578634386146,0.7457762710988141,0.9732623744879622,False
GNAS,-0.2315415056143344,0.0015664555966688456,0.1988338093663365,False
GNAI1,-0.11923139126511018,0.688723825891269,0.9588645835904517,False
PPP3R1,0.04112303659258032,0.7513994914061219,0.9737735160683184,False
YWHAZ,-0.16045804880177883,0.11367485905884708,0.676922400647136,False
UBE2B,0.15805260513603514,0.2527124722482145,0.8280879008147418,False
PPP2R2A,-0.17638016894213138,0.023666007177890216,0.38701458980125747,False
SUMO1,-0.250288299151876,0.4468148974167765,0.8937143094373057,False
DYNLL1,-0.04626879298558961,0.7728877722199028,0.9747728847731245,False
DYNLT1,0.12176389331636983,0.3052408857801663,0.8566776482658927,False
RPL38,-0.34122362852335897,0.21611731869835218,0.7980333072431608,False
SKP1,0.06547351686146996,0.3705612054038408,0.8701811028798047,False
GNG5,-0.40271568399366586,0.16942845875289467,0.7613501152595638,False
RPS21,0.058405974596968946,0.6657422439103459,0.9558209137948426,False
EIF5A,-0.13296363114021403,0.31214875089311966,0.8599825844982091,False
GNB2L1,-0.07144251693535963,0.3173452119526532,0.8612890927521398,False
ACTG1,0.01312001690629927,0.8563041005271784,0.9849296200170881,False
SUPT4H1,0.005806557635292364,0.9466196550314849,0.9932329170271654,False
UBE2I,-0.3060372674093479,0.0066569977659486764,0.2495805951257824,False
TMSB10,0.17270510842494602,0.28444384665336064,0.8458193698471415,False
PPP2CA,-0.06350933545494541,0.7764999624676256,0.9757676912534892,False
YBX1,0.028885187409350976,0.775449977408437,0.9757676912534892,False
SEC11A,-0.2907526077303082,0.13698651455104016,0.7072457392287851,False
CSNK2B,0.04131697982200677,0.773740746219949,0.9747728847731245,False
TPM4,-0.31902857938931817,0.020664965484131916,0.3734913568829507,False
ACTC1,0.3041703727404723,0.358581847333987,0.8676073108938235,False
UBE2L3,-0.057962421126863006,0.562761766153297,0.9418392627299,False
EEF1A1,-0.08466044131598238,0.5639163771006356,0.9423011910263802,False
TUBA1B,-0.0343690939320922,0.7004052523703039,0.9633810724588848,False
TUBA4A,0.09657057568683314,0.3157501548397652,0.8605572767205228,False
TUBB4B,-0.05505933468561608,0.638967882195429,0.9558209137948426,False
CSNK2A1,0.16442729682293233,0.28131376139870057,0.8457356496499373,False
PAFAH1B2,-0.11011876098021744,0.617676572527925,0.9533884235117631,False
HIST1H3A,-0.4844013788507979,0.597951216110812,0.9479632391439603,False
NOMO3,0.008357203189071072,0.8667137003833061,0.9855253681560873,False
CXADR,0.042599366256467874,0.5809921334112685,0.9448837424044848,False
NOP14,0.10858809304113848,0.2967337025649192,0.8509275294141067,False
IGBP1,0.00766488205850635,0.9540055159911598,0.9941741692960507,False
SIRPA,0.18926285997576997,0.13737303442334306,0.7072457392287851,False
PSPH,0.09388512707158014,0.6198868844611791,0.9534996896364368,False
RBM6,0.5050954388184721,0.07297625979736803,0.5936817089710029,False
EIF4G2,-0.015117001679282538,0.8512223713100237,0.9844804580394803,False
RPP38,-0.014330910395969454,0.9551037176435921,0.9943137920657577,False
RPP30,-0.17764097852641214,0.2847300206834629,0.8458193698471415,False
GTF2I,0.06575647016656916,0.3157354753562188,0.8605572767205228,False
PIP4K2B,-0.12930528101264116,0.5937560312883425,0.9479632391439603,False
CNTNAP1,-0.10729883916130944,0.3183644406369075,0.8618742850225073,False
SRPK2,-0.04486222003708207,0.5909355832099545,0.947780458509137,False
PHC1,0.02779666176379081,0.7733096402583555,0.9747728847731245,False
CCT2,-0.02315399901543813,0.8954370783452211,0.9896259744685637,False
SLC35A1,0.006282086926955088,0.9455668833526656,0.9929705792864855,False
PRAME,-0.260256749510436,0.021227746713310833,0.37631005537232837,False
RAE1,-0.07561107349944507,0.6399572386383161,0.9558209137948426,False
BTN3A2,0.0324215277094666,0.6753273082121741,0.9558209137948426,False
GSTO1,0.1377566552101257,0.07486677335487561,0.5939240829767172,False
ST5,0.12835873297804312,0.20658782463044606,0.7879967471773515,False
PRKDC,0.028291023845959273,0.6069062322465405,0.9516534333234259,False
ADAM17,-0.3545198167223056,0.08192491777470935,0.6107556612730876,False
BLOC1S1,-0.014896252080639272,0.8547202339091999,0.9844804580394803,False
SRPX,-0.03765889242558629,0.7424438121008616,0.9732623744879622,False
ARG2,0.24818193925889886,0.2922626032599928,0.8487579901098453,False
NTHL1,-0.11367767596610179,0.5524379768988111,0.9412902243607043,False
ADARB1,-0.032171601771963765,0.7662642273212018,0.9747728847731245,False
IFI35,-0.0244553220697874,0.8075854946268088,0.978017374036115,False
NUCB2,-0.16560736092782946,0.18669345072476545,0.7668459450265401,False
BASP1,0.1424274129017391,0.24998917400420081,0.8280879008147418,False
TMF1,-0.20434516548295178,0.15430738997479726,0.7443538639338984,False
MRPS22,0.31068480664898246,0.006939565920429257,0.2495805951257824,False
MRPS25,0.21623266497088167,0.019043227380416184,0.36362957920765027,False
MRPS10,0.16486512831975375,0.3457618059775666,0.8676073108938235,False
MRPS35,0.18302238852933783,0.029807711871782615,0.42081735441190454,False
MRPS5,0.002203895506813325,0.9873624643257136,0.9972240854967319,False
MRPS36,-0.010952851554197451,0.9294550787215741,0.9929705792864855,False
MRPS11,-0.1793130343359941,0.49539020714050125,0.9201083196851659,False
MRPS15,0.16048274929480044,0.5255152673180177,0.9283883178018956,False
MRPS21,0.13554015069922087,0.6341315389319337,0.9558209137948426,False
MRPS34,0.10394266523513096,0.19780958184633368,0.7779215588505767,False
MRPS6,-0.6007214005993795,0.04918179148049338,0.5050826082921436,False
MRPS9,0.19512991818412218,0.01933710891831254,0.36660349371140144,False
HMGN5,-0.011833419411249935,0.9208918450688783,0.9929705792864855,False
SARNP,-0.025997957583431486,0.763900970581532,0.9747728847731245,False
HTRA3,-0.375868734883543,0.3071734541025756,0.8582983834781043,False
LACTB,0.03781970078010133,0.8975500157247126,0.9899468705396672,False
COG7,-0.04761142356931103,0.9008823314874644,0.9906253158153695,False
RPL24,-0.2174348607634613,0.7290926889630955,0.972059676295171,False
TXNL4A,-0.2718037593420348,0.3455265704448041,0.8676073108938235,False
RPL36AL,0.15093951664455574,0.3474363399435994,0.8676073108938235,False
CBX1,-0.05964154125940979,0.6716387190711887,0.9558209137948426,False
ARF5,-0.03802149017275269,0.7390469400057278,0.9732623744879622,False
ERH,0.21624771823105604,0.21153076744697663,0.793549472866806,False
RHOG,0.08866088238850622,0.6545167297866705,0.9558209137948426,False
RPL19,0.08213059773752462,0.5195513074983714,0.9270244796429726,False
SERF2,-0.332874132629577,0.05713052482646754,0.5495290392501025,False
SRSF3,0.1554617889813592,0.16218252189798474,0.7517808855755417,False
MXRA7,-0.5244107372731648,0.042828994358601574,0.47971482333015003,False
H3F3A,-0.04851549742782879,0.6796564214743779,0.9568123106951699,False
FOXK1,-0.025763825344256475,0.877438554621367,0.9864997068182194,False
PRR5,-0.11803929390200096,0.45270031362573576,0.8977244778944686,False
RPP14.1,0.026087791146792938,0.7354791632015285,0.9732623744879622,False
CCZ1,-0.06936389266845921,0.8243405911854567,0.9796427422937294,False
DAB2,0.02853533400453756,0.8746699016790831,0.9864997068182194,False
VLDLR,-0.0018828705368534315,0.9887879707575915,0.9973108179068919,False
HSPG2,-0.5742560702649087,0.05977891681704586,0.5588240068148651,False
FAM3A,-0.0334958516448296,0.7806547354772582,0.9757676912534892,False
RBM10,0.13966030603268464,0.14348673572793536,0.7247544304625306,False
RBM3,0.3228654049209041,0.3630646201224515,0.8676073108938235,False
ATP2C1,0.08682341965736384,0.3970176056112506,0.8764319149979993,False
ATP11A,0.1224159454061926,0.6010213955972097,0.9488647401050158,False
ATP8B2,0.006931447902019272,0.9843213371404944,0.9972240854967319,False
CYCS,0.05900172577752727,0.643194553570587,0.9558209137948426,False
MPP1,0.2621527540063653,0.3247456411146318,0.8643320035562339,False
TFAM,0.5517771658095683,0.08677131170657984,0.611301509390781,False
PITPNA,-0.12834426171835034,0.37783611442631115,0.8718690155859481,False
MAT1A,0.15307154052256067,0.514388480323489,0.9258992645822802,False
SLC25A3,-0.25317340156772516,0.2619669029040663,0.8324726025618108,False
HDLBP,-0.16869863827280795,0.020160892922829406,0.3726207287029333,False
GTF2B,0.044725821175674696,0.6124715963287545,0.9524750433088539,False
CDK6,0.06788061760590836,0.6192950443324273,0.9533884235117631,False
CDK5,-0.12351697300266906,0.3803587601551725,0.8718690155859481,False
CDK17,0.02786720116493413,0.7205724232636395,0.9693398167578531,False
PURA,-0.16326592234540982,0.1013376305181223,0.6500968265353259,False
CLTC,-0.10085713045825884,0.2189560528061998,0.799649375600395,False
HSF1,0.12674925141660864,0.44513755541122624,0.8937143094373057,False
NFKB2,0.017634817727749663,0.9574043628849556,0.9943137920657577,False
FKBP3,-0.20212511638249708,0.07630524231493185,0.5971971174236637,False
REEP5,-0.04953028904999712,0.9035577395314508,0.9906253158153695,False
SORD,0.013074500783183396,0.9357270883342187,0.9929705792864855,False
HNRNPU,0.15877143908282676,0.10313446281341432,0.6503730453397883,False
SPTBN1,-0.11290960773753511,0.04664017442467797,0.4928235179356367,False
TIAL1,0.009072942291801667,0.9656470856323449,0.9952229790882976,False
SET,-0.07140619613259602,0.47344687847049943,0.9099852637269008,False
SRSF2,0.04391690768938972,0.7431746894427674,0.9732623744879622,False
FOXK2,-0.008529930892244408,0.9602938243067871,0.9943137920657577,False
RUNX1,0.024326406763076847,0.7565915791330792,0.9739992128308225,False
RELB,0.006385549058670392,0.938056144019023,0.9929705792864855,False
GALK2,-0.3225165746763743,0.14042460784749244,0.7178666919965431,False
AMPD2,-0.20891931763715021,0.3789607544462945,0.8718690155859481,False
CTBS,-0.022777029085659706,0.788880468286823,0.9757676912534892,False
FABP5,-0.20397719351047172,0.33906679412694973,0.8676073108938235,False
ANK2,-0.29237602275717123,0.22059840078006604,0.8005271889425227,False
CAP1,-0.17066307214839327,0.10133135879373732,0.6500968265353259,False
HMGCS1,0.11461936673295625,0.559889261576481,0.9412902243607043,False
SLC7A5,0.25262166534423613,0.23674760414642998,0.818239630845441,False
DR1,0.12740070127018654,0.17333720660920957,0.7613501152595638,False
TFAP4,0.02090822562995598,0.8310852788643295,0.980031843410658,False
EXOSC10,0.1360266771731311,0.15144836458799651,0.7377854205205973,False
OTUD4,0.028374471128771006,0.7286480446098317,0.9720288191430986,False
PFKP,-0.07501438201192556,0.4429048595837602,0.8922323034076093,False
ATP2B2,-0.008542879700051742,0.9209216174287045,0.9929705792864855,False
XPC,0.007854854079905493,0.9207877016932584,0.9929705792864855,False
EWSR1,-0.05977554036481436,0.6478707696094501,0.9558209137948426,False
OCRL,0.00560078855021473,0.9414409834146529,0.9929705792864855,False
PLCB3,0.15006810590325514,0.2089994868053234,0.791133134973397,False
ROR1,0.034690426619135906,0.6499479894399041,0.9558209137948426,False
AKAP17A,0.31556637639631546,0.42292907231660454,0.8800723730691165,False
DHODH,0.4460848090896512,0.017254762051696678,0.3439616052951803,False
PRKCE,-0.06273473392037232,0.7995954727263528,0.9768683851080251,False
OGDH,0.03965745009958255,0.5958433828607022,0.9479632391439603,False
CENPE,0.09143055234651953,0.3954263835259604,0.8764319149979993,False
KIF23,0.7254752840384562,0.016550176922959823,0.3400722824398676,False
ALDH6A1,-0.18781655429835098,0.3163765124615849,0.8605572767205228,False
CYP27A1,0.584855039570833,0.009908085042572486,0.2772109880389302,False
BDH1,0.13341249526249044,0.3367320865184968,0.8676073108938235,False
SP3,0.0735924962604031,0.7241649194268078,0.9702869229134838,False
RPL18A,-0.016948498645295018,0.893274397059495,0.9896259744685637,False
MAP2K1,-0.6713893807007949,0.021325153605002378,0.37654182317997653,False
FKBP4,0.14485529410976028,0.1511837750290368,0.7377854205205973,False
PLOD1,-0.1272707366804724,0.3611961432276288,0.8676073108938235,False
NUCB1,0.4692427239465502,0.002156533826763648,0.20029505689003724,False
RPL6,0.09053272126819323,0.49005224435607225,0.9174333597268364,False
TOP2B,-0.028954992640436217,0.7480171519764849,0.9732623744879622,False
AKAP12,0.3771025879752834,0.00947963671698453,0.2711176101057575,False
SLC25A11,0.44740215924038296,0.2093967469695925,0.791133134973397,False
DST,0.03894581284708565,0.7598660237731805,0.9747728847731245,False
GSTM4,-0.00021444710907303488,0.9978922298574759,0.9995822144026556,False
POU3F1,0.06754752695296062,0.4369810844122653,0.88599512933441,False
MLLT1,0.2794011831068346,0.2045993016021774,0.7864973152986927,False
GNA12,0.0324215277094666,0.6753273082121741,0.9558209137948426,False
CAV1,-0.8443298850657861,0.01345829092704133,0.31028275176345754,False
ACY1,-0.10842094337497343,0.31428772657917037,0.8602661132433345,False
KMT2A,0.14909270590123214,0.2642181693219522,0.8340434586438081,False
TGFBR3,0.16257795818076914,0.3234746785208838,0.8638969220096503,False
CENPC,0.46011731492283303,0.002737423577607369,0.21188217009413088,False
LMNB2,0.1464552284351619,0.04072816583939998,0.4696877189543707,False
PLAUR,-0.5491815676251477,0.5264535089514543,0.928640876388709,False
MVK,-0.004033311484334945,0.9847018279239912,0.9972240854967319,False
ERCC6,0.008296671016964297,0.9205527099562162,0.9929705792864855,False
TAP1,0.5124645897487277,0.052547981456570664,0.5215916945253661,False
TAP2,-0.028186991031908804,0.8936889559601967,0.9896259744685637,False
CEBPZ,0.09127308405798118,0.2164689338700296,0.7982679595722868,False
RELA,-0.2952323616240946,0.09698300535485281,0.640194948014897,False
UBXN1,-0.15778340745251285,0.3311711632871425,0.864988327445132,False
GBE1,-0.506064555626228,0.0002233613863258024,0.12702972211189337,False
EIF4G1,-0.09751999982171355,0.24170823806823227,0.8239307092895942,False
ATP7A,-0.2804086919428812,0.11422028487982026,0.677426297881699,False
OCA2,0.08762263728922548,0.3975143243005046,0.8764319149979993,False
NOTCH2,0.26460095867453504,0.34223330398710283,0.8676073108938235,False
TLE1,0.004445180470479926,0.9582129902595409,0.9943137920657577,False
TLE3,-0.49906469273881626,0.010362010613979903,0.27723019915493463,False
GLO1,-0.009216757678785825,0.9691548135131918,0.9961388673740844,False
SSBP1,-0.03826758175197398,0.7373565120059496,0.9732623744879622,False
REL,0.062038549805372156,0.429830820827406,0.8800723730691165,False
YWHAH,-0.10685294249812571,0.17291844925122898,0.7613501152595638,False
PLP2,0.17055748525097414,0.2780903287120573,0.8435505643804808,False
CSTF1,0.05635662391826202,0.5710354930757673,0.9426811085231039,False
UBE3A,-0.2429455105516034,0.31616292830299697,0.8605572767205228,False
PTPN12,-0.6393906474315649,0.001973370553672159,0.20029505689003724,False
PTK2,-0.20690819603383304,0.005619027200136981,0.24766054817042105,False
PRKCZ,0.23246088902992312,0.26463746078342115,0.8340434586438081,False
SRSF11,0.04059390066348456,0.721513764066415,0.9697951848439991,False
EEF1A2,-0.044799566793365386,0.8429783150824646,0.9824574286373784,False
PRKCD,-0.16397152821160077,0.31452201560879167,0.8602661132433345,False
CALD1,0.10318225619682408,0.15452340815575724,0.7444754364710432,False
CTDSPL2,0.10138667577619742,0.4451237877340156,0.8937143094373057,False
PTPN11,-0.21679403401962105,0.10030467282641996,0.6500362769284888,False
KDSR,0.2562738743350046,0.16670798288090322,0.7613501152595638,False
PPP2R3A,0.0324215277094666,0.6753273082121741,0.9558209137948426,False
PPAT,-0.090694836194956,0.7771525448509393,0.9757676912534892,False
GFPT1,-0.13036438207195644,0.2925010218515988,0.8487579901098453,False
EXOSC9,0.22813265421233098,0.3389384936641073,0.8676073108938235,False
PSME1,-0.1849773009138147,0.0835746050376244,0.6107556612730876,False
GABPA,-0.3471735551983066,0.09485272246827445,0.6356113023764716,False
RING1,0.11650944585947087,0.3805265002174552,0.8718690155859481,False
RAD51,0.05445133891633347,0.44084055222172436,0.8898396968465484,False
FMR1,0.058619425431061245,0.40750216650520305,0.8770879497439329,False
PRDX1,0.38228036321010705,0.08562010126863255,0.611301509390781,False
RPL18,0.029594149240146805,0.8211370320496815,0.9796427422937294,False
C1QBP,0.11444120691754733,0.16612338735049037,0.760856937793883,False
CKAP4,-0.21732665850531774,0.17092865453929126,0.7613501152595638,False
TJP1,-0.03878185230625775,0.706796411395762,0.9645093452622473,False
SPAG1,0.0661937723343975,0.509831370173274,0.9247690556585174,False
KHDRBS1,0.12405499101047468,0.10253130957104893,0.6503730453397883,False
BAX,0.15359277641357494,0.23531415371786363,0.8176909531079553,False
MCL1,-0.37383042751938333,0.2932073056743102,0.8487579901098453,False
POLE,0.06186092239168417,0.768443415238985,0.9747728847731245,False
KLC1,-0.08692456545868055,0.3677181244692853,0.8696941563083704,False
SOS1,0.04350057349613934,0.5732471436759898,0.9426811085231039,False
LRP1,-0.8387093766029672,0.0027390675062122184,0.21188217009413088,False
SRSF1,0.09729040433803249,0.35547469284779887,0.8676073108938235,False
ARHGAP1,0.05323905206028812,0.5860344515818637,0.9462819914630605,False
FOXM1,0.3799653468152471,0.08792284176940324,0.6151698833464657,False
SRSF4,-0.7899441331821535,0.004826494900170502,0.2456911588334829,False
PPP3CA,0.13571096346425549,0.40356437274281093,0.8770879497439329,False
DHX9,0.03567229315862619,0.5953929086821932,0.9479632391439603,False
CRYZ,-0.0034513831978593146,0.9657125105312416,0.9952229790882976,False
SLC20A2,0.01947412326971687,0.806813544601309,0.978017374036115,False
GOLGA3,-0.5196212839248915,0.05109381003676395,0.5153427391639123,False
GOLGA2,0.04284905869410949,0.5260145775766452,0.9283883178018956,False
LGALS3BP,-0.023227607541787876,0.8938118738616566,0.9896259744685637,False
EHHADH,0.2793037725516392,0.4349598644484947,0.8834310868100671,False
MFGE8,-0.3248386172171003,0.45095420272708625,0.8968779475222963,False
CD47,0.04889397402089912,0.8759990781297524,0.9864997068182194,False
PPID,0.17659645960914716,0.04531834641674678,0.48930127381168714,False
SSRP1,0.10001576092883013,0.3001785712469496,0.8533193234033211,False
RBL2,0.0324215277094666,0.6753273082121741,0.9558209137948426,False
CAMSAP2,-0.009952641743293356,0.9154570263454666,0.9929705792864855,False
SPIRE1,0.006058038219919126,0.9436154883831924,0.9929705792864855,False
SLFN5,-0.16612552814423864,0.43214401652797685,0.882668805696486,False
VAC14,0.007119507809534298,0.9584828399005607,0.9943137920657577,False
NSUN2,0.04842670358043932,0.6809882648995519,0.9570067310877324,False
RBBP4,0.08939656260821138,0.1752519391051973,0.7613501152595638,False
NCBP1,0.09256099711143406,0.3230895347283485,0.8637689122788939,False
MGAT5,-0.10186165307194983,0.24800768929816025,0.8273351377053714,False
EP300,-0.03911441349243816,0.712552088911109,0.9661341534224581,False
AHNAK,-0.34728600162662815,0.2211448136973699,0.8005271889425227,False
ELP6,0.016147639445716067,0.842794769692412,0.9824574286373784,False
HSPA14,-0.09646725978515036,0.4506853443698845,0.8968779475222963,False
SCRN3,0.09535244014787381,0.3411805512967897,0.8676073108938235,False
CGNL1,0.13874533882268736,0.303486747765822,0.8555361681307423,False
CCDC173,-0.05682941766175986,0.6003461078951334,0.9482639185825192,False
MGAT2,-0.06801670313915054,0.7422198671244509,0.9732623744879622,False
GALNT2,0.20011460231074096,0.09546461366998542,0.6356113023764716,False
AP1B1,-0.048630591881025254,0.575649133259061,0.9426811085231039,False
CPSF1,0.11259538501657573,0.12810964830507546,0.689419941250317,False
PMPCA,0.15496410241944147,0.14010858352964436,0.7172623190240743,False
ST3GAL4,0.24967086029964491,0.17931973315362532,0.7632902418660206,False
KIF1A,0.025625756903458807,0.7434977720033085,0.9732623744879622,False
SCRN1,-0.2924523497157736,0.3387319041594677,0.8676073108938235,False
KIAA0196,-0.34617797516215276,0.02715858691698505,0.41218279908207256,False
NUP160,0.1472332471731832,0.2161138315300669,0.7980333072431608,False
TBL3,0.21124929259926262,0.03549962518960956,0.441004031071694,False
GTF3C1,0.16277768001140203,0.0050821006706808745,0.2456911588334829,False
TWF1,-0.048242681246989605,0.5114798098970602,0.9250625566856612,False
ASPH,-0.12419260736065851,0.12984075477967086,0.6928869636461377,False
TFCP2,-0.0013337614318551516,0.9862767757377898,0.9972240854967319,False
AKAP13,-0.4908698508988465,0.05837020986798393,0.5548187599711618,False
SMARCB1,0.05992996587691124,0.5693318439899694,0.9426811085231039,False
BPTF,-0.010757538563598956,0.8592488017532874,0.9853852578924835,False
CDC20,0.3292136882863197,0.2188447767796892,0.799649375600395,False
FSTL1,-0.13875600071268934,0.6776629357685268,0.9566281720625419,False
STX4,-0.0764493249580589,0.5093553159310494,0.9247690556585174,False
GRSF1,0.3063201637883175,0.05032469769183211,0.5115946755875823,False
MERTK,0.02688545890656968,0.9261786652237926,0.9929705792864855,False
SFSWAP,-0.06631763649264855,0.7705089753803281,0.9747728847731245,False
CHD3,0.2780054742550355,0.33290087086314946,0.8661354439142498,False
SF3A3,0.03789051334772253,0.5614402101979816,0.9412902243607043,False
COX10,0.0992651574050818,0.38219660371691394,0.8718690155859481,False
TP53BP1,0.03076960698798814,0.7681113510428615,0.9747728847731245,False
TMEM115,0.014474342815482544,0.8536041451162011,0.9844804580394803,False
IFRD2,0.05044936157551305,0.5174540330215183,0.9265888182165767,False
AIMP1,0.001541686048948776,0.9864877799106304,0.9972240854967319,False
ILF2,0.10998616563780672,0.030173202393187347,0.42092639814525573,False
ILF3,0.018400457708153795,0.7797869110733432,0.9757676912534892,False
LMAN2,-0.14125294548167133,0.26374211378811097,0.8340434586438081,False
PTPRJ,0.010269877964169893,0.8919465590690439,0.9895993288981546,False
PTPN13,-0.3392551474891867,0.24109949738516018,0.8239307092895942,False
EPS8,-0.01989803027177217,0.8293485770348054,0.9796746903350853,False
TRAP1,0.2355505994363618,0.011616577832820364,0.29186291759110733,False
ANK3,-0.0042470329203609936,0.9575499544121162,0.9943137920657577,False
DLG1,-0.0555194883325143,0.7998413683257949,0.9768683851080251,False
TAF10,0.19954151230201944,0.1250359383424844,0.6868815000283959,False
MYO1E,-0.010448886269241342,0.9598909014822541,0.9943137920657577,False
PPP1R8,0.01763315633888496,0.8281464900979982,0.9796746903350853,False
ABR,-0.44546056600506745,0.3205096546668604,0.8637329012289565,False
NPRL3,-0.027437982056540022,0.7936573427462541,0.9757676912534892,False
BNIP1,0.12362853452707512,0.5679160701145108,0.9426811085231039,False
BNIP3,-0.04178821508589081,0.7168525785056825,0.9684050278333982,False
CSTF3,0.01158348502166362,0.9109260891356386,0.9926857550529777,False
ECH1,-0.14873842589473085,0.12976694824413487,0.6928869636461377,False
ARHGAP5,0.0425245394412741,0.7884462655034582,0.9757676912534892,False
PRDM2,0.028437265526644495,0.7509158692977549,0.9737735160683184,False
STRN3,-0.08642577279313812,0.36203512811025373,0.8676073108938235,False
CDC16,0.09615980137676416,0.6028835624191635,0.9499401871124675,False
STK4,0.09017814961562465,0.7556855957624583,0.9737735160683184,False
FLII,-0.2162899548170394,0.09093165000382564,0.6266070553262433,False
TRIM32,0.048622604415328396,0.7016324770290127,0.9636450513965761,False
COASY,0.006327759619054518,0.9398290782462947,0.9929705792864855,False
MRPL28,-0.24187460033382635,0.2001224745725269,0.7814248324479434,False
ACACA,-0.06879116892403303,0.6551899420450252,0.9558209137948426,False
GPS1,0.08489695056273305,0.10760174007862275,0.6588175046678757,False
USP4,0.028346084285974626,0.7249439046644701,0.9702869229134838,False
CHAF1A,0.8583428257733345,0.001962013667159236,0.20029505689003724,False
CHAF1B,0.8586564595868218,0.0009601994281050388,0.17188308399374774,False
DUSP4,-0.061090910702102263,0.8517434144668578,0.9844804580394803,False
IK,0.05527414455177393,0.4511933407453737,0.8969506171444176,False
MTAP,-0.012353925442901925,0.9256817515358651,0.9929705792864855,False
RLF,0.059494136150476606,0.3738785325304018,0.8701811028798047,False
PRKAA1,-0.12540560294039693,0.4551469387439571,0.8982715534478075,False
PPFIA1,0.030979286359940517,0.7928732838705709,0.9757676912534892,False
CALCOCO2,0.03806256929588869,0.8441274187137205,0.9827178251651999,False
EIF2B5,-0.1226412228248357,0.30007328172111963,0.8533193234033211,False
BAMBI,0.3536419599688685,0.6314277642034308,0.9558209137948426,False
TARDBP,0.10327056877424923,0.16925574549718,0.7613501152595638,False
HNRNPA0,0.042171823689884036,0.6739328960029671,0.9558209137948426,False
PAK1,0.011298055867705159,0.8859632776462009,0.988414301604248,False
AIMP2,-0.04928983997686842,0.7462199746409381,0.9732623744879622,False
FADD,-0.11111478870456182,0.7096998851186889,0.9649099431098168,False
PRDX4,-0.19375494759752243,0.12958121012032708,0.6928869636461377,False
PAK2,-0.06263678307551857,0.4626924494575604,0.900531604432244,False
CBX3,0.21532242905908205,0.015874653078003346,0.33383461619918803,False
STK3,0.0324215277094666,0.6753273082121741,0.9558209137948426,False
STX5,-0.16941201556394958,0.2307901326821393,0.8149286156262824,False
PSMD2,0.09743888270334722,0.2823855079227865,0.8457356496499373,False
DDX10,0.20444591536644907,0.033018261398313306,0.4329938901791078,False
DNAJC3,-0.07093107499830609,0.4615756317573058,0.900531604432244,False
NME3,0.13232001396991677,0.7281628928903183,0.9719591947634878,False
PRKG2,0.5371524390764755,0.02077893990969903,0.3734913568829507,False
SRSF9,0.15705960009376696,0.1992462385388001,0.7795889907930142,False
SRSF5,0.06923706353198966,0.5444735383006248,0.9362383024098451,False
SRSF6,0.12992277146559417,0.3237971514422833,0.8638969220096503,False
MAD2L1,0.4219301796258179,0.0056069710105132635,0.24766054817042105,False
TRIM28,0.1461382442428416,0.0834581760537568,0.6107556612730876,False
STX3,0.40328647514695604,0.027592310091767724,0.41397735564655364,False
G3BP1,0.03251774130350071,0.7061755794117314,0.9645093452622473,False
CLN3,0.0324215277094666,0.6753273082121741,0.9558209137948426,False
NMI,-0.04786343718163266,0.8923849405997498,0.9896259744685637,False
KCNAB2,-0.0648589752586588,0.5574681255532764,0.9412902243607043,False
PTK7,-0.3654683166936188,0.13251619430930364,0.6967099500286092,False
SKP2,-0.010785765185353569,0.9088461837153611,0.9919457477674468,False
PABPC4,0.032449503223165976,0.6441261521220866,0.9558209137948426,False
ATM,0.14664175443236616,0.26653054823168204,0.8342043180305807,False
IFIT5,-0.33495842184496993,0.14716263382614472,0.7318327269484091,False
MTA1,-0.1558280130556895,0.5908987315462719,0.947780458509137,False
PTPRS,0.1834122087454375,0.6459683646228557,0.9558209137948426,False
EIF3I,0.01679217707596692,0.7817926016797487,0.9757676912534892,False
PPIL2,-0.027263488370014244,0.7386735638489619,0.9732623744879622,False
PPP2R5C,-0.03270366315236828,0.8242528250275496,0.9796427422937294,False
CTBP1,0.0366823518792998,0.638570789706279,0.9558209137948426,False
PDE3B,0.6250272552372067,0.012051464152181678,0.29186291759110733,False
PDCL,0.0048254915504450935,0.9586094765077197,0.9943137920657577,False
PLD1,0.21740024769110988,0.1994967930358229,0.7799282279377402,False
MYO7A,0.4780007974922569,0.12540045232623012,0.6868815000283959,False
UBE2V1,0.24236787449491715,0.35356691995657524,0.8676073108938235,False
MRPL49,0.19321020038246317,0.02282074954289566,0.38442807148830777,False
DYNC1I2,-0.04782999380220332,0.5615395927507238,0.9412902243607043,False
ORC2,0.163902789794804,0.12109260987698887,0.6833260061341345,False
ILK,-0.3560828509073204,0.00023350959278280192,0.12702972211189337,False
NNT,0.684502871022957,0.02267445206653777,0.38296613923404343,False
SNTB2,0.04878535490311364,0.5207086666502752,0.9276744933262792,False
XRCC4,0.13365189036609237,0.1821950411530025,0.7644955993710568,False
PPIG,0.14100550518066512,0.3894362608559308,0.8725704521615303,False
TCOF1,0.21171333457462183,0.018640210836999755,0.36020947968796824,False
SLC39A6,0.2692734899267357,0.20217705498588912,0.7842495757407623,False
SF3B2,0.09417429971559699,0.2743932651334541,0.8387613457825793,False
OS9,-0.045346283674785326,0.7794011238140259,0.9757676912534892,False
GOLGA4,0.03454987272651522,0.7270780347224511,0.97150065478384,False
PDAP1,-0.29976559441579553,0.019369881563617172,0.36660349371140144,False
ADAM9,-0.14409614097573709,0.251875128056586,0.8280879008147418,False
TMED1,-0.19712786223569267,0.5265906072948561,0.928640876388709,False
LSAMP,-0.2686110984514478,0.009601309813720716,0.2733824276605877,False
FKBP5,0.1119876953169836,0.37419391109207145,0.8701811028798047,False
MYO9B,0.09158835968151635,0.7173005275468877,0.9684050278333982,False
ROCK1,-0.24859353654571947,0.12110554060086531,0.6833260061341345,False
TOP3A,0.09201237986286515,0.37601620669827013,0.8710094636801181,False
SMAD4,0.021837690769370255,0.7915275139183394,0.9757676912534892,False
SNAPC2,0.03485843226081187,0.653364702663343,0.9558209137948426,False
PICALM,0.06210317059633397,0.41946738500919356,0.8799102302725008,False
MTM1,0.040182500209212435,0.885642819127547,0.988414301604248,False
SQSTM1,0.25481994913812755,0.0414626292273583,0.47440455462730213,False
MED21,-0.005523047050090213,0.9525419872085976,0.9937755654486585,False
MTX1,0.13598158078628586,0.0705176582074657,0.592492729542971,False
NAB1,0.012604494968286417,0.8725510926179327,0.9864997068182194,False
TUBB3,-0.17405576818806878,0.3380386486997511,0.8676073108938235,False
ASAH1,0.26256750457831046,0.5732845675104011,0.9426811085231039,False
PRPF4B,0.17938890815447905,0.07171076088296144,0.593521348757803,False
PIN1,-0.14775796906333127,0.7082284561700247,0.9645093452622473,False
SERINC3,-0.43467675859755417,0.07647092847818164,0.5971971174236637,False
EIF4EBP1,1.3469708331411425,0.004301765128568027,0.2386449048723498,False
RIPK1,-0.1689140934227673,0.37852745638233487,0.8718690155859481,False
HDAC1,0.08935219092450097,0.3807735315973271,0.8718690155859481,False
CAMK2G,-0.16187393998277955,0.49570027082499346,0.920320612452058,False
CAMK2D,0.15019384034417982,0.1649718143813479,0.7582811611028383,False
DCTN2,-0.06713547468938685,0.6959100043451851,0.9627230094035356,False
PKD2,0.03740114941506789,0.6254668139084228,0.9556087593733652,False
NAE1,0.08572534393190523,0.5282080970039198,0.928947555129878,False
ITPK1,-0.16955295670943116,0.2425027507645335,0.8245116905388719,False
SNW1,0.02651427225515235,0.7203349389767911,0.9693398167578531,False
STIM1,0.1413924035639198,0.06534097023950881,0.575096245668695,False
TRA2A,0.04029142154968568,0.776594964479459,0.9757676912534892,False
SNX1,-0.12131626297993492,0.4237486896820364,0.8800723730691165,False
KRR1,-0.1009753356615235,0.4396500692236026,0.889110055139498,False
PEX6,0.01102125169036583,0.9507275414200977,0.9936382978877489,False
PWP1,-0.16364484685050584,0.6544751922245837,0.9558209137948426,False
MTMR1,-0.029359121664334964,0.756918988395751,0.9739992128308225,False
MTMR3,0.0938212336566231,0.34265420631601085,0.8676073108938235,False
CUL1,-0.07906934639225938,0.3848974675917649,0.8718690155859481,False
CUL2,-0.20264001513861274,0.2769602630982048,0.8430649446721608,False
CUL3,-0.18818591172803067,0.3682757346936721,0.8696941563083704,False
CUL4A,-0.13701259896105356,0.5914161760059518,0.947780458509137,False
CUL4B,-0.1085878354632186,0.18194463930556054,0.7644955993710568,False
TP53BP2,-0.11065426146706159,0.40790028175082693,0.8770879497439329,False
DYRK1A,-0.009001088934500245,0.9112393683352765,0.9928502503618185,False
TSTA3,-0.34838752732139966,0.4220935531430339,0.8799102302725008,False
RAB32,0.1307750517648003,0.5186480499656205,0.9265888182165767,False
FHL3,-0.020999682236325867,0.8252518607881467,0.9796427422937294,False
RIN1,0.05904750792230473,0.5337694120571498,0.9301211194590643,False
AAMP,0.3210453782327676,0.039559378221723014,0.4660169853006692,False
ALKBH1,0.049187388904606166,0.5406963886756072,0.9345638627793533,False
MOGS,-0.1744235459940633,0.14564347184760928,0.7289612695628411,False
ALCAM,-0.8690784941937046,0.07966341040443481,0.6073863103703057,False
RUNX3,0.09387628013793758,0.367621045448346,0.8696941563083704,False
THOC5,0.23148268931148053,0.2540132273399681,0.8286541531755407,False
PMAIP1,0.05842668279696994,0.46250125740103215,0.900531604432244,False
ARFRP1,-0.09236157014868951,0.42265773454114997,0.8799102302725008,False
SHROOM2,0.01581713778045568,0.8471332042985121,0.983457003366575,False
SPTAN1,-0.1437928821231651,0.0137910548995204,0.31093670762677067,False
GNL2,0.27163925389055166,0.0029267323036289107,0.21188217009413088,False
DDX39B,0.07048985456009405,0.4188631370623245,0.8796946106384002,False
EXOSC2,0.07165600677134165,0.4313356869164008,0.8822775414199108,False
SNTB1,-0.4722925783529881,0.1235284126734238,0.6868815000283959,False
TUBB2A,0.22106940993950985,0.19833637184914696,0.7787032049110804,False
GTF2H2C,0.1223262398448739,0.5414602972059548,0.9347557814904268,False
GTF2H3,-0.015675581389849924,0.860752968849785,0.9853852578924835,False
BYSL,-0.0050119264161168076,0.9674356204407992,0.9961388673740844,False
RAPGEF1,0.0324215277094666,0.6753273082121741,0.9558209137948426,False
IDI1,0.2059212109987314,0.2377078590918711,0.8193090911923891,False
CUX1.1,0.08489564301101993,0.3282947977917549,0.8643320035562339,False
RUNX2,-0.00042264693471238957,0.9970810876406688,0.9995822144026556,False
CBFB,0.1610156333779571,0.14104143698389998,0.7191772163164789,False
CDK13,-0.2654611219375198,0.20961428934647114,0.791133134973397,False
IL16,0.08437548569342823,0.5818930155461602,0.9449459854812928,False
CKAP5,0.11327680055809708,0.11831967608634852,0.6833260061341345,False
CIRBP,0.6870776049316056,0.1686619174295734,0.7613501152595638,False
COTL1,0.34762114236869124,0.03325275425908447,0.4329938901791078,False
BAAT,-0.004114814015828472,0.9638342912110394,0.994432205217739,False
COX17,-0.02170386557177295,0.8371941616724922,0.9814622066449394,False
HNRNPD,0.08959307336405331,0.41239077796853585,0.8770879497439329,False
SCARB2,0.05459937848061713,0.5318121308227545,0.9290708236410674,False
LRP8,-0.002322633163490906,0.9788905944775628,0.9963736685954901,False
DAG1,-0.09876314271769004,0.7529330059348032,0.9737735160683184,False
VEZF1,0.04188826153569991,0.5981874196088186,0.9479632391439603,False
BOP1,0.0827930906893215,0.2986497763451765,0.8519707087999923,False
UBE4A,-0.010611485103343199,0.9322501516248202,0.9929705792864855,False
SEPT6,0.16747474913129423,0.471301481327955,0.9074880407975435,False
URB2,-0.08214660866473267,0.3687647186387724,0.8698188778250465,False
DHX34,-0.01143686939032662,0.8904654889039738,0.9895993288981546,False
MORC3,-0.03146451715908327,0.7179273986493988,0.9684492890310712,False
SAFB2,-0.011414951888816915,0.8966122729684799,0.9896259744685637,False
EIF3A,-0.081541280823064,0.2021138044556898,0.7842495757407623,False
ARHGEF7,-0.04490639075945069,0.734045399719941,0.9732405574099902,False
EFR3A,0.02792966827449206,0.7155570018334547,0.9673548963861935,False
UBAP2L,-0.024630853517997764,0.7314657455681867,0.9729189898163045,False
SCRIB,0.17359678414055324,0.022267358030685525,0.38109161948792913,False
GIT2,-0.0542882442095447,0.5569786054947464,0.9412902243607043,False
MLEC,0.0530677740689498,0.7335355854759467,0.9732405574099902,False
TTLL12,0.023625981194960843,0.8764788232095265,0.9864997068182194,False
POLA2,0.24307263588561412,0.2757650099516739,0.8410386591181953,False
DOCK1,0.010467253611253113,0.9170719926250718,0.9929705792864855,False
TFDP1,0.012074113150827515,0.8787602544996732,0.9865356311419047,False
WRN,0.26135854172577666,0.38887895887025936,0.8724463008932468,False
FHL2,-0.2229545221312037,0.11634545703255107,0.6806209236404238,False
CRMP1,0.03695800409238359,0.6305117627769716,0.9558209137948426,False
DPYSL3,-0.1919381754744549,0.5669951882518394,0.9426811085231039,False
ICT1,-0.08721697046679111,0.4785780938739599,0.9123518110800859,False
BTG3,0.1195905422491208,0.3554395710622158,0.8676073108938235,False
ZMYM3,0.03357935402989298,0.705150304554776,0.9645093452622473,False
DCTN1,-0.16333105230508238,0.08640319965015701,0.611301509390781,False
DYNC1H1,-0.12042940503989286,0.062114602716637754,0.5653380532332504,False
NPAT,1.0621479128421072,0.006402474116542924,0.2495805951257824,False
EIF2B1,0.10884222942666,0.6386828673892614,0.9558209137948426,False
EIF4A2,-0.12296751259558292,0.6498689873593866,0.9558209137948426,False
TCEB3,0.2384474609461229,0.029987876291846384,0.42081735441190454,False
CTTN,0.1891276228286891,0.06027743734492741,0.5588240068148651,False
FLOT2,0.018366768458243143,0.9224989825525752,0.9929705792864855,False
RCN2,-0.05616644704092977,0.6427146131744872,0.9558209137948426,False
TRIM25,-0.09553652608248697,0.5211642960544964,0.9282292402742,False
FASTK,-0.03548812810869961,0.7743211330825243,0.9752899767833321,False
FKBP8,-0.11312959585331228,0.2623014357915491,0.8328526667438138,False
FAM50A,-0.04586250842759654,0.5319284990327399,0.9290708236410674,False
FRG1,0.5469938641181002,0.17564055927446817,0.7613501152595638,False
GNA13,0.09193274830417764,0.4264012620181154,0.8800723730691165,False
GAMT,-0.38042107158758753,0.15991613468574392,0.750716157098671,False
GALE,0.11746337355523906,0.31385549917321226,0.8602661132433345,False
CSHL1,0.0324215277094666,0.6753273082121741,0.9558209137948426,False
GALNT3,-0.08568165814948614,0.5836169740878112,0.9449459854812928,False
CAPRIN1,0.0710488827529332,0.39905708616149677,0.8770260756315682,False
BECN1,0.48450308616728677,0.028523440186899503,0.4152677321328016,False
HES1,0.12685360871357432,0.17349382818315018,0.7613501152595638,False
RBM39,0.12275103423841927,0.21882375073348917,0.799649375600395,False
FAT1,0.02301821256718739,0.7679342607588838,0.9747728847731245,False
HLTF,0.03051126843202212,0.8502966932114256,0.9844804580394803,False
SQLE,-0.24882491638369686,0.22334462163440297,0.8026978449909309,False
PDIA5,0.04642216649804709,0.725390208962843,0.9702869229134838,False
PRPSAP1,0.03580571215194439,0.8232234932061827,0.9796427422937294,False
DHX8,0.4751545034640152,0.08308654166028885,0.6107556612730876,False
MCM6,0.2652735209467778,0.016404655045554967,0.3400722824398676,False
ITPR2,-0.011529264816005025,0.9648864477585104,0.9951986362118952,False
ITPR3,-0.25284822662073125,0.41123252934950744,0.8770879497439329,False
ITPR1,-0.571736933774627,0.19113167589948554,0.7718731895271739,False
PLS1,0.16226244702946246,0.5043593886517984,0.9246588791949638,False
IRF3,-0.10843293929563913,0.5192777049469699,0.9270244796429726,False
LAGE3,0.01312006326890014,0.9320872623215309,0.9929705792864855,False
TRIP12,0.09250651132993681,0.20650557734508326,0.7879967471773515,False
PUM1,-0.12902799444159996,0.2939475199352766,0.8490161505100015,False
MDC1,0.24432617838556325,0.13252105343201517,0.6967099500286092,False
CLINT1,-0.06743136787822124,0.331053760290413,0.864988327445132,False
KANK1,0.10767627640766264,0.09170212525768713,0.6289105671561369,False
SMC1A,0.13208228102351782,0.069118742073365,0.5864374062320205,False
RRP1B,0.17879243772182463,0.0420517602849344,0.4763626693890292,False
GSE1,0.06700353916522417,0.33668121344739343,0.8676073108938235,False
DIP2A,0.015840549052029473,0.9278812378016192,0.9929705792864855,False
PDCD11,0.2023436543230055,0.01223965951246144,0.29279631584642885,False
GINS1,0.0864033724618487,0.40667276347121484,0.8770879497439329,False
BMS1,0.20158293130553417,0.0676746897277668,0.5808077439971759,False
LPIN1,-0.0018912299734736848,0.9845406422818329,0.9972240854967319,False
USP10,0.18200824873073174,0.30356371841645885,0.8555361681307423,False
MESDC2,-0.05346175795556718,0.5597438801853069,0.9412902243607043,False
GANAB,0.16400008584364656,0.13271960888212822,0.6968714061423428,False
PPP2R5D,-0.3100636888785644,0.05213227717679214,0.5193052687812034,False
LBR,0.040947166373157984,0.8858444504713157,0.988414301604248,False
COG2,-0.1728571511799082,0.1874778437409875,0.767433867516824,False
MVP,-0.7190853658714396,0.10288327398390092,0.6503730453397883,False
GOLGB1,-0.13865829479356506,0.19331445246085077,0.7740998765311603,False
CASP8,-0.741866822277629,0.006831432440487402,0.2495805951257824,False
NAA30,-0.07353946515242882,0.5691513902799359,0.9426811085231039,False
FXYD3,0.2518198031736887,0.09629417053889007,0.6382449055322508,False
KIF22,0.6814202197611863,0.006032601512029738,0.2495805951257824,False
MEF2D,-0.2967967636199802,0.5185654914797351,0.9265888182165767,False
GRM7,0.19480780927221275,0.2528660023466927,0.8280879008147418,False
CHD4,0.07385175357099527,0.2672222714770727,0.8356926574896044,False
LASP1,-0.5569726154865116,0.036433109347974904,0.44999435442268426,False
ARID5B,0.10193065400051893,0.359609230015666,0.8676073108938235,False
PTGR1,-0.3438799007637776,0.17751094103083015,0.7630923555112326,False
DRAP1,0.15914713100800526,0.2236347241814446,0.8026978449909309,False
GPNMB,-0.19128623643274523,0.6196403425781372,0.9534996896364368,False
ZNF638,0.16071883914713325,0.08296550083359125,0.6107556612730876,False
KPNB1,-0.03328985208134938,0.7442548012175322,0.9732623744879622,False
NOLC1,0.3668635637139346,0.010037386379630978,0.27723019915493463,False
NUMA1,0.05432126656565828,0.5948166438689287,0.9479632391439603,False
COL19A1,-0.3128137838617171,0.08326997559695472,0.6107556612730876,False
PSME4,-0.11446460568055628,0.3505479716217299,0.8676073108938235,False
CUL7,-0.04209187386799229,0.7838603327059265,0.9757676912534892,False
SLMAP,0.03519284357312458,0.6552585899283648,0.9558209137948426,False
GAPVD1,-0.14562722449453247,0.3599849833816026,0.8676073108938235,False
NAA25,-0.12570232251626834,0.23580774720089542,0.8176909531079553,False
NCAPH,0.18895462395316898,0.14064366929922234,0.7178666919965431,False
KIAA0101,0.4762501651980706,0.18058946501516013,0.7642406642043584,False
SPCS2,0.04958050572916761,0.7238305796755014,0.9702869229134838,False
EMC2,0.203717975570477,0.27806461244363834,0.8435505643804808,False
WTAP,0.37934528688127855,0.004020349494700184,0.2386449048723498,False
PSMD6,0.045546059841935715,0.5412675937172707,0.9347557814904268,False
HERPUD1,0.023887710815763796,0.7626558020626661,0.9747728847731245,False
MAD2L1BP,-0.23984551801979137,0.1841585937794942,0.7645551941748678,False
MORF4L2,0.2588549654676662,0.20228571534463075,0.7842495757407623,False
FAM175B,-0.024174001379648757,0.8149907196802338,0.9796427422937294,False
SEPT2,-0.06255476187561726,0.5958335573392463,0.9479632391439603,False
SART3,-0.0049756143934658326,0.9505438993797454,0.9936382978877489,False
NCAPD2,0.2311415209914287,0.12036633053694014,0.6833260061341345,False
SUZ12,0.04599519713659106,0.8367291760533208,0.9814622066449394,False
EXOSC7,0.12215983393304697,0.24337970259972455,0.8246004142899965,False
TNIP1,-0.005698145713388669,0.954711091029072,0.9943137920657577,False
ACAP1,-0.046328075511443245,0.636788036260317,0.9558209137948426,False
EFTUD2,0.07843882089165888,0.1815961175897692,0.7644955993710568,False
LARS2,0.06129268307059732,0.755221349228294,0.9737735160683184,False
R3HDM1,0.08222724771359324,0.4343633028900806,0.8834310868100671,False
SNX17,0.011325321754640072,0.9703966065391737,0.9961388673740844,False
ARL6IP1,-0.44837482595652745,0.30177299897277077,0.8547596951762149,False
RAB3GAP1,-0.07899180926416349,0.22048168681905625,0.8005271889425227,False
SLC39A14,0.07660044348894601,0.6869503947219808,0.9577677155653451,False
KARS,0.09394855027232651,0.2606049351259945,0.8307746793345019,False
RRS1,0.13516386822374926,0.274490044973771,0.8387613457825793,False
IQCB1,-0.01311492369296019,0.8912832480708895,0.9895993288981546,False
POLD3,0.5623814026953582,0.008763441530411272,0.26475467722158,False
EIF4H,-0.003937373041942749,0.979186803449554,0.9963736685954901,False
ACAP2,0.03162238904439718,0.7829214978946916,0.9757676912534892,False
KIF14,1.3961844910344041,0.014762631893761188,0.3220255465639093,False
BRD3,-0.0854650828459711,0.5578758238532265,0.9412902243607043,False
WDR43,0.41054769594969187,0.04838460930914367,0.5018782013010997,False
ACOX1,0.17290708591724524,0.1692573647999665,0.7613501152595638,False
OXA1L,0.33355167899550153,0.331478044363589,0.864988327445132,False
EEA1,0.0405339190388645,0.6416564860648996,0.9558209137948426,False
PDIA6,-0.060768914569010235,0.3437303709147338,0.8676073108938235,False
PAFAH1B3,0.05350075256920306,0.8532092740021712,0.9844804580394803,False
PDK1,-0.02628826572410148,0.7426712873914073,0.9732623744879622,False
PDK2,-0.01589525565105987,0.850340502650293,0.9844804580394803,False
PDK3,0.1935683872246372,0.24436286514059133,0.8247329344348555,False
PEA15,0.1915573020230319,0.7222125290607064,0.9697951848439991,False
PGM5,0.08457748409398391,0.2420715071435584,0.8241958457506869,False
EBP,-0.38850335817821247,0.2690336177632986,0.8382717204474744,False
PMVK,-0.2512492809033944,0.5447471398198049,0.9362383024098451,False
PRKD1,0.245155050484815,0.005206061242145788,0.2456911588334829,False
PLCB4,0.740258031870006,0.03194919651438895,0.4310127454299641,False
PLEC,-0.46789312841042374,0.004451267921144648,0.2425620724982544,False
PCM1,0.21872818012295525,0.04705695082061759,0.49390279439677137,False
NOMO1,0.19581157509084335,0.14968458882064475,0.7368142988107953,False
PON2,-0.04394790095176049,0.6493265203941835,0.9558209137948426,False
TCEAL1,0.012066823186827946,0.8913112652637284,0.9895993288981546,False
PPP2R5A,0.08035811399214765,0.3935478470627613,0.8764319149979993,False
PPA1,0.012701830297466188,0.9097416277635695,0.992103986449071,False
PTGES3,-0.11111438462433298,0.2840147224387746,0.8457356496499373,False
STK38,0.0659481646472635,0.3442613092263953,0.8676073108938235,False
PVRL1,0.010031191840091935,0.904856841897799,0.9906253158153695,False
NONO,0.11453733672391309,0.30652869304139774,0.8572082450400133,False
PPP2R4,-0.1911823597658504,0.4018390457458128,0.8770879497439329,False
PWP2,0.1406299255894652,0.020119909357334556,0.3726207287029333,False
RABEP1,0.31404536144658834,0.17554304107396473,0.7613501152595638,False
RAB35,0.3510304838664169,0.030075719904093978,0.42081735441190454,False
RNPS1,0.09194870389810106,0.5029125629228862,0.9241165240783552,False
RBBP5,0.11234797892844028,0.3194225019037119,0.8635408661899079,False
RCN1,-0.010063100254434687,0.904208706876146,0.9906253158153695,False
RALBP1,-0.04075452236561361,0.7729187283683558,0.9747728847731245,False
ZMYND11,0.008223156203555959,0.9017639341908864,0.9906253158153695,False
LLGL1,-0.2390016757555884,0.19002689831930553,0.771775968753144,False
LRRC41,0.08997138521649717,0.6456931239308634,0.9558209137948426,False
TTF1,0.07328593296078623,0.39656179081785053,0.8764319149979993,False
TMED2,0.25561702789210017,0.07852338944521224,0.6031882940385503,False
PCBP1,-0.006705788085227482,0.9153077263158791,0.9929705792864855,False
PCBP2,0.05990451467470592,0.6582321762020167,0.9558209137948426,False
TCEB1,0.03122792311701872,0.7492499339928561,0.9737735160683184,False
TCEB2,-0.0438721991678257,0.5651263043959777,0.9426811085231039,False
RHEB,0.38246662344196736,0.2829020633606281,0.8457356496499373,False
UBE3C,0.019626060712550242,0.8770880156245446,0.9864997068182194,False
TOMM20,0.12928140509988495,0.8140706895304376,0.9796427422937294,False
MTFR1,0.08386954473041897,0.3313031697144096,0.864988327445132,False
DHCR24,0.4302073801548403,0.005142235808411209,0.2456911588334829,False
SF3B3,0.13187391488803613,0.0622792526653321,0.5653380532332504,False
KIAA0020,0.10329564941773128,0.2916323974911175,0.8487579901098453,False
DLGAP5,0.46510613692746006,0.06452940804044176,0.575096245668695,False
RSU1,-0.37235486721872135,0.008534605488814972,0.26028524322523383,False
CNN3,-0.177578061132035,0.32501998188719544,0.8643320035562339,False
RPS6KA1,-0.14372252609754455,0.07498810790519649,0.5939240829767172,False
SAFB,-0.009004071292117999,0.9239395260843678,0.9929705792864855,False
SF3B4,-0.16187188403084463,0.6362819142471061,0.9558209137948426,False
SF3A2,0.07745140721783272,0.5872705050540131,0.9464658335768105,False
PPP1R7,0.028475825374737695,0.8967304659365838,0.9896259744685637,False
SEC23A,-0.2303772203077692,0.01613584144787637,0.33822195347584505,False
SEC23B,-0.22372774605454282,0.06783207146681643,0.5812242075751847,False
CYTH1,0.21579975896112202,0.20342704022739874,0.7851644396273738,False
SF3A1,0.09899289032568603,0.22895076105230047,0.8127893566185669,False
SKIV2L,-0.0845697395185887,0.32297502653802146,0.8637689122788939,False
SURF1,-0.015784521484686564,0.917289884760555,0.9929705792864855,False
SURF2,-0.06699704240762827,0.6264770511428225,0.9556087593733652,False
MED22,-0.0048400187939456885,0.96527363095023,0.9952229790882976,False
SS18,0.12882686660355702,0.17297368115767497,0.7613501152595638,False
TAF5,0.1281409850120454,0.6730469474858741,0.9558209137948426,False
TAF7,0.0362316942529155,0.8343440362680536,0.9807213761797207,False
TERF2,0.12224148634117427,0.5609477165706757,0.9412902243607043,False
MAPRE2,-0.0570932184187356,0.7223354034121658,0.9697951848439991,False
NCOA2,0.49986098289706504,0.14618269213128604,0.7292136619107176,False
SLC9A3R2,0.4342619636567129,0.0238040291503597,0.38701458980125747,False
TRADD,0.05097470380783875,0.5026094214858957,0.9241165240783552,False
TRAM1,0.19621490595602964,0.35727007337908534,0.8676073108938235,False
TSN,-0.11095372278093052,0.5669660201908258,0.9426811085231039,False
TARBP2,-0.012922209797412876,0.8762964791292855,0.9864997068182194,False
SF1,0.15860515198751202,0.11304791332556315,0.6756333455682982,False
TRIP10,0.08683942599914474,0.5349511607131512,0.9318924524063691,False
TRIP11,-0.06068244117776089,0.4922181213270472,0.9188928374643308,False
TRIP13,0.00597563497374054,0.975634398626376,0.9961388673740844,False
OASL,-0.1008728055565733,0.6493004078928443,0.9558209137948426,False
MED1,0.028735207208193003,0.86180180793233,0.9853852578924835,False
TRIP4,0.24824423827077524,0.3922703108672058,0.8755669269616613,False
HMGN3,0.2779311773153239,0.28916718719351875,0.8487579901098453,False
JMJD1C,-0.1649079216772975,0.5354974074794641,0.9319600429228658,False
NFKBIB,-0.01667186965049794,0.8779738592310526,0.9864997068182194,False
TRIP6,-0.3798235340452294,0.22289151693750342,0.8026978449909309,False
PTPN14,-0.037724061153259214,0.6834251325061663,0.957453092639316,False
MAPRE1,-0.2335334261428379,0.08090206036542616,0.6107556612730876,False
ALX1,-0.3232735963154063,0.0005436651370547803,0.12702972211189337,False
TSC22D1,-0.27535940272916193,0.3160828112786319,0.8605572767205228,False
ELAVL1,0.028202434131390675,0.8979252732358397,0.9899468705396672,False
NSDHL,0.051200352744938726,0.6075257435734093,0.9516690600336835,False
NAB2,-0.227249346305193,0.45291684395455917,0.8977244778944686,False
TAB1,0.037928383855934555,0.8423660714409991,0.9824574286373784,False
HERC1,-0.08956600878808274,0.7584102950327818,0.9746858611062325,False
SLC1A5,0.16710050223414896,0.22600907725167577,0.8079163189869645,False
MLF2,0.2690116482414808,0.4294903681328744,0.8800723730691165,False
TOMM34,-0.3633549717107023,0.07525091655021658,0.5947659021326893,False
SMAD2,-3.2431359156817727,0.00019073487470139356,0.12702972211189337,False
MSMO1,0.0007609204043887985,0.9931161524602443,0.9985846081690612,False
ITSN1,0.039344742486537854,0.7105581853198402,0.9652272713200098,False
TBCE,-0.02753634968166807,0.8520693070914267,0.9844804580394803,False
TBCC,-0.07282913223666299,0.46341747518854953,0.900531604432244,False
UBE2V2,0.14876840920880596,0.17295663618385473,0.7613501152595638,False
STXBP2,-0.062032531199321284,0.5073507653124585,0.9247690556585174,False
VAMP3,0.09164346601451001,0.45391510502855753,0.898199170005771,False
NEDD8,0.0006866552847490937,0.9961876246558189,0.9992045509855908,False
USF2,-0.021745030306540514,0.8004891887710227,0.9768683851080251,False
ATP6AP1,-0.13405160714316722,0.513490384893149,0.9257573377965317,False
VPS72,0.0030919714671426846,0.987059167426635,0.9972240854967319,False
RAB11B,-0.018986744746424478,0.6802403328418181,0.9568761506102116,False
EZH2,0.07067267221760787,0.57793552215091,0.9429551432660005,False
ZFHX3,-0.13570995143139442,0.5088764623585637,0.9247690556585174,False
ZYX,-0.6826939605497131,0.022146969453888953,0.3810581508977952,False
ETFDH,-0.190426774250394,0.12610255342366714,0.6868815000283959,False
SNCB,-0.606029682212526,0.12507972882607257,0.6868815000283959,False
SEPT7,0.07783724710465378,0.1946762898213,0.7743704887069277,False
ADRM1,0.025207013320482474,0.8298731726668406,0.9796746903350853,False
CCDC6,-0.17551030322765016,0.3136432355955338,0.8602661132433345,False
UAP1,-0.3554619420616518,0.1448846959864228,0.7280614519651115,False
IGFBP7,0.02924258381312228,0.7078593239710952,0.9645093452622473,False
PDCD2,0.09569540062284432,0.3398468767047657,0.8676073108938235,False
LAMA4,0.4129535542520131,0.15666824556587214,0.7475311155409757,False
PSMD5,-0.11120299358270458,0.5966025944357631,0.9479632391439603,False
PKN1,0.05072179916419017,0.5237253873100263,0.9283883178018956,False
PKN2,0.10402650317088558,0.14505155724792299,0.7280614519651115,False
CSRP2,0.020400574207766198,0.7988386603297225,0.9768683851080251,False
DDB1,0.05227684321036463,0.3211409901897929,0.8637501951266234,False
SNAPC1,0.11422556334565215,0.4459180385530073,0.8937143094373057,False
PPP2R5E,-0.23665440230997703,0.34290806574550814,0.8676073108938235,False
MAPK14,-0.41561293168736313,0.08273765786799023,0.6107556612730876,False
MRPL23,0.00359823235922363,0.9855562788463137,0.9972240854967319,False
CDC37,0.04838645275528819,0.5971265360210224,0.9479632391439603,False
BCL2A1,-0.03016958132489833,0.7432216868667444,0.9732623744879622,False
DPYSL2,0.06395582665762234,0.3962473425909788,0.8764319149979993,False
SYPL1,-0.11765364638941378,0.6761357840245568,0.9558209137948426,False
CAMK4,0.17047060391997348,0.47653220336938634,0.9106826290592618,False
RBBP7,-0.0015333385449878278,0.9909728078426006,0.9976981717606491,False
TAF9,-0.0033370924712485817,0.9658379960227534,0.9952229790882976,False
FXN,0.08554581680195383,0.7430391714877588,0.9732623744879622,False
ECM1,0.5038523017794532,0.016433561800579984,0.3400722824398676,False
BAK1,-0.10981051353263283,0.334552776763708,0.8671397439011865,False
STX1A,0.0324215277094666,0.6753273082121741,0.9558209137948426,False
MEA1,-0.0026408482088875473,0.9765798806432484,0.9963179601591929,False
SRSF7,0.2340004213732101,0.15281512434171238,0.741043952629178,False
CPSF6,-0.08232066622150569,0.5182237690446218,0.9265888182165767,False
SMN1,-0.04862552018513,0.804571171104945,0.9776086642863144,False
DBN1,0.011235139636298186,0.9123351282182254,0.9929705792864855,False
PTGIS,0.0324215277094666,0.6753273082121741,0.9558209137948426,False
NFIL3,0.1145449355025896,0.3542357490347627,0.8676073108938235,False
TBR1,0.1529409150905643,0.1737827584340575,0.7613501152595638,False
MLANA,1.2988668247867992,0.008149876726900315,0.2570806702823702,False
FSCN1,-0.005031530207485702,0.979981249205748,0.9967092363899145,False
IFI16,0.1110464946786891,0.36083482409934375,0.8676073108938235,False
MIA,0.045938666535576544,0.5481962724119807,0.9378848246643942,False
DECR1,0.08282929842278008,0.23308369265713513,0.8149286156262824,False
MAN2A1,-0.016821779704518036,0.9383987853087473,0.9929705792864855,False
NDUFA5,0.18275773581709487,0.2231224533454961,0.8026978449909309,False
CLPP,-0.00558946391081605,0.960280713353916,0.9943137920657577,False
TST,-0.2784268623933599,0.011949562711070604,0.29186291759110733,False
UBE2S,0.7674463552241804,0.006795665976229238,0.2495805951257824,False
QPCT,-0.4852360033062446,0.022231967649169022,0.38109161948792913,False
GUK1,-0.05677638321981249,0.7957763851528051,0.9759521704704214,False
HAGH,-0.11785145185251267,0.36063896951081115,0.8676073108938235,False
HIST2H2AC,0.006759666911179352,0.9327926727643012,0.9929705792864855,False
NDUFA9,0.2551493763350692,0.3250682062370617,0.8643320035562339,False
PCK2,0.13855635317093373,0.2757718058647074,0.8410386591181953,False
UPP1,0.03191334265011747,0.9185127392488833,0.9929705792864855,False
DDR2,-0.14142370170142726,0.4007571317004159,0.8770879497439329,False
HADH,0.17060226029401093,0.35711713232163567,0.8676073108938235,False
CYP51A1,0.3590360868747595,0.008383046511133727,0.2593505014381997,False
UGP2,-0.16332511105952463,0.15999454193630822,0.750716157098671,False
DGUOK,0.03989646505908695,0.6137150211195112,0.9524750433088539,False
ATP6V1F,0.014637492862433987,0.9576132124226261,0.9943137920657577,False
PFKFB4,0.07144043126804434,0.37457679176022673,0.8701811028798047,False
TXNRD1,-0.13768371933469936,0.6061877348079583,0.9514336198025617,False
IMMT,0.09758737739916512,0.3950531399533361,0.8764319149979993,False
FAM98C,0.0036322648688553727,0.9691047315484334,0.9961388673740844,False
CPEB4,0.047435379479221496,0.6060946332168864,0.9514336198025617,False
KNOP1,0.013214741894216786,0.8866683316501718,0.9884647975571688,False
HNRNPUL2,-0.00927305741501172,0.939317781436073,0.9929705792864855,False
CSPP1,0.045696468955977565,0.5579086633432475,0.9412902243607043,False
MICB,-0.0026352148535266906,0.9729605499142172,0.9961388673740844,False
PDS5A,0.11392144643205526,0.18535064035484058,0.7659741706678392,False
QSER1,0.22408740018843076,0.702414972986693,0.9637612689060489,False
ARHGAP31,-0.06833246522562675,0.6440311042088209,0.9558209137948426,False
AAK1,-0.06317336945117802,0.8230130623460141,0.9796427422937294,False
KIAA1033,-0.07078496139605406,0.5664500919295588,0.9426811085231039,False
SHROOM1,0.003999802100949523,0.9753084688008181,0.9961388673740844,False
TSR1,-0.10357923993008455,0.34011134243349733,0.8676073108938235,False
RALGAPA2,0.09322766453267306,0.35918984313852703,0.8676073108938235,False
DPY19L1,0.05549712346067537,0.4904383461476794,0.9174333597268364,False
TYSND1,-0.00458711711073434,0.9596642126298773,0.9943137920657577,False
IAH1,0.10993162017404856,0.3614563342482702,0.8676073108938235,False
ALG11,0.03626688661125144,0.6323244192988303,0.9558209137948426,False
MUM1,0.0385376416337877,0.6192379692832091,0.9533884235117631,False
QRICH1,-0.2473968627958527,0.2043395603883623,0.7864384396525785,False
SMU1,0.045930341156893206,0.596439699216186,0.9479632391439603,False
ZNF800,-0.0697930650684242,0.8187127489928719,0.9796427422937294,False
CWF19L2,0.0815955338033234,0.25419787076433836,0.8286541531755407,False
CTU2,0.1342981085863073,0.2964882549514617,0.8509275294141067,False
LRRFIP1,-0.14907684152854372,0.2641996717041763,0.8340434586438081,False
C18orf21,0.012456315646684146,0.8875208673089786,0.9886094480064527,False
LEPRE1,-0.0625638375220916,0.508271094216411,0.9247690556585174,False
TRMT5,-0.08770320781272645,0.5775867665993774,0.9426811085231039,False
EML3,-0.02828487447663619,0.8471245954744768,0.983457003366575,False
NDUFAF6,0.15734159207624288,0.12201856379045484,0.685977301236774,False
TWISTNB,0.3668714093475387,0.006209272375904618,0.2495805951257824,False
MAP7D1,-0.3400681335885736,0.23556344986740604,0.8176909531079553,False
UAP1L1,0.017450929309909213,0.8374783766133688,0.9814622066449394,False
CHD9,0.14653481909145327,0.3201354700649247,0.8637329012289565,False
DAK,0.15401198756154244,0.3126387387519602,0.8599825844982091,False
LSM12,0.1485388489642041,0.2566805876814465,0.8291488368233156,False
HSDL1,0.14486237882107034,0.6045068887434791,0.9510411109636477,False
ARL13B,0.0074725715390115965,0.9275353024887925,0.9929705792864855,False
ALDH1L2,0.11339472126385175,0.3880080207549425,0.8724463008932468,False
GON4L,0.16125147251085892,0.25382050667894546,0.8286541531755407,False
GNPTAB,0.148018535118716,0.5919722458694839,0.947780458509137,False
CCDC88A,0.051924159439131756,0.7716969529820532,0.9747728847731245,False
TBRG1,0.0243030782514424,0.7557148312735326,0.9737735160683184,False
RABL6,-0.05011268309889161,0.578483634492844,0.9432667737595217,False
VMA21,-0.2587972664833842,0.0423229368017091,0.4763626693890292,False
TUBB8,-0.519234801658996,0.18923409938890703,0.771321598050201,False
TIMM50,0.21237476970902236,0.16288769953781315,0.7530045592857957,False
ZNF568,-0.004928806103436045,0.9568978313610538,0.9943137920657577,False
FUT11,-0.04371949157942723,0.5462701948201083,0.9370679211815144,False
GLYR1,0.13669461891501555,0.2224265737220018,0.8026978449909309,False
CCDC14,0.04745922835948946,0.5723775941363758,0.9426811085231039,False
C5orf22,-0.17927917698226636,0.37825581659236696,0.8718690155859481,False
VPS26B,0.004409227747046884,0.9807638692996989,0.9967545352670668,False
CCSMST1,0.08429030357903144,0.34672315349602023,0.8676073108938235,False
LARP7,0.013414262773110863,0.8614251441144917,0.9853852578924835,False
NADK2,0.08608547267706967,0.6520020827181267,0.9558209137948426,False
KCTD21,-0.12898919810350762,0.12691563380478052,0.6868815000283959,False
GXYLT1,-0.06812989851622575,0.47038937144887505,0.9073607929476952,False
ACSF3,-0.06406636058072479,0.7839767830158072,0.9757676912534892,False
PREPL,-0.008902241025552371,0.939220833552352,0.9929705792864855,False
TBC1D10B,-0.09380780929824795,0.6018302720102937,0.9489776526307866,False
TPRN,0.08911115670225556,0.3103309878297753,0.8599825844982091,False
ANO6,-0.06109411000837639,0.6555425479453987,0.9558209137948426,False
DNAL1,0.006751986176986691,0.9293276827956509,0.9929705792864855,False
ARID4B,0.10301935007282736,0.5836526678934834,0.9449459854812928,False
MRPL51,-0.00782929025061918,0.9387528036758824,0.9929705792864855,False
GRIPAP1,-0.5957856932309653,0.12489163431017271,0.6868815000283959,False
BCL7A,0.061611709614808774,0.4842596981301036,0.9142140904688919,False
CCDC58,0.1275409070791369,0.22063816784754686,0.8005271889425227,False
FLYWCH1,0.0635889357983288,0.8139174492116554,0.9796427422937294,False
GREB1,-0.09379226534242946,0.4637019226392321,0.900531604432244,False
FAM98B,-0.0391817140279791,0.6217019842851187,0.9545019654178369,False
PDCD4,-0.6115986007290992,0.006534425173974641,0.2495805951257824,False
FNDC3B,-0.050745312138129606,0.7785332121676706,0.9757676912534892,False
AGPAT9,0.05491261743825149,0.8851020339217291,0.988414301604248,False
CEP55,0.020114802300835066,0.7925404185594447,0.9757676912534892,False
C17orf85,0.19986174713095295,0.3291679039512459,0.8643320035562339,False
C11orf73,0.13252243674721953,0.17230991111702892,0.7613501152595638,False
PHLDA2,-0.29265755186334985,0.13299953027148972,0.6971803270745697,False
PDLIM3,-0.015201335441545893,0.8656932522304135,0.9855253681560873,False
PLEKHO1,0.025292049406040462,0.7442565589976827,0.9732623744879622,False
PARP10,-0.01097940154640753,0.9080725196594456,0.991453259587103,False
HSD17B12,-0.004862882024980308,0.9560044825579582,0.9943137920657577,False
GLE1,-0.13966701058917153,0.10884984142389716,0.662676186908967,False
USP39,0.05924830835363437,0.3583308405242056,0.8676073108938235,False
KLHL22,0.01556956982905433,0.836774064291177,0.9814622066449394,False
AGK,-0.06140740072875772,0.4202496394378532,0.8799102302725008,False
PLA1A,0.0543805864385547,0.5161741529906041,0.9265888182165767,False
LACTB2,0.15016107807006662,0.12234009393056583,0.685977301236774,False
PYCRL,-0.08589092261934184,0.5869539631282208,0.946440071448739,False
TSSC1,-0.018849726069284145,0.8594254963270033,0.9853852578924835,False
CDCA8,0.06883874286704028,0.42741074525750267,0.8800723730691165,False
SOWAHC,-0.14648389482620416,0.35116463185964275,0.8676073108938235,False
FASTKD1,0.11242825139891366,0.40502063885951534,0.8770879497439329,False
BOLA3,0.10969518373164533,0.1847911095070683,0.7658229735284879,False
COBLL1,0.28031935098042027,0.12653180233584735,0.6868815000283959,False
HS1BP3,-0.4164683500234361,0.1440215750001482,0.7257469343194626,False
CYBRD1,-0.07367032476712154,0.66705413121724,0.9558209137948426,False
WDR81,-0.20900914594507114,0.5014987971965065,0.9241165240783552,False
SGOL2,0.010336988136870673,0.9730284427200186,0.9961388673740844,False
ACTBL2,0.18986265962868742,0.24395708278706504,0.8246004142899965,False
CCDC93,-0.028791892128907648,0.7981364497167651,0.9768683851080251,False
ESCO2,0.04074100175835227,0.7231239814110463,0.9702869229134838,False
SFT2D3,-0.0009515987307224805,0.9930773819086062,0.9985846081690612,False
HSP90AB4P,-0.2081893654818856,0.42683243773183743,0.8800723730691165,False
HSP90AB2P,0.08189916479118153,0.4115114624135575,0.8770879497439329,False
HSP90AA4P,0.010750804667317482,0.889132400899734,0.9895511797039162,False
DCAF6,0.06776228150795305,0.3313699950905043,0.864988327445132,False
TMEM41B,-0.261961118049836,0.3559708407216977,0.8676073108938235,False
TMEM97,0.02808521411029119,0.7363763140209547,0.9732623744879622,False
TMEM128,-0.016408562365406,0.8664401180109247,0.9855253681560873,False
YIF1B,-0.009018429291302255,0.9400291432357999,0.9929705792864855,False
ALG10B,-0.02061707044714467,0.8384881273776993,0.9818424436116271,False
OXLD1,-0.026697818062583423,0.845256807089799,0.9830521513867443,False
FAM133B,-0.2452734115681814,0.07056689094270222,0.592492729542971,False
ZNF326,0.27573139474180053,0.062321699479575436,0.5653380532332504,False
NOM1,0.24865105849935887,0.04150579087104446,0.47440455462730213,False
RILPL1,-0.139458426401049,0.6208329073637819,0.9541580508445037,False
DNAJC21,0.052265830218242826,0.4618554395131293,0.900531604432244,False
ESCO1,-0.05493052566999168,0.6957100330115551,0.9627230094035356,False
HERC4,-0.5929836032955649,0.006926927746965199,0.2495805951257824,False
PPP6R3,0.07331356419316393,0.4041145854874964,0.8770879497439329,False
MTX3,-0.013478682834037414,0.8880622147629954,0.989041251644146,False
RABL3,0.011398901235455838,0.9405726245808848,0.9929705792864855,False
FAM76B,-0.0018670943902776571,0.9807956337585557,0.9967545352670668,False
COQ5,-0.08364083009793433,0.6094670774495901,0.9519224862592505,False
EMC4,-0.3354278258240484,0.005744653555569276,0.2495805951257824,False
EARS2,-0.1461313299137501,0.35717383506713507,0.8676073108938235,False
MIA3,-0.07296354983845532,0.39336650944487256,0.8764319149979993,False
PITRM1,0.08841692875492768,0.45533253421325204,0.8982715534478075,False
PSMG4,0.10428588260852933,0.6425407330826698,0.9558209137948426,False
WDR44,-0.1424432275138372,0.3437882126591411,0.8676073108938235,False
DDX26B,0.02278678400105605,0.7726322122908549,0.9747728847731245,False
PRRC2B,0.007159081000434497,0.9306577713307878,0.9929705792864855,False
TJAP1,-0.15229630951373352,0.355099079559198,0.8676073108938235,False
RRP12,0.11069919206803647,0.22082670882341454,0.8005271889425227,False
COA6,-0.6481048551295778,0.0051320891851509365,0.2456911588334829,False
TOR1AIP1,0.11007558590651456,0.11863996715886385,0.6833260061341345,False
AARS2,-0.06086771643299471,0.7022678302473947,0.9637612689060489,False
PCID2,-0.4615608649673142,0.010857604513976373,0.284262145998249,False
HABP4,0.08831901180191082,0.22881086881768128,0.8127893566185669,False
SLC27A3,-0.10284541783515522,0.4725518944118944,0.9093515073386783,False
SAMD9,0.06574092426365752,0.3457760636446702,0.8676073108938235,False
SPECC1,0.26116642617601826,0.004166908225838764,0.2386449048723498,False
CCDC158,-0.6984277924368456,0.1775324781134818,0.7630923555112326,False
SMEK2,-0.26324964099593373,0.19536155207923803,0.7743704887069277,False
WIPI1,0.054474696196010086,0.7286817441408403,0.9720288191430986,False
EOGT,-0.47446496650111314,0.09114284441108993,0.6266070553262433,False
SAMD4B,-0.01778035922128396,0.8150593810118161,0.9796427422937294,False
BRMS1L,-0.2283978836716578,0.5756023270552267,0.9426811085231039,False
TBCEL,0.03726435064272238,0.6354765618815965,0.9558209137948426,False
DNTTIP2,0.2270572875314727,0.01683400126730195,0.34061164274359856,False
TTC38,0.024023607661789015,0.7680389918442335,0.9747728847731245,False
COX20,-0.4991510073434391,0.12370876369034978,0.6868815000283959,False
EXOSC6,0.18912188928093343,0.05172011199862113,0.5176032981510528,False
PPM1L,0.006653981013496235,0.9421964004723803,0.9929705792864855,False
TMEM201,-0.29712421191072025,0.09373971655109999,0.6342955583662759,False
SNAP47,0.004844058735685053,0.9550671174306251,0.9943137920657577,False
NUP188,0.15057347018469258,0.05767428184314091,0.5514621153946684,False
HP1BP3,0.16856194569483307,0.1193027486513742,0.6833260061341345,False
VARS2,0.06347357863127101,0.7885608028923539,0.9757676912534892,False
ZMYM1,0.11224528618150487,0.2425486604801996,0.8245116905388719,False
CEP170,-0.12318644555718095,0.14052561150088247,0.7178666919965431,False
ODR4,0.04839021296023205,0.6391997971754495,0.9558209137948426,False
SNAPC4,0.009009815907333518,0.9134718378240161,0.9929705792864855,False
NOL9,0.2927300015519876,0.040232755978126145,0.46821991446752886,False
NHSL1,-0.24168258956831323,0.4583785084428311,0.9000575632418679,False
HYI,0.06565694750215911,0.46294428452040104,0.900531604432244,False
TPRG1L,0.07287062019200263,0.29860869626793224,0.8519707087999923,False
CC2D1B,-0.1458701009968948,0.24721364152451356,0.8273351377053714,False
FNBP1L,0.08777541656219157,0.4462892576074611,0.8937143094373057,False
RARS2,0.062133673468331097,0.7283274649805033,0.9719591947634878,False
THEM4,0.04544194751753139,0.5668242767051102,0.9426811085231039,False
FKBP15,0.051445033616776215,0.6122595042449869,0.9524750433088539,False
DDX59,0.11914399471592318,0.31968096439068233,0.8636217488891859,False
ZC3H13,0.5571553372426408,0.22168080045127408,0.8014134555640161,False
C9orf114,0.15865385019954914,0.13276835181515342,0.6968714061423428,False
OTUD3,0.03201069054010475,0.6799184519471111,0.9568761506102116,False
C10orf76,0.03843748183962248,0.6080354398556639,0.9516690600336835,False
TMEM63B,-0.470035870230852,0.4619048799354813,0.900531604432244,False
GPATCH4,0.311784100608147,0.021011246671267258,0.374535657422728,False
LRIF1,-0.011863962281289275,0.9016400516871217,0.9906253158153695,False
IBA57,-0.05228483056246347,0.6964885905243657,0.9628145782292297,False
HECTD3,0.08831060517760037,0.571618073620129,0.9426811085231039,False
UBR4,-0.09347554277446335,0.18791432806001987,0.768252033714249,False
STXBP5,-0.007415838193153945,0.9227209943596578,0.9929705792864855,False
ARHGAP21,-0.29477195867355377,0.528405088065689,0.9290400933613959,False
BEND3,-0.012247597334003046,0.8685181604993273,0.9855253681560873,False
CAMSAP1,0.09117601770682882,0.32739012383248073,0.8643320035562339,False
MRPL2,-0.03560642981695139,0.6834917416697207,0.957453092639316,False
UBAP2,0.0432081315699584,0.6918756368195164,0.9605652045164159,False
C9orf64,0.033136812596108456,0.66849762004652,0.9558209137948426,False
FAM69A,-0.0693071828213121,0.5096084737274051,0.9247690556585174,False
GORAB,-0.2540102263040822,0.05915542776579336,0.557762837568719,False
ACBD5,0.06936708990181728,0.3327817007937721,0.8661354439142498,False
FAM102B,0.04164065831501418,0.7093820572111762,0.9646816437349787,False
RBM26,0.11313579114306549,0.20915069795876978,0.791133134973397,False
ATAD3B,0.23425016766849183,0.1987875434413773,0.7790486248753123,False
WLS,-0.5598092286072216,0.03485042614628695,0.43886984785001276,False
CPSF3L,0.0781315777001339,0.6757230971522783,0.9558209137948426,False
CPTP,0.03343832794176649,0.6639563215911513,0.9558209137948426,False
DCAF8,-0.01689432660631951,0.8593601993926183,0.9853852578924835,False
ZCCHC11,0.08111672588503538,0.34050435894454567,0.8676073108938235,False
RNASEH2B,0.10152288214298721,0.2900418658805112,0.8487579901098453,False
ATP1A1-AS1,0.09587189876664226,0.20783918294838474,0.7885879376608819,False
ATPAF1,-0.04507782280126449,0.7159127235169186,0.9676325091013172,False
RC3H1,0.050516341618646265,0.5280491509260141,0.928947555129878,False
DDI2,0.10225367138784591,0.6112775247672199,0.9524750433088539,False
ZNF697,-0.023432959777398565,0.8142846832790321,0.9796427422937294,False
THEMIS2,-0.23106344395837297,0.32762520340867235,0.8643320035562339,False
NDUFAF5,0.13328437751107103,0.16233258321698263,0.7517808855755417,False
SOGA3,-0.0892890517186089,0.36857770902985565,0.8697460790638508,False
NT5DC1,0.3726263142852133,0.040382603345684304,0.46821991446752886,False
AHDC1,-0.08195676761643611,0.6187989688821554,0.9533884235117631,False
VPS13D,-0.05442354157284868,0.8814899230348892,0.9878583368264134,False
PRR14L,0.019682649883723258,0.9453857270173849,0.9929705792864855,False
LIN9,0.050744629630457894,0.520412071775529,0.9274028473762195,False
CROCC,0.3968951077249976,0.6502205952625267,0.9558209137948426,False
TMEM164,-0.03904659712521408,0.8717751007250298,0.9864997068182194,False
ASPHD1,0.13816206198973546,0.4076462903739146,0.8770879497439329,False
LYRM7,0.6734013690533978,0.03305202205129288,0.4329938901791078,False
EMC10,-0.07304252812437895,0.6841062176649767,0.957453092639316,False
RIF1,0.4561559995984794,0.0001195820257923356,0.12310583753894268,False
VPS53,-0.19943129726667053,0.5607699471010618,0.9412902243607043,False
STRIP1,0.09339374044481019,0.3086236939026362,0.8597341507042215,False
ABHD17B,-0.005162137922766874,0.9562147300684776,0.9943137920657577,False
OBSCN,0.5182940390252462,0.255117267416879,0.8290968166032652,False
CDC42BPA,-0.05303793909474663,0.8480492158255697,0.9839674199605718,False
RPRD2,-0.044617283448658895,0.5970942494513621,0.9479632391439603,False
ANGEL2,0.0324215277094666,0.6753273082121741,0.9558209137948426,False
PRPF38B,0.07833331044895075,0.46671952648746234,0.9027172085803488,False
RNF20,0.0142709116288664,0.8385712618631705,0.9818424436116271,False
PDE4DIP,5.103754231328139e-05,0.9999010674028137,0.9999198701647669,False
CACHD1,0.08767629778530761,0.39731055128178927,0.8764319149979993,False
ZNF318,-0.2398723770866411,0.4645214528525903,0.9009028176933147,False
CDKAL1,-0.3237847756356942,0.19557351619985783,0.7743704887069277,False
MYSM1,0.07783418596974201,0.4141674520391092,0.8770879497439329,False
BROX,0.01354587625648307,0.9207474277941364,0.9929705792864855,False
FOCAD,-0.013611303294450039,0.9458871171141934,0.9929705792864855,False
SNX30,0.10230103826171799,0.6336094780156408,0.9558209137948426,False
RSBN1,0.05890745304353473,0.7872772892915583,0.9757676912534892,False
LYPLAL1,0.0650707533585404,0.4720390720517842,0.9086363830850228,False
ECM29,0.2843823974333297,0.03397081124109502,0.4329938901791078,False
SLX4IP,0.07455433402237688,0.4274014702589608,0.8800723730691165,False
NAA35,-0.09565628029005069,0.37251469924458425,0.8701811028798047,False
LRRC16A,-0.13841146024891415,0.31445147269966045,0.8602661132433345,False
ZMYM4,0.05348458843109327,0.6470280230892865,0.9558209137948426,False
RNF219,0.0324215277094666,0.6753273082121741,0.9558209137948426,False
FAM160B1,-0.02329773951362668,0.7843076559618838,0.9757676912534892,False
SPRYD7,0.34700328577858386,0.13056052120647024,0.6954941671884404,False
QIL1,-0.03827386254474874,0.7953481574597694,0.9759521704704214,False
CD276,-0.7582133822113448,0.006138579570915928,0.2495805951257824,False
TSHZ3,0.03840694226995822,0.6184198268370813,0.9533884235117631,False
RNF213,-0.3325692366997153,0.3487024758532793,0.8676073108938235,False
AP1AR,-0.06220393015368586,0.6263115029348841,0.9556087593733652,False
KANK2,-0.23428802273171812,0.07226501760186747,0.5936817089710029,False
FAM21A,-0.037179419370716005,0.7559183497314225,0.9738407568612019,False
FAM91A1,-0.2937238320759441,0.007407908884075282,0.2495805951257824,False
TBC1D9B,-0.16587231186079876,0.4807315399101925,0.9134088070824972,False
MAP1S,-0.7108339398835319,0.011840702521319966,0.29186291759110733,False
E4F1,0.06172572683293964,0.4863310229326388,0.9146243514524387,False
ARL6IP4,0.052591904433164416,0.8394948127841678,0.9818672109238561,False
ATG16L1,0.04585011862680588,0.6238423666559624,0.9553606923919843,False
ARID2,-0.015145829879003259,0.9617362424459149,0.9943137920657577,False
DIEXF,-0.30622793941823545,0.2764879803001559,0.8420256285998596,False
GLT8D1,0.035309006619208105,0.6470154713277569,0.9558209137948426,False
TNS3,-0.76301871200112,0.1137145478010185,0.676922400647136,False
HAUS3,0.08499388693816101,0.4035894106672402,0.8770879497439329,False
SPTY2D1,0.30042902404435523,0.05440517270849352,0.5304504339078119,False
MBLAC2,-0.19091873577530194,0.2727824938790385,0.8386790960877272,False
FMN1,0.5140500128506496,0.11604297310160216,0.6800879161282422,False
LMBRD2,0.047394383897536585,0.546659359147693,0.9370679211815144,False
ZFYVE26,-0.08972699367648218,0.2140001586071666,0.796887571096153,False
MSL1,0.1904961145720847,0.18636790412927773,0.7668014469769195,False
CRYBG3,0.018507348540083512,0.8066559547336118,0.978017374036115,False
INTS3,-0.018606280757122562,0.7848714100265816,0.9757676912534892,False
ARHGAP17,0.07752071009301531,0.36209675547390624,0.8676073108938235,False
CDCA2,0.7888837514530458,0.009456958285109304,0.2711176101057575,False
CWF19L1,-0.22428250660602345,0.13148951812120768,0.6958347443338581,False
KIAA1429,0.05359074930347063,0.5017980908443236,0.9241165240783552,False
SPECC1L,0.15559593747928346,0.1783460893472555,0.7632902418660206,False
C12orf73,0.014930659070042651,0.8630553991548345,0.9853852578924835,False
HEATR6,0.05806841460273304,0.6752873006888377,0.9558209137948426,False
ANKRD40,0.3100809037758303,0.033810292927181955,0.4329938901791078,False
UHRF1BP1,0.40861174013774004,0.24786504064421616,0.8273351377053714,False
ZNF787,-0.0250082646683083,0.7729963560087771,0.9747728847731245,False
ATL3,0.1377272977917947,0.2718275677028971,0.8386146206467584,False
RPL7L1,-0.07865482274252145,0.5610948954398353,0.9412902243607043,False
NXN,0.10334906848092373,0.6747603555818151,0.9558209137948426,False
TTC19,-0.46927640927984626,0.00018058336753020373,0.12702972211189337,False
MCTP2,-0.33177752811811345,0.09722309346830607,0.6403588602544008,False
POLR2M,0.1453195236956688,0.38034629610193993,0.8718690155859481,False
VASN,0.07189502723169028,0.44777637768537526,0.8945796306753772,False
CIAPIN1,0.16297292340163594,0.38187776015449676,0.8718690155859481,False
ZFAND6,0.270539080306861,0.2511067021591895,0.8280879008147418,False
SMYD5,0.08802964948817404,0.2297631789116277,0.8135283499793958,False
PTRHD1,0.11044182221163368,0.648469600329077,0.9558209137948426,False
OTUD7B,-0.32169974394030376,0.07070434526632637,0.592492729542971,False
THOC7,0.21666405111793807,0.028248055485483918,0.4152677321328016,False
NADSYN1,0.016046972243199065,0.9374121497754804,0.9929705792864855,False
ELP2,-0.16938714448339454,0.41338554276082695,0.8770879497439329,False
LAMTOR1,0.2653966565424817,0.10329156990478068,0.6503730453397883,False
DHRS7B,0.32222213056709137,0.009720699440939047,0.2742857673653882,False
TWF2,-0.12891836620196528,0.3584003722635252,0.8676073108938235,False
NCAPH2,0.4548312179520231,0.06052841223775617,0.5588240068148651,False
GRAMD4,0.270938145167424,0.06266677286909234,0.5662521990783712,False
KIAA0930,0.16280197384237738,0.4082372317818301,0.8770879497439329,False
CAPRIN2,0.11137960411259584,0.3124482887533793,0.8599825844982091,False
MRM1,0.02004392656937526,0.9348884740944177,0.9929705792864855,False
SMEK1,0.021409297967291963,0.7689672974317072,0.9747728847731245,False
NAPEPLD,-0.2188579931643062,0.132490495096596,0.6967099500286092,False
RAB12,0.05828524742992158,0.44446288579404813,0.8937143094373057,False
ADNP2,0.010838731707334404,0.8937232133312678,0.9896259744685637,False
SDE2,-0.04976434485966763,0.7768482778129578,0.9757676912534892,False
ACAD10,-0.1268028209229115,0.25051428763254996,0.8280879008147418,False
NIPBL,0.09016465559223263,0.3221781046320461,0.8637689122788939,False
SLC25A25,0.05145963589642122,0.5157063522945743,0.9265888182165767,False
PDE12,0.0878776023468113,0.31128739898091573,0.8599825844982091,False
LIN54,0.03883793674718561,0.6382580548804042,0.9558209137948426,False
ZNF280D,0.0642752883563702,0.4047409934300088,0.8770879497439329,False
NAA16,0.1324182055783787,0.6996952824442885,0.9633810724588848,False
ALKBH2,0.3520639600755473,0.008317364830859063,0.2593505014381997,False
SLC25A24,0.016598103406533227,0.9108408830046969,0.9926857550529777,False
REEP3,0.00723932120331483,0.9544967626538763,0.9943137920657577,False
RETSAT,0.38600794007565753,0.07497389719864203,0.5939240829767172,False
RINT1,0.5574892317087077,0.035236816110866785,0.441004031071694,False
TMEM214,-0.11463289309324054,0.4078364467272437,0.8770879497439329,False
MFSD12,0.51791522557372,0.09276906809808619,0.6323823656898142,False
HIBCH,0.2176563210660838,0.005143652008492376,0.2456911588334829,False
RWDD4,-0.0027130159342867444,0.9740424709714788,0.9961388673740844,False
C3orf17,0.1940190985947403,0.18556684732339607,0.7659741706678392,False
ARMC6,0.02314323676618457,0.7704161192468291,0.9747728847731245,False
TTI2,0.19650753319428915,0.16410974087947394,0.7556229780711164,False
ANKRD54,0.024891101319489906,0.7918162087915774,0.9757676912534892,False
SLC30A6,0.05294909315072971,0.8094952622123673,0.9782742979115049,False
TAPT1,-0.022473072323425214,0.7821962215849498,0.9757676912534892,False
JMJD6,-0.037569044540827434,0.8269602021832954,0.9796427422937294,False
PPP1R18,-0.3712774644206185,0.2582151156167715,0.8291488368233156,False
MZT2A,0.04100539060203445,0.5922034807158784,0.947780458509137,False
PTRF,-0.6123318782327161,0.004523302051249499,0.2425620724982544,False
ZCCHC8,0.43725857986566297,0.00914121989468188,0.267380681919445,False
RPUSD3,-0.17381778391197855,0.3077175199237592,0.858327802648197,False
MIS18BP1,0.1515814666621189,0.17320752020036534,0.7613501152595638,False
MAST2,0.05725105212389536,0.46212714157899837,0.900531604432244,False
DHX57,0.20897371357144934,0.24337180597269104,0.8246004142899965,False
MRPL54,-0.22277735530452958,0.6392234929134342,0.9558209137948426,False
LPCAT3,0.1340011572307347,0.4203037527236786,0.8799102302725008,False
CDC73,0.17062519285335398,0.15073947534488766,0.7377854205205973,False
PMF1,0.11566799019300333,0.2171971075184528,0.7987194806067339,False
MRPL14,0.0729255957989956,0.7688514851405561,0.9747728847731245,False
SLC27A4,-0.10311937745795419,0.36239204851845747,0.8676073108938235,False
CC2D1A,-0.11263734408228743,0.427406273926539,0.8800723730691165,False
TATDN1,0.13057747758135108,0.17261141759558546,0.7613501152595638,False
METTL2A,0.037075361493414505,0.6363832827825662,0.9558209137948426,False
DUS1L,0.07993933448346979,0.26157247184745147,0.8324080144830759,False
TAF2,-0.18823161521446607,0.25077774681848103,0.8280879008147418,False
C8orf82,0.12901783636024788,0.3506210320285801,0.8676073108938235,False
MED27,0.04464861147712895,0.5708277815579818,0.9426811085231039,False
EDC4,-0.00538942166467038,0.9596830798188963,0.9943137920657577,False
CEP85,0.15304882539775377,0.24769277787261063,0.8273351377053714,False
FAHD2B,0.003133272920948116,0.9706919724757441,0.9961388673740844,False
PRPF8,0.05168841020932291,0.43409455481820025,0.8834310868100671,False
FBXO42,-0.002996289345311709,0.9757052495817955,0.9961388673740844,False
SCYL2,-0.4118787837339539,0.17589095068799182,0.7613501152595638,False
TTC27,0.0275935745710143,0.8572083806098416,0.9849296200170881,False
SFXN4,0.032180881341837164,0.7548017150969295,0.9737735160683184,False
CASC4,-0.1744891042843868,0.3207895708226146,0.8637329012289565,False
CNNM4,0.02006873161492706,0.8715279363542379,0.9864997068182194,False
NFRKB,-0.017984233277879014,0.8577374583861623,0.9850279599337605,False
FAHD1,-0.07854101326567076,0.49178263131698835,0.9186517750117713,False
ALKBH5,-0.40211720955577945,0.05387023382965882,0.5276245183670369,False
PDXDC1,0.09501736895261814,0.24766117404177898,0.8273351377053714,False
TLDC1,-0.27224476219755545,0.10499256973072361,0.6540437427078475,False
INTS5,0.06476687165139339,0.7608997439642388,0.9747728847731245,False
LRRC8B,0.10858268072041,0.3577038722794917,0.8676073108938235,False
RSBN1L,0.5956321177676536,0.00792612943936023,0.25614057963278447,False
ABHD17C,0.020342005761534665,0.8003999285104195,0.9768683851080251,False
SLC27A1,-0.16897597824834065,0.47885705858602434,0.912480062777929,False
PGM2L1,0.0228135203294606,0.7810855725014396,0.9757676912534892,False
CTR9,0.1626741115252628,0.1590245054624497,0.750716157098671,False
AAGAB,-0.18511459911264438,0.4226487951677078,0.8799102302725008,False
PSRC1,0.019042401692594524,0.8011326933628915,0.9768683851080251,False
TTC37,-0.2602594565698624,0.08121688983187152,0.6107556612730876,False
SHQ1,-0.22497328748639234,0.5023643363522285,0.9241165240783552,False
KCTD18,0.009717029190412063,0.9520823904781512,0.99369043650785,False
DARS2,0.02779269385571581,0.8273935347854443,0.9796427422937294,False
TTC33,0.051091843504316614,0.4734439817157382,0.9099852637269008,False
NCEH1,-0.013349550925866538,0.8646368515787597,0.9855253681560873,False
FIGNL1,0.034565471385686664,0.7952615511680255,0.9759521704704214,False
TRIM65,0.03192123645918343,0.6804452626561505,0.9568761506102116,False
RHBDF2,-0.035302217755265985,0.7347142740925104,0.9732405574099902,False
ELMSAN1,-0.11294848625434639,0.6578506941466263,0.9558209137948426,False
BRAT1,0.5108827449587423,0.0004341300224525955,0.12702972211189337,False
ZC3H14,0.1163145940079815,0.08255040006858097,0.6107556612730876,False
CNST,0.02889624226706644,0.7824604166613002,0.9757676912534892,False
CCDC137,0.6423537495241192,0.005470272137159643,0.2456911588334829,False
OGFOD3,-0.7508586334849809,0.006409985125219063,0.2495805951257824,False
TXNDC11,0.03587107946572843,0.6420143755739514,0.9558209137948426,False
LARP1,-0.042870477516537164,0.5440314226940344,0.9362383024098451,False
ATAD2,0.6604395469024631,0.0787378658884821,0.6031882940385503,False
TMED8,0.13472093421685827,0.5249814797173501,0.9283883178018956,False
SLC30A9,0.5298508269630631,0.3869539359530891,0.8718690155859481,False
BLOC1S3,-0.003152185568801258,0.9744704767814976,0.9961388673740844,False
BLOC1S2,0.10361395500355997,0.33833826062396705,0.8676073108938235,False
RICTOR,-0.18354934634919573,0.19229703645723537,0.7729115737678386,False
WDR74,-0.10332739877951269,0.5259969854461161,0.9283883178018956,False
AGTRAP,-0.06774747031276362,0.7499558530919377,0.9737735160683184,False
POTEE,0.07834305238638706,0.26913276992144247,0.8382717204474744,False
SAMD1,0.0243924029716851,0.9075435564492131,0.991453259587103,False
SMARCD3,0.14216245794859717,0.3218008818052541,0.8637689122788939,False
SARM1,-0.009592342004467014,0.9057626457990443,0.990745488446245,False
MTHFD1L,0.10106475391675929,0.5117772713035041,0.9250806767780483,False
ANKRD11,0.04928520722388896,0.5320320101192437,0.9290708236410674,False
AFTPH,0.028993466270563317,0.7086572010199357,0.9645093452622473,False
FIP1L1,0.06814726086674838,0.4460266624606085,0.8937143094373057,False
CSPG4,0.059375352836664064,0.6205721790576453,0.9539851820917218,False
CYP20A1,-0.0521170299434921,0.7000738212595774,0.9633810724588848,False
KDELC1,0.013341128253138379,0.8621393348177161,0.9853852578924835,False
TMEM205,0.23743443813810927,0.5244789025936974,0.9283883178018956,False
LCLAT1,0.22835154660938173,0.42046381728901516,0.8799102302725008,False
PET117,0.06142229155747714,0.37928650072097936,0.8718690155859481,False
CWC27,0.46126494852573785,0.0815857089462665,0.6107556612730876,False
METTL7B,0.055555616528348395,0.4822467255117816,0.9142140904688919,False
DRAM2,0.05715115952297012,0.5010442217198202,0.9241165240783552,False
SEZ6L2,-0.4546242785569987,0.09776632269582197,0.6413111993349789,False
CRELD2,-0.09704079771456264,0.3436035081396463,0.8676073108938235,False
WDR82,0.281105419163449,0.29132884903855305,0.8487579901098453,False
APOOL,-0.032285443624282095,0.9043656706068991,0.9906253158153695,False
DPP8,-0.03408431233988907,0.7318016576095785,0.9729851322913041,False
ATF7IP,0.16263056968355016,0.3749563109693599,0.8705137002505287,False
RANBP10,0.46353006306516775,0.0011515811790345932,0.17233546249040946,False
PACS1,-0.0054473485509234365,0.9460043903228006,0.9929705792864855,False
MPRIP,-0.1246938346187747,0.24387212375346692,0.8246004142899965,False
RAB11FIP1,-0.2655689551994982,0.6061859800281642,0.9514336198025617,False
FBXW12,0.19336688228366938,0.2800611725562511,0.8451068482802616,False
NAPRT,0.04486353457120984,0.6228985821650754,0.9551553129784979,False
DSTYK,-0.31966578156200853,0.34621810748511256,0.8676073108938235,False
DNMBP,-0.20263175295515268,0.4062639825211009,0.8770879497439329,False
GIGYF2,-0.10769268516006036,0.18966764506027572,0.7714989228589597,False
CD109,0.15104668174410918,0.36458262445270506,0.8676073108938235,False
HSDL2,0.09088377075498855,0.48461488403289676,0.9142140904688919,False
CCBL2,-0.077526059526285,0.6135748708126291,0.9524750433088539,False
CERS6,0.006016009371087705,0.9479682652055405,0.9936382978877489,False
PPP1R21,-0.4504235961762575,0.18246924297884795,0.7644955993710568,False
CYHR1,0.08532363869214166,0.463627967574533,0.900531604432244,False
SYNE3,-0.007179503233025741,0.9395358958906228,0.9929705792864855,False
BNC2,0.04521582382863443,0.6264528610544806,0.9556087593733652,False
FRRS1,0.17784738385611476,0.07826757602148075,0.6027795266684448,False
NFXL1,-0.0201335640482192,0.937301036040502,0.9929705792864855,False
ZNF704,0.07200570202562773,0.44155595209564125,0.8904458012332972,False
NBEAL2,0.6982297364467236,0.08568494058084837,0.611301509390781,False
C15orf39,0.05959395497926323,0.39456990786600293,0.8764319149979993,False
QSOX2,-0.35427833074999526,0.23248380888149475,0.8149286156262824,False
SRCAP,0.4007325407170299,0.15098006126173288,0.7377854205205973,False
FAM83H,-0.06954347277029527,0.8291307830419824,0.9796746903350853,False
FAM65A,0.02848249478321918,0.7703588619814778,0.9747728847731245,False
Q6ZSR9,-0.1457030931477341,0.46468261561551477,0.9009438479921174,False
ARHGEF18,-0.16191294630394637,0.45586872599710127,0.8982715534478075,False
TMPPE,-0.20198561013533123,0.1589620952092581,0.750716157098671,False
KIAA1211,0.6918083053001496,0.24312990257281403,0.8246004142899965,False
C11orf57,0.10607378579655702,0.368523396275085,0.8697460790638508,False
TOM1L2,0.03812461816043822,0.6280337096461248,0.9558209137948426,False
PAXIP1,0.31749366383154154,0.06532868318342316,0.575096245668695,False
CYP4V2,0.05007074235770759,0.7535488501538173,0.9737735160683184,False
MBOAT2,-0.050608809743867056,0.5613014546651769,0.9412902243607043,False
TMTC3,-0.33911274851073614,0.22888812742275003,0.8127893566185669,False
XIRP1,-0.542204899201387,0.03344437897189643,0.4329938901791078,False
VPS13C,-0.2571042588807586,0.35964450086497796,0.8676073108938235,False
USP34,0.16698381735546874,0.5771378885274955,0.9426811085231039,False
USP30,0.028013229216675484,0.7154501742408569,0.9673548963861935,False
RAPH1,-0.5445210811924461,0.03797025730619088,0.4563682827256977,False
SLC25A26,-0.1394508287608609,0.16601778405803555,0.760856937793883,False
CREB3L2,0.025217530394520793,0.7425638162271971,0.9732623744879622,False
IKBIP,-0.284443500181375,0.13738262222781372,0.7072457392287851,False
PREX2,-0.03362569826565576,0.7524107104508281,0.9737735160683184,False
HIST2H3A,0.19501259388508174,0.17191974049818987,0.7613501152595638,False
CENPU,0.5420484675195532,0.010660997715594245,0.281161968442004,False
LARP4,0.23343271354841377,0.02212550117693387,0.3810581508977952,False
TMUB2,0.30738002954818455,0.5727117160181895,0.9426811085231039,False
SLC24A5,0.0344067680969431,0.6567670854881109,0.9558209137948426,False
MED25,-0.015929695355911377,0.8512036619045266,0.9844804580394803,False
TUBA1A,-0.723600432644286,0.1351691416156056,0.7025956593670614,False
RPS27L,0.13007777090874129,0.17270573845628145,0.7613501152595638,False
CBLL1,0.000899667254870451,0.9910313463704847,0.9976981717606491,False
INTS8,0.05365794133125945,0.8195002021105046,0.9796427422937294,False
ANO5,0.6520322835308434,0.47364430584492334,0.9100928958232553,False
NOL8,0.10657999421005826,0.41043678665589095,0.8770879497439329,False
PDZD4,0.03173469475695612,0.6820743402487903,0.9571167381095452,False
BTN2A1,0.010519928791918431,0.9005377385617066,0.9906253158153695,False
SUPT6H,0.1648752294751077,0.03329872553116766,0.4329938901791078,False
SND1,-0.058422192339726564,0.28875122513671986,0.8487579901098453,False
MARK2,-0.0045089613693072295,0.9741682446424387,0.9961388673740844,False
COX15,0.06877050183233635,0.7449078629777303,0.9732623744879622,False
DDX46,0.016580668288412426,0.7787576436360889,0.9757676912534892,False
RUFY3,0.1328047883972907,0.30519690654616444,0.8566776482658927,False
SV2A,0.011588194169860344,0.8856144521023663,0.988414301604248,False
TRMT10C,0.1286430932635021,0.2839924696068739,0.8457356496499373,False
BZW1,-0.40034733838585623,0.06681244694946355,0.5807751207151718,False
LRRC8D,0.5195984859226286,0.01021692955207104,0.27723019915493463,False
ABHD13,0.0324215277094666,0.6753273082121741,0.9558209137948426,False
ASRGL1,-0.06414958350739042,0.8126509973619053,0.9796427422937294,False
KCTD9,0.03063120766541516,0.7137894615184146,0.9663865316370708,False
DHX30,0.24937958923448278,0.08099235972488182,0.6107556612730876,False
EIF3M,-0.02982993901813913,0.7735515773510028,0.9747728847731245,False
MEPCE,-0.08751516009436955,0.42567729700719864,0.8800723730691165,False
CENPQ,0.050601719058914085,0.5367185771284311,0.9327996315963144,False
ARMCX2,-0.3122979015485079,0.03038865315925425,0.42126711995861776,False
ZNF771,0.029407893663407236,0.7950629960251198,0.9759521704704214,False
PARS2,0.16965920571457715,0.49531110719890714,0.9201083196851659,False
RSRC2,0.03798784768689245,0.8425428066172753,0.9824574286373784,False
RRAGA,-0.20586382135310544,0.2743113441400861,0.8387613457825793,False
CYFIP1,-0.0052322030669103015,0.9167502980433517,0.9929705792864855,False
MCM10,-0.011170976555433754,0.8837917462384022,0.988414301604248,False
NDUFAF7,0.05502758947091024,0.8028368299554379,0.977321208851085,False
GET4,-0.016314788655989787,0.9390136259610701,0.9929705792864855,False
COPS6,0.04624062834011866,0.5675350775462065,0.9426811085231039,False
LPCAT2,0.1488292484322713,0.32908609968925323,0.8643320035562339,False
ENOSF1,0.06323141199569449,0.5179042801112521,0.9265888182165767,False
MAEA,-0.24017581535898813,0.005458383882137045,0.2456911588334829,False
EPM2AIP1,-0.03866059361225638,0.6793450405475812,0.9568123106951699,False
DHX32,-0.07234274748104852,0.40474713256413186,0.8770879497439329,False
TAOK1,-0.41633630206251127,0.10570470180349645,0.6565731236539571,False
FASTKD5,0.14061268803978066,0.2591725244399048,0.830105673376657,False
DPH6,-0.02942615213056854,0.8539145053506513,0.9844804580394803,False
EEPD1,0.0324215277094666,0.6753273082121741,0.9558209137948426,False
MOB1A,0.18942850457449012,0.4853077440624296,0.9142140904688919,False
KDM3B,0.08136288740630349,0.2873687295848009,0.8478070461855779,False
HS2ST1,-0.5902253632970513,0.02135785011044156,0.37654182317997653,False
NIPA1,-0.034531171251295234,0.7047499598748256,0.9645093452622473,False
MICAL3,0.1224157241065349,0.5507298274506667,0.9410372914617738,False
PHF5A,0.33038936520206974,0.09423572587585048,0.6356113023764716,False
APTX,0.015159175415504933,0.841023911032455,0.9824267753414627,False
ERMP1,0.32321280145160713,0.03664006760772633,0.45110822616750623,False
GPRIN1,0.09833335128942977,0.3154561888071341,0.8605572767205228,False
TRMT1L,-0.24708084146157816,0.03367964393879569,0.4329938901791078,False
ZC3HAV1,0.20340055192717443,0.11536620608293127,0.6791087724354855,False
MRPL21,0.15730179769782282,0.23175657479055203,0.8149286156262824,False
EFTUD1,-0.8032269509319931,0.0017007982527663295,0.1988338093663365,False
SETX,-0.19911692049190322,0.689054405435649,0.9588645835904517,False
TRAPPC11,0.06406821662468332,0.4522192197975537,0.8977244778944686,False
KANSL1,0.047057965715833205,0.5502745306194098,0.9405090583096686,False
NUP54,0.1560412983717221,0.11922645247378216,0.6833260061341345,False
ATG9A,-0.44293036231752936,0.02188135437818764,0.38037019194545985,False
C14orf159,0.4688583593066902,0.07606834085510968,0.5962238409289047,False
CCDC186,0.0324215277094666,0.6753273082121741,0.9558209137948426,False
ARMC9,0.023104483831449585,0.9417070641191853,0.9929705792864855,False
C16orf62,-0.4243571293875412,0.023337770767888334,0.38701458980125747,False
POGZ,0.11734776219627463,0.21961263764185307,0.8005271889425227,False
ZFYVE16,0.26682215307939927,0.09746020269356999,0.6406091974802073,False
MON2,-0.9706034116001838,0.03479121989051242,0.43886984785001276,False
TMC6,0.03200282325398618,0.6789259400236775,0.9568123106951699,False
MYH14,-0.04916870221669356,0.5218733000203878,0.9283883178018956,False
PEX26,-0.12232416124103551,0.3054255481568985,0.856762599123645,False
NUFIP2,0.11339383615375098,0.25615900847374046,0.8291488368233156,False
SZRD1,-0.32633688613792344,0.34126103976861194,0.8676073108938235,False
MAVS,-0.22486514593626694,0.007385323426363818,0.2495805951257824,False
CLASP1,-0.03134854355130656,0.7337812275908067,0.9732405574099902,False
DHX29,-0.048619355718820145,0.6508967369818071,0.9558209137948426,False
LRP10,0.08346010971654749,0.31597725805017973,0.8605572767205228,False
COMMD6,0.08577577539515957,0.23759638910152353,0.8193090911923891,False
TRMT11,0.012450341650911412,0.87780860184337,0.9864997068182194,False
HDDC2,0.13423667775906623,0.5447823557345597,0.9362383024098451,False
HAUS6,0.07582800183983451,0.36262053587989407,0.8676073108938235,False
KDELC2,0.16927268553523334,0.13781525287652951,0.7083395784828014,False
HEATR3,-0.02261934817563116,0.8445916842136336,0.9828114806355754,False
C6orf120,0.6598815725956086,0.1279979906537494,0.689419941250317,False
KIF21A,0.40688423239354776,0.022571995055956116,0.38223891627652,False
HDGFRP2,-0.023687125572671164,0.7980350747562762,0.9768683851080251,False
DCXR,0.17553042273403818,0.20716818077017332,0.7879967471773515,False
BRAP,-0.015417857405427782,0.8716286463613453,0.9864997068182194,False
EMSY,0.031260862070691786,0.6864965205030747,0.9576425556985229,False
GOLGA7,-0.060233069976664666,0.4582282264665315,0.9000575632418679,False
RAI1,-0.09017982434299654,0.29672350423611427,0.8509275294141067,False
WAPAL,0.04592533509744712,0.6516613284001701,0.9558209137948426,False
R3HCC1L,-0.0021695135767672014,0.9823019613509242,0.9972240854967319,False
IRF2BP2,-0.2975244701306998,0.07725964520736271,0.5994631503089047,False
SPRED2,-0.017282029455763848,0.8537567117173959,0.9844804580394803,False
SPRED1,0.17214480896793916,0.5743126722510988,0.9426811085231039,False
CCDC91,-0.018515829472267598,0.8031666228734496,0.977321208851085,False
SRGAP1,0.1952065664924838,0.6884578590247238,0.9588645835904517,False
RBBP6,0.1121088721189345,0.2152703764911105,0.7973966597830138,False
C5orf24,-0.24667573226444972,0.2154771535476579,0.7973966597830138,False
FRMD5,-0.08065485235066916,0.27097807534608503,0.8386146206467584,False
TSEN54,0.07455129304857167,0.2889531655158487,0.8487579901098453,False
TECPR1,-0.04457905210940183,0.7042066535480243,0.9645093452622473,False
MTERF4,0.5791991491854347,0.23604740521753514,0.8176909531079553,False
ADAT2,0.023309918847353117,0.7757463200133875,0.9757676912534892,False
HUWE1,0.05419808566193396,0.5957423528502709,0.9479632391439603,False
YTHDF3,-0.08421176569826372,0.4077238543297513,0.8770879497439329,False
CTU1,0.041312343080399216,0.5898007133644739,0.947780458509137,False
TAF8,0.005259335583744473,0.9502938797553183,0.9936382978877489,False
UBE2Q1,0.2161256336082502,0.15678495399445774,0.7475311155409757,False
MRPL55,-0.0761613599717279,0.5723824214697814,0.9426811085231039,False
TMED4,-0.06504140963198424,0.7581795223918917,0.9746858611062325,False
MRPL10,0.3529713075622354,0.08614981347597339,0.611301509390781,False
CMC1,0.03484046476295788,0.6482696164957332,0.9558209137948426,False
CENPV,0.07902321632364462,0.3636534857636332,0.8676073108938235,False
C11orf96,-0.016058793657272474,0.8517282620473833,0.9844804580394803,False
TMEM179B,0.05611908951935618,0.4253263917814952,0.8800723730691165,False
PCGF5,0.11814429804267235,0.24958809706108376,0.8278862910247803,False
GALNT7,0.3129295108766499,0.220131631177579,0.8005271889425227,False
SCD5,0.03223527895973888,0.8726110126587522,0.9864997068182194,False
GPR126,0.04252586522087398,0.5947899045467789,0.9479632391439603,False
GLRX5,-0.0627775394656922,0.8791236397139066,0.9865993410462137,False
TRAPPC6B,-0.02311522109505404,0.8206569765513542,0.9796427422937294,False
TMEM55B,-0.6418238665335245,0.010085905257285914,0.27723019915493463,False
PATL1,0.038075930290236926,0.8571751889814887,0.9849296200170881,False
PEG10,0.06070180041497508,0.7249369823479029,0.9702869229134838,False
DPP9,-0.09634207690154639,0.5482397235754014,0.9378848246643942,False
TADA2B,0.09546249484371572,0.3877566443873838,0.8724463008932468,False
SYVN1,-0.01833427647908792,0.8527549720123987,0.9844804580394803,False
PRUNE,0.00030650617436833727,0.9983395325510284,0.9995822144026556,False
MRPL52,-0.16852974051313652,0.6115627854250856,0.9524750433088539,False
SETD3,0.2442892317810852,0.07071241900372988,0.592492729542971,False
TTC7B,0.011136468104712804,0.8856894000391317,0.988414301604248,False
ACOT1,0.02151421819704069,0.834233023041334,0.9807213761797207,False
RBM23,0.0246607109843886,0.7458044183965952,0.9732623744879622,False
ISCA2,0.05907574239289204,0.3990168066693693,0.8770260756315682,False
NOP9,0.02818803806248482,0.9126491504431302,0.9929705792864855,False
PABPN1,0.12164024092179915,0.13379709813839594,0.6994186243059122,False
METTL3,-0.00966329440660374,0.9424313465897423,0.9929705792864855,False
PBRM1,0.14115343635764077,0.3475894835657007,0.8676073108938235,False
YRDC,-0.017163333863148722,0.8489887306947602,0.9844804580394803,False
PRPF39,0.06560366646769111,0.4091719743607847,0.8770879497439329,False
RPAIN,0.06655064815069522,0.33990663101197194,0.8676073108938235,False
SLC9B2,0.0324215277094666,0.6753273082121741,0.9558209137948426,False
MTDH,0.07689577479656862,0.4902094112271364,0.9174333597268364,False
TLK2,0.06966757032271786,0.7815082844579074,0.9757676912534892,False
ZNF598,-0.046322426882682066,0.7935943256307294,0.9757676912534892,False
AGPAT6,0.20625630415063512,0.5006595587551353,0.9241165240783552,False
KTN1,-0.0006240015266314458,0.9923956417637372,0.998446834701321,False
SMG6,-0.18236881364700253,0.04348691032330267,0.4810712636093174,False
PHLDB1,-0.39577027446207325,0.008911652902120513,0.26672784383788606,False
USP48,0.18978225191365894,0.044800825409715396,0.48534227527191676,False
N4BP2,0.11309684168406164,0.18136025055937588,0.7644955993710568,False
NT5DC3,-0.39305319561537644,0.16043723646141633,0.7508462666394284,False
AACS,-0.10085095888034346,0.4028528495019125,0.8770879497439329,False
LUZP1,-0.035617163942919916,0.7000132154985961,0.9633810724588848,False
ALYREF,-0.026855351873987132,0.8395148884792559,0.9818672109238561,False
GPR180,-0.13293566660989597,0.07010020078678154,0.5919879160930961,False
MDP1,0.02967362857707201,0.7059687546683704,0.9645093452622473,False
IQGAP3,-0.08990845018897531,0.543794333135251,0.9362383024098451,False
ZC3H18,0.25293289276482156,0.02078605671010451,0.3734913568829507,False
TAX1BP1,0.12505431767751318,0.5179994991386907,0.9265888182165767,False
CAND1,-0.15704277393810884,0.0744318792585233,0.5939240829767172,False
FAM134C,-0.4159921236946751,0.012125755135547447,0.29186291759110733,False
HOOK3,-0.09918272617867885,0.3026510507809515,0.8549882222095901,False
COMTD1,0.02333508922324512,0.7647466460472145,0.9747728847731245,False
RTTN,-0.016678662715907677,0.8201160427086903,0.9796427422937294,False
COMMD7,0.06106761356993218,0.38220130902972493,0.8718690155859481,False
THOC6,0.14127367133526647,0.08458519150504684,0.611301509390781,False
METTL16,0.007656257227701246,0.9288131143640856,0.9929705792864855,False
ANKRD46,-0.2967522941954037,0.36295668805835835,0.8676073108938235,False
PPFIBP1,-0.2905216146295331,0.020399207940564042,0.3726207287029333,False
BPHL,0.07161343722179225,0.3737554649379558,0.8701811028798047,False
LONP2,-0.07400298021748597,0.4014665227158296,0.8770879497439329,False
ZC3HC1,0.014229286678439479,0.8730301849881167,0.9864997068182194,False
OSTM1,0.11461368617169398,0.18005208961030003,0.7637674335150169,False
CHD1L,0.09230657415819721,0.7416313442682836,0.9732623744879622,False
NR2C2AP,0.04989915951955126,0.6359770836371662,0.9558209137948426,False
CCDC25,-0.07984817405209554,0.5154017357861538,0.9264274217273463,False
PROSER2,-0.012306420589546008,0.8922706116516211,0.9896259744685637,False
TMEM173,-0.45483797739353093,0.006031083427715631,0.2495805951257824,False
RPS19BP1,0.4639550802827124,0.21525965297372174,0.7973966597830138,False
RALGAPB,-0.45614284002508754,0.030003056496070164,0.42081735441190454,False
LSR,0.6568164468784445,0.00728550429924422,0.2495805951257824,False
CHSY1,-0.13024408445232893,0.4968868722267866,0.9217258641624018,False
ERICH1,-0.015374491775737908,0.8534405200458794,0.9844804580394803,False
CARM1,-0.10631899670667622,0.617936917089725,0.9533884235117631,False
NIT1,0.05167674511291409,0.5083545716184334,0.9247690556585174,False
COMMD2,-0.2601136570322353,0.0860945403586034,0.611301509390781,False
HEATR5A,0.024696859371672986,0.7607364882651776,0.9747728847731245,False
NCAPG2,0.4886721340861975,0.002650480478237785,0.21188217009413088,False
GAS2L3,0.05822274242549241,0.4920569992027244,0.9188586157485581,False
FBXO11,0.00809325674660144,0.9199069654973936,0.9929705792864855,False
ANKLE2,-0.008135180426158684,0.9621725648771856,0.9943137920657577,False
DDX42,0.1354590155610822,0.07135762142092215,0.593521348757803,False
RNF130,0.02595064899155375,0.7334565714066736,0.9732405574099902,False
SPATS2,0.02907426054176554,0.8377499393651999,0.9814622066449394,False
VRK2,0.015802682435595017,0.8544224863360744,0.9844804580394803,False
DZIP3,0.027017895146371984,0.7293161577221129,0.9720690710318551,False
CACUL1,0.028723292337158313,0.7086268287367944,0.9645093452622473,False
XYLT1,0.058467365028619156,0.4043011021923619,0.8770879497439329,False
NDUFA11,0.15954142138921767,0.49466491434601817,0.9199909606406436,False
DNAAF5,0.08913717677908295,0.7340556766112849,0.9732405574099902,False
PTRH1,0.070477858449852,0.3742419993155448,0.8701811028798047,False
STX12,-0.12560415738154873,0.28025765566900984,0.8451068482802616,False
PALB2,-0.0072159799754025755,0.9348523117489219,0.9929705792864855,False
NRROS,-0.01739235815366058,0.8600192628003489,0.9853852578924835,False
TDRP,0.051400258802186016,0.5034891271823952,0.9241165240783552,False
GATAD2A,0.2232115088470472,0.0091224030920301,0.267380681919445,False
CPNE8,0.014296498490779186,0.9445665534446077,0.9929705792864855,False
RAB43,-0.47617195017165415,0.32022024435101676,0.8637329012289565,False
C2CD5,0.053045005291995295,0.6427579156451079,0.9558209137948426,False
SGK223,0.1092199975778918,0.0946607233530506,0.6356113023764716,False
HPS6,0.04732535923881187,0.537326096610461,0.9329193300863873,False
IRF2BP1,-0.23007940768647472,0.11414287912371376,0.677426297881699,False
RHPN2,0.2148165699085638,0.19592562242115333,0.7743704887069277,False
ERC1,0.02678092405091448,0.7633292207038201,0.9747728847731245,False
HIST2H2AB,0.230806937334318,0.2824493237712588,0.8457356496499373,False
MINA,0.006902001078223918,0.9735498839228164,0.9961388673740844,False
RBM45,-0.3120900810912275,0.05346504972060193,0.5260666589481245,False
CRLF3,-0.04243343264645816,0.8755594610868012,0.9864997068182194,False
TRAPPC5,0.0721424163345219,0.6278995464449123,0.9558209137948426,False
ARMC8,0.052278770384205586,0.7401672999870172,0.9732623744879622,False
RELL1,-0.2925423696925691,0.06089752429946636,0.5614263164284614,False
TMEM126B,0.04821897560139732,0.5421142313987776,0.9347557814904268,False
APOBEC3F,-0.017649130337879626,0.8717706691604828,0.9864997068182194,False
AEBP1,0.3932718435779492,0.02651758514851842,0.4092102168602303,False
PLD3,0.03884597275232693,0.897365826582218,0.9899468705396672,False
ANKMY2,0.0591928326843707,0.7759565683396394,0.9757676912534892,False
ERI1,-0.24194437152262793,0.16089021031765863,0.7512461355597192,False
VRK3,-0.008675666751955191,0.9265799443402792,0.9929705792864855,False
NUDCD3,0.22270424600318606,0.29005701522540095,0.8487579901098453,False
DNAH10,-0.9973323912283156,0.0010150050026048818,0.17188308399374774,False
TIAM2,0.058370137578656056,0.4051519278797154,0.8770879497439329,False
FMNL3,-0.3429955982653503,0.059609064558716854,0.5588240068148651,False
MAP4K3,0.10633881266893752,0.4607349133139152,0.900531604432244,False
LEPREL1,-0.060696834688606316,0.6212608839724109,0.9543599399289721,False
LEPREL2,-0.0813645020945657,0.5610808056315144,0.9412902243607043,False
CCDC50,-0.00023327918727034103,0.9981213348183897,0.9995822144026556,False
MCAT,-0.4384657954696536,0.06737818775246593,0.5808077439971759,False
GID4,0.07340410763152505,0.6430251377119948,0.9558209137948426,False
CEP97,-0.0689191613476936,0.6628134848459311,0.9558209137948426,False
FAM219A,0.17197277929093602,0.26602458344356017,0.8342043180305807,False
WDR75,0.12392260342512529,0.19570682923560012,0.7743704887069277,False
MFN1,0.007899499537501242,0.9228666130035823,0.9929705792864855,False
ITPRIP,0.02585485484326,0.7412511671317361,0.9732623744879622,False
WDFY1,0.1959568244413461,0.29574416911594803,0.8503635961845959,False
TEX2,0.2931276993985179,0.003930891479054244,0.2386449048723498,False
CCDC117,0.03343790855867468,0.7544779212292285,0.9737735160683184,False
FAM114A1,-0.23945941670663373,0.17598208057366427,0.7613501152595638,False
DCUN1D3,-0.3278585972276531,0.14302521526954934,0.7235591668707154,False
PLEKHM2,0.06806363297387108,0.4249847518803388,0.8800723730691165,False
FOXRED2,1.036975135200393,0.021700979040325523,0.38037019194545985,False
MGA,0.2636655799926473,0.10434608380889636,0.6519097566118913,False
GCC2,0.021217730293045634,0.7766842001433977,0.9757676912534892,False
HSCB,0.17814348598950147,0.4533962009568024,0.8977244778944686,False
BRSK2,0.5093584282440382,0.3543507285631253,0.8676073108938235,False
ZC3H7A,-0.04608484515372879,0.7618287030486632,0.9747728847731245,False
PHF6,0.26087915593226896,0.032018243659840885,0.43104058148760693,False
ZBTB8OS,0.08673622156124594,0.486356423521346,0.9146243514524387,False
LRRC8A,-0.018442863752841987,0.8272981249888954,0.9796427422937294,False
LMTK2,-0.003398168234223675,0.9627754227571026,0.9943137920657577,False
UBR1,-0.05090162720662761,0.7874598312547192,0.9757676912534892,False
UBR2,-0.01672359815752955,0.8659629045114954,0.9855253681560873,False
ARHGAP12,-0.2981320447895257,0.31040743706446366,0.8599825844982091,False
CHERP,0.4169429558334983,0.13395585075521887,0.69968011331967,False
ANKHD1,0.2438778065611622,0.06005402481353815,0.5588240068148651,False
SUGP1,0.27351238590480875,0.2607034100739169,0.8307746793345019,False
SUGP2,0.059434023111649026,0.5047511522012631,0.9247690556585174,False
UEVLD,0.1453391415742935,0.09312132706531974,0.6334415852699075,False
CCAR1,0.05446765165127587,0.3995503663956538,0.8770879497439329,False
DHX40,0.016264723527601888,0.8966001038019884,0.9896259744685637,False
SKA3,0.0628897717547261,0.42471800955671646,0.8800723730691165,False
DNAJC10,-0.10159150192869859,0.29093760618481707,0.8487579901098453,False
NELFCD,0.13110351416103683,0.3967517894181213,0.8764319149979993,False
RHOT2,0.08498306606568562,0.3997870218086609,0.8770879497439329,False
RHOT1,-0.11904660987513793,0.5585901710816998,0.9412902243607043,False
SIRT2,-0.001210560059917043,0.994089066873546,0.9986707923931288,False
PHC2,-0.42364209502341055,0.03666349685867999,0.45110822616750623,False
BAP18,-0.29732614735567253,0.2377011885696885,0.8193090911923891,False
MRPL41,0.48653261279152815,0.2066374612923765,0.7879967471773515,False
NRM,0.028290700314368422,0.717236853304233,0.9684050278333982,False
GPALPP1,-0.021288968365542615,0.8075819009920693,0.978017374036115,False
KLHL7,-0.05567701384925172,0.8071503622131977,0.978017374036115,False
PARP9,0.0019133389668226641,0.9812639738667274,0.9969109049309111,False
PALM2,-0.02503392771873081,0.8109382330414658,0.9786886734792968,False
RBM12B,-0.11344760102181795,0.2673956770429053,0.8356926574896044,False
SLC35F2,0.07918656743041552,0.5131065073695358,0.9257573377965317,False
PNPLA6,-0.5400553019208765,0.04166912078436578,0.4754269366088542,False
SMC5,-0.029479916688295305,0.8894427386802566,0.9895511797039162,False
MICALL2,-0.19451730665342382,0.48300308588319635,0.9142140904688919,False
DHX37,0.38356600310683575,0.024897811864759267,0.3936545929968695,False
KBTBD2,-0.03469842265635492,0.7299224273496274,0.9721054892137841,False
YAF2,0.09582128868405348,0.2729244692108782,0.8387148803113664,False
AMOTL1,-0.09404498841066555,0.4566148015480054,0.8985676599270381,False
RAVER1,0.023903395878853928,0.689309644706982,0.9588645835904517,False
FTSJ3,0.07921800330868933,0.43487933805767015,0.8834310868100671,False
TMEM192,-0.03694919331075042,0.8893302840054482,0.9895511797039162,False
CKAP2L,0.3243662913755969,0.08093744732543488,0.6107556612730876,False
SRRM1,0.1768951707364863,0.08568868442166148,0.611301509390781,False
SMAP1,0.0324215277094666,0.6753273082121741,0.9558209137948426,False
DIS3L2,-1.1494648362221653,0.23280160344908357,0.8149286156262824,False
SUPV3L1,0.3599230484394731,0.03961325422835525,0.4660169853006692,False
GSPT2,-0.058704452619934955,0.5822973673870511,0.9449459854812928,False
EXOC8,-0.05661087978471713,0.46978885756046845,0.9064741524442623,False
COLGALT2,0.12780591910381034,0.5318277096025643,0.9290708236410674,False
C1orf174,0.11985405916382419,0.4729744183795048,0.9098924909632625,False
THNSL1,-0.1748064222768555,0.37429606711990787,0.8701811028798047,False
SMYD4,0.026570602245683972,0.740264287344587,0.9732623744879622,False
KIAA2013,0.06794136917881133,0.783152951482806,0.9757676912534892,False
KATNAL2,0.20234532866360766,0.1910347280811336,0.7718731895271739,False
MICU2,-0.2498933257384799,0.16215070255013436,0.7517808855755417,False
RNF168,-0.016513282697420806,0.8479459735420659,0.9839674199605718,False
PHACTR4,0.2791825216528103,0.013562512475709929,0.31028275176345754,False
ZNF34,0.06181556290078305,0.4821537386024031,0.9142140904688919,False
CHPF,0.07065685443145497,0.45203848907183775,0.8977244778944686,False
TRMT2A,-0.024490136041496413,0.7915036154323866,0.9757676912534892,False
RPUSD2,-0.04475297073482665,0.6807263774845088,0.9570067310877324,False
ELMOD2,-0.19807652539515175,0.35018721444296236,0.8676073108938235,False
ALDH16A1,-0.03262480423233427,0.8733070605614827,0.9864997068182194,False
KIAA0319L,-0.32889805589251964,0.35575801390078104,0.8676073108938235,False
KMT2E,0.05812003625672091,0.44976438488575327,0.8954931363675193,False
XRN1,0.0318605580165503,0.6946545973698166,0.9625543355027497,False
PELP1,0.17202291403693337,0.02800479164949711,0.4152677321328016,False
ZNF654,-0.04538005988735705,0.6483139863577171,0.9558209137948426,False
SLC38A6,-0.007148104740199557,0.9383607688780183,0.9929705792864855,False
ABI1,0.015082109703424607,0.887223004838362,0.9884647975571688,False
ASPM,0.03846623535136118,0.8623269858375183,0.9853852578924835,False
C8orf59,0.2219495367413593,0.13089956947551942,0.6955571453754312,False
FAM185A,0.015624888713404061,0.8413603665744834,0.9824267753414627,False
RBFA,-0.003033602993269824,0.9901720087106273,0.9976036277220482,False
SPG20,0.23250874226901175,0.03173891420647027,0.43088589223340973,False
SPICE1,-0.050654125999159305,0.6796224796218165,0.9568123106951699,False
TTC5,0.08655352316122134,0.21185982818728405,0.793549472866806,False
PUSL1,-0.019801910025599057,0.8151627806107624,0.9796427422937294,False
MIER1,0.11924825967719244,0.5533508896572041,0.9412902243607043,False
RPTOR,-0.3701489144623906,0.005955526448151969,0.2495805951257824,False
FAM177A1,0.20647461164310243,0.040632672737211384,0.46942773620099687,False
CNPY4,-0.023259854962532245,0.9287054730221006,0.9929705792864855,False
TMEM123,0.16795059011927194,0.17804311273501172,0.7630923555112326,False
CCAR2,-0.014459322654214901,0.8755559566331336,0.9864997068182194,False
NDUFAF2,0.22554417959435824,0.2268037090971432,0.8099233451942933,False
VPS52,0.054579515718913285,0.5062065062329061,0.9247690556585174,False
NUP93,0.1787897256698514,0.0325792856333074,0.4329938901791078,False
STK11IP,-0.05617293371011556,0.6584301668048872,0.9558209137948426,False
ZNF687,0.1010438209162885,0.5171800400017116,0.9265888182165767,False
CMTR1,-0.03373814858662527,0.8741023126935247,0.9864997068182194,False
LRRC47,-0.06519814391804601,0.24509801677342055,0.8254669765810669,False
SLC39A11,0.049311787759563686,0.5162903517595847,0.9265888182165767,False
INTS1,0.19024107893963205,0.1483151445442181,0.73585809956981,False
SCML4,-0.09669975062154634,0.5269540306091326,0.928772716233845,False
ARMC10,0.22755826879982166,0.10649807942249484,0.6580328721801054,False
GHDC,0.03353703877242964,0.6628520280058336,0.9558209137948426,False
ABHD12,0.1527896177918322,0.29532722305728704,0.84957920348906,False
UBE2J2,-0.0057660600939861695,0.9236038272891495,0.9929705792864855,False
CLASRP,0.021015836956784995,0.8979518078228497,0.9899468705396672,False
NLGN1,0.08326390580180032,0.4017956079684056,0.8770879497439329,False
TMEM256,-0.004792307355035774,0.951718083149756,0.9936382978877489,False
GPD1L,0.5392335024416042,0.005419355927560127,0.2456911588334829,False
SLC35F6,0.15801540709587059,0.5919536516984251,0.947780458509137,False
ARHGAP18,-0.2090255258275171,0.22339336721887598,0.8026978449909309,False
ASCC3,-0.49265387490972756,0.026800441786313082,0.4104370490465762,False
EHBP1L1,-0.15537764083367378,0.34275423881240097,0.8676073108938235,False
MICALL1,-0.1940949025176515,0.031158987038869157,0.4257071796074799,False
VPS8,0.1925979044380881,0.34573845509928564,0.8676073108938235,False
MPP5,0.3457131227160417,0.15150008322323247,0.7377854205205973,False
STAG2,0.28225839959937105,0.08621629420222299,0.611301509390781,False
FNBP4,0.05602570972279253,0.4146091586041037,0.8770879497439329,False
GUF1,0.0583369438712289,0.7982112217549147,0.9768683851080251,False
LRRC18,-0.12567581527016003,0.5021241177429251,0.9241165240783552,False
D2HGDH,-0.02968592736063158,0.8937447962455511,0.9896259744685637,False
RYBP,-0.03741365825095855,0.7544826096995175,0.9737735160683184,False
PNKD,0.15671011494632126,0.5311959072024423,0.9290708236410674,False
GALNT4,0.09302247592418311,0.35678237717357253,0.8676073108938235,False
NIN,0.6385962401620837,0.23807519366172988,0.8193608856365375,False
MINK1,-0.016384315858971377,0.8703183716299909,0.9864997068182194,False
TOMM5,0.35476916461222885,0.32783711426066997,0.8643320035562339,False
TMEM55A,-0.04976892770279662,0.7729245222009974,0.9747728847731245,False
HDDC3,-0.1448691146656529,0.40413959290122253,0.8770879497439329,False
ZADH2,0.05258482678619458,0.7906483858359973,0.9757676912534892,False
CHCHD4,-0.18549294457876186,0.46697547165695036,0.9029408533991814,False
CCDC82,0.06911774566856366,0.3221696481098341,0.8637689122788939,False
CBR4,0.007676160189554082,0.9201096991418817,0.9929705792864855,False
MMGT1,0.16390602298088908,0.17674132700186665,0.7622858171963887,False
TMEM199,-0.1856454509056249,0.5001612683225435,0.9241165240783552,False
OGFOD1,0.09572296205948305,0.39817898722511985,0.8768931494844785,False
MREG,0.009956594639064065,0.8952533654067266,0.9896259744685637,False
OXR1,-0.04367645600100545,0.8301734399995679,0.9796746903350853,False
ZGPAT,-0.12459262024242435,0.174685224729768,0.7613501152595638,False
SRBD1,0.06745211039041976,0.646898119057558,0.9558209137948426,False
WDTC1,0.016110695914505868,0.8441263897016256,0.9827178251651999,False
NKAP,0.0640544476898981,0.4517827013506582,0.8975676700189827,False
TMEM57,0.031050651404520124,0.8735513213596608,0.9864997068182194,False
DHRSX,-0.0034574124245807525,0.969896808925606,0.9961388673740844,False
C12orf45,0.35168512433035914,0.11142582574071067,0.6707438621529215,False
FAM63A,0.04055647853002142,0.6046168119583967,0.9510411109636477,False
CISD2,0.09923043221900585,0.3540576864607448,0.8676073108938235,False
RPP25L,0.048185881145347054,0.7131628398282169,0.9661863599652067,False
ATPAF2,0.04686606175245345,0.7947981422874668,0.9759521704704214,False
JAGN1,0.3484824924884862,0.19546858079678633,0.7743704887069277,False
MRPL50,0.14011254295413522,0.2904626787732435,0.8487579901098453,False
ZC3H8,0.47998124078247884,0.0200310245513264,0.3726207287029333,False
RNF10,0.07847453243294211,0.41510388145539256,0.8775445448092621,False
FAM101B,0.04646104048974564,0.5595815135231025,0.9412902243607043,False
LZTR1,0.007786730226914784,0.9363693771217662,0.9929705792864855,False
C10orf12,0.0324215277094666,0.6753273082121741,0.9558209137948426,False
COMMD1,0.05860878149012905,0.7050959737497305,0.9645093452622473,False
ZBTB2,0.051312220750816095,0.5052027960786769,0.9247690556585174,False
CPSF7,0.04445455819010036,0.6290376185927178,0.9558209137948426,False
CSGALNACT2,-0.005418248686471117,0.9502450985778103,0.9936382978877489,False
ARFGAP2,0.0015417021140500253,0.9844031660592129,0.9972240854967319,False
OTUD6B,-0.22464960714173898,0.3538412274985431,0.8676073108938235,False
FITM2,-0.04245139750773674,0.722151304690677,0.9697951848439991,False
C1orf52,0.014196513215487983,0.8553834416280383,0.9844804580394803,False
METTL13,-0.22547065675776068,0.1420980380759947,0.7222755726848545,False
ANKRD13C,0.058123505071208115,0.40731793673101174,0.8770879497439329,False
ARL6IP6,0.08855213582042865,0.355475561052278,0.8676073108938235,False
ARFGAP1,-0.2121381488679468,0.0184381136957114,0.35737729407199653,False
SIRT6,0.04806640002830065,0.5041812224272667,0.9246588791949638,False
ZNF655,0.03484046476295788,0.6482696164957332,0.9558209137948426,False
EMC1,0.209063605808268,0.04354153726711661,0.4810712636093174,False
PAF1,-0.08990463460797926,0.25813279534233136,0.8291488368233156,False
CCNYL1,0.08100016807165744,0.42870643944770664,0.8800723730691165,False
UBR7,0.07913154348093698,0.8082999790650168,0.978017374036115,False
MB21D1,-0.14784712379256604,0.44734629015282773,0.8939979432091449,False
ANKRD44,-0.06776285931429626,0.4214231258456851,0.8799102302725008,False
DDX51,0.2367102750876171,0.026076696739056063,0.4043458879899416,False
C4orf32,0.06751136873601027,0.8083323100789495,0.978017374036115,False
PTGR2,0.01118532971371522,0.8816271061995481,0.9878583368264134,False
C2orf69,-0.041164627876749904,0.767304402262268,0.9747728847731245,False
ENAH,0.14265090777726996,0.5252231870180406,0.9283883178018956,False
ATP6V0D2,0.2881596171533225,0.2473868321484206,0.8273351377053714,False
GPATCH11,0.24927334273518298,0.1915637608491816,0.7718731895271739,False
CEP120,-0.04343789800234177,0.7392183278403976,0.9732623744879622,False
ABTB2,0.048163993364426005,0.5393753423180173,0.9345293327399908,False
MRPL43,0.10252100932973462,0.34506064069630277,0.8676073108938235,False
C12orf29,0.6785277321559988,0.05150047118687574,0.5171656739550491,False
CNEP1R1,0.03695738648463731,0.6246175733939543,0.9556087593733652,False
GDPD1,0.07264030340262906,0.4393749617435837,0.8888330332662563,False
C19orf47,-0.03930413252835052,0.7131927683033371,0.9661863599652067,False
ASCC1,-0.26057901040118736,0.34110384146240147,0.8676073108938235,False
BANP,-0.011223931612793336,0.9068050589273783,0.9909571304630811,False
LRRC57,-0.19179004780702869,0.36189319207653636,0.8676073108938235,False
EIF1AD,-0.09220978662796853,0.7457371135400924,0.9732623744879622,False
SCAI,-0.01040134575466567,0.911871336694497,0.9928751356394397,False
KRI1,0.029664645022588587,0.7855705580441839,0.9757676912534892,False
WDSUB1,0.08636255272552518,0.3736715598377048,0.8701811028798047,False
ZNF579,0.019480292780681197,0.8281930039202985,0.9796746903350853,False
FAM73A,0.27807810918448084,0.07395443636175006,0.5939240829767172,False
PRPF38A,0.1773923002849429,0.17372402550250524,0.7613501152595638,False
USP38,0.3128233322767784,0.2510278771727452,0.8280879008147418,False
PDDC1,0.07739123389644575,0.2738581172888087,0.8387613457825793,False
SPATA5,0.11343891687313601,0.6841288764499728,0.957453092639316,False
NHLRC2,-0.7069523884284195,0.013528815170273562,0.31028275176345754,False
AVL9,-0.04557735893086701,0.872957673050313,0.9864997068182194,False
SLC43A3,0.452300285638362,0.06111218818898268,0.5617956157087194,False
XXYLT1,-0.05588784952639969,0.6309829344672658,0.9558209137948426,False
GOLM1,0.02837290439425999,0.8948884776618625,0.9896259744685637,False
COLGALT1,0.11840563839736262,0.09650540685048642,0.6382449055322508,False
SUMF2,0.08464061269752321,0.708276528658871,0.9645093452622473,False
SUMF1,0.026153364020455427,0.7448406153056801,0.9732623744879622,False
POGLUT1,-0.2851032881017801,0.32857459008723344,0.8643320035562339,False
UBAC2,0.059413333257033685,0.48945055523895964,0.9174333597268364,False
PCYOX1L,-0.22682882044157537,0.459468536821719,0.900531604432244,False
TMEM87A,0.02716876448535288,0.8539572567271485,0.9844804580394803,False
RDH13,0.09884368220834361,0.762705846888491,0.9747728847731245,False
TTC13,-0.15190045344320424,0.21177370294401934,0.793549472866806,False
MFSD9,0.1321401445593473,0.24167066285217587,0.8239307092895942,False
HSD17B11,0.3820946100167788,0.00814586425812876,0.2570806702823702,False
TXNDC5,-0.12507849146553696,0.4219036320369467,0.8799102302725008,False
SPC24,0.07513470982455317,0.6122310490071287,0.9524750433088539,False
ATAD1,0.2904960081421706,0.05765787958447284,0.5514621153946684,False
SLC38A9,-0.013251851454644026,0.8918886548851814,0.9895993288981546,False
SCCPDH,0.502387591277067,0.027301542309922877,0.41240710038580686,False
INO80E,0.07194333291941035,0.4468339753963414,0.8937143094373057,False
UXS1,-0.32716429610661635,0.19850309479169853,0.7788825701125488,False
ZNF114,0.09154681008357102,0.3114411449344087,0.8599825844982091,False
RNF149,0.03485917652708892,0.6548424510775842,0.9558209137948426,False
FAM134A,0.1683921583516188,0.6574856799691285,0.9558209137948426,False
SERBP1,-0.005286503335966586,0.9508684024011373,0.9936382978877489,False
KCT2,0.04897619551778121,0.8266130342528153,0.9796427422937294,False
LEMD2,0.05631356035827295,0.686272072918163,0.9576425556985229,False
NOA1,0.06372350243507441,0.7086673450574174,0.9645093452622473,False
NECAP1,0.05172269031902488,0.7267954862961745,0.97150065478384,False
FAM98A,-0.13730641033052748,0.3132500249907216,0.8600791469679718,False
PLA2G15,0.6933198693342995,0.1797023646351237,0.7632902418660206,False
HJURP,0.003084830774156444,0.9738626106094004,0.9961388673740844,False
TSEN2,0.0802927786969434,0.3433756209496431,0.8676073108938235,False
NFATC2IP,-0.29279358603197636,0.29821568602218473,0.8519707087999923,False
DAGLB,-0.08288551037934155,0.3539151906073959,0.8676073108938235,False
CHST14,-0.07932657354021799,0.26424910894352927,0.8340434586438081,False
DYNC2H1,0.012658689812671042,0.9744014453670681,0.9961388673740844,False
RNF169,0.06312513974030054,0.479596104628522,0.9130927956750541,False
PDPR,0.2597059629004619,0.08011146886100759,0.6100796474799808,False
ZMYM6NB,0.15510683306823125,0.1742858238326165,0.7613501152595638,False
APOA1BP,-0.05738350133947279,0.7309496149238506,0.9726767600533333,False
GALNT11,0.03488362668615963,0.6477868195847384,0.9558209137948426,False
SMG8,-0.12063876152239317,0.25146806145385164,0.8280879008147418,False
RNF214,-0.20358342112598038,0.3283991671991647,0.8643320035562339,False
PPFIBP2,0.0324215277094666,0.6753273082121741,0.9558209137948426,False
LSM14A,-0.2787548210556281,0.13465207068801982,0.7021767219427938,False
CCNY,-0.034714764882533444,0.667359118041311,0.9558209137948426,False
ZNF280C,0.13647223292017685,0.367955786321418,0.8696941563083704,False
LRRN4CL,0.025082575449857814,0.7433658225320505,0.9732623744879622,False
PAPD5,0.0456238756654237,0.5298013618222307,0.9290708236410674,False
EHBP1,-0.5275674627450222,0.0459194892245202,0.4894971678172537,False
RBM15B,-0.13307851957171124,0.6800179852624372,0.9568761506102116,False
ST6GALNAC3,0.05594802297182966,0.49675021761759897,0.9217258641624018,False
TNRC6A,0.0327769567416496,0.6713535938041912,0.9558209137948426,False
PHC3,0.10163735650608885,0.5512801092077629,0.9412902243607043,False
C3orf58,0.017266717433138012,0.8244453483398287,0.9796427422937294,False
TMEM161B,0.44715027568546617,0.08549518735055744,0.611301509390781,False
CNNM3,0.2580046834939438,0.09173610461088695,0.6289105671561369,False
ABCF1,-0.012003043488498122,0.9010222022441233,0.9906253158153695,False
PIK3C3,-0.09384107574728162,0.5580189420542994,0.9412902243607043,False
SRFBP1,-0.14744854693838505,0.2572197574061166,0.8291488368233156,False
NGDN,0.10738404246974653,0.41680087770144286,0.8785174586870791,False
SHCBP1,0.8566521852467766,0.00034427227838842046,0.12702972211189337,False
APPL2,-0.1471655696089762,0.38676750931429915,0.8718690155859481,False
SLC30A7,0.4258053568860092,0.251164251384451,0.8280879008147418,False
NAV1,-0.028572800431259537,0.8207989806989221,0.9796427422937294,False
PPHLN1,-0.17435807719840568,0.2412373037800417,0.8239307092895942,False
VPS37A,-0.41556427013163244,0.10453199393283343,0.6524378088824277,False
WDR19,0.03725105963237496,0.6355812300429183,0.9558209137948426,False
KMT2C,0.014312096322356638,0.8552787858160106,0.9844804580394803,False
FBXO22,0.3026542501129903,0.23314430168888672,0.8149286156262824,False
LPCAT1,0.2051924674765928,0.343175845014695,0.8676073108938235,False
ZMIZ2,-0.01890072509640106,0.8639685519884385,0.9854463800048546,False
SYNE1,-0.5943716318802039,0.1515699030191499,0.7377854205205973,False
USP32,-0.14848141029482065,0.6061580909179796,0.9514336198025617,False
BOD1L1,0.08007633243709833,0.6116960892291765,0.9524750433088539,False
ARID1B,0.2398640402438197,0.3714088604238239,0.8701811028798047,False
FLAD1,-0.4144119476017103,0.028514428247593204,0.4152677321328016,False
NUP43,-0.051528632662037666,0.7555199809053812,0.9737735160683184,False
NUP37,0.36496629102143885,0.022492644985290303,0.38190018596396597,False
NUP35,0.27307756572291453,0.020353694758291033,0.3726207287029333,False
GPRC5A,-0.24856771705391978,0.12294312935909109,0.6868815000283959,False
TOR1AIP2,-0.2837300645416505,0.07644799439161024,0.5971971174236637,False
TET1,0.2135983976966891,0.35027732091219344,0.8676073108938235,False
ABHD11,-0.42534659034549804,0.08972096090113299,0.6230535760344685,False
CMAS,-0.2727132991916932,0.0946894591571963,0.6356113023764716,False
STXBP6,0.051985819774721165,0.4944996585106932,0.9199494948008993,False
KBTBD8,0.2138345700754094,0.17348562554074273,0.7613501152595638,False
TSPAN14,-0.2810549997166554,0.0837776351853161,0.6112347873214389,False
CASC5,0.19192160318768003,0.6296416936418656,0.9558209137948426,False
TTL,0.001176505607247691,0.9881111179835077,0.9972240854967319,False
SVIP,-0.013190239002327075,0.8707586864988434,0.9864997068182194,False
ATL2,0.15572398692786749,0.14964075690077502,0.7368142988107953,False
MOSPD2,-0.24458595151224927,0.507218673948093,0.9247690556585174,False
PLBD2,0.26017353329686443,0.27606689141445806,0.8415397661070761,False
RASSF8,0.14847443945441086,0.6291276986784146,0.9558209137948426,False
DDX55,0.14404008088710896,0.5413615810626834,0.9347557814904268,False
NEDD1,-0.2685979377087726,0.3365809487080181,0.8676073108938235,False
CDC26,0.056580810983973606,0.42111514209644774,0.8799102302725008,False
NCOA7,-0.06999223269912136,0.6181152438557479,0.9533884235117631,False
MCFD2,-0.1201815198542242,0.37113740943655393,0.8701811028798047,False
THOC2,0.10900862247007126,0.35556199267979277,0.8676073108938235,False
WDR36,0.28116796651288567,0.05400318420078601,0.5276245183670369,False
PPTC7,-0.07621141674665566,0.5869840443126523,0.946440071448739,False
ADCK3,-0.016596537526769595,0.8428519637942836,0.9824574286373784,False
GRPEL2,0.30322598160517344,0.10547896453309745,0.6558039968796928,False
VANGL1,-0.0314008417438032,0.7572299872272237,0.9739992128308225,False
SLC30A5,0.03215719565515229,0.6777416995234077,0.9566281720625419,False
OCC1,0.056273391062596545,0.4239149222597279,0.8800723730691165,False
SNIP1,-0.03069692588014661,0.918266956638039,0.9929705792864855,False
GADD45GIP1,0.3878009431918841,0.03750384641460969,0.45575492781089144,False
WDR48,-0.16596566655227818,0.38685994350759567,0.8718690155859481,False
MPLKIP,0.04180438526169894,0.5710033128312357,0.9426811085231039,False
SMARCC2,0.00950197565314781,0.9294918549221796,0.9929705792864855,False
NPLOC4,-0.059176069563445566,0.5785397539278193,0.9432667737595217,False
SPATA20,0.10487849457974008,0.5412381888366082,0.9347557814904268,False
GDAP1,0.11175360967946091,0.2929962440592908,0.8487579901098453,False
NUBPL,-0.2664293272382423,0.011709944796022003,0.29186291759110733,False
SLC35B2,-0.5526586426225855,0.16029277387001928,0.750716157098671,False
GOLGA5,-0.0729009216359664,0.31908587725466586,0.8633661875799281,False
KLHDC4,0.05783796715973821,0.7662403614924708,0.9747728847731245,False
UBA3,-0.01998735444103872,0.8018575493146267,0.976893852676945,False
NANP,0.038546525671218745,0.7219211604420067,0.9697951848439991,False
FAM213B,0.023545244932293485,0.7674741144412284,0.9747728847731245,False
ZCRB1,0.015099412052251182,0.8549551821330074,0.9844804580394803,False
ZCCHC10,0.2695596700472791,0.25628296746425083,0.8291488368233156,False
DNAJB14,-0.11772552960621852,0.5315794781718804,0.9290708236410674,False
RAB3IL1,0.04000231473138882,0.6015275976582806,0.9488724762217042,False
TBC1D16,0.20750444932919976,0.3364579913301015,0.8676073108938235,False
FAM174A,-0.020670559484166517,0.8713704318380395,0.9864997068182194,False
SLC25A40,-0.023070131341977884,0.7728249995979396,0.9747728847731245,False
FAM57A,0.24559154756882506,0.27100987687432854,0.8386146206467584,False
PIP4K2C,-0.018481336677670157,0.8692700951101162,0.9858570782575957,False
WDR20,0.047154812458281015,0.5629483575428387,0.9419065732678542,False
TBC1D15,0.09906332431737042,0.29374883103995647,0.8490161505100015,False
RDH11,0.11098989303636131,0.09237817070303578,0.6311675750226349,False
TMEM163,0.5398687288801014,0.05868138520304342,0.5568094684134711,False
MRPL30,-0.15768991597227355,0.5236990953713763,0.9283883178018956,False
C18orf32,0.11382293729067072,0.3483444003136765,0.8676073108938235,False
NT5C,0.06326001007473536,0.3645759472759358,0.8676073108938235,False
FAM45A,-0.18004254270076814,0.3739972236679635,0.8701811028798047,False
ZFAND1,0.021140030047998692,0.7925886208654918,0.9757676912534892,False
KIAA1524,0.6818419273560892,0.0023577769923978057,0.2104210048006683,False
STT3B,0.17653116444541794,0.3265264575858729,0.8643320035562339,False
PNPT1,0.20743271487353,0.03798169885640654,0.4563682827256977,False
CERK,0.02453457165577433,0.7724210775262387,0.9747728847731245,False
SPPL2A,0.03478472439865499,0.6554554552292858,0.9558209137948426,False
HM13,-0.2282394100282623,0.135797760816066,0.7041568016530095,False
PREX1,-1.0442464147878319,0.001594778208657898,0.1988338093663365,False
URGCP,-0.02505390971481347,0.8083069775367328,0.978017374036115,False
CD99L2,-0.19226138153712924,0.5422600361000409,0.9347557814904268,False
BICD2,0.09459727092276182,0.4217662828603757,0.8799102302725008,False
NEK9,0.1315421025225163,0.3917316595075595,0.8755669269616613,False
CHD6,-0.02144393839263259,0.7733950428739648,0.9747728847731245,False
GPT2,0.19591159952715742,0.5474292163505362,0.9376382771401918,False
PLEKHO2,-0.05778734923394069,0.8607618400285874,0.9853852578924835,False
DTX3L,-0.40648821827636894,0.08150893164154353,0.6107556612730876,False
DDX54,0.16175315550269076,0.2788275505796076,0.8437745972929098,False
ACTRT1,0.7455136784277911,0.28198137933743306,0.8457356496499373,False
BLOC1S5,-0.013341197533890181,0.8998664961610525,0.9905448320860241,False
DMXL2,0.10881857646851145,0.5351215583606257,0.9319370035319693,False
DLG5,0.06642062151949801,0.3408402774808481,0.8676073108938235,False
CABLES1,0.010623889419349553,0.9137266490442839,0.9929705792864855,False
BRIX1,0.20207217097918928,0.07203421497744276,0.593521348757803,False
RNASEH2C,-0.03958199335966839,0.6724038699061197,0.9558209137948426,False
GNPDA2,0.2029456378561676,0.2833981434093139,0.8457356496499373,False
STK35,0.07455369627056285,0.6416768178690209,0.9558209137948426,False
LRRC8C,0.5267858618199455,0.04025313886467505,0.46821991446752886,False
NEK7,0.13690304020749622,0.25771002874103566,0.8291488368233156,False
RB1CC1,0.002849673135649766,0.9879756970025204,0.9972240854967319,False
MICAL1,0.2497576286987524,0.1900670724829863,0.771775968753144,False
ELP5,0.030166121500794674,0.7004910704017284,0.9633810724588848,False
DNAH5,0.15186880888172993,0.28898223598624195,0.8487579901098453,False
NSUN6,-0.0058638023334154354,0.949725092332379,0.9936382978877489,False
TBCK,0.11747030898105493,0.35698271731448167,0.8676073108938235,False
DTD1,-0.6213481844774478,0.06548783401634227,0.575096245668695,False
RHBDD1,-0.001934307269458202,0.9820209621638825,0.9972240854967319,False
UTP15,0.21934321421156966,0.21163265164226328,0.793549472866806,False
AFAP1L1,0.7326699745076439,0.029474883221097026,0.42081735441190454,False
DOT1L,-0.0015628415799895379,0.9854652011200424,0.9972240854967319,False
NUP210,0.2915393457882338,0.23270322330004758,0.8149286156262824,False
GEMIN5,0.05551996089738154,0.5722259224373466,0.9426811085231039,False
ARHGEF40,-0.4187206268040349,0.0653946338822284,0.575096245668695,False
RAPGEF6,-0.08752707476526922,0.6791447703123796,0.9568123106951699,False
PARD3,0.06441421697043026,0.6652902490190994,0.9558209137948426,False
IPO4,0.058852126041500696,0.5325668543007978,0.9294807961282194,False
USP33,0.15660194649913706,0.5053745051851823,0.9247690556585174,False
PPP4R1,0.09807075982012847,0.3832142156256833,0.8718690155859481,False
ZNF384,-0.038966276568530134,0.7499751936652779,0.9737735160683184,False
SHROOM3,-0.011648886339152398,0.9033013907273042,0.9906253158153695,False
WIPF2,0.08414681671028035,0.31998356693266744,0.8637329012289565,False
GSG2,0.009248426200038296,0.9025446146607898,0.9906253158153695,False
NOC3L,0.14364207955970798,0.29348317328646617,0.8490161505100015,False
SCARB1,-0.2925786841497171,0.3850128879120719,0.8718690155859481,False
COG1,0.04109201826376818,0.6040348238896074,0.9505903868255376,False
SCFD2,-0.06835305117935775,0.7291580508899441,0.972059676295171,False
SMAP2,0.033742990700144304,0.66395837605137,0.9558209137948426,False
ZC3H15,0.06445654887444263,0.44674725522872993,0.8937143094373057,False
PPIL4,0.07785205198017664,0.7923729173296801,0.9757676912534892,False
GTF3C2,0.3634638051501682,0.013770256850697415,0.31093670762677067,False
TBC1D22A,-0.2080245173923032,0.2544623567838653,0.82909633716667,False
TSKU,0.022784878264101138,0.7637806395687372,0.9747728847731245,False
PHF10,-0.057104331805273745,0.7421696142109464,0.9732623744879622,False
RAB2B,-0.16193370959128472,0.4134710879490138,0.8770879497439329,False
CCDC12,-0.01587976320113782,0.9608861109609699,0.9943137920657577,False
TGFBRAP1,0.05692760409433362,0.6226954508475935,0.9551553129784979,False
TMEM263,-0.207935176053077,0.5228914833045453,0.9283883178018956,False
CEMIP,0.012354952760297522,0.9216709594733156,0.9929705792864855,False
PTPMT1,0.06698684486510942,0.4644041399181899,0.9009028176933147,False
NUP133,0.17651452792369327,0.03038749957564172,0.42126711995861776,False
PDCD6IP,-0.04961937468845434,0.4822755618089177,0.9142140904688919,False
SLC20A1,-0.5328883028428422,0.4259757433650888,0.8800723730691165,False
CACTIN,0.038016756863267887,0.8555112232100658,0.9844804580394803,False
C15orf40,0.10352078147672827,0.36467700198267916,0.8676073108938235,False
GATAD1,0.021039825536188772,0.7871513768590291,0.9757676912534892,False
BRK1,-0.11480173640937608,0.2551630619343805,0.8290968166032652,False
CHAC2,0.025753321644870653,0.7978636984681726,0.9768683851080251,False
CHMP7,-0.7316829032483767,0.04181943803153071,0.47564404782670683,False
THEM6,0.2428921472728831,0.10201139230524345,0.6503730453397883,False
NAT14,0.04730473052050854,0.5120997569224739,0.925143721447535,False
BCL7C,0.20652902234519388,0.21431773201147244,0.796887571096153,False
NSMCE1,0.0006523219681362491,0.9962542966780965,0.9992045509855908,False
SNX33,0.4746504860696845,0.2105827156902359,0.7931314102631102,False
NUDT8,0.175896062901991,0.15899664337020805,0.750716157098671,False
LACE1,-0.038364630575522085,0.7346976475837322,0.9732405574099902,False
ZFAND2B,0.08208000559759654,0.3726862488836041,0.8701811028798047,False
CHTF18,0.4960142115519339,0.0052773778207632766,0.2456911588334829,False
LEO1,-0.037377544773075755,0.773396175209265,0.9747728847731245,False
DCAKD,0.06712321434931923,0.45958934804205104,0.900531604432244,False
RNF138,-0.004926484538462006,0.956917510391246,0.9943137920657577,False
NUDCD2,0.06627876962513923,0.7991631352662264,0.9768683851080251,False
SNRNP27,0.066385566241415,0.3410925707049986,0.8676073108938235,False
TFB1M,0.09378442961496347,0.5112425310166906,0.9250452957671652,False
STAG1,0.1589076425267386,0.24548860008576198,0.8254669765810669,False
SCFD1,-0.022728414528334184,0.6701419536567697,0.9558209137948426,False
LMBR1,0.20353843011323747,0.10321338841917486,0.6503730453397883,False
CANT1,0.21383460354408612,0.36622642466402566,0.8691502432621906,False
TRAPPC12,0.06468871527777509,0.3535995941610612,0.8676073108938235,False
HNRNPLL,-0.1665218118289573,0.07459030000994395,0.5939240829767172,False
FAR1,0.4573801091043883,0.030715702865143513,0.42234091439572335,False
UBLCP1,-0.20406864689795867,0.31239497865855986,0.8599825844982091,False
TSEN15,0.14470255233418072,0.17236441113457493,0.7613501152595638,False
PCNP,0.057687733745201086,0.5745482411065078,0.9426811085231039,False
DNAJA4,0.1602681151609886,0.5633223592622689,0.9421013443441798,False
APH1B,0.0897230448082631,0.3998576139675702,0.8770879497439329,False
SPRYD4,0.12782793699390993,0.6969371103949886,0.9628145782292297,False
GLMP,-0.08953846240658692,0.3851755711998877,0.8718690155859481,False
C2orf47,0.13159710608255537,0.7118129568827996,0.9657424367574985,False
TRUB1,0.34882127986983846,0.02816584855959758,0.4152677321328016,False
LMO7,0.31821818111292544,0.32279434508049953,0.8637689122788939,False
SLC44A1,0.00984307702508147,0.896452006985792,0.9896259744685637,False
CKAP2,0.45982964134478266,0.2491994869845435,0.8278774903177788,False
ATXN2L,-0.0643828841836509,0.549736484865025,0.9398390754799245,False
CYGB,-0.24376406644432436,0.05258595722795042,0.5215916945253661,False
ARAP3,0.04218520987613772,0.5802992204014183,0.9448837424044848,False
PHIP,0.4885521798632837,0.05974514219559327,0.5588240068148651,False
RTN4IP1,0.0018182867689624516,0.9941205945760656,0.9986707923931288,False
PRPF31,0.22137742754827627,0.004204697351351944,0.2386449048723498,False
NELFB,-0.11123499054641073,0.7049073387850648,0.9645093452622473,False
PALLD,-0.034172210470494235,0.7070569129250596,0.9645093452622473,False
SREK1,0.12148615894900772,0.676278573505504,0.9558209137948426,False
MYEOV2,0.010907018474252794,0.8906645167086824,0.9895993288981546,False
GEMIN6,0.2225280877355793,0.296036018368421,0.8504427581253522,False
CASKIN2,-0.035229461054626654,0.7003079905866245,0.9633810724588848,False
PSPC1,0.1264535316134605,0.14830342552873668,0.73585809956981,False
DEDD2,0.052142421765150715,0.519623511743932,0.9270244796429726,False
MADD,0.014749248321884068,0.8571616922706027,0.9849296200170881,False
SYNE2,0.19225434764222982,0.11691403727702306,0.681157398507616,False
GATAD2B,0.10197730081089418,0.23676180149715792,0.818239630845441,False
DNAJC9,0.1268247024361564,0.4298473144609531,0.8800723730691165,False
BRI3BP,-0.09749020233190464,0.10392234188853616,0.6505255545260021,False
BBX,0.16252272101020182,0.414477691360641,0.8770879497439329,False
THAP4,0.012683321562334982,0.8779673857404872,0.9864997068182194,False
IFT81,0.07430982675671416,0.3666747304842741,0.8694001070988592,False
CTNNBL1,-0.022971648902768038,0.8298993604971779,0.9796746903350853,False
SSH1,0.04493747657037517,0.5647254753611024,0.9425436825432365,False
AHCTF1,0.13711278495373236,0.15984720669836264,0.750716157098671,False
CHCHD10,0.0334669188030432,0.6636364756566501,0.9558209137948426,False
DGCR8,0.1029136143505518,0.4767816281741496,0.9106826290592618,False
TTN,0.16225375434802913,0.4158803545789416,0.8781590803363885,False
TMEM158,0.10995539229037377,0.2715267280918632,0.8386146206467584,False
OVCA2,-0.23835082184156064,0.1764400777633392,0.7614969150952969,False
LZIC,-0.06511116384339743,0.7893753731901845,0.9757676912534892,False
POMGNT1,-0.0692113232179743,0.8333493256963737,0.9805454216229958,False
IRGQ,-0.22427355439694097,0.18498998724263743,0.7658229735284879,False
DDB2,0.006009981406748466,0.9399739419850963,0.9929705792864855,False
CLEC2B,0.018412154105046596,0.8275583445390385,0.9796427422937294,False
DDX1,-0.06865658107702544,0.2775583153912722,0.8435505643804808,False
SEC14L1,-0.05027011110250612,0.5946522005178199,0.9479632391439603,False
SLC39A7,-0.01379908801532892,0.9445308943767126,0.9929705792864855,False
HSD17B8,0.11218566452954803,0.35418998637919386,0.8676073108938235,False
PIEZO1,0.13956623667867518,0.19167309063124738,0.7718731895271739,False
FAM3C,-0.06293002623330324,0.8159582200588453,0.9796427422937294,False
H1FX,0.27194404600039945,0.15960618111397293,0.750716157098671,False
CCT6B,0.19724565931205618,0.1890213890006997,0.771321598050201,False
PSMF1,0.297146750583984,0.23256053028265117,0.8149286156262824,False
SLC7A6,0.0534816036667074,0.6119076010309304,0.9524750433088539,False
GBF1,-0.16140425856632845,0.0457680826503794,0.4894971678172537,False
SMG7,0.0029786567962126753,0.969740094383829,0.9961388673740844,False
RTF1,0.034673655531861414,0.7668213722793535,0.9747728847731245,False
NCSTN,0.01056210940480895,0.9419858515923687,0.9929705792864855,False
SNX19,-0.023539279017615655,0.8016529075481792,0.976893852676945,False
TM9SF4,-0.1464725373810687,0.03725641253766841,0.45539217602661675,False
TMEM131,-0.024433182756915528,0.8274368523359801,0.9796427422937294,False
TOPBP1,0.13740303634469342,0.37225262024801,0.8701811028798047,False
IP6K1,0.08027424496762592,0.260043156956139,0.8307746793345019,False
MRPS27,0.16391575888445686,0.16024591138229063,0.750716157098671,False
BAP1,0.040557031343858796,0.6157594683798797,0.9532680024183657,False
PIK3R3,0.04658182696145374,0.5751925469144957,0.9426811085231039,False
NR4A3,0.010521431952014382,0.898356440064164,0.9900537235507614,False
AP3S1,-0.3389250045757919,0.0833625761910237,0.6107556612730876,False
UBXN4,-0.03497648652065166,0.7464879493551869,0.9732623744879622,False
PHF3,0.08328044771549159,0.475997608099374,0.9106826290592618,False
NDRG1,-1.8899920476062952,0.003802669417670347,0.2375745408029969,False
HSPH1,0.012464189309568496,0.9020674752076198,0.9906253158153695,False
SEPT8,-0.27486263447582004,0.21200277046751734,0.7936229365668842,False
RQCD1,0.014409629019962011,0.8682616975567023,0.9855253681560873,False
TBC1D5,-0.11541879464091309,0.6082683393418747,0.9516690600336835,False
ZNF592,-0.1036908537279686,0.6886766051517978,0.9588645835904517,False
MYO18A,-0.08811985447805526,0.7106643408423429,0.9652272713200098,False
LARP4B,0.30269048003274435,0.24440803511534878,0.8247329344348555,False
GCN1L1,-0.15616496024379956,0.027103482337793996,0.41218279908207256,False
ZNF516,0.14585892797796163,0.5010882749397664,0.9241165240783552,False
HMHA1,-0.01484109688979629,0.8898620884226954,0.9895993288981546,False
DHX38,0.03821533347828421,0.7692254216887285,0.9747728847731245,False
NUP205,0.09530275196451754,0.1598284688299783,0.750716157098671,False
APPBP2,0.11158933025978612,0.35398860405105703,0.8676073108938235,False
ANKS1A,0.07651477040871058,0.45652605709036004,0.8985676599270381,False
SGCD,-0.08324621706572799,0.5130712650698993,0.9257573377965317,False
NSMAF,0.1115402442220379,0.27187274284270196,0.8386146206467584,False
PIGK,-0.1661827554032307,0.28120448353854927,0.8457356496499373,False
MRPS31,0.04918473495771991,0.5733404362893337,0.9426811085231039,False
AKAP1,0.6661600560085112,0.0017682123633269602,0.1988338093663365,False
SORL1,0.9394873365236052,0.0017076426399878996,0.1988338093663365,False
ALG3,0.060285421201552225,0.3887149076399251,0.8724463008932468,False
ANP32B,0.15977880717094806,0.28683415353334873,0.8478070461855779,False
RABGGTA,0.056018735482396664,0.49762710002333355,0.9225670955488767,False
PRCC,0.19103651529594146,0.22118684412428988,0.8005271889425227,False
TFG,-0.18835112512978824,0.07724067763887899,0.5994631503089047,False
USP6NL,0.00830590601614034,0.9188621213160545,0.9929705792864855,False
ARPC1A,-0.05429030962546477,0.6107624499321471,0.9524750433088539,False
GTF2H4,-0.24644559763975948,0.10162859406626149,0.6500968265353259,False
RREB1,0.17633219986414872,0.5911970802295587,0.947780458509137,False
HDAC2,0.15463772255830222,0.3479406645606949,0.8676073108938235,False
DPF1,0.03421239230766204,0.6552960789793257,0.9558209137948426,False
STAM,0.013721466875143307,0.9347493428938611,0.9929705792864855,False
DPF2,0.06636512407433415,0.5774681023608594,0.9426811085231039,False
LEPREL4,-0.07107900299553194,0.35936878031110636,0.8676073108938235,False
CREBBP,0.09604696809583047,0.6210911372765217,0.9543269981791827,False
KAT6A,0.03321537243513362,0.6672366848850836,0.9558209137948426,False
SYMPK,0.12447787656557097,0.03825588326043604,0.45842943907058825,False
TAF15,0.11559166430659928,0.5689965328319865,0.9426811085231039,False
GOLGA1,0.13989103219151033,0.26615197649351596,0.8342043180305807,False
GGH,0.2970535077209533,0.11703858348135891,0.681157398507616,False
HOXB13,0.10369487948784695,0.37384742163654466,0.8701811028798047,False
JARID2,-0.019841579440317503,0.8582072598462652,0.9850652822033578,False
DDX17,0.0024595821994921607,0.9675417193857796,0.9961388673740844,False
BCL2L2,0.0719451632384498,0.43635979620775334,0.8852381111591717,False
TANK,-0.02526993532695343,0.8015765993971096,0.976893852676945,False
NEO1,-0.22264409152892384,0.24911360136415922,0.8278774903177788,False
PMM1,-0.1008319693351254,0.5869370470579779,0.946440071448739,False
RAD50,0.08448524089645915,0.2785478774295997,0.8437745972929098,False
CELF1,0.5225754836504279,0.28318270335842405,0.8457356496499373,False
OSTF1,-0.36715422598776115,0.37726723040510673,0.8718690155859481,False
ARHGEF1,-0.027522349510107347,0.7439433582005669,0.9732623744879622,False
ERCC4,0.044239717684376956,0.5712267929218583,0.9426811085231039,False
UFD1L,-0.09094378549432491,0.27053601092745744,0.8386146206467584,False
GLG1,-0.26166478240544677,0.03801296030162766,0.4563682827256977,False
UPF1,0.07801257203074385,0.30092915560918054,0.8542034037693326,False
HPS1,0.06360227211829894,0.4526473842180352,0.8977244778944686,False
COPS5,-0.016133273991961516,0.8131264015914327,0.9796427422937294,False
GPKOW,-0.09546326846848174,0.33433980283949016,0.8671397439011865,False
SMARCC1,0.14126031548816442,0.10630633416441664,0.6580328721801054,False
SMARCD2,0.05555805037687023,0.4125754684211398,0.8770879497439329,False
RAB8B,0.2107617987238335,0.16007740221176334,0.750716157098671,False
BAD,0.10426935498527712,0.28978575495533165,0.8487579901098453,False
KHSRP,0.028828901660418182,0.652209000027805,0.9558209137948426,False
GCDH,0.22471459434233765,0.27814961395903676,0.8435505643804808,False
PEX13,0.001037275553169792,0.9913389650947654,0.9978276214869458,False
TNPO1,0.05119498665736799,0.4817269028253176,0.9142140904688919,False
ARHGEF2,-0.1580781109474998,0.09712758886525365,0.6403588602544008,False
EMG1,0.10631728117061101,0.43984357251288936,0.889221925579781,False
CLP1,0.0509099435896232,0.5690980098737158,0.9426811085231039,False
GLMN,0.09274507031787138,0.46561944441224984,0.9016735253664845,False
USP13,0.418364502155935,0.07590963035172685,0.5962238409289047,False
USP9X,-0.23514165025881084,0.22089953155698572,0.8005271889425227,False
USP7,-0.045052106602220476,0.54170661539941,0.9347557814904268,False
CUL5,-0.029487238297672747,0.8239465549626956,0.9796427422937294,False
STMN2,0.264969764200611,0.21390465164465683,0.796887571096153,False
ATP6V0A1,0.12917271843254952,0.7931595247203067,0.9757676912534892,False
LPP,-0.7670280487693972,8.228388380053255e-05,0.11034672286128128,False
RBPMS,0.2623935343758639,0.25923434627246106,0.830105673376657,False
EXT2,0.028089113226794638,0.7235337749760853,0.9702869229134838,False
SECISBP2L,0.014718290360072217,0.8872374002626584,0.9884647975571688,False
MED12,-0.051046096850470235,0.808321135807426,0.978017374036115,False
PTP4A1,0.28864237479793076,0.10235910084027978,0.6503730453397883,False
SCAMP4,0.14190677408242536,0.2896257974155069,0.8487579901098453,False
GTF3C6,0.7502263202782302,0.021886898711452635,0.38037019194545985,False
HPS3,0.01840526791142949,0.8161452944881358,0.9796427422937294,False
SMARCE1,0.11620250998456072,0.024281408656971645,0.3896530291960412,False
FBXW7,0.21260936933077446,0.25646667122190425,0.8291488368233156,False
POP5,0.017207836545278354,0.8263796798252624,0.9796427422937294,False
MYDGF,-0.020490207894365398,0.8957699177183764,0.9896259744685637,False
RNF34,0.07694515261580648,0.4254628827264452,0.8800723730691165,False
PIGT,-0.0891823740886224,0.5081312913116403,0.9247690556585174,False
IGSF8,0.37657217498590967,0.15410154692547048,0.7439185704916749,False
TRIM63,0.03600056766520865,0.6446081226003026,0.9558209137948426,False
RAB24,-0.1647075003461076,0.6229194581084053,0.9551553129784979,False
ITFG2,0.0032395414680834733,0.9717069944403636,0.9961388673740844,False
SLC35B4,0.0013868612637821798,0.9883908651589987,0.9972240854967319,False
NEIL2,0.036956393050800784,0.6380607058811496,0.9558209137948426,False
ZNF622,-0.4696264505723242,0.07062794782986745,0.592492729542971,False
GFM2,0.11977451163899033,0.41303826702119245,0.8770879497439329,False
SNX21,-0.0028157493352338747,0.9753341526955299,0.9961388673740844,False
UBE2E3,0.06601811486913434,0.39440095063737013,0.8764319149979993,False
NT5C3B,0.10219002239714925,0.19523209006761036,0.7743704887069277,False
PSMG2,0.08156509127338651,0.6828394149997722,0.957314081813406,False
NCLN,-0.024480981061962837,0.7757103034669028,0.9757676912534892,False
MUL1,0.07638593900430735,0.27902911313742224,0.8437745972929098,False
TMBIM1,0.08252567093000707,0.2502596858568777,0.8280879008147418,False
ERGIC1,0.042861099757267596,0.7056271850549023,0.9645093452622473,False
CIRH1A,0.48621183680990754,0.03090653872599538,0.42405879893769777,False
GTPBP3,0.020968628277493906,0.7932623582999562,0.9757676912534892,False
TBRG4,0.2201526724326861,0.15513988266879042,0.7444754364710432,False
ATP6V1E2,0.0324215277094666,0.6753273082121741,0.9558209137948426,False
FAM162A,-0.027236738479420097,0.8239028130836653,0.9796427422937294,False
CCDC47,0.17109810667485448,0.15483787483458286,0.7444754364710432,False
MRPL24,0.4013852521171799,0.020893213839354583,0.3734913568829507,False
SYAP1,-0.13461108729246973,0.37381442283349237,0.8701811028798047,False
ADIPOR1,0.0015556552446973626,0.9860356950816722,0.9972240854967319,False
TMEM230,-0.1426490389286279,0.14877189047155612,0.7368142988107953,False
EXOC4,-6.976208388564942e-05,0.9990549943310774,0.9996762945260513,False
KIAA1191,0.17633320094957838,0.32581772308250145,0.8643320035562339,False
ISOC2,0.2974058616235844,0.33101851534927323,0.864988327445132,False
NTAN1,0.09078199642591755,0.31213522893753054,0.8599825844982091,False
FERMT2,-0.23307978321036416,0.028449148376812696,0.4152677321328016,False
PNPLA2,0.013497475668216907,0.8682338626747814,0.9855253681560873,False
FUBP1,0.09847825824867584,0.23848280542764305,0.819784643657523,False
TTC17,0.44643621577077397,0.01420292769072145,0.31193119348052056,False
SLC25A46,0.06757897026229287,0.7648598030084913,0.9747728847731245,False
LRRC59,0.04059996319845993,0.6822397781698138,0.9571167381095452,False
VTI1A,-0.21809266931246185,0.31654064863985665,0.8605572767205228,False
PBXIP1,-0.4150676545913292,0.04356040293133949,0.4810712636093174,False
MCUR1,0.059650014190417266,0.39409186542790503,0.8764319149979993,False
KIAA1143,0.0574240129452015,0.413521161052904,0.8770879497439329,False
RPE,0.1495951873587451,0.41188529167973353,0.8770879497439329,False
VPS33A,0.31138103826128116,0.08622404962873043,0.611301509390781,False
EME1,-0.09001316015427108,0.5683744156439909,0.9426811085231039,False
FKBP10,0.0867548506613467,0.37736681359101465,0.8718690155859481,False
ISG20,-0.11822949153738094,0.6288378013525159,0.9558209137948426,False
RAD51AP1,0.025988085728567256,0.7865637837938607,0.9757676912534892,False
C18orf25,-0.017542269336288996,0.8687222886895686,0.9855832030531335,False
EXOSC8,0.13753961431892137,0.5760438008915603,0.9426811085231039,False
C10orf32,0.06872876125758509,0.32477218284043147,0.8643320035562339,False
TOMM6,0.20675803261404013,0.6318745132945195,0.9558209137948426,False
ZNF428,0.14426908655569903,0.7786900665135934,0.9757676912534892,False
TMEM186,0.05151778255810058,0.5358589213387107,0.9319600429228658,False
SH3KBP1,-0.08838639629322387,0.6430403796971927,0.9558209137948426,False
SLCO4A1,-0.2358887650007162,0.2010206608439285,0.7830314482631234,False
PHF21A,-0.02718548173550417,0.7848596103222075,0.9757676912534892,False
SKA1,0.05454239765457913,0.4880201655909267,0.9159788918854416,False
RNF25,-0.19722242073137863,0.16324744483388962,0.7535808248930216,False
APH1A,-0.5261076325523888,0.005369738649050759,0.2456911588334829,False
AIDA,-0.04089677688135751,0.7416244459863669,0.9732623744879622,False
PINX1,0.50491526296112,0.007070838002056173,0.2495805951257824,False
ARL8A,0.0757251657937772,0.36075772147226176,0.8676073108938235,False
TADA1,0.02307833442945295,0.7882528053792335,0.9757676912534892,False
CHCHD1,0.0942679803605806,0.2117068875968255,0.793549472866806,False
PPWD1,-0.13941492706955216,0.4633119276794169,0.900531604432244,False
SGK3,0.05518082178862471,0.47523801897163837,0.9106367586519569,False
COA7,0.10304475146011072,0.5560247608952833,0.9412902243607043,False
TAMM41,0.14510766063205338,0.4042306871354451,0.8770879497439329,False
MOB3A,0.02306698116753836,0.7697472403455552,0.9747728847731245,False
DOCK10,0.8139767909062243,0.001712354180379725,0.1988338093663365,False
PLD4,0.0266603995455732,0.7349231541558642,0.9732405574099902,False
LENG1,0.028417902461782774,0.823447346354169,0.9796427422937294,False
TBC1D20,-0.010812798398944778,0.9626958215983188,0.9943137920657577,False
FAM136A,-0.18648605299311782,0.5697721035436526,0.9426811085231039,False
FGGY,0.04865931018181158,0.4980648360351267,0.9228468816256954,False
EFHD2,0.0239755254880194,0.7188767066186902,0.9687898653594285,False
GALM,0.12056259470956832,0.42938575773181864,0.8800723730691165,False
PYCR2,0.04678101034737381,0.7641857927828039,0.9747728847731245,False
C12orf43,0.08537466846084385,0.4623935750184305,0.900531604432244,False
DCPS,0.1105091829558198,0.5560284720434777,0.9412902243607043,False
PPP1R14B,0.2994205643658141,0.29717802690099854,0.8518220949255794,False
SDCCAG3,0.02101648351430896,0.8002566479643143,0.9768683851080251,False
BIRC7,0.24465348804079667,0.4412279996704846,0.8903424828722384,False
INTS12,0.0797952847404737,0.45700108299890857,0.8987781079150295,False
NSUN4,-0.12291275496419729,0.6620074698630853,0.9558209137948426,False
RHBDF1,-0.2138461374027507,0.28774057325086283,0.8478070461855779,False
PPCDC,0.06259166347512846,0.48250985200032825,0.9142140904688919,False
CTHRC1,0.13245631352197762,0.3142609943337591,0.8602661132433345,False
RPUSD4,-0.2455477951623699,0.0450563415741,0.4872900134946782,False
ACSF2,0.23102858197486853,0.11057636989934634,0.6679478751740707,False
ISOC1,-0.08243285842660342,0.6164366351377539,0.9533884235117631,False
GCC1,-0.07901060687877504,0.8230913428662056,0.9796427422937294,False
FLYWCH2,-0.4153708738709767,0.1250506755129822,0.6868815000283959,False
GRAMD1A,0.007403712238225779,0.9240192390122919,0.9929705792864855,False
SLC25A36,0.1635968395004639,0.31715331711007594,0.8611314749381176,False
HAUS1,0.022355031362344846,0.7785978319075904,0.9757676912534892,False
FAF2,0.03695938489424222,0.7185965641634035,0.9686151844138041,False
CCDC124,0.010318261543361018,0.9049979693058606,0.9906253158153695,False
FOXRED1,-0.4850686476060311,0.013895075491450274,0.31093670762677067,False
OPTN,-0.12001548199151202,0.5858226950385944,0.9462271693206212,False
AP2M1,-0.04612455493787593,0.568476985833072,0.9426811085231039,False
TUBGCP3,-0.060783150212294856,0.37415001789571073,0.8701811028798047,False
SLC7A6OS,-0.004762344391274098,0.9515579207209033,0.9936382978877489,False
KCTD12,0.03884237625041109,0.611781697167157,0.9524750433088539,False
C10orf35,0.0477653475650861,0.5073029825085507,0.9247690556585174,False
RCN3,-0.10525495561321563,0.6313027784891663,0.9558209137948426,False
RASD2,0.09538543404067923,0.2823852204795416,0.8457356496499373,False
NMD3,0.030052834555846175,0.7356419552297528,0.9732623744879622,False
ADCK4,0.020556684018512072,0.90352649786666,0.9906253158153695,False
REPS1,0.014262785286923929,0.933092417916594,0.9929705792864855,False
DNAJC19,0.4524793621618599,0.21548916726692477,0.7973966597830138,False
RMDN1,-0.15391776568318605,0.3259924495276599,0.8643320035562339,False
TMCO6,-0.0838359436713354,0.6144771586017719,0.952610291440026,False
ECHDC3,0.42180965150027916,0.02595199371897953,0.4033842501971818,False
NUDT16,0.022431292634031763,0.7705662954689739,0.9747728847731245,False
ANAPC16,-0.004894330442674288,0.9502396408843181,0.9936382978877489,False
DGCR14,0.15353624740866323,0.09106461377968533,0.6266070553262433,False
MSI2,-0.11969338536657759,0.38555814209811934,0.8718690155859481,False
SNRNP40,0.07525932829370774,0.7076766084960205,0.9645093452622473,False
C18orf8,0.03987817696935636,0.6401102426277526,0.9558209137948426,False
MTFMT,0.06768068767362578,0.38982614329085474,0.8725971459402324,False
ZBTB10,0.11355339750081583,0.23425092995220975,0.8152778102905333,False
ITPKC,-0.5214652449970885,0.2928381966791177,0.8487579901098453,False
MRPL38,-0.03151745737901024,0.8272878659265793,0.9796427422937294,False
ERLEC1,-0.12746180350909597,0.4291645398689074,0.8800723730691165,False
MRRF,0.24555401645448072,0.3790242198265068,0.8718690155859481,False
RAB3C,0.020128965845856328,0.8031159516174856,0.977321208851085,False
MTERF3,-0.04656734150028541,0.8532637053507234,0.9844804580394803,False
RBMXL1,0.03606100155313641,0.9137642809558111,0.9929705792864855,False
SPDL1,0.036642895241271844,0.6490511330778647,0.9558209137948426,False
SIRT1,-0.007162041613586467,0.9299393790462265,0.9929705792864855,False
YIPF6,-0.02974174200448232,0.7800499093492157,0.9757676912534892,False
HOOK2,-0.07054442894106572,0.4255663026969628,0.8800723730691165,False
SEH1L,0.33203851107840165,0.3410963036791535,0.8676073108938235,False
MALSU1,0.05372692213319752,0.8065031028253107,0.978017374036115,False
TCEAL4,0.006979497702388926,0.9351992867676148,0.9929705792864855,False
KIAA1279,-0.05763141936713012,0.44484479043370767,0.8937143094373057,False
GNPNAT1,0.045050201137378565,0.8785996725083487,0.9865356311419047,False
FAM120B,0.12514453248594393,0.26650679409783556,0.8342043180305807,False
KTI12,-0.1510710835324396,0.42203511812842803,0.8799102302725008,False
MRPS24,-0.2625730688086243,0.04322461695813002,0.4810712636093174,False
MRPL53,0.2516982148634348,0.18392520466252738,0.7644955993710568,False
RNF31,0.034265462315666184,0.6585568181573712,0.9558209137948426,False
DAZAP1,0.33329500193723405,0.2298359813927804,0.8135283499793958,False
SGTB,-0.0018299667465697667,0.9803931836767205,0.9967545352670668,False
SAAL1,-0.005944511381127171,0.9702465297132395,0.9961388673740844,False
CCDC51,0.14087853198416056,0.10663208495920125,0.6580328721801054,False
CCDC101,-0.22636146924933698,0.08692165984344438,0.611301509390781,False
RRP36,0.30344600849358017,0.2312777351848744,0.8149286156262824,False
C1GALT1C1,0.08903770010528334,0.36164954493314383,0.8676073108938235,False
RBM33,-0.17045017276991103,0.07912475312211255,0.6047123353216083,False
DTNBP1,0.028053557058481005,0.8330206082944012,0.98043044117166,False
SMIM12,-0.3857543188898518,0.1007208285118692,0.6500968265353259,False
DNAJA3,0.1786753454349217,0.04606495357086136,0.4894971678172537,False
TMA16,0.09171376816333776,0.7882584091566955,0.9757676912534892,False
MVB12A,-0.025776873980692727,0.8238347762778316,0.9796427422937294,False
PTCD3,0.1328441081939431,0.10230157964109152,0.6503730453397883,False
MCRS1,-0.02300035350671692,0.7906127183513522,0.9757676912534892,False
CYFIP2,-0.016648133517421115,0.8499404619657375,0.9844804580394803,False
GIMAP5,-0.06881810495713125,0.3791107249232821,0.8718690155859481,False
TRIM11,-0.22899565276981093,0.6551159105396468,0.9558209137948426,False
ZNF503,-0.10249720288254949,0.5375350265532187,0.9329193300863873,False
IL17RA,-0.04180707172453424,0.7141161883145023,0.9664222233025915,False
CCDC97,-0.009833714434073215,0.9242185554704483,0.9929705792864855,False
CNRIP1,-0.15428319651901035,0.3951913938224821,0.8764319149979993,False
EDC3,-0.03344197448140207,0.7612023135897251,0.9747728847731245,False
CDCA5,-0.058905833718423395,0.6348350308210395,0.9558209137948426,False
DYNLL2,-0.5399310524623857,0.21453971776811886,0.796887571096153,False
WDR89,-0.33350537416762194,0.10239646442173016,0.6503730453397883,False
GALNT14,0.024322865500828073,0.7647967742328781,0.9747728847731245,False
CPNE2,0.0008055767865187136,0.9931533010539226,0.9985846081690612,False
S100A16,-0.0545810020500852,0.6969214500828459,0.9628145782292297,False
SIPA1,0.04701148842070424,0.8240707196546649,0.9796427422937294,False
SCRN2,0.0454441599691755,0.5678784778795699,0.9426811085231039,False
THOC1,0.04683320382044087,0.5739956702710629,0.9426811085231039,False
OTUB1,-0.12683920173375896,0.1779889631625566,0.7630923555112326,False
TRMT61A,-0.1452451471779561,0.4527282783853694,0.8977244778944686,False
HMCES,0.08044912110709745,0.6616187549849782,0.9558209137948426,False
CHMP6,0.20984715725844083,0.3688788993915388,0.8698188778250465,False
PGM2,0.11350245904182543,0.29808747022796045,0.8519707087999923,False
IMP4,0.02982964251888731,0.8307392272870574,0.980031843410658,False
CERS2,0.029211145740625,0.8437713626575365,0.9827178251651999,False
MED8,0.06589768405282825,0.3446294863398917,0.8676073108938235,False
CFAP36,0.04668860480840209,0.552027476934192,0.9412902243607043,False
DUS3L,-0.05486992289019099,0.5849632951597934,0.9455510686644738,False
NUDT11,0.0808996382561098,0.4141113457111144,0.8770879497439329,False
LTV1,0.030629917556751707,0.6469698031689195,0.9558209137948426,False
MRPL48,0.04494750895938893,0.6467127414883951,0.9558209137948426,False
VMP1,-0.1820397507417475,0.516833072665467,0.9265888182165767,False
PDXP,-0.13468404081053365,0.542711238885676,0.9352830268423473,False
AURKB,0.6724198883374655,0.003979258196289338,0.2386449048723498,False
TMEM261,0.057585877986241485,0.5626289088454683,0.9418392627299,False
RNF185,0.27800614084516084,0.22926427028518864,0.8128460491929416,False
DCUN1D1,-0.13980909249733386,0.5131492878072422,0.9257573377965317,False
FAM89A,0.13245006780530844,0.3384416079829495,0.8676073108938235,False
FAHD2A,0.1634064050586055,0.5179874182161301,0.9265888182165767,False
SMARCD1,0.20322960290906167,0.008202161105298884,0.2574678376224308,False
TOE1,0.06526213331077457,0.3954489839623071,0.8764319149979993,False
SCARF2,-0.012643163868450102,0.928942605525575,0.9929705792864855,False
C16orf58,0.20030094429349532,0.25951779077703035,0.830105673376657,False
DDX27,0.03894515031452883,0.7090395696449572,0.9646236005634882,False
C17orf59,-0.03542795937434562,0.8393861034796308,0.9818672109238561,False
BCAN,0.03207793351562316,0.9529619705023844,0.994052566085726,False
MARS2,0.3082659836230093,0.20933271776225484,0.791133134973397,False
MASTL,0.18405149107285368,0.02108947679954267,0.3748916663123124,False
APIP,-0.19988649013618343,0.25590166134589426,0.8291488368233156,False
ZC2HC1A,-0.007675149279695148,0.9585037874196272,0.9943137920657577,False
LIN37,0.004157160989787911,0.960269197843424,0.9943137920657577,False
SLC41A3,-0.22277811599587594,0.511137807626809,0.9250452957671652,False
SNF8,-0.14819468520088463,0.49436185580117054,0.9199494948008993,False
MYO19,0.08839264966204041,0.4174306560271497,0.8789314592683469,False
SLC25A44,0.01028210004011143,0.9713995019993859,0.9961388673740844,False
ZC3HAV1L,-1.3365377697027725e-05,0.9999198701647669,0.9999198701647669,False
POM121,0.17163649589056007,0.09900690079977673,0.6455009185882099,False
TONSL,0.542766864851,0.00032089114804888876,0.12702972211189337,False
PDLIM5,-0.20228300498175145,0.12621881319957903,0.6868815000283959,False
CRELD1,-0.27430295505686786,0.05075728678131341,0.5127521827908191,False
ERO1L,-0.13489625940550454,0.33768452552318573,0.8676073108938235,False
PRR11,0.4368823877115666,0.030506678772450023,0.42126711995861776,False
SENP5,0.03555572036189503,0.6488806465580004,0.9558209137948426,False
AHCYL2,-0.19420009791532422,0.14333951491483551,0.7245795588978527,False
DOCK6,0.18487081875119316,0.13573386155658052,0.7041568016530095,False
OXNAD1,0.025629043598058843,0.908911771722046,0.9919457477674468,False
CDKN2AIPNL,0.1361457232562664,0.22387105135831784,0.8026978449909309,False
MED30,0.04521719016995718,0.5544284984972112,0.9412902243607043,False
REEP6,-0.20328525746997528,0.1493916669164825,0.7368142988107953,False
PGAM5,-0.23087938728628288,0.013575411652942956,0.31028275176345754,False
TMEM41A,0.031497168684961,0.6841097509105306,0.957453092639316,False
INTS4,0.2327137715233647,0.20295329702621343,0.7851644396273738,False
DDRGK1,0.03301363018684711,0.7042069280421623,0.9645093452622473,False
DHTKD1,0.012026637801156426,0.9052781843451022,0.9906253158153695,False
SCLY,0.08082092022384302,0.5032429288689899,0.9241165240783552,False
FUBP3,-0.046504886982209115,0.2742812542688686,0.8387613457825793,False
RBM17,0.188863290252975,0.05362041518250582,0.5267898804571373,False
PPP1R16A,0.029048369499218296,0.7088057022137013,0.9645093452622473,False
WBSCR16,0.18782541121044005,0.357942373296097,0.8676073108938235,False
NARS2,0.039758473419524876,0.7311324768264138,0.9726767600533333,False
SUCLG2,0.08632123254790258,0.2986862345070369,0.8519707087999923,False
LRCH3,-0.117730500393602,0.34786324176003797,0.8676073108938235,False
GMPPA,-0.12943229037626125,0.2261161290591333,0.8079163189869645,False
HPDL,0.304186008267223,0.1517035126660985,0.7378776296344247,False
ABHD14B,-0.11631346451307678,0.7151445459334899,0.9673548963861935,False
SEC22A,-0.018928687805857436,0.8223753463665561,0.9796427422937294,False
USMG5,0.4324294144553562,0.1129985021261731,0.6756333455682982,False
NSL1,-0.06956345988744772,0.6144965531884301,0.952610291440026,False
RSRC1,0.0037876226231325916,0.9798537128805639,0.9967092363899145,False
THOC3,0.15634975401195206,0.5463971431042609,0.9370679211815144,False
ITCH,-0.188786645174023,0.2471775815684446,0.8273351377053714,False
TXNDC15,-0.17094341854225092,0.32545301980203895,0.8643320035562339,False
KIRREL,0.2647972143369479,0.21615727343043187,0.7980333072431608,False
COG3,-0.3088316866783032,0.07706672776043134,0.5994631503089047,False
CDK5RAP3,0.06813529299461152,0.5587018742399337,0.9412902243607043,False
VPS39,-0.004868113375941618,0.9515697767013402,0.9936382978877489,False
EAF1,0.046057135543598804,0.5518950142775942,0.9412902243607043,False
CCDC132,0.19892304755114765,0.3974057472849813,0.8764319149979993,False
VCPIP1,-0.048818320247821845,0.5848336021620247,0.9455510686644738,False
SPG11,0.08530670025309561,0.3438677836237862,0.8676073108938235,False
ELMO2,-0.5658366936167347,0.05053293277527742,0.512093578596709,False
TMX3,0.0563143837097968,0.4126341453052419,0.8770879497439329,False
CHAMP1,-0.19148948548853895,0.3504447999486567,0.8676073108938235,False
L3MBTL3,-0.05803655767167015,0.6517110912992108,0.9558209137948426,False
CCDC136,0.009319210366328434,0.8967380042154149,0.9896259744685637,False
NEURL4,-0.01046287341215546,0.9129935397037783,0.9929705792864855,False
ZFP91,0.13799328761074392,0.38625952469796215,0.8718690155859481,False
PDLIM2,0.03453991928129341,0.6569332516112304,0.9558209137948426,False
BTF3L4,0.014376016791413093,0.9145532583601366,0.9929705792864855,False
ZFYVE19,-0.10468063983488918,0.28272556021188777,0.8457356496499373,False
SLC35E1,-0.045466952875688804,0.7043715100627803,0.9645093452622473,False
TMEM87B,-0.28291268992299123,0.1676784516578361,0.7613501152595638,False
ZNF668,0.023488286254170987,0.7680695233241784,0.9747728847731245,False
USP47,0.02038276292667973,0.9458679170818652,0.9929705792864855,False
ZNF521,0.08009722844715839,0.392110578272521,0.8755669269616613,False
CLPTM1L,0.10400918862303854,0.5080689298519536,0.9247690556585174,False
PBK,0.6397504376630678,0.00905552335455575,0.267380681919445,False
DNAJC1,-0.011972337112876374,0.9349771104878112,0.9929705792864855,False
SCYL1,-0.253849918616055,0.014505875334786101,0.31750104686853253,False
ZNF512B,0.04050207337870759,0.7861976648066613,0.9757676912534892,False
EXOC2,-0.15874770468990107,0.42352719109405834,0.8800723730691165,False
CNDP2,0.13303000219837102,0.3734221273335967,0.8701811028798047,False
EHMT2,-0.02535399305091346,0.7789813030035653,0.9757676912534892,False
ZFR,0.21194032637193416,0.0018847996251494755,0.1992494754417592,False
FAM210B,-0.026228229488154398,0.8466029600721415,0.9833736548852402,False
NSD1,0.19178933324127811,0.3608584063094121,0.8676073108938235,False
EP400,0.13854656422273592,0.10051065975817347,0.6500362769284888,False
SNX27,0.03380504062723233,0.7916585349925691,0.9757676912534892,False
KIF16B,0.22597606738607467,0.051997427564789235,0.5187650331463856,False
PRMT6,0.0676741114778352,0.3841589886329578,0.8718690155859481,False
IFT74,-0.07504420380027454,0.5670634155025172,0.9426811085231039,False
TRIM47,-0.17950257142296167,0.5985352976910506,0.9479632391439603,False
DHRS1,-0.018833649095334692,0.837576217490014,0.9814622066449394,False
UBE2E2,-0.03827675881596093,0.761492046165721,0.9747728847731245,False
RNPC3,0.05624300236836888,0.5104505540899732,0.9250209280678618,False
RMDN2,0.2037604755682949,0.08726514455143716,0.612565904524345,False
PRRC1,0.13098667841405387,0.2604004688127321,0.8307746793345019,False
FGD4,0.06655129004392535,0.40401023652719803,0.8770879497439329,False
FBXL18,0.07701686097095006,0.4252458690578383,0.8800723730691165,False
ZNF512,-0.30999120791119594,0.1913542462451777,0.7718731895271739,False
NSMCE2,-0.2679935474533188,0.20449050245985564,0.7864973152986927,False
NDNL2,-0.14283055499476305,0.47056177626884543,0.9074046473169263,False
TMEM68,-0.07244418240245665,0.7309945337948112,0.9726767600533333,False
TCEANC2,-0.029866123469396655,0.7802160578183024,0.9757676912534892,False
RNF145,0.017482337981142848,0.8251012746693908,0.9796427422937294,False
YTHDC1,0.23879145960151504,0.23371131843125373,0.8152778102905333,False
CCDC43,0.17768442913586924,0.24906690952343588,0.8278774903177788,False
COG8,0.4249109645216045,0.0403461339870303,0.46821991446752886,False
WDR92,-0.04906263320476256,0.7010743911313274,0.9635655076740904,False
NOL4L,0.05334251400345735,0.528816190084112,0.9290708236410674,False
C7orf26,6.24195753857748e-05,0.9993566295171584,0.9996762945260513,False
ENTHD2,0.026892271504181053,0.7367297907867577,0.9732623744879622,False
PWWP2A,0.02619538808478694,0.733054926122788,0.9732405574099902,False
MBOAT7,-0.05110121891608088,0.834413292087641,0.9807213761797207,False
DOCK7,-0.11055379621279471,0.02774223173868816,0.41420246227020485,False
ZNF830,0.018630160183626288,0.8070818022671058,0.978017374036115,False
ZMAT2,0.12038156983034298,0.2176481945867501,0.7987194806067339,False
FAM210A,0.27391043961882744,0.3956485009379374,0.8764319149979993,False
FRMD6,-0.21851766963283126,0.33544435451452,0.8676073108938235,False
CCDC115,0.23105434954904425,0.18946984146701742,0.771321598050201,False
NAP1L5,0.06977054493720303,0.4183003425205734,0.8790864481123088,False
ANKRD27,0.15409554392478242,0.44689657054037896,0.8937143094373057,False
CLIC5,-0.0026541023112400808,0.9784256490586288,0.9963736685954901,False
MUS81,0.050616592294097984,0.5292673582151636,0.9290708236410674,False
NSUN5,-0.023620507614722897,0.8798429324169103,0.9868902335894749,False
RPRD1A,0.003721970400345498,0.9621134384393303,0.9943137920657577,False
AGAP3,0.168222635758152,0.05336424173867803,0.5258788600128531,False
ARAP1,-0.30914619840723745,0.03800226356114107,0.4563682827256977,False
IPO9,0.0756497745191318,0.5901662363510175,0.947780458509137,False
CASD1,-0.034674157598431066,0.7536505960897214,0.9737735160683184,False
DCBLD2,0.11894840529153683,0.7517774503434435,0.9737735160683184,False
ARHGEF17,-0.07516591298869457,0.8153607395119845,0.9796427422937294,False
INPP4A,0.028648983786197846,0.7093133861812201,0.9646816437349787,False
RBM14,-0.09277039040346224,0.38365665120241554,0.8718690155859481,False
RCHY1,0.06866272388476347,0.45803874353209223,0.900052794394491,False
UHRF2,-0.23443383516491423,0.27090686642614037,0.8386146206467584,False
NEDD4L,0.19238864305078707,0.03925405730186554,0.4653384946892984,False
QKI,0.1952702975492997,0.12043944979767657,0.6833260061341345,False
LENG8,0.023621404164792636,0.7655035900542284,0.9747728847731245,False
FMNL2,0.08868151084285358,0.3545123115969057,0.8676073108938235,False
PUS7,0.12094905375737142,0.3588056367736237,0.8676073108938235,False
FAM111A,0.06043452954448725,0.47558870560917643,0.9106367586519569,False
TRNT1,-0.03600711963849079,0.8804230691163644,0.9873158439777973,False
SMG1,-0.06921753009841325,0.41521364940865996,0.8775445448092621,False
TMEM237,0.21265170410059397,0.35980692903973505,0.8676073108938235,False
KIF20B,0.7201456224971636,0.007372371757676056,0.2495805951257824,False
PPP1R10,0.018077634225790007,0.8396604913308439,0.9818672109238561,False
SLC38A2,0.013376591666308002,0.9717696792943684,0.9961388673740844,False
TEFM,0.0016375867247688802,0.9835623148131009,0.9972240854967319,False
MTMR9,0.07438927111892824,0.2898602778791037,0.8487579901098453,False
VPS35,0.02854032941363016,0.7244652800211211,0.9702869229134838,False
PURB,-0.22228812246494556,0.15094131456566687,0.7377854205205973,False
TRPM7,0.1156944739585235,0.3529910972412875,0.8676073108938235,False
PHF12,0.20035653104207896,0.33634490371570236,0.8676073108938235,False
XPO6,0.1418068773485075,0.07549096005811298,0.5947659021326893,False
MAGI1,-0.14773594666068135,0.26445888060158845,0.8340434586438081,False
SPAG5,0.43695399625984876,0.0071687293075223734,0.2495805951257824,False
PANX1,0.09534073876137938,0.6774138037021638,0.9566281720625419,False
NACC1,-0.17602831958460285,0.2683255195264071,0.8369727184451914,False
SNX18,-0.03588821725039537,0.8488624354514357,0.9844804580394803,False
PASK,-0.2054008661233837,0.15572619244564292,0.7467198572188616,False
CIC,-0.038348991241480945,0.7206405102361413,0.9693398167578531,False
UIMC1,0.057119698313687906,0.7765209932666347,0.9757676912534892,False
VPS13A,0.028444450758726703,0.7522197009443934,0.9737735160683184,False
MED15,0.25199237729654556,0.023272720796516187,0.38701458980125747,False
GFM1,0.2262492381927288,0.011840485511412688,0.29186291759110733,False
ERGIC2,-0.18171266345020598,0.35431949202995205,0.8676073108938235,False
MCCC1,0.029331047846849145,0.7373224723561688,0.9732623744879622,False
TGS1,0.3030896409492492,0.08819754154604553,0.6155652709856866,False
NUDCD1,-0.17122122797970363,0.43182110300905013,0.882668805696486,False
ERBB2IP,0.1891275435577704,0.014838758924647418,0.32259261378414233,False
TUBGCP5,0.013244702455097013,0.8631423888823478,0.9853852578924835,False
USP28,0.15660056291298474,0.25863486125590923,0.8296686601105563,False
TRIB3,-0.08597655128139792,0.5034316588591554,0.9241165240783552,False
HMCN1,0.02154329306318914,0.780009415200535,0.9757676912534892,False
RPS6KC1,-0.12278205232924577,0.7479839199079301,0.9732623744879622,False
TP53RK,-0.005281026534479594,0.9708823560327547,0.9961388673740844,False
PIGS,-0.439754445114648,0.02552844219772137,0.4014985792261078,False
TESK2,-0.07188220274857215,0.5724857108253851,0.9426811085231039,False
WRNIP1,-0.24015994647668037,0.08328947448115302,0.6107556612730876,False
RANBP9,-0.19060998873871426,0.32967527540258446,0.8643320035562339,False
CLCC1,0.1600093088796264,0.26038862580253835,0.8307746793345019,False
UBL7,-0.04463759831120484,0.6968032429089496,0.9628145782292297,False
CCNL2,0.048777519602037245,0.5532213356769103,0.9412902243607043,False
MYADM,0.6403606336013326,0.12259314944030454,0.6865856541761182,False
PPP1R9B,-0.03499986281346423,0.7083321605781903,0.9645093452622473,False
SRPK1,0.05191283589267215,0.5901704084082507,0.947780458509137,False
SMC6,0.06740827923932358,0.33784728393435204,0.8676073108938235,False
STRBP,1.8377638648169992,0.0029883631912250297,0.21188217009413088,False
TMEM209,0.5105978037181487,0.04462865217153544,0.4842923722155659,False
IWS1,-0.030406662908514903,0.8845728594566717,0.988414301604248,False
SIN3A,-0.10473851865990369,0.2395894872436927,0.8227098988330643,False
OSBPL9,0.11599653309926694,0.12737898204471879,0.687654152229669,False
VWA9,0.04923707463111171,0.4557370612629348,0.8982715534478075,False
CDK5RAP1,0.046022234956144104,0.6818101178776427,0.9571167381095452,False
RSF1,0.15111163204156597,0.23604401156871627,0.8176909531079553,False
RBM15,0.10506755458252215,0.25239300475082577,0.8280879008147418,False
RUFY1,0.055045022501246876,0.6294166028123023,0.9558209137948426,False
SPEN,-0.026245519327218858,0.794917150147471,0.9759521704704214,False
PNKP,-0.009661036812357082,0.9709318731565088,0.9961388673740844,False
MMS19,0.23633939429799966,0.0925440561987614,0.6315174990869878,False
UHRF1,0.5097305099688114,0.01889931047577392,0.3630360086913587,False
FAM129B,-0.7362730428097208,0.001070054760552446,0.17193970555416557,False
YME1L1,0.08416192782142318,0.3544844058502638,0.8676073108938235,False
RMDN3,0.053574956314541566,0.5690379630937253,0.9426811085231039,False
TCF12,0.07004511491258825,0.583981732475467,0.9449459854812928,False
MYCBP,-0.009205891243940556,0.9374925733193887,0.9929705792864855,False
CYTH2,0.0324215277094666,0.6753273082121741,0.9558209137948426,False
TBCB,-0.05540497994357452,0.5997946345082961,0.9481801885122683,False
PSMB7,0.17687014574444504,0.46303825386283515,0.900531604432244,False
CNN2,-0.7897967941288826,0.005347263164970582,0.2456911588334829,False
SEC62,0.21026636704832669,0.15374837247985082,0.7427708535344144,False
PCYT2,-0.09588219427972078,0.7393468452311763,0.9732623744879622,False
CDC5L,0.12188214985046386,0.07732003337317653,0.5994631503089047,False
PSMD1,-0.0090893840576598,0.8956766258256212,0.9896259744685637,False
SDF2,0.02483467262027972,0.7539938789693457,0.9737735160683184,False
PFDN5,0.09204450442591394,0.2740729167340329,0.8387613457825793,False
PAFAH2,0.01406213533977052,0.8624732397776614,0.9853852578924835,False
RNF2,0.1337583372506579,0.11772937415059868,0.681157398507616,False
PARK7,0.01830614466707914,0.8503756738305848,0.9844804580394803,False
GAS2L1,0.01984855001455088,0.8007568298280113,0.9768683851080251,False
EYA3,0.20491320312786243,0.04436006821749338,0.4830068341447883,False
NEU1,0.29150133926586363,0.06671046129348195,0.5807751207151718,False
SORT1,0.6704341632714907,0.010548597090347167,0.2797521708541365,False
VAT1,0.028902841607660434,0.8095276824209422,0.9782742979115049,False
PLIN2,0.0697459165585137,0.37502113987981056,0.8705137002505287,False
DNAJC2,0.1884565979778685,0.2645714523230645,0.8340434586438081,False
MPHOSPH6,-0.18154539699044392,0.2913360011397392,0.8487579901098453,False
MPHOSPH8,0.04837317905723637,0.8056733506740218,0.978017374036115,False
MTERF1,0.061454880356386354,0.43503649738337163,0.8834310868100671,False
NUP88,0.11985139686490953,0.1414155045761924,0.7199436486928782,False
PKP4,0.032922699869789795,0.6735678763440518,0.9558209137948426,False
PIK3R4,0.06566044020370754,0.6349290317949012,0.9558209137948426,False
P2RX4,0.2440757353577645,0.13709707870688914,0.7072457392287851,False
P2RX7,-0.6695767934489183,0.013238669015349258,0.30978485495917263,False
POP1,0.10017076473987174,0.361167685455767,0.8676073108938235,False
S100A13,-0.8385058745195586,0.003574344061411599,0.22773172312063011,False
SCAF11,0.19902550422231258,0.36948068474685064,0.8699981161492333,False
TIMM17A,0.28778290850619825,0.14367149410393074,0.7251184820068974,False
TSNAX,0.0898475072225331,0.5589923358104953,0.9412902243607043,False
SEPHS2,0.0019191701452498933,0.9838736107993152,0.9972240854967319,False
EIF3C,-0.022468047173056505,0.7708932485628925,0.9747728847731245,False
TTC1,0.006046303093231842,0.9439966481203864,0.9929705792864855,False
DNAJC7,0.15064962114816538,0.2553643963492885,0.8290968166032652,False
CDCA3,0.5767718466288017,0.0008865444926768357,0.17188308399374774,False
C12orf57,-0.35493360315678757,0.2947143153524901,0.8493170946083303,False
PHB2,0.2516286133591876,0.17910145034200836,0.7632902418660206,False
COPS8,-0.4282080292193591,0.09927449982515148,0.6465904922822366,False
PRPF18,0.014766757677591613,0.900823711624549,0.9906253158153695,False
PKMYT1,-0.1744389828136086,0.15054318525322186,0.7377854205205973,False
SDHC,0.21411925916073216,0.47451526584383885,0.9106367586519569,False
CHP1,-0.06354195367986648,0.34627096139080177,0.8676073108938235,False
KIF2C,0.7017671843137769,0.017995254397611356,0.35090746075342144,False
RGPD5,0.03545226765844944,0.6467980191573866,0.9558209137948426,False
CGREF1,0.3464244977847919,0.1826423775280943,0.7644955993710568,False
LYST,-0.2038788427458016,0.5029290020746328,0.9241165240783552,False
ATXN2,-0.14056411198528806,0.38985497973242705,0.8725971459402324,False
MTR,0.13554367877804196,0.4339054447746276,0.8834310868100671,False
HSD17B10,0.14359783866444076,0.36666352902838206,0.8694001070988592,False
SEPT5,-0.13482758889831103,0.3418641782780596,0.8676073108938235,False
HNRNPAB,0.0321507131870753,0.8394035000524199,0.9818672109238561,False
NAP1L4,0.13209216754346187,0.15993156887399382,0.750716157098671,False
MGST2,0.06371519021845629,0.4712625809675695,0.9074880407975435,False
NAPG,-0.045041184383677546,0.5478883305601053,0.9378848246643942,False
PIP5K1A,0.4259111336254193,0.008474978726416588,0.26028524322523383,False
TXN2,0.010875179582143346,0.9581576558956172,0.9943137920657577,False
ATP5S,-0.07351991525894164,0.6453180093824683,0.9558209137948426,False
MIPEP,0.11850829759026027,0.3478155490237204,0.8676073108938235,False
ACO2,0.0217652053997881,0.7056493118944945,0.9645093452622473,False
TM9SF2,-0.1712402184299897,0.24675868293522474,0.8273351377053714,False
COQ7,-0.3500735928491707,0.08564467351274341,0.611301509390781,False
SLC29A1,0.3724330415857082,0.22388655140214703,0.8026978449909309,False
TSG101,-0.578540132813913,0.004251781690983344,0.2386449048723498,False
CIB1,-0.10185890185833557,0.3988333558415646,0.8770260756315682,False
CPNE1,-0.18686712420721463,0.3295812600906416,0.8643320035562339,False
CCT7,-0.07205973058060522,0.4631594265480486,0.900531604432244,False
MYD88,-0.039559633195260346,0.685552489384048,0.9576425556985229,False
EBNA1BP2,0.14578049084774491,0.1781141752879365,0.7630923555112326,False
HAUS7,0.015087267486691758,0.8614849484449959,0.9853852578924835,False
PRMT1,0.02102760752168109,0.7944299305927084,0.9759521704704214,False
RNF5,-0.06825263147364069,0.5769560386205281,0.9426811085231039,False
AGPAT1,-0.006181996343645579,0.951041788638928,0.9936382978877489,False
PTPN18,-0.04327622222273675,0.7398884608402341,0.9732623744879622,False
DUSP9,0.057313474690129596,0.48529001660825527,0.9142140904688919,False
SH3GL1,-0.14770420434417275,0.17588081012021137,0.7613501152595638,False
SEMA3C,0.06488425877729398,0.46872140677715257,0.904685738635566,False
VRK1,0.3218339661330205,0.004113672510589577,0.2386449048723498,False
GDF15,0.1173642819199614,0.5589327050487182,0.9412902243607043,False
AKAP9,-0.10542212142570406,0.2926460634516947,0.8487579901098453,False
NIPSNAP1,-0.04745997942731606,0.8254445571169994,0.9796427422937294,False
NCAPG,0.19265343595982998,0.36695370611970957,0.8696941563083704,False
ARPC5L,-0.08375812626143997,0.5517562918613101,0.9412902243607043,False
MICU1,0.06273425871583527,0.4455417816683749,0.8937143094373057,False
FAM118B,-0.04459011487101705,0.6892268694864323,0.9588645835904517,False
PAIP2,-0.13717707595507633,0.5958635093137478,0.9479632391439603,False
RBM4B,0.08664142267192787,0.3257233355493114,0.8643320035562339,False
NABP2,0.10262746473620155,0.19449968172471288,0.7743704887069277,False
ZFYVE21,0.01054857449534552,0.9006728811208435,0.9906253158153695,False
DDX50,-0.0015975920606479121,0.9882375546507128,0.9972240854967319,False
SMIM7,0.015723617417876312,0.8550775256692115,0.9844804580394803,False
ELAC2,0.13772722968077744,0.10386674463185311,0.6505255545260021,False
C19orf43,0.11486139179564958,0.5227324469839901,0.9283883178018956,False
GRWD1,0.1371284004041975,0.5293210663795044,0.9290708236410674,False
MACROD1,-0.027886540218393208,0.9298681834848131,0.9929705792864855,False
TCF25,-0.012960850827855808,0.9603096307870141,0.9943137920657577,False
CMSS1,0.23887760030679317,0.4376303422301951,0.8866974975602347,False
ECSIT,-0.04965689247622507,0.7503488277686862,0.9737735160683184,False
WDR77,-0.26337440365668385,0.058925757263337035,0.5568094684134711,False
C17orf62,0.23254331982265697,0.29445414025285066,0.8493107989812164,False
VKORC1,-0.6615159215200883,0.05786684075644468,0.5524823742844532,False
MRPL57,-0.14025379904620294,0.571065723494937,0.9426811085231039,False
KXD1,0.0762259255664901,0.42766329476373455,0.8800723730691165,False
FAM173A,-0.10601560927556619,0.33219563290784554,0.8660367901131177,False
TUBA1C,-0.6277189888472101,0.29946619400833824,0.8533193234033211,False
VIMP,-0.2750503966050637,0.2638480194354527,0.8340434586438081,False
APOL2,0.2621424115223938,0.048445430079803474,0.5018782013010997,False
BCL7B,-0.22950211854624314,0.30035248912331347,0.8533193234033211,False
MYBBP1A,0.08534250274319888,0.2924094246124106,0.8487579901098453,False
NUDT12,-0.04239649198677853,0.6015895890553881,0.9488724762217042,False
AIF1L,-0.43331767584808745,0.19602945238594954,0.7743704887069277,False
MGME1,0.09554711953848383,0.41462339442440466,0.8770879497439329,False
FYCO1,0.3386079413890073,0.2132843616154012,0.7961049112500619,False
ACBD6,0.05220071839037743,0.5256579049213076,0.9283883178018956,False
CORO1B,0.006789765864656516,0.9100838899780679,0.992103986449071,False
CCDC77,-0.002295984921602212,0.9791296734961354,0.9963736685954901,False
TXNDC17,-0.11422534308209364,0.6075855490958461,0.9516690600336835,False
BUD13,0.008604987814209153,0.9611269610400001,0.9943137920657577,False
CPPED1,0.019465495729498627,0.8165885145908042,0.9796427422937294,False
MRPL45,-0.010357776584079659,0.9276333491535954,0.9929705792864855,False
C7orf50,0.040103873608316576,0.6862399288197613,0.9576425556985229,False
NUDT16L1,0.24671743617698283,0.3979072135636525,0.8765946317295802,False
LZTS2,0.051520739565603435,0.5037539803280754,0.9243389972658013,False
SDF4,-0.09301713119142363,0.36065291786611464,0.8676073108938235,False
PDCD2L,0.20073860702408197,0.3310477024822699,0.864988327445132,False
PAAF1,-0.6078661840248003,0.19543049553877298,0.7743704887069277,False
WIBG,-0.35102750269954086,0.13074880625538235,0.6955571453754312,False
PYGO2,0.05785301991765124,0.466122551392546,0.9021661612628394,False
CHCHD6,0.1942347300965892,0.24755490676388409,0.8273351377053714,False
AIFM2,-0.20645415129222044,0.47576702138117777,0.9106367586519569,False
ADPGK,-0.20803104131634242,0.14579307900362318,0.7289653950181159,False
GPATCH1,0.011189814790906638,0.93001082398037,0.9929705792864855,False
RIOK1,0.22040588548734874,0.5059787904866363,0.9247690556585174,False
UQCC2,0.01752574080747138,0.9377945466380782,0.9929705792864855,False
LLPH,0.220027318757392,0.12126780093320615,0.6833260061341345,False
GINS4,0.050452907093141874,0.5397568745099887,0.9345293327399908,False
UTP23,-0.2516681903508875,0.1364981403577117,0.7060816183294815,False
SIKE1,0.0324215277094666,0.6753273082121741,0.9558209137948426,False
PELO,0.12679990717820644,0.7330714369176815,0.9732405574099902,False
GINS3,0.04608144439581352,0.6604247503573799,0.9558209137948426,False
FAM213A,-0.2286207575435597,0.49446357358219556,0.9199494948008993,False
SLC39A3,0.15259404303926516,0.38377162407321946,0.8718690155859481,False
TRIM56,-0.17038597383502463,0.12528748378456864,0.6868815000283959,False
CENPK,0.0324215277094666,0.6753273082121741,0.9558209137948426,False
ERP44,0.05751510953142969,0.5895335438306021,0.947780458509137,False
LXN,0.29366231384453556,0.3425158989759489,0.8676073108938235,False
TTYH2,-0.45723718832230276,0.13223604434406722,0.6967099500286092,False
TMEM175,0.14479086409780706,0.338018131446162,0.8676073108938235,False
ATG101,0.0022743548596650953,0.9768096364637682,0.9963179601591929,False
NOL10,0.11988324884945456,0.16872689060320714,0.7613501152595638,False
NTPCR,0.30777770688480643,0.11533521959186728,0.6791087724354855,False
C2orf88,0.026941532390679868,0.7361880371011453,0.9732623744879622,False
C19orf52,-0.08614249217110981,0.3619886443186414,0.8676073108938235,False
TACO1,0.018053052479480414,0.8790421742085331,0.9865993410462137,False
HDHD3,-0.22325337249164434,0.25181734489967667,0.8280879008147418,False
TUBGCP2,-0.03786717523263761,0.8362471001854973,0.9814426572485273,False
C17orf80,-0.00423715383144696,0.9881906964850684,0.9972240854967319,False
FAM64A,-0.19944124830314536,0.1166964905454313,0.681157398507616,False
ESYT1,-0.2213591809441624,0.004480298695270368,0.2425620724982544,False
PCGF1,-0.008315801053033312,0.9254058224493663,0.9929705792864855,False
TSEN34,0.004466424875992914,0.969359967284063,0.9961388673740844,False
CRACR2A,0.030352583237622355,0.8535297138055806,0.9844804580394803,False
CHCHD5,0.06840484512243705,0.3962897421567699,0.8764319149979993,False
DESI2,0.009262154563757008,0.9181003596664521,0.9929705792864855,False
CNPY3,-0.7207980176836593,0.02911094538182836,0.4193382154254786,False
MTG1,0.15335418343786955,0.31285458124480303,0.8599825844982091,False
ALG1,-0.28696465492477685,0.3271865316693613,0.8643320035562339,False
HAUS8,0.0796088623820026,0.33569528892687783,0.8676073108938235,False
ALKBH7,0.03680432638428499,0.8530908714526986,0.9844804580394803,False
INPP5K,0.0068346653904640675,0.9295881773498977,0.9929705792864855,False
NDFIP1,0.008486814162104395,0.9123379704207347,0.9929705792864855,False
PSMG3,-0.005524821790636736,0.9451870018898342,0.9929705792864855,False
COPS4,-0.038202117095160304,0.5735579863301509,0.9426811085231039,False
WAC,0.04014414799065591,0.7684262445947112,0.9747728847731245,False
DIDO1,-0.030440090103571293,0.6988536679487318,0.9633409167967912,False
MTA3,0.11873581436033476,0.557418508466923,0.9412902243607043,False
RBM42,0.05856255456590986,0.5805362415601103,0.9448837424044848,False
MCMBP,0.20204076346734823,0.2682453496619767,0.8369727184451914,False
AARSD1,-0.014215038450494433,0.8840338719446528,0.988414301604248,False
DCUN1D5,-0.07770072193875421,0.5185428481754705,0.9265888182165767,False
PAGR1,0.13111059255528446,0.11274422453863354,0.6755205632272876,False
FAM103A1,0.01036613964334876,0.9202879630314577,0.9929705792864855,False
URM1,0.07386961586089669,0.29280366826790566,0.8487579901098453,False
ANP32E,-0.019364547569164614,0.882131625994643,0.988076724121314,False
MED10,0.06340878337177713,0.4331644604678222,0.8834310868100671,False
LRRC1,-0.19948656000367748,0.14490969344754245,0.7280614519651115,False
PI4K2A,-0.04235541821052635,0.6308730752646159,0.9558209137948426,False
TMEM43,-0.005171131318647326,0.9432354800404436,0.9929705792864855,False
FSD1,0.10251212441448487,0.3631334426326988,0.8676073108938235,False
TBCD,0.008899162448035014,0.93378503765312,0.9929705792864855,False
NDC1,-0.034852012286492595,0.9261564687456777,0.9929705792864855,False
TMEM208,0.10735186554467191,0.1875949453930014,0.767433867516824,False
TTPAL,-0.07997653075468492,0.5527180093512165,0.9412902243607043,False
FUCA2,0.028535626885101806,0.8958769034039402,0.9896259744685637,False
HGH1,-0.11976244890102095,0.5597523143481501,0.9412902243607043,False
DHRS4,-0.06428795462655401,0.6950425913228092,0.9626773730439684,False
LMF2,-0.006121189733722332,0.9626500557399,0.9943137920657577,False
NDUFAF3,0.09639294080464822,0.7881375295193509,0.9757676912534892,False
CENPO,-0.0034819190019916846,0.9685616019564393,0.9961388673740844,False
MMTAG2,0.19097597505261987,0.34769372385283664,0.8676073108938235,False
DOHH,-0.28233834489878973,0.3091571132864447,0.8597341507042215,False
MKNK1,0.0324215277094666,0.6753273082121741,0.9558209137948426,False
TMEM70,-0.10442575132445242,0.6941131894645928,0.9624258509383009,False
ISCA1,0.015109454385481058,0.8501211039774936,0.9844804580394803,False
TUBB6,-0.2260710530035297,0.4567947165904608,0.8986468973584882,False
C9orf142,-0.14827774602925103,0.0548574540982814,0.5340510092623915,False
POLR3C,-0.0031715582667466435,0.9897956816421588,0.997555161318346,False
HNRNPUL1,-0.11420059915460357,0.07295553392926776,0.5936817089710029,False
MSTO1,0.10214092685974663,0.5218835507355185,0.9283883178018956,False
PHF23,0.1501402827283158,0.3207959027097445,0.8637329012289565,False
PDCD10,-0.15821586619669148,0.5095513672811913,0.9247690556585174,False
RPP25,-0.29775373009351824,0.12573028294307106,0.6868815000283959,False
G6PC3,0.052918660954468066,0.5260036249348565,0.9283883178018956,False
DDX23,0.009319186057638262,0.8991517845505533,0.9904213854130111,False
WRAP53,-0.14087364366503863,0.23425775776646401,0.8152778102905333,False
APOO,0.36750894188459426,0.22053851707621053,0.8005271889425227,False
BDH2,0.7178351109455399,0.06683402217897765,0.5807751207151718,False
FAM195A,0.10299409200446163,0.4438512417423928,0.893674199190331,False
C20orf24,-0.022809616513722375,0.8128763435132239,0.9796427422937294,False
C1orf50,0.04985613027197289,0.5134570928341129,0.9257573377965317,False
MRI1,-0.014885085472670312,0.8989534215124069,0.9903724135306178,False
ABHD6,-0.14177165975356232,0.32169787263102545,0.8637689122788939,False
C15orf57,-0.020784577931351578,0.8525208454694793,0.9844804580394803,False
MLPH,0.04604120849787918,0.7456059060072887,0.9732623744879622,False
WDR18,0.24239611486370904,0.08653686097081953,0.611301509390781,False
THUMPD3,-0.04846811680460661,0.7962817266143756,0.9763858442765828,False
ADI1,0.07571974172373075,0.8359289591097755,0.9814272672635295,False
RNF126,0.028861004733371942,0.902298649580488,0.9906253158153695,False
CEP250,0.0076545672848453705,0.9253965527302696,0.9929705792864855,False
MECR,0.3342054765095668,0.015645632215821128,0.33118303720002945,False
NTMT1,-0.10249752613580654,0.772951319368494,0.9747728847731245,False
EDEM2,-0.001468783828745046,0.9851975333042988,0.9972240854967319,False
KATNB1,0.03519356022503217,0.648520420874209,0.9558209137948426,False
TUBB2B,0.0469379575391109,0.7575696632514877,0.9742127863755642,False
DSCC1,0.2650512831986589,0.12632251157189991,0.6868815000283959,False
MLST8,-0.08927115221803561,0.5278346874650961,0.928947555129878,False
C2orf49,0.0177387320284339,0.815543459120519,0.9796427422937294,False
TMEM109,0.261761286242276,0.362127856367606,0.8676073108938235,False
PBDC1,-0.39001046135341966,0.32961983611830536,0.8643320035562339,False
PTDSS2,0.4717003054874489,0.00606855353737999,0.2495805951257824,False
PHF20,-0.028198348776776072,0.746656853131031,0.9732623744879622,False
NOC4L,-0.1387047652121538,0.48525523181817043,0.9142140904688919,False
UTP14A,0.23994371438836382,0.011279587051916515,0.28917985131108676,False
DUSP23,-0.3955648555195097,0.12857246665541508,0.6911978470573066,False
ALG8,-0.8993790592078348,0.049145200459206076,0.5050826082921436,False
TMED9,-0.16360681539021016,0.1925281680774051,0.7731722670269207,False
NUPL1,0.000481479521113215,0.9976460092730854,0.9995822144026556,False
SELO,-0.2492515884245705,0.15184183569990492,0.7379926078012751,False
RUSC1,0.06571766019187208,0.41040150910304224,0.8770879497439329,False
GNL3,0.15740578746511247,0.04783461967080789,0.4984832666634707,False
RIOK2,0.13079204581431014,0.08545824421551725,0.611301509390781,False
TRMT61B,-0.12173136176855337,0.6067934081413129,0.9516534333234259,False
TMUB1,0.11214792192435397,0.4056896990128061,0.8770879497439329,False
TIMM21,-0.053760718319402656,0.6026244027129034,0.9497643966342233,False
TIPIN,0.059421923634698004,0.7684426478165602,0.9747728847731245,False
KIFC1,0.46463840315254146,0.03244877208027283,0.4329938901791078,False
NUP85,-0.011622220287680562,0.914087308181981,0.9929705792864855,False
TPPP3,-0.02403064406528088,0.804182719637373,0.977321208851085,False
ELOVL1,-0.8378893352597174,0.0005192792985189769,0.12702972211189337,False
DDA1,0.05564785086052382,0.7000066917500959,0.9633810724588848,False
HIRIP3,0.16746188058393585,0.26557103095005663,0.8342043180305807,False
IFT27,-0.3296349329304107,0.16134232378599805,0.7514444725590148,False
CCDC94,-0.057379341717691545,0.7183081575956791,0.9684492890310712,False
NUDT9,0.2553071246395717,0.24628979826451022,0.8271789414572668,False
TARS2,-0.07560241535469459,0.38523526984829065,0.8718690155859481,False
ACAT2,0.08228444157335701,0.6704674748621422,0.9558209137948426,False
REPIN1,0.15197562478970283,0.33212605134008427,0.8660367901131177,False
RBM4,0.0779098686637063,0.19442183537057775,0.7743704887069277,False
FUNDC2,0.033750535407687465,0.7442175721972887,0.9732623744879622,False
RPAP1,0.09537326590605488,0.49336721655914834,0.9192962662635449,False
SF3B5,-0.08074435371726096,0.5539102103192973,0.9412902243607043,False
SFXN3,-0.18236801510236944,0.12482015424301364,0.6868815000283959,False
PRR14,-0.00013275874404428123,0.9993655948230129,0.9996762945260513,False
YIPF2,0.06913314039239538,0.385830049577647,0.8718690155859481,False
CHID1,0.15702562672070286,0.1821220221682689,0.7644955993710568,False
CDCA7,0.05037253943602238,0.5309078254828405,0.9290708236410674,False
PAPOLG,0.0324215277094666,0.6753273082121741,0.9558209137948426,False
MND1,-0.019621257092374833,0.8445389782315517,0.9828114806355754,False
SLC4A1AP,0.04542806096138463,0.5776210739559594,0.9426811085231039,False
GTPBP2,-0.047606740506029865,0.6909818120483255,0.9599455873339756,False
LSM14B,0.11961919589647607,0.3719164166002373,0.8701811028798047,False
TAPBPL,0.08942246615633209,0.39956502442516684,0.8770879497439329,False
BRIP1,0.14293206030122008,0.1572918413448642,0.7477686466783148,False
JAM3,0.015084479108516291,0.9396765678500011,0.9929705792864855,False
HINT2,-0.12266565766243431,0.6500301190937494,0.9558209137948426,False
OSBPL11,-0.04219808987897977,0.7448934807275397,0.9732623744879622,False
OSBPL10,0.022112669186917344,0.894560846441802,0.9896259744685637,False
NPL,-0.31087766052318244,0.007391452909460038,0.2495805951257824,False
RAB11FIP5,0.029357321163306693,0.7277733071989355,0.9718242855001349,False
TBC1D10A,-0.21143746984822442,0.17080558916242242,0.7613501152595638,False
C1QTNF5,0.0010481372932886757,0.9891448925042051,0.9973108179068919,False
TMEM120A,-0.021307261633225494,0.8324347886839366,0.98043044117166,False
NAA15,0.14849874272066899,0.18148123826017776,0.7644955993710568,False
KLF16,0.17578448688998805,0.16162323931332856,0.7514779949286629,False
BCL2L13,0.026648703296736187,0.6654404528523113,0.9558209137948426,False
SLC12A9,-0.052934236236168886,0.7617816676171935,0.9747728847731245,False
SRRT,0.05062612337832206,0.4806652493395618,0.9134088070824972,False
QTRT1,-0.4633548484720649,0.0652330540546642,0.575096245668695,False
TMEM59,-0.36972033242316016,0.0875112193597338,0.6134364886491145,False
AP1M1,-0.04936946046321111,0.5617789822002859,0.9412902243607043,False
NUSAP1,0.35119759655787774,0.11569706758609351,0.679306997290223,False
C14orf142,-0.020821103721370804,0.8590650334883495,0.9853852578924835,False
OSBPL1A,0.28697565071180264,0.24938430405398937,0.8278862910247803,False
CECR5,0.08226423103623759,0.3729124445176834,0.8701811028798047,False
FANCD2,0.6968708944821316,0.002821709350246147,0.21188217009413088,False
EMILIN2,0.1073760831747137,0.7154556728842076,0.9673548963861935,False
MAK16,-0.7437011795043702,0.06829170033505912,0.583114139795932,False
ITPA,0.024829298760590035,0.8673172897074383,0.9855253681560873,False
RTFDC1,0.018013742000661637,0.8661080246108432,0.9855253681560873,False
CHMP4A,0.41427831711607155,0.44145429294627025,0.8904458012332972,False
EIF2A,-0.014414420432697028,0.8798317352370832,0.9868902335894749,False
PECR,-0.01584543385825654,0.9538636264443829,0.9941741692960507,False
SEC11C,-0.11355888232804645,0.6907037078321927,0.9597664348737119,False
CADM1,0.08224003445009487,0.4106147755074626,0.8770879497439329,False
POLDIP3,0.15685462550282026,0.008845116361947306,0.26597347565014445,False
KIAA1671,-0.5312142028774964,0.10686315985534678,0.6580328721801054,False
GNB1L,0.3633083358817544,0.26511934734768683,0.8340957871754537,False
FUT8,0.02114130958386795,0.7874948849864284,0.9757676912534892,False
MRPL32,0.284146333798148,0.19772829411724605,0.7779215588505767,False
MRPL20,0.7171435054245912,0.048510993194915926,0.5018782013010997,False
MRPL13,0.12566505764701574,0.30877339012983623,0.8597341507042215,False
MRPL9,0.44909371568460443,0.012113727885387504,0.29186291759110733,False
MRPL4,0.04632098793818429,0.639132007923571,0.9558209137948426,False
MRPL1,0.25495051605950536,0.016483063669030424,0.3400722824398676,False
NIFK,0.1142857915575739,0.21832021541669033,0.7995962357463872,False
YTHDF1,-0.12917140947154238,0.3222893749843781,0.8637689122788939,False
HELZ2,-0.4916876586576535,0.020398295224286454,0.3726207287029333,False
RBCK1,0.18160208497886288,0.2807654694301256,0.8457356496499373,False
MRPS26,-0.06826245979848622,0.8543807827748987,0.9844804580394803,False
NLN,0.28108522812178194,0.018729720723768547,0.360855547477397,False
CEP41,-0.2664687249361535,0.21724571203475732,0.7987194806067339,False
SETD2,-0.46806091437716546,0.4001758342734426,0.8770879497439329,False
IFIH1,-0.02330366552765284,0.8104493070019487,0.9784692852828405,False
PANK2,0.16230858872113885,0.3619861315558412,0.8676073108938235,False
DOCK9,0.3738915231143558,0.061749307019259805,0.5653380532332504,False
FRMD8,0.010066628913989462,0.9038946204610949,0.9906253158153695,False
WHSC1L1,0.34431836341519073,0.02050638654113264,0.37276439941296197,False
NUF2,0.20773580488846832,0.23572383654431836,0.8176909531079553,False
MRPL37,0.07820341446684864,0.3301931515628387,0.864988327445132,False
PUS3,0.008293325379703731,0.9227650305863044,0.9929705792864855,False
GTPBP4,0.09570496259346228,0.2835020754262264,0.8457356496499373,False
ASPSCR1,-0.02027699311226172,0.8545565418019537,0.9844804580394803,False
OSBPL8,-0.17930665525833334,0.08812015521670073,0.6155652709856866,False
UACA,-0.5082220156065631,0.03908911339241915,0.4653384946892984,False
RAB34.1,-0.0734071260541782,0.6545778904554853,0.9558209137948426,False
WDR11,-0.05259107708556954,0.5405023990404212,0.9345293327399908,False
UPF3B,0.025961719400626748,0.7412161777566635,0.9732623744879622,False
CRNKL1,0.09952567431150783,0.3332669399470235,0.8661396597898031,False
TBL1XR1,-0.01103022413543897,0.8569382369549763,0.9849296200170881,False
UBL5,-0.5565913600445,0.0670576402006795,0.5807751207151718,False
PPP1R12C,0.04598105623288973,0.7182584941253181,0.9684492890310712,False
PRKD2,0.07460078707015327,0.26929493884251726,0.8383710360191575,False
EDEM3,-0.1038106897216764,0.5382992470270943,0.9336807694391784,False
RTN4R,0.14041822043939334,0.42012673669234013,0.8799102302725008,False
UBXN6,-0.23998621848202717,0.24155577741950146,0.8239307092895942,False
SLC19A3,0.09927100521948873,0.2869394512203569,0.8478070461855779,False
UCK2,0.4250501045887134,0.02236416051742889,0.3814044463863315,False
API5,0.06170704820082307,0.24420584478712795,0.8247329344348555,False
SPRY4,-0.28995846947781345,0.4782335256207929,0.9122991369156863,False
DPY30,0.1619627715330374,0.2863422833115392,0.8478070461855779,False
TRIM4,0.24792177856212305,0.16189293037270672,0.7517808855755417,False
TRIM2,0.45794994402319844,0.17702949629341455,0.7630172864354472,False
INO80B,-0.02418520675586322,0.8327273117075054,0.98043044117166,False
UNK,-0.3134412468398864,0.093547585926289,0.6342955583662759,False
FTO,-0.016611372509366618,0.8616029567119441,0.9853852578924835,False
ZDHHC5,0.278744530468245,0.12985573864137404,0.6928869636461377,False
TNKS1BP1,-0.1866501355931547,0.1862229778615529,0.7668014469769195,False
SEMA4C,0.7584291952678122,0.3268860083499281,0.8643320035562339,False
AMBRA1,-0.01588622250823235,0.8727592332377668,0.9864997068182194,False
UBE2O,-0.04707778340632274,0.7645199134614505,0.9747728847731245,False
ZYG11B,0.031375956278605344,0.6853221151565217,0.9576425556985229,False
TANC1,0.14377621578724487,0.19746569858275637,0.7779215588505767,False
XPO4,0.19420556704438852,0.3237186983578211,0.8638969220096503,False
LNP,-0.006212356955462184,0.9416635114352181,0.9929705792864855,False
CEP44,0.01989163015990414,0.800779993458476,0.9768683851080251,False
TTYH3,-0.45073113633186423,0.07503656246465752,0.5939240829767172,False
MTMR12,-0.01656288811862794,0.8679707407941814,0.9855253681560873,False
WDR33,0.08881913477730308,0.5065705754156964,0.9247690556585174,False
BHLHE41,-0.1196238707942392,0.12411319274792496,0.6868815000283959,False
SLC39A8,0.10035752315238256,0.37891497543657027,0.8718690155859481,False
WDR12,0.134669282150071,0.3743395955867257,0.8701811028798047,False
YIPF3,-0.10434336573375447,0.780852261551708,0.9757676912534892,False
C20orf27,-0.17777905141002392,0.5391038686123026,0.9345293327399908,False
NRSN2,0.0448588897407447,0.5549285058963409,0.9412902243607043,False
PITHD1,-0.02779771863615821,0.7529667800840144,0.9737735160683184,False
DERL2,-0.17608504056522278,0.6741544377271897,0.9558209137948426,False
COMMD5,0.05237712847954157,0.5264109814208054,0.928640876388709,False
REXO4,0.08849100469334203,0.7269682257309307,0.97150065478384,False
DDX24,0.12192545984552439,0.19777713872293187,0.7779215588505767,False
POLR1E,0.2210827528065451,0.047950449427302,0.4984832666634707,False
WDR61,-0.031941404651082195,0.6672085887155922,0.9558209137948426,False
SLIRP,0.3091521202320884,0.0652196896868212,0.575096245668695,False
CCDC90B,0.0035200121320784206,0.9632325105246268,0.9943137920657577,False
NIF3L1,0.30719117460294143,0.0676932102560811,0.5808077439971759,False
EGLN1,-0.3164327214732907,0.12890777655366897,0.6924219884164106,False
MCOLN1,-0.25047964578225645,0.32650718870781914,0.8643320035562339,False
FAM192A,-0.2602691800945536,0.4122102826385881,0.8770879497439329,False
EIF5A2,-0.017531893010385602,0.8377889512199926,0.9814622066449394,False
COA1,-0.004190131067879577,0.9839825635804682,0.9972240854967319,False
MFF,0.1960332346462934,0.09481237286191589,0.6356113023764716,False
NAA50,0.0837333501373756,0.2527738260860392,0.8280879008147418,False
UBA5,-0.2825549186635854,0.3384583285116515,0.8676073108938235,False
MKRN2,0.010344769964252265,0.8901249000506712,0.9895993288981546,False
NACA2,0.1518657702477384,0.30328796158514365,0.8555361681307423,False
MTFR1L,-0.03677815875831314,0.8326587604644866,0.98043044117166,False
TMEM126A,-0.23522553237663502,0.5375702992945336,0.9329193300863873,False
MAF1,0.01465796514115425,0.8583156235142544,0.9850652822033578,False
PAIP1,0.07987507306199859,0.4495887376504929,0.8954204663512603,False
CLPB,-0.018985828598736987,0.8773867060150833,0.9864997068182194,False
MIS12,0.03984323864963102,0.7065967512027763,0.9645093452622473,False
RAB33B,0.19196137553729642,0.13210765617046558,0.6967099500286092,False
LSG1,0.0293307720405096,0.8242264546646992,0.9796427422937294,False
FAM107B,-0.0044489073407589785,0.9748040260926676,0.9961388673740844,False
NAT10,0.09758026470138503,0.268009447860716,0.8369727184451914,False
COMMD4,-0.09220696957577346,0.7418465213860573,0.9732623744879622,False
KLC2,-0.022279662691524038,0.8905027262615183,0.9895993288981546,False
ILKAP,-0.02658766349613373,0.9210358672086596,0.9929705792864855,False
XRN2,0.04962103776320248,0.35616037221014696,0.8676073108938235,False
TOLLIP,0.07026556570285436,0.6948073284502413,0.9625586993707863,False
SAP130,0.16884464647140618,0.49931421447343655,0.9241165240783552,False
BRD8,0.4591797705874825,0.0814192304849921,0.6107556612730876,False
ARL6,-0.030517252372057158,0.7568042380388268,0.9739992128308225,False
NSRP1,0.021105165344010857,0.9116694660657282,0.9928751356394397,False
INTS2,0.05773801158195724,0.7430129891907139,0.9732623744879622,False
RACGAP1,0.8687058277505422,0.0026271845921663666,0.21188217009413088,False
PARP12,-0.007536614815666809,0.9264035839283815,0.9929705792864855,False
CSTF2T,0.1368272937272188,0.33103995749661036,0.864988327445132,False
RAB6C,0.01621441255011291,0.9635650050228539,0.9943137920657577,False
NT5C3A,0.4628351551751244,0.017921617103687306,0.35053375702804807,False
TMEM222,-0.02389181790250916,0.7791055674791102,0.9757676912534892,False
HDHD2,-0.04741051398537621,0.5089301047008638,0.9247690556585174,False
QRSL1,0.16280086782906622,0.24480792657403114,0.8252168714006759,False
DDX47,0.11858773374183329,0.20724492605565872,0.7879967471773515,False
RAB17,1.1534378384602455,0.05000125580274719,0.5103642524102113,False
MAGT1,0.15453996843307038,0.6107675225444902,0.9524750433088539,False
RAB1B,0.39362867201215224,0.007754418758934002,0.2545902281313281,False
MRPL18,0.19487429054652594,0.34277353509541525,0.8676073108938235,False
TSPYL1,-0.010570239290032646,0.9721355062578212,0.9961388673740844,False
TMEM168,0.02013658476757385,0.9065115068675519,0.9909571304630811,False
LMAN2L,-0.5545438027246163,0.057608427462708583,0.5514621153946684,False
SMG9,-0.39425482574103654,0.06246392476283466,0.5653380532332504,False
C11orf54,0.15098044644519604,0.1733696278611408,0.7613501152595638,False
ITFG3,0.026265171720783798,0.8710694511822185,0.9864997068182194,False
NAPB,0.3487303706917686,0.3292682545343216,0.8643320035562339,False
GZF1,0.1293611565826147,0.2272716594468093,0.8106946388803868,False
DNTTIP1,0.06973230069089809,0.6092188608970922,0.9517658096316554,False
CDH19,0.06888889785486896,0.3847467984813392,0.8718690155859481,False
SIL1,-0.06877565166154653,0.6534784214377524,0.9558209137948426,False
METTL9,-0.2133944822367546,0.5229295818996322,0.9283883178018956,False
ANAPC1,0.13745858764005447,0.36329177221445985,0.8676073108938235,False
IRF2BPL,-0.7596367078724242,0.006066795724710885,0.2495805951257824,False
CYSTM1,0.19113264326625057,0.1654151584994787,0.7594217204873621,False
POLR3F,-0.33004487941538585,0.1235193584900389,0.6868815000283959,False
NUCKS1,-0.20231148864502302,0.4444650430460804,0.8937143094373057,False
TMX4,-0.028603580101560055,0.8158029979852442,0.9796427422937294,False
ASCC2,-0.20707867060803054,0.3151829200461972,0.8605572767205228,False
ISCU,0.4028010008991707,0.23158306668437773,0.8149286156262824,False
OSBPL2,-0.3532636984813351,0.17150426142742367,0.7613501152595638,False
TSPAN10,0.6423583505938879,0.33274383284534936,0.8661354439142498,False
MED28,0.0406012631200241,0.5963330446477,0.9479632391439603,False
CDT1,0.0324215277094666,0.6753273082121741,0.9558209137948426,False
ABCG5,0.14039663555377757,0.3404972393640684,0.8676073108938235,False
EHD4,-0.055719972181794475,0.5936309771976434,0.9479632391439603,False
C1orf21,0.03942487814538964,0.834125501801496,0.9807213761797207,False
VPS33B,0.140034795149365,0.5761924765643651,0.9426811085231039,False
VPS16,-0.1485171643052574,0.152101554034725,0.7386969812931738,False
VPS11,-0.22163313274974428,0.37774411395853763,0.8718690155859481,False
SH3BGRL3,-0.2972413715086475,0.11622623085352274,0.6805421251523375,False
ARV1,0.00031240121500886175,0.9974051143051208,0.9995822144026556,False
SLC25A32,0.3286498739766053,0.3279770663790429,0.8643320035562339,False
TRIOBP,-0.023177360436157812,0.8730438955011531,0.9864997068182194,False
SEMA6A,-0.2345812027870693,0.20831150372832982,0.7899142760705966,False
EPC1,-0.0720816937556279,0.3796587305013832,0.8718690155859481,False
SLK,-0.014976729986720727,0.8611503227188616,0.9853852578924835,False
PPIL3,-0.40683161739035967,0.1205574341238538,0.6833260061341345,False
PDCL3,0.08733312733984988,0.5299208709392066,0.9290708236410674,False
SLC6A15,-0.27499825346656337,0.09847246751001056,0.644629021797475,False
TAOK3,-0.21503534627332144,0.17616943614941577,0.7613501152595638,False
RAB3GAP2,0.006232503566319991,0.9168955296949522,0.9929705792864855,False
ADNP,0.0959394924522563,0.2673421290410392,0.8356926574896044,False
DPH5,0.16664833898393283,0.23691390904048654,0.8183258210818738,False
KCNN2,0.04175646333403904,0.5920713808367158,0.947780458509137,False
DHX36,0.02205919229979969,0.8201904054121276,0.9796427422937294,False
PPA2,0.11039640703301856,0.5824235679196242,0.9449459854812928,False
SPNS1,-0.344762631180636,0.2402659999053314,0.8238911323771941,False
MRPL46,0.0633424148720394,0.6756483520059732,0.9558209137948426,False
ZNF106,0.8476191916241476,0.06741712355743895,0.5808077439971759,False
PARL,-0.2296825675194185,0.11541076015067582,0.6791087724354855,False
PNN,0.10020727500430482,0.2565432303875551,0.8291488368233156,False
TMEM245,-0.21753448526112962,0.0739906576915091,0.5939240829767172,False
KCTD10,0.3836191492378447,0.12338308874983658,0.6868815000283959,False
CPVL,0.5744757529714519,0.09438149986007546,0.6356113023764716,False
TRIT1,0.03995857450302509,0.6061970227180269,0.9514336198025617,False
BOLA2,0.03458310409395793,0.7084795420898325,0.9645093452622473,False
MMADHC,-0.02612618873478212,0.7670224790046479,0.9747728847731245,False
TXNIP,-0.14943265011576656,0.4903967357792834,0.9174333597268364,False
TMX1,0.14053466372666534,0.27425634986396974,0.8387613457825793,False
NELFA,-0.049886413959693954,0.8226743062343442,0.9796427422937294,False
ACBD3,-0.02606060568454538,0.8034871399680883,0.977321208851085,False
CDC42EP4,0.0173410691063296,0.8708571542604113,0.9864997068182194,False
CENPH,0.03827371268873847,0.8892449933189134,0.9895511797039162,False
PIGM,0.030826359397405412,0.6916924960108733,0.9605181726003388,False
PTPN23,-0.031530274678569725,0.8210499078701771,0.9796427422937294,False
UNC45A,-0.19316783282843986,0.11307802846574316,0.6756333455682982,False
PPDPF,-0.010094172825510839,0.9223633064996267,0.9929705792864855,False
DNAJC5,-0.13166722995710245,0.31800630570378835,0.8615102915399846,False
DSN1,0.23013969684458857,0.49322054951367666,0.9192962662635449,False
C1orf198,0.036972866154080464,0.637216032169399,0.9558209137948426,False
CHMP4B,0.0444501125572323,0.6167685312858707,0.9533884235117631,False
RWDD1,-0.02182851499354399,0.908088492322684,0.991453259587103,False
FN3K,0.6304914423244661,0.030220356789915793,0.42092639814525573,False
POFUT1,-0.2544207534809395,0.03492767529324978,0.4389835752188717,False
PIGU,-0.13478613509852622,0.26646510428781695,0.8342043180305807,False
TOR3A,-0.05446795252444758,0.6131378982250055,0.9524750433088539,False
WNK1,-0.023837657096610343,0.818878880736273,0.9796427422937294,False
RNPEP,-0.09607674154628043,0.2653293047938079,0.8340957871754537,False
GOLPH3L,0.38195114860193513,0.1729274491261682,0.7613501152595638,False
GOLPH3,-0.11844681468603824,0.59698124507129,0.9479632391439603,False
OSGEPL1,-0.6048436710466127,0.003014421879070417,0.21188217009413088,False
DEF6,0.15732502257347392,0.5864726811682707,0.946440071448739,False
EPB41L1,-0.2789425148003488,0.3050335340753114,0.8566776482658927,False
GLIPR2,-0.14606457374707915,0.20131847089206056,0.7836898146901718,False
FAM83D,0.0031020586252523685,0.9737134280946321,0.9961388673740844,False
ZHX3,-0.2944005596787065,0.18087622868426384,0.7642406642043584,False
TRABD,-0.05577612430088763,0.6115905039307129,0.9524750433088539,False
MTG2,0.11365096212657733,0.31267972775445535,0.8599825844982091,False
SENP3,0.2793521133786676,0.185571675535534,0.7659741706678392,False
OSBPL3,0.028981402640205545,0.8808360932830667,0.9873158439777973,False
SMARCAD1,0.2882892096093599,0.2339478845863881,0.8152778102905333,False
EHD1,-0.13191592231666505,0.1135135777525757,0.676922400647136,False
RNF41,0.01655906129918705,0.8466025818824806,0.9833736548852402,False
PCIF1,-0.003582195729240567,0.9847986442727052,0.9972240854967319,False
ESF1,0.10089033728986507,0.2980202155970481,0.8519707087999923,False
ALG2,-0.373068899789196,0.08261317469383475,0.6107556612730876,False
ACTL8,0.22561452531880377,0.07551262502601509,0.5947659021326893,False
ZNF644,-0.2986210706520538,0.04205393317409895,0.4763626693890292,False
HEATR1,0.20641244638935063,0.010325497092784288,0.27723019915493463,False
ZNF768,-0.01629168884429788,0.8673615849915045,0.9855253681560873,False
POMK,-0.43224416726116033,0.025618287760525132,0.4014985792261078,False
RABEP2,-0.1380707809552355,0.15839036182211602,0.750716157098671,False
TFB2M,0.1381839620567753,0.42235640993368767,0.8799102302725008,False
CXorf56,-0.02874921239686401,0.8750742882000789,0.9864997068182194,False
FAM96A,0.11096603264956428,0.1834249304676249,0.7644955993710568,False
DHX35,-0.23043183047519378,0.2350624807027537,0.8176362504444433,False
RPP21,0.02565480039215018,0.7816798139020068,0.9757676912534892,False
NSUN3,-0.056576408730570904,0.6622940258044628,0.9558209137948426,False
HAUS4,0.029209617547394373,0.7111223328572802,0.9652272713200098,False
CCDC134,0.002182172806143967,0.9808002668704067,0.9967545352670668,False
TUT1,0.15267202608049146,0.279012411570592,0.8437745972929098,False
TMEM38A,-0.0356654659397897,0.6570416119582577,0.9558209137948426,False
CCDC86,0.1267056788965668,0.3113593064096179,0.8599825844982091,False
REEP4,-0.1627982586091754,0.6466044521577741,0.9558209137948426,False
NARFL,0.0665905998267533,0.33962044337477393,0.8676073108938235,False
DHX33,0.28756175763092884,0.20230835986474988,0.7842495757407623,False
NOL6,0.1127188995508348,0.24031758437793213,0.8238911323771941,False
YTHDC2,-0.03751206685193509,0.7671077108513061,0.9747728847731245,False
RPAP3,0.1348380785583565,0.3975682996800168,0.8764319149979993,False
BCAS3,0.08246355207580436,0.33597555898414133,0.8676073108938235,False
ALG9,0.02776936603319058,0.7171928935318386,0.9684050278333982,False
C2orf43,-0.12399986312866318,0.2852020379135847,0.8458193698471415,False
NO66,0.03885531266951858,0.5608539909511224,0.9412902243607043,False
WDR55,0.09468982872372322,0.38482460155757486,0.8718690155859481,False
RANBP3,-0.23644457722149426,0.1491724318951152,0.7368142988107953,False
DCTPP1,0.49262417114083235,0.035422062540707705,0.441004031071694,False
PEAK1,-0.038989553728193016,0.8432419264284733,0.9824574286373784,False
RPF2,0.07849834116557375,0.7213045257377465,0.9697951848439991,False
SMYD3,0.024708885035231276,0.7606057796797886,0.9747728847731245,False
AAMDC,0.11463512779327445,0.272619243555369,0.8386146206467584,False
DOCK5,-0.6159387011861917,0.2873092349882545,0.8478070461855779,False
WDR26,-0.06992655666521586,0.42877597714010834,0.8800723730691165,False
TDRD3,0.026058415879234076,0.7436472964841015,0.9732623744879622,False
C8orf33,-0.06548129625811328,0.54216738336447,0.9347557814904268,False
METTL17,0.29337452925005536,0.24314525005983884,0.8246004142899965,False
SUDS3,-0.041643410970472416,0.7951935211320874,0.9759521704704214,False
SCAF1,-0.08952373656408241,0.6704753703763973,0.9558209137948426,False
ZNF703,0.09430880969450683,0.3232254142606956,0.8637689122788939,False
ZNF696,-0.006177353448993728,0.9462153212408281,0.9929705792864855,False
IFT22,-0.025853354532486605,0.8041121926189397,0.977321208851085,False
NRDE2,0.05256260589555595,0.5280732793038582,0.928947555129878,False
PTGES2,-0.20959728315258985,0.2903329836592668,0.8487579901098453,False
PHAX,0.01598540613448307,0.8609188672206347,0.9853852578924835,False
UBE2Z,-0.016946806008906634,0.9498126647949456,0.9936382978877489,False
GEMIN7,0.08338415055429493,0.3329944193075142,0.8661354439142498,False
ACAD9,0.2023206936836992,0.029100119162140704,0.4193382154254786,False
NT5DC2,0.02592938091556718,0.7371808373136969,0.9732623744879622,False
RMND5A,-0.030992988602317695,0.7458226033377091,0.9732623744879622,False
CSRP2BP,0.04002618707881567,0.6127171817084979,0.9524750433088539,False
CAAP1,-0.01832606387680613,0.8086217926501487,0.978017374036115,False
NOL11,0.22000019803124715,0.1139486150790522,0.6770631006774708,False
DDX31,-0.025924402215792952,0.9259249125946618,0.9929705792864855,False
BRD9,0.16705940052427337,0.07344598928433861,0.5939240829767172,False
FAM188A,-0.017049253966892053,0.8350422792769064,0.9808466702324066,False
SRD5A3,-0.14054792648517633,0.48475859165529406,0.9142140904688919,False
AKTIP,-0.13526832419822554,0.47314329480446005,0.9099453383343398,False
ECT2,0.43725858904043235,0.005896332456952551,0.2495805951257824,False
PLEKHF2,0.042850253703704766,0.7909541670901966,0.9757676912534892,False
GORASP2,-0.03653444779190096,0.6261859871869072,0.9556087593733652,False
ZWILCH,0.03803410655965678,0.6192783891921927,0.9533884235117631,False
HN1L,0.15361672225175482,0.2661699468394362,0.8342043180305807,False
RNF121,0.2912961711876818,0.3508141635933119,0.8676073108938235,False
SP140L,0.15231518580677061,0.2187917369651566,0.799649375600395,False
SLC25A22,-0.02768102986607346,0.8173159300504013,0.9796427422937294,False
MED20,0.056751576278514904,0.41956706265260113,0.8799102302725008,False
WDR76,0.05872966531510926,0.40201440906285313,0.8770879497439329,False
QTRTD1,-0.010986375655733127,0.9615980876331677,0.9943137920657577,False
ACTR8,0.1105542046208754,0.18385624958203126,0.7644955993710568,False
ARMT1,-0.31023425718633746,0.27261735601386466,0.8386146206467584,False
CNOT10,-0.09675078934337122,0.4615874772148282,0.900531604432244,False
LRRC40,0.07103146355647638,0.5004289826892521,0.9241165240783552,False
EHMT1,-0.013651997529336768,0.8744808934595284,0.9864997068182194,False
SFXN1,0.07017607498816503,0.20627470526978592,0.7879967471773515,False
VIPAS39,-0.030790316950763952,0.8647418581509314,0.9855253681560873,False
COG4,0.30369598622576177,0.243139848073553,0.8246004142899965,False
ACTR5,-0.11868648326139919,0.6356989490767924,0.9558209137948426,False
AGO3,0.004019848765928202,0.9622368435715105,0.9943137920657577,False
VPS37B,0.1669161850618508,0.4880950458858087,0.9159788918854416,False
MRPL44,0.2089818074295131,0.15332303960167334,0.7422045468148969,False
ISG20L2,-0.09050683547883409,0.45436886933158316,0.8982684098767244,False
KANSL2,0.025441535582011454,0.753605963485401,0.9737735160683184,False
L2HGDH,0.31747412869134095,0.0054216588665898695,0.2456911588334829,False
COPS7B,-0.007266417470550124,0.9629065468387982,0.9943137920657577,False
NHEJ1,-0.31698558317567915,0.1100428384484634,0.6661577285191551,False
FKRP,0.021514866740787397,0.7858712893838208,0.9757676912534892,False
ELP3,-0.39406143831174134,0.060308049376923314,0.5588240068148651,False
RPF1,-0.05939258649578605,0.7193779812471425,0.9690595162916814,False
POLR1B,0.5747028375983341,0.01161706946248725,0.29186291759110733,False
FN3KRP,0.0449028431967875,0.8640075331759736,0.9854463800048546,False
TBC1D17,0.04027103825707812,0.724781272969293,0.9702869229134838,False
RSAD1,0.17820681375891567,0.11545376799447105,0.6791087724354855,False
SLC52A2,0.07742459486251718,0.2736897063053205,0.8387613457825793,False
PPCS,-0.15501474902776025,0.09057597800119055,0.6260541551424932,False
UBTD1,0.08236815040556777,0.4160080604858715,0.8781590803363885,False
WDR41,-0.0034609811544932256,0.9698664146930213,0.9961388673740844,False
MEAF6,-0.00776326851336151,0.9572408064364114,0.9943137920657577,False
EBF2,-1.335892913517661,0.020093563075590327,0.3726207287029333,False
NMNAT1,-0.09117677439319749,0.6978030219061676,0.9631837078434553,False
C17orf75,0.14818423782445933,0.2498368500425775,0.8280879008147418,False
PLEKHA5,0.20588684095852372,0.08361705323723234,0.6107556612730876,False
UPF2,0.003804532516866743,0.9812279665217406,0.9969109049309111,False
GNB4,-0.05390502248129181,0.8946009850319564,0.9896259744685637,False
XPO5,-0.13190765048044995,0.30646675164006654,0.8572082450400133,False
GRPEL1,0.02486735603755008,0.8996206886297622,0.9905448320860241,False
CLSPN,-0.016787374166270297,0.9207183669421203,0.9929705792864855,False
C12orf10,-0.28313131255688617,0.2717756736290768,0.8386146206467584,False
KCNK12,0.0474661703096011,0.5405311851527965,0.9345293327399908,False
PLEKHA2,-0.23193802444033906,0.0375792108093985,0.45575492781089144,False
SCPEP1,0.15750001427441163,0.6929835160840755,0.9615563608086537,False
SP110,-0.0031930774381123683,0.9853594119711218,0.9972240854967319,False
CACYBP,0.031189488148640976,0.7870804373218158,0.9757676912534892,False
RRAGC,0.06125868867847828,0.7696477157783923,0.9747728847731245,False
PATZ1,-0.1794314814710134,0.4641069604583936,0.9006418246531251,False
PDF,0.008844656119048722,0.9090138422042943,0.9919457477674468,False
RDH14,0.26645790319304297,0.35611237353721703,0.8676073108938235,False
PARVB,-0.3161170840057679,0.02361772958664895,0.38701458980125747,False
TNS1,-0.3425737273961218,4.6078653613524444e-05,0.11034672286128128,False
PLGRKT,0.5850702534215522,0.12439196260853157,0.6868815000283959,False
NMRAL1,0.055393464464472686,0.49957558257882495,0.9241165240783552,False
SPC25,-0.08110121932649506,0.4485099047116655,0.8946977465540291,False
TAF9B,0.012923618468249742,0.865356752333527,0.9855253681560873,False
SLC38A10,-0.07609786393523166,0.6460212930316849,0.9558209137948426,False
ETNK1,-0.14174952620844294,0.4952929079771231,0.9201083196851659,False
TMEM165,0.009240229132252864,0.9554335907942995,0.9943137920657577,False
SLC25A19,-0.007274019344855276,0.94931393667076,0.9936382978877489,False
EML4,-0.09360878823722985,0.2861241622250806,0.8477021104596655,False
RNMTL1,-0.3008350771824624,0.055221825817546144,0.5351693511082973,False
GLOD4,-0.11399655416749965,0.553031959895994,0.9412902243607043,False
CBX8,-0.11446364816072929,0.12959901646899982,0.6928869636461377,False
SENP2,0.04726994761399794,0.5609793747378204,0.9412902243607043,False
MCCC2,0.20975124632369813,0.023816282449308154,0.38701458980125747,False
NCOA5,0.03526866366751946,0.684689787144257,0.9576425556985229,False
EPG5,0.04532970677794523,0.5740698538594556,0.9426811085231039,False
MOV10,0.08107685726869107,0.5305328940024449,0.9290708236410674,False
METTL14,0.03754800542911241,0.6249997484345453,0.9556087593733652,False
SMURF1,-0.09092876995920918,0.29533871647859694,0.84957920348906,False
TRPM3,-0.00014223608831187562,0.9985495311957413,0.9996369373435897,False
CWC22,0.0619918386202869,0.7173872210849742,0.9684050278333982,False
SYTL2,0.6577639737804901,0.00043610807063621,0.12702972211189337,False
RAVER2,0.06257778808751624,0.47432777574197516,0.9106367586519569,False
ZDBF2,0.02871106747249641,0.7166507970079944,0.9684050278333982,False
ROBO2,-0.3011767729808419,0.012878263764574445,0.3046751004596932,False
CHD8,0.12991311760900004,0.185178018152343,0.7658229735284879,False
KIAA1551,0.04677612687687471,0.5673537913515627,0.9426811085231039,False
PLXNA4,-0.2168454700822089,0.15727566129403064,0.7477686466783148,False
EPB41L5,-0.025531946227420832,0.8462935308233885,0.9833736548852402,False
TMEM8A,0.020246191021296767,0.8854721276528804,0.988414301604248,False
GPN1,0.08161108781060378,0.6049450393105039,0.9513248602060345,False
SDF2L1,0.1639366372376685,0.24895351973553145,0.8278774903177788,False
CSNK1G1,-0.07300076317124038,0.585406245785638,0.945791913540191,False
XAB2,0.20280176498341973,0.013606434697686942,0.31028275176345754,False
PREB,-0.26754526045394655,0.0005217804416851238,0.12702972211189337,False
POLD4,0.02728752619335495,0.7277079948131793,0.9718242855001349,False
BRMS1,0.034748960611771906,0.649293194642495,0.9558209137948426,False
SRA1,-0.0034692486641816345,0.9879973203496889,0.9972240854967319,False
ATP13A1,0.16668529778807795,0.5279056253030336,0.928947555129878,False
GOPC,0.16777069362994723,0.4130679759286079,0.8770879497439329,False
MRPL47,0.3300411909976475,0.16138248035377753,0.7514444725590148,False
LYRM4,-0.03968747353315649,0.6821935945920687,0.9571167381095452,False
TM9SF3,0.02006408907907442,0.9178383957579608,0.9929705792864855,False
MYO10,-0.12539266204733934,0.28177804614825513,0.8457356496499373,False
APMAP,-0.09615746523246926,0.10731269808912154,0.6588175046678757,False
WDR6,-0.021778183159678832,0.7761861763325701,0.9757676912534892,False
TXNRD2,0.011179871916606743,0.8998795786130376,0.9905448320860241,False
FAM60A,0.11314041916699225,0.5837331180452815,0.9449459854812928,False
ABCB6,-0.6228983862089912,0.03265980830152575,0.4329938901791078,False
ARFGAP3,-0.14497694528631655,0.3916765952082744,0.8755669269616613,False
ZCCHC17,0.14898338015069967,0.11164266498333215,0.6714210739885443,False
HMG20A,0.13440355161201012,0.22876327975514035,0.8127893566185669,False
RAB18,0.24755211004907807,0.24855964192558772,0.8278774903177788,False
SSU72,0.3233964964463958,0.312767863519956,0.8599825844982091,False
VTA1,-0.13703735411840867,0.6301608153274899,0.9558209137948426,False
PNPLA8,0.1483769901614984,0.4201002976975103,0.8799102302725008,False
SARS2,-0.019433488611014127,0.7610976411458444,0.9747728847731245,False
TNFRSF12A,0.1353787574174099,0.30367649874918495,0.8555361681307423,False
MRPS30,0.1588292713643753,0.28172206901905505,0.8457356496499373,False
DYNLRB1,-0.2584035493988672,0.5268427532996758,0.928772716233845,False
EMC7,-0.16146959822699003,0.4420394305743494,0.891141521223665,False
ENY2,0.11353037287679157,0.6709063802813765,0.9558209137948426,False
GPCPD1,0.04177367000690069,0.5942529316905383,0.9479632391439603,False
EXOSC4,-0.06801451945537806,0.5473360490988841,0.9376382771401918,False
UBE2T,0.27729427651016536,0.22390716888247408,0.8026978449909309,False
NGRN,0.27264045332178455,0.3176696922304431,0.8615102915399846,False
NOP10,-0.432962054169554,0.18878755349627702,0.771321598050201,False
CD320,0.23490304830598419,0.046926339434925024,0.49341665729369694,False
CHST11,0.03595680760794551,0.6396288359982601,0.9558209137948426,False
OSGEP,-0.27984167898667067,0.25617352441859853,0.8291488368233156,False
DMAP1,-0.4781001662380113,0.11915194998985909,0.6833260061341345,False
UBN1,-0.12415897692888223,0.6945492649513405,0.9625543355027497,False
ISYNA1,0.14974951818804882,0.17299949538307138,0.7613501152595638,False
IL1RAP,0.4224101303050922,0.19352797697023383,0.7743704887069277,False
BRD7,0.017344170768890166,0.9337712540347753,0.9929705792864855,False
DCP1A,0.11238883536994138,0.45553310270766023,0.8982715534478075,False
ACOT13,-0.010165136360555493,0.9735538016364624,0.9961388673740844,False
MED4,0.08618297455675616,0.6681607541940746,0.9558209137948426,False
TIMMDC1,0.5711979109907901,0.13234067718216053,0.6967099500286092,False
RIC8A,-0.2791944652675227,0.023512074335600115,0.38701458980125747,False
ATP13A2,0.0005453854791852564,0.9947183924502576,0.9986707923931288,False
LUC7L,-0.2468830343351449,0.3987319298077409,0.8770260756315682,False
LZTFL1,-0.034730803863226356,0.7339755251864276,0.9732405574099902,False
MRPL40,-0.04059516968056087,0.6672350677576051,0.9558209137948426,False
PPAN,0.17562130733703896,0.09365980407625638,0.6342955583662759,False
TIGAR,0.217301307641236,0.16949906418401925,0.7613501152595638,False
C12orf4,0.046556390808447645,0.5633575715674287,0.9421013443441798,False
COPRS,0.03282250099804429,0.670844307682225,0.9558209137948426,False
WASH6P,0.025231673241986385,0.7549146486382463,0.9737735160683184,False
JADE2,0.1379536399842678,0.3742484588401973,0.8701811028798047,False
RTN4,-0.13211425687900302,0.050227809716740346,0.5114176511506711,False
MANBAL,0.0804396172702262,0.42194072300512786,0.8799102302725008,False
RPRD1B,-0.02480462284335161,0.6825499162680192,0.9571167381095452,False
MIEF1,-0.03111641626129824,0.747648763874511,0.9732623744879622,False
XPNPEP3,-0.21023705707551343,0.33970355182661605,0.8676073108938235,False
PFDN4,-0.052769072847681286,0.6547619778476695,0.9558209137948426,False
NIT2,0.0011115012013789283,0.9899591701909801,0.997555161318346,False
AVEN,0.02831812220200547,0.7103392345761103,0.9652272713200098,False
PVRL3,-0.0652269794135556,0.6089171756663043,0.9516690600336835,False
GPR84,0.04005599375976132,0.6141742853659681,0.952610291440026,False
INCENP,0.7132534945531042,0.00027346389509225465,0.12702972211189337,False
EXOSC5,0.3109653873167417,0.049264300366444434,0.5050826082921436,False
EXOSC3,0.13506685814332542,0.6054131702429191,0.9514336198025617,False
KIF13B,0.13660804579309271,0.3432556678681074,0.8676073108938235,False
PRDM10,0.07803981325525555,0.4286057668656465,0.8800723730691165,False
ANLN,0.718292205143598,0.014049188561313621,0.31093670762677067,False
XPNPEP1,0.02092426361915045,0.8829466468645477,0.9883043438116829,False
GPHN,0.23864239617026328,0.14611489282147197,0.7292136619107176,False
ITM2C,-0.29660491644540343,0.01726489487340221,0.3439616052951803,False
UTP3,0.14991900830193572,0.3150595818300127,0.8605572767205228,False
STARD7,-0.04299883894379164,0.666901728068416,0.9558209137948426,False
ENTPD7,0.1054101660493636,0.26563023382446466,0.8342043180305807,False
BIRC6,-0.0404058540856056,0.7364939396621417,0.9732623744879622,False
PDLIM7,-0.6009596185927712,0.013335671973064307,0.31028275176345754,False
ACSS2,0.06453909872556096,0.354730020132156,0.8676073108938235,False
DIABLO,-0.04874977579993711,0.7473108095714907,0.9732623744879622,False
DDX21,0.17318612775125786,0.06142398572341129,0.5638564167334545,False
SAR1A,-0.6966083954221354,0.0954739526860945,0.6356113023764716,False
POLE4,-0.04565442371110251,0.5885660858753369,0.947780458509137,False
NANS,-0.11890212087553209,0.36760491040509186,0.8696941563083704,False
EIF2B3,-0.07208921245441147,0.460822970096554,0.900531604432244,False
MBNL1,0.0982371984374133,0.6353204684539416,0.9558209137948426,False
KCNQ5,0.16040063620445366,0.3543369033747576,0.8676073108938235,False
SLC17A5,0.03481267892870221,0.7831846131311587,0.9757676912534892,False
EIF4ENIF1,-0.14182652064460655,0.45950392474422425,0.900531604432244,False
ST7,0.38215077297977373,0.1747305404873435,0.7613501152595638,False
SIRT7,0.06213907049277623,0.47833679688477476,0.9122991369156863,False
POLE3,0.06682686381682856,0.46615423250954796,0.9021661612628394,False
CHRAC1,0.09104695216894498,0.3790410745969784,0.8718690155859481,False
AAAS,-0.059256964982946414,0.7435553487660227,0.9732623744879622,False
PCDHB16,0.014854142511179447,0.8572771594151246,0.9849296200170881,False
ABCB10,0.11320943965623798,0.5816284763106405,0.9449459854812928,False
BAZ1A,0.5106206034018683,0.029372623425118455,0.42081735441190454,False
STRN4,-0.17301853638092268,0.07249951171028035,0.5936817089710029,False
AASDHPPT,0.7659483635616482,0.010301457504459545,0.27723019915493463,False
METTL5,0.05148587234777935,0.5048113543924067,0.9247690556585174,False
OSTC,-0.03568801540513533,0.9337364266362975,0.9929705792864855,False
SDHAF3,0.03864501540843435,0.7441342476113451,0.9732623744879622,False
CYTL1,0.036607026048098845,0.6406844786990992,0.9558209137948426,False
CDC42SE2,0.0324215277094666,0.6753273082121741,0.9558209137948426,False
UBQLN4,0.04327829560046581,0.8551947494378398,0.9844804580394803,False
CDC42SE1,0.015817158117478414,0.8342146876601884,0.9807213761797207,False
HEBP1,0.1092407763229204,0.2999240315575509,0.8533193234033211,False
RAB6B,0.23498427468550886,0.5535448373669168,0.9412902243607043,False
APOBEC3C,0.2603958558607431,0.27982385816385147,0.8449866388007433,False
VPS45,-0.15370654359037061,0.23265569990656948,0.8149286156262824,False
PNO1,0.17393329516865208,0.12565991437799984,0.6868815000283959,False
MRPL17,-0.370414413339077,0.2579292268368109,0.8291488368233156,False
PHPT1,0.016144260050953818,0.9379407676885091,0.9929705792864855,False
SERINC1,-0.06601921909414088,0.771395643803976,0.9747728847731245,False
ARHGAP35,-0.050531277212723325,0.5745631550846999,0.9426811085231039,False
FAM114A2,0.18428163574203893,0.2107553798361657,0.7931314102631102,False
AGPAT3,-0.1979493536614214,0.03684514611654074,0.45247808255713673,False
HELLS,0.8615301434415343,0.003942196040025247,0.2386449048723498,False
C1GALT1,0.018077334471083617,0.8189748685009686,0.9796427422937294,False
GLRX2,-0.002747376867436202,0.9776827342008294,0.9963736685954901,False
TOMM22,0.34419648008725545,0.012038160156480106,0.29186291759110733,False
MBIP,0.048619838892676626,0.5465725955404834,0.9370679211815144,False
LANCL2,-0.012002587580557389,0.9705494146902081,0.9961388673740844,False
KIF15,0.58139769139488,0.0026331887964065256,0.21188217009413088,False
RAD18,0.6279894252886038,0.006616595337793945,0.2495805951257824,False
TM7SF3,0.003377392617071706,0.9683653801831582,0.9961388673740844,False
HOMER3,-0.17516308912749778,0.10937446720845131,0.6633597516365545,False
FARSB,-0.047756160594659036,0.4804793647903136,0.9134088070824972,False
IARS2,0.047456765181507876,0.5741085069432542,0.9426811085231039,False
C1orf112,0.0014836893259619899,0.9856656852652057,0.9972240854967319,False
FAM207A,0.2751456480822547,0.021988766340903042,0.38037019194545985,False
BRWD1,0.13465898873712234,0.2886974711628596,0.8487579901098453,False
KLC4,0.07104018499252263,0.4320256660269152,0.882668805696486,False
CENPM,0.12958963152337333,0.17280480976636617,0.7613501152595638,False
BMP2K,0.048614243940800606,0.5723528127953831,0.9426811085231039,False
ATG3,0.1420434962164805,0.34805513121622605,0.8676073108938235,False
LRRC4B,-0.23277652794045167,0.047241868597101506,0.4943112592233304,False
SIRT3,-0.04075578598243368,0.750562789871905,0.9737735160683184,False
PDS5B,0.1630945779544284,0.05885683700907028,0.5568094684134711,False
SMC4,0.2964707434661591,0.03048085256177985,0.42126711995861776,False
SACM1L,0.23239513037204418,0.08610642881237664,0.611301509390781,False
OLA1,0.014124645518087675,0.8288587178402501,0.9796746903350853,False
CUTC,0.06399424711602819,0.3588843446083355,0.8676073108938235,False
ECHDC1,-0.07940646411087471,0.36435124353023524,0.8676073108938235,False
RBM12,-0.0432297194004434,0.6783166296391598,0.9568123106951699,False
MDN1,0.16839295367842055,0.08350147106022825,0.6107556612730876,False
ZBTB40,-0.007330679478641855,0.9311977679239531,0.9929705792864855,False
ACSS1,0.025579395261861038,0.9011710172239566,0.9906253158153695,False
ZCCHC3,-0.12149541047362078,0.6159375719150988,0.9532680024183657,False
ZDHHC18,0.0324215277094666,0.6753273082121741,0.9558209137948426,False
DECR2,-0.17942547820424082,0.07959899738097127,0.6073863103703057,False
ABHD10,0.14833954441329666,0.17200056025702015,0.7613501152595638,False
TCP11L1,0.010412114480224943,0.9016057820182276,0.9906253158153695,False
STAU2,0.31496145013806043,0.17053914945333432,0.7613501152595638,False
C19orf66,-0.06659645033569817,0.5032256838048172,0.9241165240783552,False
DDX28,0.15054608452372875,0.3563821808611199,0.8676073108938235,False
SLC39A9,-0.023849389435945056,0.8346333025047036,0.9808008220631425,False
TMEM106B,0.30355558205829425,0.20499267535831114,0.7870723557751947,False
LMBRD1,-0.051748925255466816,0.6795935345227015,0.9568123106951699,False
BLOC1S4,0.0339843952888188,0.6578469963673996,0.9558209137948426,False
LIN7C,0.1822445203339491,0.17226348249610135,0.7613501152595638,False
AGPAT5,0.7499333509832447,0.42815106914152284,0.8800723730691165,False
TXLNG,0.10134434072324439,0.3809116475251731,0.8718690155859481,False
SPATS2L,-0.06610810164943359,0.6719215408067712,0.9558209137948426,False
UFSP2,0.09394459920764575,0.3921424566481375,0.8755669269616613,False
ABCF3,-0.13376989949955131,0.12688205118236356,0.6868815000283959,False
FAM49B,0.16384762572102218,0.08521331249273065,0.611301509390781,False
AP5S1,0.0668417249170794,0.46496886317059183,0.9011737060891576,False
ABCB8,-0.10106547537879251,0.34601456123439733,0.8676073108938235,False
DDX19A,0.11487673501333617,0.1654559832359412,0.7594217204873621,False
TBC1D23,-0.2396206760789461,0.017575111992420053,0.34806524443735615,False
DCAF13,0.2504010527232978,0.11474890561912512,0.6783331660789735,False
IMP3,-0.21452777088158825,0.2418655959359819,0.8239307092895942,False
NUDT15,0.11376100268608269,0.10937185030461295,0.6633597516365545,False
MRGBP,-0.08434690764265085,0.598901595910419,0.9480766961091135,False
TMEM39A,0.00413646372892984,0.9676209483705784,0.9961388673740844,False
TYW1,0.037037656616835335,0.8657197390550044,0.9855253681560873,False
EXOC1,-0.4563075007336366,0.051305431104159784,0.5166673695700598,False
INTS9,0.13886286719606034,0.41743785381588827,0.8789314592683469,False
NDFIP2,0.09922960966487437,0.3822545032300789,0.8718690155859481,False
TMEM30A,-0.12582899173189332,0.3604021946258824,0.8676073108938235,False
UQCC1,0.05291509452613141,0.7014021643233085,0.9636450513965761,False
SEPT11,-0.1103453575242348,0.0702545650799496,0.592492729542971,False
TMEM184C,0.03228033913916306,0.6766216472147338,0.9558859055602221,False
MED17,-0.04503767228437283,0.7534220016458626,0.9737735160683184,False
PARVA,-0.2083069661160586,0.08228609201868091,0.6107556612730876,False
PANK4,0.05718123961408139,0.7894805600692049,0.9757676912534892,False
FBXO28,-0.030990259880596227,0.7346304143918267,0.9732405574099902,False
TBC1D13,0.002677486639253601,0.9750117523972203,0.9961388673740844,False
EXD2,-0.2638475201144743,0.06514529172499438,0.575096245668695,False
DNAJC11,-0.15920774584819242,0.5220798893340524,0.9283883178018956,False
INTS7,0.12020242067757891,0.1683982078016944,0.7613501152595638,False
TMLHE,-0.2550540745060914,0.13645392165187903,0.7060816183294815,False
FANCI,0.38847138529527925,0.06567204646471726,0.5757487997281412,False
ATAD3A,0.0787650581222934,0.4209547999144302,0.8799102302725008,False
ARL8B,-0.05040161321344527,0.7083909557629736,0.9645093452622473,False
EVA1B,0.10291904538407692,0.404224928304567,0.8770879497439329,False
PRMT7,0.052275216365593735,0.5203777508646984,0.9274028473762195,False
DNAJC17,-0.018803301368105707,0.9238217309128411,0.9929705792864855,False
ASUN,0.007554350524145548,0.9207792036728314,0.9929705792864855,False
GNL3L,0.7086134631813827,0.0005700336644613558,0.12702972211189337,False
DDX18,0.1121967064061451,0.20052176139299766,0.782034869432691,False
ASF1B,-0.004852968583286099,0.9505845380522346,0.9936382978877489,False
INTS10,-0.22861362510474237,0.12918503560617703,0.6928869636461377,False
DNAAF2,0.11130542876397698,0.09760338749342999,0.6408957127757368,False
MRPS18A,0.2597252813759816,0.20948591988390428,0.791133134973397,False
PNPO,0.32003855666371095,0.11774711433210844,0.681157398507616,False
ARMC1,-0.05101123632577753,0.660836961139463,0.9558209137948426,False
POLR3E,0.10735881853180729,0.5904274093660027,0.947780458509137,False
SDAD1,0.18703507943699194,0.08643449241433251,0.611301509390781,False
TMEM38B,0.23632003828813808,0.32293563001851067,0.8637689122788939,False
MTPAP,0.1163471884702858,0.661056538785952,0.9558209137948426,False
NLE1,0.11911824484439748,0.30596196447517143,0.856811285772871,False
NECAP2,-0.0519184272441251,0.6171278901421932,0.9533884235117631,False
POLR3B,0.017082826340853785,0.8867861708185559,0.9884647975571688,False
RBM28,0.13529175280260475,0.23830936505124473,0.8196262769132869,False
ANO10,-0.050243904617506274,0.8573203781657156,0.9849296200170881,False
RBM22,0.5565518730116885,0.08181552499014835,0.6107556612730876,False
BSDC1,-0.028290987306817783,0.7895174383332958,0.9757676912534892,False
GPATCH2,0.16044862333285792,0.24733903828887377,0.8273351377053714,False
WDR70,0.051411530145301754,0.5396704353878469,0.9345293327399908,False
TMEM51,-0.1461478835821559,0.17498615169997409,0.7613501152595638,False
ARGLU1,-1.2283150855241196,0.002201399009110294,0.20029505689003724,False
SLTM,-0.026004425448462598,0.7734451492004698,0.9747728847731245,False
ZNHIT6,0.21174626467863433,0.12231434676737102,0.685977301236774,False
FKBP14,-0.10659989138827086,0.6956528249373916,0.9627230094035356,False
PAG1,-0.09611574853225235,0.48421537297338724,0.9142140904688919,False
PIH1D1,0.22259395701804863,0.2917123193074948,0.8487579901098453,False
FAM118A,0.041967812441782826,0.5838343626773629,0.9449459854812928,False
RMND1,0.03475573159834866,0.8826691035721548,0.9881763000213907,False
PAK1IP1,0.13192191051534508,0.3052621363595481,0.8566776482658927,False
HIF1AN,0.056190354835859324,0.42467398172814685,0.8800723730691165,False
OXSM,-0.22671758193936142,0.432987962443739,0.8834107604075652,False
GID8,-0.12222050998430234,0.1851429268364167,0.7658229735284879,False
MRPL22,0.04646549360098007,0.6592087037037108,0.9558209137948426,False
C1orf123,0.2070438507834922,0.4983632988770647,0.9231340898888635,False
BABAM1,-0.029863554130809433,0.8011550116919572,0.9768683851080251,False
ASB6,0.049153088268504064,0.4930042379233256,0.9192936166434658,False
THG1L,0.08525834811474553,0.2395016510192462,0.8227098988330643,False
C4orf27,0.2695361720512466,0.0035286426885175986,0.22706815700610747,False
UCKL1,0.007896228739340927,0.9253549559362143,0.9929705792864855,False
TXNL4B,0.023494249672602052,0.7737591135075556,0.9747728847731245,False
COMMD8,0.21975091746712394,0.4178834196277544,0.8789314592683469,False
NDUFB11,0.24426176164201152,0.4621933388292684,0.900531604432244,False
SDHAF2,0.031355362524948305,0.6858169568798972,0.9576425556985229,False
MRPL16,0.10672545188398885,0.2210683774614256,0.8005271889425227,False
NHP2,0.18719959221542126,0.03543249952672898,0.441004031071694,False
OCIAD1,0.22824598531406792,0.22407292342270085,0.8028448007934744,False
ADPRHL2,-0.15207368954735045,0.63370999181399,0.9558209137948426,False
MARCH5,-0.15815488185725712,0.4707670620010312,0.9074046473169263,False
HYPK,0.1519072686685412,0.5433827725112309,0.9361895960133255,False
RAB20,0.007688924391725749,0.9177417043926849,0.9929705792864855,False
LYAR,0.10124846717744163,0.5957531907970822,0.9479632391439603,False
TMEM161A,-0.29504200809643777,0.1072228752650535,0.6588175046678757,False
IMPAD1,0.22733219760570478,0.04584317702307257,0.4894971678172537,False
CHCHD3,0.1948446955343357,0.20424491178098061,0.7864384396525785,False
MED29,0.10086656065770327,0.5664495736061064,0.9426811085231039,False
CMTM6,0.14520819616311087,0.17242523223323997,0.7613501152595638,False
SIRT5,-0.17123605891412552,0.5806861354007048,0.9448837424044848,False
MIOS,-0.511464798284166,0.2645648256765287,0.8340434586438081,False
MTMR10,0.19370297382958057,0.16155941324344214,0.7514779949286629,False
SMPD4,-0.20525494798377864,0.49937945145180895,0.9241165240783552,False
TEX10,0.30674343293653195,0.3536125620126496,0.8676073108938235,False
THUMPD1,-0.2139696325684568,0.07264275992061738,0.5936817089710029,False
TRMT1,0.09185605756732329,0.5692257924306209,0.9426811085231039,False
FBXL12,-0.024705422062879734,0.7545123943069444,0.9737735160683184,False
GDAP2,0.03058523268192559,0.7853593256665043,0.9757676912534892,False
NDE1,-0.5297720219393582,0.007913147842193964,0.25614057963278447,False
BRE,-0.3527859577644499,0.019522075924452334,0.3673232706837742,False
QPCTL,-0.18415192855114526,0.27881010182688526,0.8437745972929098,False
KCTD5,-0.042140203373847385,0.8681512580856883,0.9855253681560873,False
CDKN2AIP,0.00867715436008254,0.8974767372716422,0.9899468705396672,False
DNAJB12,0.09772270223951551,0.6178744979687815,0.9533884235117631,False
ALKBH4,-0.020388624852774484,0.8548978460025076,0.9844804580394803,False
NSMCE4A,-0.015614060687212827,0.9517927689479541,0.9936382978877489,False
GAR1,-0.18320740974064975,0.630687902833541,0.9558209137948426,False
SLC39A1,-0.2260066916069725,0.38897591680254434,0.8724463008932468,False
PPP4R2,-0.042600445660891495,0.6824163142422631,0.9571167381095452,False
DPP3,-0.12546509633722636,0.25712363617273953,0.8291488368233156,False
CLDND1,0.2703756242724751,0.17903477884070237,0.7632902418660206,False
AATF,0.06428199068709617,0.4163089082043028,0.8783435489490782,False
TUBA8,0.05337129369828375,0.5021553933048377,0.9241165240783552,False
DDX56,0.33482390276852314,0.008073654236352616,0.2570806702823702,False
TERF2IP,-0.14228698148785313,0.5440504992707546,0.9362383024098451,False
ABI2,-0.31592222339607545,0.11507147803673888,0.6791087724354855,False
BCLAF1,-0.010168491357600118,0.9286410558892029,0.9929705792864855,False
ZDHHC3,-0.007038924730473184,0.9363855047953408,0.9929705792864855,False
UTP6,0.11491718404877105,0.28249879285076007,0.8457356496499373,False
COA4,0.33284635107720817,0.21780965691780535,0.7987194806067339,False
DLL3,0.025720834344593158,0.7391586156924214,0.9732623744879622,False
MRPL39,0.07639058507597696,0.4998946571831226,0.9241165240783552,False
ZAK,0.0577911158354496,0.4083052362787283,0.8770879497439329,False
FKBP11,-0.11648531157770137,0.38518353726185167,0.8718690155859481,False
TMOD3,-0.196258957165945,0.08142728688223617,0.6107556612730876,False
BET1L,-0.5328971257082635,0.0690584579021314,0.5864374062320205,False
DONSON,0.000893170214748551,0.9944414302382637,0.9986707923931288,False
MIS18A,0.0088539422630447,0.9219242434717824,0.9929705792864855,False
UGGT1,-0.08999032574349997,0.21076219293705026,0.7931314102631102,False
CDK12,-0.026825291897878856,0.8417930883021749,0.9824574286373784,False
FASTKD2,0.28316890218584945,0.11600077940510752,0.6800879161282422,False
SLC25A37,0.07029220632199085,0.39769715490196705,0.8764319149979993,False
GTSE1,0.1909330653007224,0.4038163877106077,0.8770879497439329,False
TECR,-0.10277264372988526,0.21573888966365143,0.7978619281526419,False
ERAP1,0.21342668626758865,0.3694388944019572,0.8699981161492333,False
UBAP1,-0.004345847936548353,0.9651114011663864,0.9952229790882976,False
ACTR10,0.21901090288204728,0.21074857976659123,0.7931314102631102,False
USE1,0.03556240530318533,0.8822826506295369,0.988076724121314,False
CISD1,-0.025634342670016963,0.9301727990902995,0.9929705792864855,False
GGA3,0.30910304478645756,0.1263040972580179,0.6868815000283959,False
PODXL2,0.014187980882446993,0.8521656226233147,0.9844804580394803,False
C9orf78,0.2536314693688304,0.3313171203335743,0.864988327445132,False
FAM120A,-0.0034576977781632934,0.9618530614576682,0.9943137920657577,False
SMARCAL1,0.13934015328984373,0.4486529872859658,0.8946977465540291,False
GLTP,-0.20370447438985195,0.5448455828571617,0.9362383024098451,False
SPG21,-0.14061003395146443,0.6495690162550974,0.9558209137948426,False
MRPL35,0.08773556032300434,0.35440835985269414,0.8676073108938235,False
GPRC5B,-0.01658960680676458,0.8837142355466795,0.988414301604248,False
IGF2BP1,-0.26018408735629706,0.17519949347943187,0.7613501152595638,False
EIF2AK3,-0.44210228666337414,0.15637447114344583,0.7475311155409757,False
COQ3,0.2512081050196109,0.15775573476567853,0.7491942090163405,False
MTCH1,0.019704864110575926,0.9634695783295238,0.9943137920657577,False
NUDT4,0.11684022725998489,0.5319321193661953,0.9290708236410674,False
HSPBP1,-0.0667858914042121,0.49041403747050977,0.9174333597268364,False
MAT2B,-0.04212559679648109,0.7643008405384092,0.9747728847731245,False
ITSN2,0.21650900872197099,0.13142521483634306,0.6958347443338581,False
GLTSCR2,0.27238181187390964,0.1406728669164943,0.7178666919965431,False
EHD2,-1.0094606692789085,0.04135119263412305,0.47432250374435264,False
ARHGEF12,0.0426207698223422,0.5819578930678978,0.9449459854812928,False
CNOT2,0.01162939144987618,0.9304211146323531,0.9929705792864855,False
NCKIPSD,0.06724400908446171,0.45421397365199684,0.8982381439614627,False
OGFR,-0.13003113691223334,0.40789906806056964,0.8770879497439329,False
FLRT3,0.037907649837578106,0.6289697814748894,0.9558209137948426,False
SEPN1,0.25498997178000593,0.29072020077411115,0.8487579901098453,False
MPP6,0.3522837434807933,0.019847015939313397,0.3712661266554701,False
CHMP5,-0.14584341804432555,0.366299216740802,0.8691502432621906,False
COMMD9,0.4718668230853247,0.0244961322465651,0.39017973021447133,False
CNIH4,-0.3341719531250362,0.17763989729409407,0.7630923555112326,False
CWC15,0.10547759186520267,0.39574532385996003,0.8764319149979993,False
MRPL15,0.1094671709223789,0.4061274754581256,0.8770879497439329,False
THYN1,0.005804969570036178,0.9756791128908593,0.9961388673740844,False
CRIPT,0.03710585459461413,0.5905288792293619,0.947780458509137,False
CCDC59,-0.1258505797284606,0.5327001050692888,0.9294807961282194,False
NDUFAF4,0.036606728793469046,0.8704365685068847,0.9864997068182194,False
HACD3,-0.11363418627432509,0.5520565140760432,0.9412902243607043,False
CCDC167,0.04666033593873564,0.5569631385175371,0.9412902243607043,False
EMC3,-0.2875209180629348,0.3403361539123124,0.8676073108938235,False
NDUFA13,0.2285965782288315,0.5541090733316457,0.9412902243607043,False
PDP1,-0.00842365431807579,0.9487727432800399,0.9936382978877489,False
KCMF1,0.09940096056864434,0.20031114642617565,0.7816872208929292,False
RAI14,-0.20670643222379326,0.0939624872295892,0.6351350896243766,False
VAPA,-0.03150290250261989,0.6677401151455289,0.9558209137948426,False
MRPL27,0.05443462448904057,0.5647644764420064,0.9425436825432365,False
RNF181,-0.002676222163401576,0.9782493749484409,0.9963736685954901,False
C6orf203,0.02993068154512457,0.7009358227296704,0.9635655076740904,False
COX16,0.1297836184162513,0.17276460904489002,0.7613501152595638,False
TMEM9,0.045191348197135994,0.8344109205696636,0.9807213761797207,False
CXXC1,0.06973431925421636,0.7414158443791874,0.9732623744879622,False
SH3BP4,0.14399815624253165,0.6835861923336001,0.957453092639316,False
SEPT10,0.07364661144760376,0.6022996182598357,0.9494850670019703,False
HMG20B,-0.009638494319439417,0.9164308271375288,0.9929705792864855,False
VPS54,0.09071891387743136,0.22135857858443145,0.8006983997699924,False
MDFIC,-0.0185478083998305,0.8661524929022748,0.9855253681560873,False
ZNRD1,0.3141155297593201,0.18079000213266874,0.7642406642043584,False
ACTR3B,0.0553752847926674,0.4321876947812344,0.882668805696486,False
PHRF1,0.4422047650778822,0.027662822521836525,0.41397735564655364,False
KIAA1522,-0.0684106791829393,0.44462350491982566,0.8937143094373057,False
CEP72,0.2586073723798883,0.7663217823298073,0.9747728847731245,False
POGK,0.16957100685904436,0.5234301761770838,0.9283883178018956,False
CNTN3,-0.09348267699741442,0.48504561468050494,0.9142140904688919,False
STIM2,0.07032089926419971,0.40642829340352093,0.8770879497439329,False
VPS18,0.1738227519285367,0.28252338196436416,0.8457356496499373,False
RCC2,-0.0040033553033751446,0.9632860578830158,0.9943137920657577,False
KIAA1468,-0.20220247989671236,0.34697304221234126,0.8676073108938235,False
DIP2B,0.17886581704564009,0.05159601595635455,0.5171656739550491,False
SLAIN2,-0.43948349268659115,0.14793804833307642,0.735120726658955,False
TENM3,-0.3812170878386496,0.4407524814929577,0.8898396968465484,False
USP36,0.4357363957870213,0.021945587787039568,0.38037019194545985,False
BCCIP,0.01327451381269995,0.94236132995733,0.9929705792864855,False
STK26,0.5620869299089648,0.033649495349006915,0.4329938901791078,False
PTGFRN,0.5356845435157496,0.005418698878541579,0.2456911588334829,False
CTTNBP2NL,-0.07447539350647148,0.657139068395417,0.9558209137948426,False
TMEM181,0.003836487949833156,0.9753267808707904,0.9961388673740844,False
CHD7,0.7844272644792625,0.0020855599845120915,0.20029505689003724,False
HEATR5B,-0.20105344181160234,0.1874765430037896,0.767433867516824,False
DNAH1,0.025705217499375266,0.7401100659681764,0.9732623744879622,False
ZNFX1,-0.025158104329396025,0.7703828398460585,0.9747728847731245,False
CHPF2,-0.2596043041328251,0.23989601291908236,0.8233231163382906,False
RRBP1,-0.32632718206977174,0.01932092893826897,0.36660349371140144,False
SIPA1L2,0.04406201343284977,0.5734790776932089,0.9426811085231039,False
ANKIB1,0.12765620235944297,0.2040405092122709,0.7862279501682414,False
CPSF2,0.056088291658255685,0.6676160437359248,0.9558209137948426,False
LARS,0.0702517801436322,0.36424764834296597,0.8676073108938235,False
TXNDC16,0.1477368554033589,0.32952426583020605,0.8643320035562339,False
RCOR3,0.039354743096250644,0.6184649273488171,0.9533884235117631,False
EIF2AK4,0.1572272972372737,0.2525471151962741,0.8280879008147418,False
CGN,0.7610153710700267,0.07261433774317005,0.5936817089710029,False
ARHGAP28,0.05598007919073922,0.5139730742291407,0.9257573377965317,False
RBM27,0.07382958395139738,0.30751612600815564,0.858327802648197,False
KANSL3,-0.013505066213841843,0.8656195957176268,0.9855253681560873,False
FRMD4A,-0.31968465098362486,0.312411651105903,0.8599825844982091,False
ANKFY1,-0.0330662439385776,0.7555235492927063,0.9737735160683184,False
RERE,0.07760475918716381,0.5840314544241112,0.9449459854812928,False
SUCLA2,-0.05125700004192879,0.4652212978443173,0.9011737060891576,False
GMPR2,-0.16012933464889656,0.15940024901412722,0.750716157098671,False
STX18,0.08372963415604673,0.723416230234594,0.9702869229134838,False
DPM3,-0.30741601756897907,0.3243071094890173,0.8642500619182933,False
IMPACT,0.051586122223525877,0.5030934589543066,0.9241165240783552,False
UVRAG,0.032658555512508514,0.6726774836522198,0.9558209137948426,False
ATXN10,0.46209445626680434,0.0023870603497200913,0.2104210048006683,False
MBD2,-0.23334244142933258,0.1916523254911924,0.7718731895271739,False
NCDN,-1.0149780803277295,0.039209828097339,0.4653384946892984,False
TFIP11,0.06369979192617592,0.395578105251932,0.8764319149979993,False
EPS15L1,0.13757769384893237,0.07130834457003171,0.593521348757803,False
ORC3,0.09823276814586634,0.5774556881201994,0.9426811085231039,False
SAE1,-0.05300876964538048,0.6998912165261475,0.9633810724588848,False
COPG2,-0.0275495098787637,0.8649115919844313,0.9855253681560873,False
PI4KB,-0.020209228683341962,0.8093439281688808,0.9782742979115049,False
XPR1,-0.028878810971072255,0.7460141445197646,0.9732623744879622,False
COMMD3,-0.21038127737718426,0.1195396442754782,0.6833260061341345,False
GNG12,0.16361969387941144,0.2563451560703613,0.8291488368233156,False
UXT,0.02031315973103176,0.7949043222552767,0.9759521704704214,False
ASH2L,-0.04235854644481307,0.599134720370773,0.9481801885122683,False
DHCR7,0.2038873173146314,0.3396459168204366,0.8676073108938235,False
SPAST,0.055738306145997285,0.43887662239090736,0.8881041085174494,False
METTL1,-0.30978891000810194,0.2640847723632317,0.8340434586438081,False
GULP1,-0.22947759216465258,0.47960429671821025,0.9130927956750541,False
VPS29,0.03196130432697686,0.7261544109182213,0.9710730744511127,False
EIF3K,-0.08288719837656444,0.5394646132413989,0.9345293327399908,False
EXTL2,-0.03648928680330954,0.6976503808883722,0.9631796183258261,False
GRHPR,0.25947260393378,0.16996548377940077,0.7613501152595638,False
CTSZ,0.06006771092980401,0.790701150904095,0.9757676912534892,False
DNAJB9,0.0324215277094666,0.6753273082121741,0.9558209137948426,False
DNAJB11,0.019786984746183123,0.7722181552162245,0.9747728847731245,False
RNF14,0.258087480944468,0.07238449167487968,0.5936817089710029,False
SUCO,-0.01116953926778308,0.9427415928557431,0.9929705792864855,False
UBA2,-0.1631545233659608,0.167392802540767,0.7613501152595638,False
FAM8A1,-0.3977031190421165,0.06006744113857889,0.5588240068148651,False
MORF4L1,-0.01777559670758677,0.9150119829959391,0.9929705792864855,False
NXF1,-0.08554493456033185,0.2018459027950475,0.7842495757407623,False
SEL1L,-0.11239552519577245,0.2937549918860787,0.8490161505100015,False
ZMYM2,-0.11362981040016606,0.33706796242615666,0.8676073108938235,False
COPS7A,0.12088174698333276,0.7626523820852253,0.9747728847731245,False
SLC25A10,0.02401926702699342,0.9150172414276091,0.9929705792864855,False
LPAR3,0.17613044289164748,0.3099712361662046,0.8599825844982091,False
AASS,0.2077609948803918,0.36470517109056605,0.8676073108938235,False
CLIP2,-0.5651773668816773,0.12443569915884976,0.6868815000283959,False
UQCR10,-0.03317193669866114,0.9598585541932708,0.9943137920657577,False
MTFP1,0.14242603735813475,0.5814623312567092,0.9449459854812928,False
TJP2,0.07349954620261201,0.7938063502271975,0.9757676912534892,False
DNAJB4,0.3464374343148222,0.30221178149340966,0.8549304170587799,False
MALT1,0.06208818529935911,0.42252987238887785,0.8799102302725008,False
STK17A,-0.006843975003409497,0.946065695578427,0.9929705792864855,False
CFDP1,0.042902777342938236,0.7133413203099763,0.9661863599652067,False
ZNF629,-0.06557230272880332,0.4294280292906182,0.8800723730691165,False
DAXX,0.08704019815350961,0.3970934302856262,0.8764319149979993,False
FTSJ1,-0.023525756340490034,0.7829835278310632,0.9757676912534892,False
VTI1B,0.06602099282896035,0.6536659507639568,0.9558209137948426,False
STK39,0.160835322546248,0.5664975025646533,0.9426811085231039,False
ADD3,0.14195276383767563,0.3714351988322049,0.8701811028798047,False
LRWD1,0.1795722614252746,0.0670018266291815,0.5807751207151718,False
C19orf25,0.29163741440120106,0.26078707882761365,0.8307746793345019,False
CGGBP1,0.07003308574392264,0.6335048770512577,0.9558209137948426,False
PISD,0.013849421589817723,0.8546444436451143,0.9844804580394803,False
ABCF2,0.08516360905341003,0.47676992874743673,0.9106826290592618,False
MTRF1L,0.04497352073093097,0.5796709911477489,0.9445892195583094,False
SLC23A2,0.19186367613424693,0.41524835104028024,0.8775445448092621,False
TES,-0.18010515372477798,0.6777296802436801,0.9566281720625419,False
TUBGCP4,0.08156181043294097,0.30468500319899267,0.8566776482658927,False
WARS2,0.012846058121048998,0.9194438788330311,0.9929705792864855,False
LIMD1,-0.11265034598925894,0.5841484273884355,0.9449459854812928,False
SEC63,0.06796263611528985,0.4761870200108133,0.9106826290592618,False
ZC3H7B,-0.17388235747533898,0.4172040745108479,0.8789314592683469,False
TCF20,0.03736088258418491,0.6185036217880503,0.9533884235117631,False
HMGXB4,-0.021816578768977024,0.7623477076094513,0.9747728847731245,False
NDRG3,0.0645004430414815,0.6231145305180628,0.9551553129784979,False
NOL12,0.06779447818344408,0.5306726787391369,0.9290708236410674,False
APOBEC3B,-0.043199804472948244,0.8794644327084323,0.9868096991244573,False
ARMCX3,-0.030827909290479738,0.669091983963818,0.9558209137948426,False
SWAP70,-0.2930828899659801,0.3291331276603355,0.8643320035562339,False
MLX,0.030370749932195906,0.6982129614885088,0.9633409167967912,False
SUN2,-0.2266560055410416,0.24658060547193492,0.8273351377053714,False
RSL24D1,0.07978220982724338,0.6328202803995334,0.9558209137948426,False
LAMTOR3,-0.048672940860452485,0.5334275157711384,0.9301211194590643,False
LIMA1,-0.25564138449176,0.024026018033962947,0.3884608694687225,False
AFF4,0.15281726459258493,0.07546395032655762,0.5947659021326893,False
SRP68,-0.014338673094282939,0.8181638098809465,0.9796427422937294,False
CHORDC1,-0.0031222479124650704,0.9779536567365674,0.9963736685954901,False
TBK1,0.004851867192755321,0.9875266325991989,0.9972240854967319,False
SEPT9,0.011343252526568648,0.8928933200692365,0.9896259744685637,False
UBQLN2,-0.20068016192928795,0.08173695905258296,0.6107556612730876,False
EGFL7,-0.0641296892597083,0.6660382682573878,0.9558209137948426,False
TRPS1,-0.00879191114838207,0.9536106503990838,0.9941741692960507,False
PCYOX1,-0.12395433431888492,0.047910201009952046,0.4984832666634707,False
SLC7A8,0.05167632573045111,0.5377193680594168,0.9329264312381632,False
DDX20,0.5574402916984447,0.03286543767166561,0.4329938901791078,False
ADAMTS1,-0.34820836747119444,0.38809303831079334,0.8724463008932468,False
SHPK,0.03357945184915323,0.9081003126661048,0.991453259587103,False
DPP7,-0.3323178742466091,0.14567897321799747,0.7289612695628411,False
POLG2,0.06570547024416484,0.3460360660829803,0.8676073108938235,False
TMEM2,-1.3090626760050448,0.07145281987882117,0.593521348757803,False
USP25,-0.027595076695732246,0.7563705257937137,0.9739992128308225,False
NARF,0.0324215277094666,0.6753273082121741,0.9558209137948426,False
BCAP29,-0.004740185657233553,0.9734778807797262,0.9961388673740844,False
CYB5R1,0.08694634094602804,0.47925864037384985,0.9129749410318898,False
BAIAP2L1,0.29773619903784265,0.0017468978474413797,0.1988338093663365,False
SAP30BP,-0.1380403937453245,0.5237985757761399,0.9283883178018956,False
ZNHIT2,0.16650807905181608,0.03951598445402274,0.4660169853006692,False
MED13,-0.01366998563351629,0.8661797190179032,0.9855253681560873,False
PFDN2,0.15909204251645193,0.06200932898688447,0.5653380532332504,False
GPN3,0.20415016214438353,0.06449516249251484,0.575096245668695,False
PUF60,0.07864776221798309,0.23403715099432718,0.8152778102905333,False
NRBP1,-0.07038230669627765,0.8012294229370872,0.9768683851080251,False
ENOPH1,-0.03844889585931455,0.8213005855157219,0.9796427422937294,False
NDUFA12,-0.3910178392306918,0.22959984347601067,0.8135283499793958,False
EIF2B4,0.016319227577497486,0.8636537594291447,0.9853921882848486,False
ATP6V1H,0.015545033764940541,0.8362289630032735,0.9814426572485273,False
IPO11,0.03947385830574035,0.7070818843615664,0.9645093452622473,False
TRMT112,0.0007389220831370835,0.9987819962872864,0.9996762945260513,False
CTNNA3,-1.7905571449266269,0.010184505235348735,0.27723019915493463,False
MAD2L2,0.11878373085098914,0.34205674591731494,0.8676073108938235,False
XPO7,0.006904638368425253,0.9364627434646279,0.9929705792864855,False
LCMT1,-0.05282461601036914,0.6077035225208939,0.9516690600336835,False
VPS51,-0.0426983037852402,0.7976616317263003,0.9768683851080251,False
BAZ2A,0.04389844379336694,0.8218521317951479,0.9796427422937294,False
BAZ1B,0.27452430143937434,0.0030574669298746304,0.21188217009413088,False
ATPIF1,0.0965851189603022,0.33813431600543575,0.8676073108938235,False
HERC5,0.2382575506945841,0.09478391116749295,0.6356113023764716,False
AK3,0.03841469667759512,0.615957786178021,0.9532680024183657,False
SCOC,0.582143041899613,0.014056532592505049,0.31093670762677067,False
LNPEP,0.3505873674211273,0.22801207425774497,0.8127893566185669,False
MBD1,0.2030751686076684,0.2731649348594506,0.8387613457825793,False
SIX4,0.03550034008726399,0.6455990015289372,0.9558209137948426,False
CNOT7,-0.027463544913207016,0.8625563566077056,0.9853852578924835,False
PLXNA1,-0.021983884761731076,0.8625943043500377,0.9853852578924835,False
GGT7,-0.026547041703647523,0.9202219951758978,0.9929705792864855,False
RABGEF1,-0.06833851132862634,0.7985207973407408,0.9768683851080251,False
MSRA,-0.26004058840874933,0.24723195126033023,0.8273351377053714,False
NAGK,-0.09908266857410553,0.4806519966551956,0.9134088070824972,False
HACL1,0.17382001882384657,0.46366100860825143,0.900531604432244,False
TRMT6,0.011686070387312952,0.9340696911830867,0.9929705792864855,False
RASAL2,0.06723982405551254,0.6196839452481662,0.9534996896364368,False
GNPTG,0.3449102815428482,0.06744067032317967,0.5808077439971759,False
TSR3,0.22322095041595347,0.017262544666647305,0.3439616052951803,False
ERRFI1,-0.4582692802575501,0.04687671926659953,0.49341665729369694,False
SLC25A13,-0.007833555728790742,0.9645746300805665,0.9950365092286704,False
TUBE1,-0.017649994869536556,0.8582017632455018,0.9850652822033578,False
LEF1,0.10819822414352842,0.7954902634888159,0.9759521704704214,False
DBNL,0.0606300628706542,0.5592128386111695,0.9412902243607043,False
DDX41,0.054983798128006356,0.7565683149127783,0.9739992128308225,False
DCTN4,-0.09550575070029055,0.3869553859383788,0.8718690155859481,False
CDC23,-0.21352541299714645,0.04732972377216798,0.4944265786913976,False
ANAPC7,0.26418414844303584,0.25344988756159986,0.8286541531755407,False
ANAPC5,0.052463906613191114,0.5152014961620912,0.9263262441472638,False
ANAPC4,-0.00027121844865263256,0.997191359239972,0.9995822144026556,False
GGA2,-0.014210552312878377,0.9496219828374417,0.9936382978877489,False
GGA1,-0.27897093046219723,0.4040012974318945,0.8770879497439329,False
STOML2,0.08471468196842835,0.2959514539659704,0.8504427581253522,False
FBXO2,-0.08790365311102732,0.6725597528886451,0.9558209137948426,False
NAGPA,-0.16379534411990448,0.06524583899717469,0.575096245668695,False
CCRN4L,0.1949515252241696,0.39481899571167917,0.8764319149979993,False
VPS28,0.18685055853891797,0.18494931718356133,0.7658229735284879,False
LSM7,0.06438454142730876,0.47083513867773374,0.9074046473169263,False
CCNL1,-0.0005618775623368322,0.9949553278932101,0.9986800085778829,False
DBR1,0.318202425431501,0.1451419002243785,0.7280614519651115,False
FAM208A,-0.25608493761109585,0.4944309910113335,0.9199494948008993,False
HN1,0.34655764908161757,0.13495677413009385,0.702540796177013,False
AKAP11,0.13298653960062978,0.5861507409435522,0.9462819914630605,False
PTBP2,0.11859023813472902,0.3564231868773362,0.8676073108938235,False
FBXW11,0.3795184363122175,0.022982734197052795,0.3851403504115488,False
MRTO4,-0.0035929398248271127,0.9705698880478151,0.9961388673740844,False
TNIK,0.20324210336002935,0.3254343437090994,0.8643320035562339,False
CPSF3,0.18182586734369366,0.03371249259632351,0.4329938901791078,False
PITPNC1,-0.06153563909304438,0.6214687736357197,0.9544514459059323,False
APPL1,-1.0012575665954913,0.03514872486657087,0.4409006715718978,False
CROT,0.07175793752723081,0.7203897599737181,0.9693398167578531,False
CDC42EP3,0.07912109720472671,0.4241938458724014,0.8800723730691165,False
TLK1,-0.059013152978739214,0.6568676985147508,0.9558209137948426,False
GPATCH8,-0.004538482400576527,0.9835368916466087,0.9972240854967319,False
PARP4,-0.38262190761663106,0.029977216969303427,0.42081735441190454,False
NXT1,0.059719295701263775,0.6258409953645567,0.9556087593733652,False
NUDT5,-0.09532861661843128,0.6447198410808496,0.9558209137948426,False
RCOR1,-0.23402097682958,0.07457138491123158,0.5939240829767172,False
PCTP,-0.0721249871139733,0.60568939245478,0.9514336198025617,False
MAN1B1,0.08379461150627066,0.33420196968286137,0.8671397439011865,False
RALY,0.06994206333325792,0.5496057384083985,0.9398390754799245,False
GTF3C4,0.13970225504470335,0.10361373648398785,0.6505255545260021,False
PACSIN3,0.14827685372915056,0.3526130936828757,0.8676073108938235,False
ACAD8,-0.05617672683229458,0.8071127016389971,0.978017374036115,False
ANGPTL2,0.6240274185412993,0.02315031363197078,0.386940956420083,False
ACIN1,0.0682978632311233,0.32268531087380814,0.8637689122788939,False
AMFR,0.6170392234039923,0.026587174711005558,0.40930255805100657,False
VAV3,-0.009004068505944929,0.9195625350567662,0.9929705792864855,False
NUP50,0.07836482848922799,0.34839942113177996,0.8676073108938235,False
ZHX1,0.4277216542855058,0.0067679233152468125,0.2495805951257824,False
CDV3,-0.18185390207415608,0.032157717151665745,0.43143041831626344,False
CNOT11,0.06375921897296166,0.36069458816664784,0.8676073108938235,False
INTS6,-0.09418375923014821,0.514134873205522,0.9257573377965317,False
SARDH,0.026020470163963694,0.7423013595861361,0.9732623744879622,False
BAG5,0.25064277659681977,0.36434763759381184,0.8676073108938235,False
AGO1,0.048401453981128384,0.7404624201749829,0.9732623744879622,False
RAB21,-0.11253408717204039,0.11864352590409907,0.6833260061341345,False
RAB22A,-0.23722458963157678,0.1752394143768315,0.7613501152595638,False
PSME2,-0.15855784555116514,0.34886494722512845,0.8676073108938235,False
TAOK2,0.119997411895433,0.34198381682949475,0.8676073108938235,False
MKLN1,0.1513788374678704,0.47553735820102633,0.9106367586519569,False
MYT1L,0.0324215277094666,0.6753273082121741,0.9558209137948426,False
CDH7,0.09854982694984926,0.3694957034088352,0.8699981161492333,False
RAB23,-0.1716255291037143,0.11239734179487369,0.6740697991146433,False
MCTS1,-0.10085617310407358,0.6817733428089596,0.9571167381095452,False
FAM184B,-0.08123876910842753,0.5930584034928157,0.9479632391439603,False
SLC39A10,-0.06935957398559367,0.8188223628011156,0.9796427422937294,False
INO80,7.149340994061504e-05,0.9993537400487832,0.9996762945260513,False
CCPG1,-0.10681892392165793,0.7243007881171128,0.9702869229134838,False
KIDINS220,-0.1695160260157813,0.29651842241434107,0.8509275294141067,False
ASAP1,0.033778232189774826,0.5702798556194796,0.9426811085231039,False
MKL2,0.058189567225433336,0.4558347927666419,0.8982715534478075,False
ZBTB21,-0.0749770666571763,0.6396052397570042,0.9558209137948426,False
PPP1R9A,0.20040779049566737,0.42943774557036524,0.8800723730691165,False
MED23,-0.018781592287805182,0.9066829688357508,0.9909571304630811,False
VANGL2,0.1084223089366958,0.36153079883986416,0.8676073108938235,False
PLXNB3,-0.02202131579004174,0.8041278025738834,0.977321208851085,False
PRR12,-0.15057284340667465,0.4066372671153136,0.8770879497439329,False
YEATS2,0.042568609759957354,0.5976717756834778,0.9479632391439603,False
TBC1D24,-0.5128157190673619,0.012696218308223265,0.30147662292773697,False
STRIP2,-0.008334897078167813,0.9286254103401838,0.9929705792864855,False
ISY1,0.3343543419107391,0.2546608290480108,0.8290968166032652,False
HECTD1,0.02356643658600177,0.840459767688376,0.9822663648882491,False
ZMYND8,0.1112844417399046,0.1276680642966073,0.6886370442151449,False
CIZ1,0.040517848295625214,0.6711014857914034,0.9558209137948426,False
CORO1C,0.15309680162899753,0.18583685110370177,0.7665770108027697,False
TPX2,1.0239488777294703,0.005374640636314959,0.2456911588334829,False
ABT1,0.10131107448604126,0.1967551053745871,0.7767601859420049,False
AKAP8L,-0.006505974556453964,0.9452153174760076,0.9929705792864855,False
MAFF,0.03820957287277338,0.8480857614918236,0.9839674199605718,False
PYCARD,-0.1488371782973701,0.7202601880768488,0.9693398167578531,False
TMCO1,-0.5306080150235033,0.1175124484803046,0.681157398507616,False
NOTCH3,0.08907538191115805,0.33252415382490547,0.8661354439142498,False
MYO6,-0.7859501010955832,0.09998118760487285,0.6492219396946083,False
KMT2B,-0.013277057526451586,0.89170192762923,0.9895993288981546,False
DDX19B,0.11197392396579176,0.35046289256067764,0.8676073108938235,False
PPT2,0.02111948451241119,0.7928027731629125,0.9757676912534892,False
NFU1,0.0789422890297864,0.4844633245613932,0.9142140904688919,False
PRPF19,-0.01493176477168845,0.8078282253797949,0.978017374036115,False
UBQLN1,0.06792910858266055,0.8145726389457526,0.9796427422937294,False
NENF,0.027936197310282296,0.7534931515462558,0.9737735160683184,False
SLC45A2,0.018249546010352447,0.8205758769082933,0.9796427422937294,False
NOL7,0.3431261377797803,0.19445716222760825,0.7743704887069277,False
SNX12,-0.1338307396758509,0.45519383986900963,0.8982715534478075,False
SYNRG,0.020967449677520733,0.8007761141182816,0.9768683851080251,False
VPS4A,0.2300522698042755,0.03064515265011941,0.4222731419775555,False
SOX13,0.4099173086084704,0.002857930242159609,0.21188217009413088,False
G3BP2,0.203215762130597,0.047126078595123175,0.49390279439677137,False
RPH3AL,0.7684867761697056,0.014992313681098256,0.3237673023121672,False
STUB1,0.11037792789091228,0.45903742647026824,0.9005024976698155,False
PACSIN2,0.06950836185929177,0.35603529647965454,0.8676073108938235,False
MAGED2,-0.12450811100577042,0.5294379830191461,0.9290708236410674,False
SNX6,-0.026479201503065042,0.7881465175311104,0.9757676912534892,False
DUSP12,-0.07035672818166105,0.5785662713331519,0.9432667737595217,False
STX8,-0.16285000942079364,0.09961779401186616,0.64751566107713,False
SSR3,-0.24211349213449296,0.3365510023899841,0.8676073108938235,False
PSMD13,-0.07441288681413738,0.1957678276853093,0.7743704887069277,False
FAF1,-0.11094425496498062,0.4168009015340563,0.8785174586870791,False
PROCR,0.053994797290336294,0.5245003141863714,0.9283883178018956,False
PPIE,-0.13044493253986644,0.6394540074876202,0.9558209137948426,False
DIMT1,0.3959277407134216,0.02983523026846654,0.42081735441190454,False
TIMELESS,0.46388529986734284,0.14195059678845096,0.7220965140977723,False
COPS3,0.1401528057877428,0.22353748363571846,0.8026978449909309,False
MINPP1,0.280664449209457,0.009701586307230428,0.2742857673653882,False
RPL26L1,0.11039542551532833,0.18402543642980063,0.7644955993710568,False
WDR3,0.14650185696329743,0.17991948092164606,0.7637083507459053,False
TTF2,0.4327630765345667,0.06820148220493075,0.583114139795932,False
NSFL1C,-0.07697948678386979,0.4560455579042715,0.8982715534478075,False
C19orf53,0.3221551991633902,0.4133244941718068,0.8770879497439329,False
COG5,-0.0255146102067485,0.8960384594741817,0.9896259744685637,False
SLC12A4,0.2812280912641505,0.5314155665301723,0.9290708236410674,False
MACF1,-0.2716997493965465,0.06999752706113013,0.5918976171332094,False
CEP131,0.411215396548517,0.0014196441801339326,0.19437043189706077,False
PPP6R1,-0.09674534588581452,0.4453213438788068,0.8937143094373057,False
TRIM33,0.30253760529028284,0.0054673106551238575,0.2456911588334829,False
PDZRN3,0.06036176444267127,0.8370773234712273,0.9814622066449394,False
TNRC6B,-0.03669241249761512,0.7834651144251725,0.9757676912534892,False
SMG5,0.04912856433357504,0.6754356790076851,0.9558209137948426,False
EXOC7,-0.20796826788982514,0.308260065093624,0.8594685957008106,False
ZC3H4,0.15748047026310275,0.11745586609481971,0.681157398507616,False
USP22,0.12022450071732038,0.28522580148691484,0.8458193698471415,False
USP24,0.08011524098047929,0.6464584418618826,0.9558209137948426,False
TBC1D2B,0.01234582474022261,0.8806717904970817,0.9873158439777973,False
SAMD4A,0.0064811820070076465,0.9468354812482822,0.9932974114497385,False
TRAK1,-0.03670692312772772,0.6587890392729654,0.9558209137948426,False
FOXJ3,0.07181309552296256,0.4926747004796453,0.9192936166434658,False
SATB2,0.2740141714474369,0.2680794744350887,0.8369727184451914,False
DICER1,0.05625560723895262,0.4240773890097129,0.8800723730691165,False
SLC7A11,0.04217132350623842,0.8675682421524924,0.9855253681560873,False
WASF3,0.0476854041874617,0.5081337419359042,0.9247690556585174,False
MAPRE3,0.015196264990461117,0.8903357392790924,0.9895993288981546,False
HPS5,-0.23796774814570654,0.12595319430859236,0.6868815000283959,False
CORO2B,-0.09664426500666679,0.37589588266635343,0.8710094636801181,False
SHOC2,0.08864300626502697,0.38133730084437484,0.8718690155859481,False
DNM3,-0.008625392248632124,0.9273808335177278,0.9929705792864855,False
SRRM2,-0.0012072630018558073,0.986162162417952,0.9972240854967319,False
MGAT4B,0.015335574246329031,0.8457211723244615,0.9832368101007968,False
PA2G4,-0.06871388407548196,0.43879865375119964,0.8881041085174494,False
EXO1,0.06235473987516116,0.48392212769321546,0.9142140904688919,False
SPG7,-0.23838236078675124,0.13558224906643082,0.7041568016530095,False
BAIAP2,0.12635307417233577,0.3126020259828682,0.8599825844982091,False
GAB2,0.021037012159972335,0.8574321260816982,0.9849296200170881,False
SMC3,0.15652974406446418,0.007333559024330877,0.2495805951257824,False
CHMP2B,0.0011838086970215045,0.9947909524848416,0.9986707923931288,False
ZNF148,0.1552805464472229,0.30379178619716335,0.8555361681307423,False
MTMR6,0.04362891793386581,0.588395133720238,0.947780458509137,False
NIP7,-0.3786026219199101,0.4041394101304601,0.8770879497439329,False
GNE,-0.15404627113612435,0.4235340502503008,0.8800723730691165,False
C14orf166,0.02905709020816971,0.7876817907089254,0.9757676912534892,False
RUVBL2,0.20189939920509659,0.0005372458067383256,0.12702972211189337,False
CDYL,0.10448098815623297,0.3216072012885478,0.8637689122788939,False
LIPT1,0.07790811843685219,0.4276464165785497,0.8800723730691165,False
PIN4,0.4957499776094174,0.12977185284520576,0.6928869636461377,False
CLEC11A,0.23474235276682975,0.5102874740050911,0.9249858859782426,False
AKT3,0.11260642875829419,0.12465932083258129,0.6868815000283959,False
POMP,0.04945392654152769,0.4899362258584992,0.9174333597268364,False
GINS2,0.11955176316888227,0.3481178173328058,0.8676073108938235,False
LZTS1,0.6463406678473795,0.0745842097835758,0.5939240829767172,False
EIF3L,-0.09287692039466577,0.22257143453090983,0.8026978449909309,False
PLAA,-0.018198581242156564,0.8776070247313217,0.9864997068182194,False
RUVBL1,0.12753408877689765,0.03771735911150006,0.4562240712077122,False
NUDC,0.09767525167994862,0.31951683020950594,0.8635408661899079,False
BCS1L,0.14407600068513204,0.302248127243003,0.8549304170587799,False
VDAC3,0.29191914293768306,0.4103568715903558,0.8770879497439329,False
CFL2,-0.31066515797293803,0.019603676855216218,0.3677832669484442,False
ERGIC3,0.233975139308356,0.20565629525662382,0.7879967471773515,False
FARSA,-0.17572266220022925,0.08279070294180597,0.6107556612730876,False
ITM2B,-0.030684971489467472,0.7335192027015008,0.9732405574099902,False
SLC5A6,-0.22763609107505545,0.405226272867202,0.8770879497439329,False
MRPS33,0.022848272914714585,0.8892236637403412,0.9895511797039162,False
ASF1A,-0.538861674646661,0.01688502160609292,0.34061164274359856,False
DRG1,-0.022513106460827714,0.7500537186716001,0.9737735160683184,False
NCKAP1,-0.10978682947022023,0.3473914981428481,0.8676073108938235,False
CNPY2,-0.08442578264115852,0.5619888594307596,0.9412902243607043,False
PKIG,0.06012336727198431,0.4429964583352466,0.8922323034076093,False
SLC35A3,0.04223614627398575,0.5809287490996847,0.9448837424044848,False
EXOC6B,-0.023368736428508896,0.8264035064563615,0.9796427422937294,False
AKAP2,-0.14226939643101844,0.2891873435876954,0.8487579901098453,False
ZNF652,0.09841206969005256,0.3826425799964416,0.8718690155859481,False
DIP2C,0.056713634252499645,0.6680157465085689,0.9558209137948426,False
ATP11B,-0.032455953544452854,0.7123505891220707,0.9660644975765069,False
POFUT2,-0.3350678755694503,0.06690112559150135,0.5807751207151718,False
DNAJC16,0.06259106249785873,0.44692659638993776,0.8937143094373057,False
DLGAP4,-0.4710878767964637,0.03950069044879216,0.4660169853006692,False
STK38L,0.0324215277094666,0.6753273082121741,0.9558209137948426,False
INPP5F,0.052678708801476404,0.5010993172594077,0.9241165240783552,False
FNDC3A,-0.14450600415262826,0.2833552109435348,0.8457356496499373,False
NISCH,-0.10992275968744991,0.0827297227973797,0.6107556612730876,False
PIKFYVE,0.036069791964816744,0.67205524040898,0.9558209137948426,False
WDR37,0.039518130972943766,0.6111072939954768,0.9524750433088539,False
EPB41L3,0.5865487816651722,0.08729183130517862,0.612565904524345,False
ZBTB1,0.26597144188966126,0.07727912294096621,0.5994631503089047,False
USP20,-0.024561933598224783,0.7786704471858011,0.9757676912534892,False
KDM2A,0.078203596660682,0.5457107073412996,0.9366893576263704,False
DIS3,-0.05729452651489808,0.5358007082428645,0.9319600429228658,False
FRMD4B,-0.3606671729704516,0.3464760672753263,0.8676073108938235,False
ZKSCAN5,0.045963968215076534,0.5713990819678569,0.9426811085231039,False
LRCH1,0.5258477220415294,0.02445780771881074,0.39017973021447133,False
RCL1,0.3531293120789165,0.04389405035039509,0.4816462528279052,False
ATP8A1,-0.4433764829967437,0.001095497735465546,0.17193970555416557,False
GSTK1,0.15377953576636116,0.6443624034981227,0.9558209137948426,False
LAMTOR2,0.006869852802033449,0.9773962156057486,0.9963736685954901,False
MRPS28,-0.22085745885737396,0.4027621665374808,0.8770879497439329,False
COA3,-0.5144289459760323,0.2618172216493777,0.8324080144830759,False
DDX52,0.1815236848012276,0.19569100996618763,0.7743704887069277,False
MRPS17,0.3609527345524626,0.38130507119059814,0.8718690155859481,False
MRPS7,0.23862443682236645,0.0008750752029011391,0.17188308399374774,False
POLR1D,-0.35855421562244416,0.28976950494231435,0.8487579901098453,False
CRYL1,0.04184178430217855,0.5997670260375281,0.9481801885122683,False
POLDIP2,-0.17066627768396359,0.2652966902575713,0.8340957871754537,False
AP3M1,-0.29954072465240245,0.03736551187910701,0.45539217602661675,False
MAP3K2,0.0651936297665543,0.43511228719723716,0.8834310868100671,False
LEMD3,-0.04135399690386876,0.7064062694881597,0.9645093452622473,False
CARHSP1,0.09642056604258187,0.6009007076725539,0.9488647401050158,False
COG6,-0.07476994200008846,0.3768645121343553,0.8718690155859481,False
THRAP3,0.13775850506848997,0.06107263083479938,0.5617956157087194,False
WBP11,0.07677461632782112,0.4030580354426553,0.8770879497439329,False
TDRKH,-0.07756499952091644,0.36371173601648876,0.8676073108938235,False
MED16,0.025011624410673505,0.7423329826438687,0.9732623744879622,False
NOP58,0.2265651761099683,0.006302873124400447,0.2495805951257824,False
GIT1,-0.09313958442344727,0.8329307191960581,0.98043044117166,False
ZNF281,0.02046522159434261,0.8060851260664408,0.978017374036115,False
ARL2BP,0.03776274922756073,0.6156434547533727,0.9532680024183657,False
POLR3K,0.041556123594368444,0.5900947482489314,0.947780458509137,False
SUGT1,0.0906883770378748,0.5756733286059063,0.9426811085231039,False
MTO1,-0.0005429041607598606,0.9945912837124943,0.9986707923931288,False
YARS2,-0.03709959888637471,0.6959186413636983,0.9627230094035356,False
AMDHD2,-0.18632542185578416,0.021744134086700354,0.38037019194545985,False
ACOT9,0.08403686793551657,0.27162682685332246,0.8386146206467584,False
AAR2,0.15412297301427103,0.545612302949662,0.9366893576263704,False
NOSIP,-0.03620618277003018,0.6398745215284952,0.9558209137948426,False
DERA,-0.05216115573124114,0.631284972074805,0.9558209137948426,False
MEMO1,-0.06723554582763214,0.7679584539649654,0.9747728847731245,False
TMX2,0.05463141680845496,0.4756159828470335,0.9106367586519569,False
FCF1,0.08184782142573965,0.2531154325583627,0.8284831172497783,False
LSM2,0.09565725956479554,0.29978841076633345,0.8533193234033211,False
STARD10,-0.05430420571043726,0.853920256847765,0.9844804580394803,False
SH3GLB1,-0.20020585231851484,0.1015585940209042,0.6500968265353259,False
NDUFAF1,-0.09768608393794409,0.43046755106834966,0.88078177778214,False
CAB39,0.025283602533377803,0.7359041685538356,0.9732623744879622,False
LUC7L2,-0.0919102291658831,0.14417182548629476,0.7259356001598645,False
UBE2J1,-0.30281879801567513,0.30178928165351365,0.8547596951762149,False
RBMX2,0.47318957321154187,0.08082332281470556,0.6107556612730876,False
DHRS7,-0.0637533531739578,0.5831563364905885,0.9449459854812928,False
MRPS2,-0.0856100343872761,0.6989279550912723,0.9633409167967912,False
UTP11L,-0.0674927191921526,0.647911279558705,0.9558209137948426,False
MOB4,-0.01301291524615067,0.9478381320614652,0.9936382978877489,False
RRP7A,0.23410002841645294,0.11569859658587171,0.679306997290223,False
SBDS,-0.1356002534646521,0.05388287886490958,0.5276245183670369,False
TMED5,0.07804585325087032,0.8036231677807045,0.977321208851085,False
EXOSC1,0.27644752737522893,0.11121599795638329,0.6701076281360735,False
TMED7,-0.15409604499257057,0.5937904684139984,0.9479632391439603,False
SF3B6,0.21162641405049953,0.4679234889794717,0.9036877705831033,False
MRPL11,-0.027281253938951977,0.8300980656232281,0.9796746903350853,False
REXO2,0.431042300249743,0.062324018099254884,0.5653380532332504,False
RRP15,0.45896235238588545,0.00035499732572708264,0.12702972211189337,False
CCDC53,-0.1539419368615711,0.251855295535876,0.8280879008147418,False
NOP16,0.1247033492623224,0.43519449031669194,0.8834310868100671,False
TPRKB,0.00537754659854528,0.950592263944687,0.9936382978877489,False
RNF11,0.0537773659914329,0.4472407574689048,0.8939979432091449,False
PPIL1,-0.03081970125834843,0.8293602562681303,0.9796746903350853,False
MED31,0.2428433848035283,0.026409142094077253,0.4085164167677575,False
UFC1,-0.4790465706901976,0.04253811222841892,0.4777185902092072,False
FAM96B,0.08615156048231398,0.2781996139625676,0.8435505643804808,False
MSRB2,0.0664086838672091,0.7966067693864946,0.9765983160606005,False
MRPS16,0.022955696812083204,0.8845549071062959,0.988414301604248,False
FIS1,-0.25690175557617323,0.6036286056324932,0.9504935061175727,False
PAM16,0.3094065210591843,0.011927328047605113,0.29186291759110733,False
AK6,0.06527719996203274,0.6533609345465666,0.9558209137948426,False
MRPS23,0.16274294207357443,0.25929819558918105,0.830105673376657,False
HDGFRP3,-0.19359638358391962,0.32968776701681063,0.8643320035562339,False
BOLA1,0.006307949575028005,0.9453330210174857,0.9929705792864855,False
PTRH2,0.001341128816793713,0.9889786522032985,0.9973108179068919,False
STRAP,0.007129973984213223,0.935324057625258,0.9929705792864855,False
RTCB,-0.10629525484121771,0.0629364423008329,0.5662521990783712,False
FBXO7,0.17084612185191617,0.38628032159219194,0.8718690155859481,False
SH3BP1,0.06675245943596408,0.8256991692276686,0.9796427422937294,False
RABGAP1,-0.3475934000528227,0.12445166561331464,0.6868815000283959,False
TMED3,-0.21306716366803258,0.4821501388025598,0.9142140904688919,False
TSC22D4,-0.23111404216226106,0.1677389852991512,0.7613501152595638,False
DOPEY2,-0.10353795857443515,0.8398288534363129,0.9818856598587706,False
ZNF330,0.0324102558542414,0.6904289944866714,0.9596114811569468,False
NOC2L,0.32802493873300875,0.1546150159842756,0.7444754364710432,False
CCDC9,-0.13142010786751257,0.49657154187599123,0.921672302270552,False
CHTOP,-0.15594962764608056,0.5980394650286407,0.9479632391439603,False
SAMHD1,-0.4526403898351816,0.0711184164853098,0.593521348757803,False
FAM32A,0.06750223528853994,0.33317728769733373,0.8661396597898031,False
C2CD2,-0.03522676039354167,0.772959985778204,0.9747728847731245,False
KNSTRN,0.12395279317831864,0.090958593084063,0.6266070553262433,False
HBS1L,-0.2619325095380489,0.08975457109307729,0.6230535760344685,False
PRKAB1,-0.010164493390796281,0.9570957198924319,0.9943137920657577,False
MTF2,0.15225976106945183,0.17537612182581183,0.7613501152595638,False
DMXL1,0.024347163682822526,0.7718573425234952,0.9747728847731245,False
ATP6V0A2,0.3380141114555286,0.1335288322269902,0.6985837686021804,False
TLN1,-0.4271350379216585,0.00035178628609604484,0.12702972211189337,False
KIF3A,0.07569856400475317,0.8193776199670865,0.9796427422937294,False
TRRAP,-0.006200548805495032,0.9576332617931491,0.9943137920657577,False
VPRBP,-0.06238157454653859,0.7754308600662475,0.9757676912534892,False
KDM3A,0.00047088540754458563,0.9957470476873077,0.9991555532696689,False
TCAF1,0.03884307429879286,0.7885442796175878,0.9757676912534892,False
RBM19,0.3177321879942703,0.17151206839474512,0.7613501152595638,False
DAAM1,0.08749222072149365,0.32900060992347047,0.8643320035562339,False
PLXND1,0.4900968305562934,0.37512579499529386,0.8705137002505287,False
HECTD4,0.00413645771989124,0.9622510650002761,0.9943137920657577,False
FAM21C,0.013475854955959932,0.8775409807855821,0.9864997068182194,False
WDR7,0.014651778855842679,0.9021837388770731,0.9906253158153695,False
USP15,-0.0018761973958199007,0.9867669381817284,0.9972240854967319,False
FARP1,-0.20084365020658268,0.05549866220797943,0.5370434455764626,False
FAM65B,-0.10625225049564335,0.7529288322475749,0.9737735160683184,False
TLN2,-0.40462414391724266,0.2589934599856062,0.830105673376657,False
MYO5A,-0.159795232455334,0.36981735823909845,0.8701187203907125,False
LOXL2,0.12118506860042544,0.2604959739430454,0.8307746793345019,False
AIM1,0.4246802524937614,0.2151257178825917,0.7973966597830138,False
TRAF6,-0.025621966813208275,0.7054301610499432,0.9645093452622473,False
MAP4K5,-0.10548283653702839,0.5336593045792138,0.9301211194590643,False
HYOU1,0.030540587401944208,0.6152782735607731,0.9532680024183657,False
ATG4B,-0.20442330515237472,0.47621954920027354,0.9106826290592618,False
TBL2,-0.164543879792447,0.07884237260040368,0.6032707106820424,False
WIPI2,-0.05979540914754722,0.5318297927177998,0.9290708236410674,False
TELO2,-0.04408990362934162,0.7480583844937779,0.9732623744879622,False
LAS1L,0.308723501897731,0.0446230518687689,0.4842923722155659,False
AFG3L2,0.2617092570340702,0.007807199805899039,0.2550219835074128,False
ARIH1,-0.43407869910914343,0.07377976020028655,0.5939240829767172,False
LSM5,0.037005077250654494,0.7701468998237032,0.9747728847731245,False
LSM4,-0.2034317816801341,0.2092991828848808,0.791133134973397,False
RNF114,0.30532540822675003,0.15322578915253715,0.7422045468148969,False
SAMM50,0.2499594675151826,0.21015189251913494,0.7926889966943923,False
TMEM184B,-0.20009298769136663,0.21755123790620293,0.7987194806067339,False
PRRC2C,0.05794106075529015,0.529812688769961,0.9290708236410674,False
OARD1,0.05090872905262955,0.4752694445042681,0.9106367586519569,False
POLR3H,-0.12062478747440153,0.5769105275071951,0.9426811085231039,False
HSPB11,-0.04832171295920418,0.8063767419660699,0.978017374036115,False
YIPF1,-0.015083363815719508,0.8766990659484666,0.9864997068182194,False
LRP12,0.1582724118547283,0.7792768539501291,0.9757676912534892,False
PPME1,-0.1085219007093734,0.5329422105995372,0.9296511589070268,False
RBM7,0.24628086479700428,0.08153522772247188,0.6107556612730876,False
TIMM22,-0.0029284080246725352,0.9704129425927763,0.9961388673740844,False
ZSCAN21,-0.011371668198826512,0.8759247429969803,0.9864997068182194,False
NUB1,0.004382783378471089,0.9571851847533323,0.9943137920657577,False
YTHDF2,0.3176659426868831,0.16747914727447863,0.7613501152595638,False
CTDP1,-0.10335083969996361,0.4344968815495855,0.8834310868100671,False
PAXBP1,0.05651522255896424,0.5757627929214755,0.9426811085231039,False
NME7,-0.05202545500081612,0.6566481461672846,0.9558209137948426,False
SUPT16H,0.12726787784785998,0.01208325111673669,0.29186291759110733,False
UTP18,0.49870970779778645,0.0017189279479377212,0.1988338093663365,False
TIMM10B,-0.11056436185807428,0.24369589349534534,0.8246004142899965,False
TIMM9,0.11936537900672661,0.19870712404370156,0.7790486248753123,False
TIMM8B,-0.09984745652736038,0.5405172739145436,0.9345293327399908,False
UCHL5,0.10755890188474382,0.2738285659728009,0.8387613457825793,False
CD2AP,0.2371279500433907,0.15083443663811766,0.7377854205205973,False
ATP6V1D,0.024429321055915665,0.8085994877326185,0.978017374036115,False
TNPO3,-0.1499036121859234,0.07830981884923387,0.6027795266684448,False
TIMM13,-0.5356835063045615,0.17087431246945683,0.7613501152595638,False
SRPRB,0.05703062213491705,0.6133579495396349,0.9524750433088539,False
ORC6,-0.016112717522549502,0.8557974479461814,0.9846337524644515,False
COL4A3BP,0.2708528079064898,0.009139244756166733,0.267380681919445,False
GMPPB,-0.17743272076418037,0.2850975700337807,0.8458193698471415,False
FADS3,-0.2154214775467409,0.37685085980076966,0.8718690155859481,False
GTF3C5,-0.6435533927895136,0.00677168629285158,0.2495805951257824,False
GTF3C3,0.19881406041178806,0.04421982072718662,0.4822958413210948,False
TRAPPC1,0.05923957467737395,0.3976055032598435,0.8764319149979993,False
TRPV2,0.07358685711727375,0.6740341325844251,0.9558209137948426,False
CDC42BPB,0.06150148609626527,0.37437155150154383,0.8701811028798047,False
RBM8A,0.13518261234137796,0.199263571657783,0.7795889907930142,False
DNAJC15,0.04199149135752833,0.5931807563664708,0.9479632391439603,False
USP16,0.04637947579837487,0.8310342726865974,0.980031843410658,False
TSSC4,-0.1544751186976825,0.10845974444818571,0.6615530384114455,False
IER3IP1,-0.5677483703975845,0.24081513433634055,0.8239307092895942,False
MAGED1,0.029243079359041246,0.7107509395082227,0.9652272713200098,False
SNX14,-0.8516909919093081,0.07192585766581316,0.593521348757803,False
SNX13,0.03294172258322803,0.6708908023292173,0.9558209137948426,False
SNX11,-0.21663606145292036,0.18713117264002768,0.767433867516824,False
SNX9,-0.20614260038825805,0.22901811901271193,0.8127893566185669,False
SNX8,-0.04581981593635831,0.6538942642101723,0.9558209137948426,False
SNX5,-0.010402059979551126,0.9145027271633642,0.9929705792864855,False
FLVCR1,-0.0011438250501001335,0.9882094122261937,0.9972240854967319,False
NUBP2,-0.05714743545483003,0.7646074249165492,0.9747728847731245,False
BACE2,-0.4067855359987327,0.1310698809680851,0.6955571453754312,False
HEBP2,-0.06303140073412195,0.6255943803475306,0.9556087593733652,False
UBIAD1,-0.36621018301501707,0.31918386328712495,0.8633661875799281,False
MRFAP1,0.058031475907519336,0.4081290090143812,0.8770879497439329,False
PUS1,-0.3031912651908222,0.2928464633575355,0.8487579901098453,False
LRRFIP2,-0.13323351921019366,0.7010047629571766,0.9635655076740904,False
FHOD1,-0.2160443077477332,0.29153537939943275,0.8487579901098453,False
PSAT1,0.24206016623938353,0.22725623139525314,0.8106946388803868,False
NCOR2,-0.7053123664398733,0.214608571982849,0.796887571096153,False
SLC25A15,0.007798215525792074,0.9275582785327778,0.9929705792864855,False
F11R,-0.19977161662890097,0.040117047867530856,0.46821991446752886,False
GPC6,-0.10468991075694944,0.608245898739611,0.9516690600336835,False
NPTN,-0.5285081079143339,0.03311465339556483,0.4329938901791078,False
CPQ,-0.09992027270672921,0.3402710450734841,0.8676073108938235,False
GPR56,0.6178226385422079,0.0003564969211648043,0.12702972211189337,False
SPIN1,-0.4955146957269534,0.0238948598504449,0.38731340840708545,False
SLC12A7,0.4208532876824371,0.03926632519289651,0.4653384946892984,False
ALG6,0.008935176255448596,0.9061938385190357,0.9908848514647399,False
ALG5,-0.1229298242346033,0.5061289667911699,0.9247690556585174,False
MRPS18B,0.11279142499760653,0.3045541432134466,0.8566776482658927,False
COPG1,-0.13341891433358555,0.03469653899500889,0.43886984785001276,False
AUP1,0.0198930073007908,0.9424985546677913,0.9929705792864855,False
FKBP7,0.015833982328484097,0.8833129603421104,0.9883705268303739,False
CLIC4,-0.34931001642896575,0.006561257336211736,0.2495805951257824,False
NFS1,-0.035318896226375074,0.7626517963047975,0.9747728847731245,False
CFAP20,0.12578156575461819,0.17382953792808198,0.7613501152595638,False
TACC3,0.017212479808062398,0.8321361493641163,0.98043044117166,False
SPCS1,0.013442273323903464,0.9310344387578297,0.9929705792864855,False
SAR1B,-0.053615103716801116,0.5923244570000545,0.947780458509137,False
MTCH2,0.17524087906339503,0.4160850094709632,0.8781590803363885,False
SELK,-0.052898665173181314,0.6204978360240138,0.9539851820917218,False
ARFGEF2,-0.21768314131740496,0.06309290236817283,0.5662521990783712,False
ARFGEF1,-0.10566829337070871,0.2164535790270837,0.7982679595722868,False
MAD1L1,0.2275513047544777,0.26857074094627936,0.8373317432118739,False
STK24,0.1226329594924529,0.24337376322737067,0.8246004142899965,False
BZW2,0.09092383203232757,0.2801970482711042,0.8451068482802616,False
MRPL42,0.21306620698430834,0.5093574843176678,0.9247690556585174,False
COMMD10,-0.05137454803461239,0.7847878084120026,0.9757676912534892,False
DYNC1LI1,-0.039627144645802304,0.6252342117812619,0.9556087593733652,False
CHCHD2,0.14058574460911544,0.06303085825628779,0.5662521990783712,False
EPN1,-0.06708459749626172,0.48381346040706463,0.9142140904688919,False
USP3,-0.010847351695034035,0.9391353690075993,0.9929705792864855,False
TEX264,0.17673845419428602,0.44907135032128465,0.8949439886396613,False
CABIN1,-0.025721490434509775,0.8831686944739394,0.9883705268303739,False
TAF6L,0.02778146366158296,0.7232388039619447,0.9702869229134838,False
CEPT1,-0.02390427225260794,0.8578238830565336,0.9850279599337605,False
DNMT3A,-0.007407823556071946,0.9360027622647971,0.9929705792864855,False
OAS3,-0.001614078366991123,0.984225183136316,0.9972240854967319,False
IKBKG,-0.0014481063184028642,0.9914700562218387,0.9978276214869458,False
IGF2BP2,-0.007048371778751061,0.9360418409234331,0.9929705792864855,False
SLC30A1,0.2011770327236846,0.42223232950941825,0.8799102302725008,False
SLC4A7,-0.3143879128022995,0.22912197247957736,0.8127893566185669,False
NDUFB9,0.3406943285592092,0.34372881032448405,0.8676073108938235,False
COX11,-0.021865636009565037,0.9362303106605607,0.9929705792864855,False
ROBO1,-0.1010874421358352,0.43434726797356893,0.8834310868100671,False
STON1,-0.2637881559640789,0.010866897888977352,0.284262145998249,False
NUMBL,0.014352619772225239,0.9099286167930277,0.992103986449071,False
DDX49,0.04235816384327862,0.9053407120917154,0.9906253158153695,False
WASF2,-0.08733112864639736,0.4533077961165462,0.8977244778944686,False
FAM169A,-0.011934900821714223,0.9148888685475705,0.9929705792864855,False
MORC2,-0.20822553528145704,0.19975859032118914,0.7804775523478155,False
IVNS1ABP,0.4303631765687115,0.08491240796954112,0.611301509390781,False
SEC23IP,0.043162154619480475,0.6627139085712873,0.9558209137948426,False
LY96,0.0324215277094666,0.6753273082121741,0.9558209137948426,False
