,gene,is_mapk_anchor,BRAFi,MEKi,ERKi
M6PR_S267,M6PR,False,,-0.02846932115405562,-0.043913601604752724
ESRRA_S19,ESRRA,False,-0.455629129673989,-0.40525863482453145,-0.25608009152128103
ESRRA_S22,ESRRA,False,-0.3891282492210395,-0.3927625309845676,-0.3066624772042707
DBNDD1_S119,DBNDD1,False,-2.0999696961024146,-0.9914018699586179,-1.9458875982813932
DBNDD1_S121,DBNDD1,False,-2.0722798760716876,-2.2189916141704047,-2.2023378761615753
BAIAP2L1_S251,BAIAP2L1,False,-0.511024275905708,0.5736235765001931,0.3011193531507625
BAIAP2L1_S255,BAIAP2L1,False,-0.5601901631451707,0.2842560885764949,0.2083923997906761
BAIAP2L1_S261,BAIAP2L1,False,-0.5069871345869992,0.1940418589854388,0.2929597201477552
ENSP00000315722_S774,ENSP00000315722,False,0.46800977409283234,0.4669663842730794,
ENSP00000315722_S674,ENSP00000315722,False,-0.15737348441327914,-0.01646251132509199,-0.20901550608059183
ENSP00000315722_S997,ENSP00000315722,False,0.08739717665441933,0.14632800903979504,0.23379488907734858
ENSP00000315722_S395,ENSP00000315722,False,,,0.018869803813211815
RPAP3_S116,RPAP3,False,-0.2464571568075481,,-0.18698434554454044
RPAP3_S119,RPAP3,False,-0.2464571568075481,,-0.18698434554454044
RPAP3_S121,RPAP3,False,-0.24246769469193488,,-0.18698434554454044
RPAP3_S481,RPAP3,False,-0.05715446579558881,0.18564162766827744,0.29267914604848816
STARD3NL_S196,STARD3NL,False,,-0.13215096785688846,
STARD3NL_S200,STARD3NL,False,,-0.13215096785688846,
STARD3NL_S27,STARD3NL,False,-0.2670796178917426,,
RANBP9_S477,RANBP9,False,-0.10362240093971323,-0.07514231233408396,-0.09034208568962322
RANBP9_S487,RANBP9,False,-0.07321111178286,-0.0936635097061236,-0.24607033777461426
NME1_S120,NME1,False,,-0.08214152913939649,-1.0130721537137233
MAP4K5_S335,MAP4K5,False,0.19926371653499278,0.046740284141912385,0.14062344184549624
PTBP1_S141,PTBP1,False,0.02233230009805639,,0.007522993566177472
GPRC5A_S345,GPRC5A,False,-0.5198397899627997,0.08381250648646117,0.16958649103302187
GPRC5A_S301,GPRC5A,False,0.6023874820990501,0.6336244542191269,0.767993717611875
RGPD6_S2454,RGPD6,False,0.07063144005996179,-0.008769674344625092,-0.09134937322880451
RGPD6_S782,RGPD6,False,-0.33559870883878506,-0.25910547465700523,0.0506061736907874
RGPD6_S789,RGPD6,False,-0.24218890774257162,-0.1571959150093035,-0.062369901190238525
RGPD6_S1305,RGPD6,False,-0.0634009317671795,-0.15815889947478118,-0.14988752455429372
RGPD6_S796,RGPD6,False,2.8716071217375956,2.7665669160464486,
RGPD6_S21,RGPD6,False,-0.027507642278046307,0.09146293404735098,-0.18061419350832816
RALBP1_S116,RALBP1,False,0.39011735366633044,0.1930318042449303,
RALBP1_S92,RALBP1,False,-0.1457601430800821,-0.416731255324799,
RALBP1_S93,RALBP1,False,-0.1457601430800821,-0.416731255324799,
RALBP1_S48,RALBP1,False,-0.26900774411749767,-0.2874680465120361,-0.42714417782224695
RALBP1_S62,RALBP1,False,-0.26900774411749767,-0.2874680465120361,-0.42714417782224695
RALBP1_S29,RALBP1,False,-0.4086287114472114,-0.15976560191022451,-0.16531615843630332
RALBP1_S30,RALBP1,False,0.03759307554023308,-0.12777971760899817,-0.32841994076631476
RALBP1_S34,RALBP1,False,-0.7292992870404168,-0.06299562549538153,0.03419758217006786
ENSP00000445960_S243,ENSP00000445960,False,-0.1621665933736413,-0.12711609413187056,-0.10531802614492056
ENSP00000445960_S261,ENSP00000445960,False,0.13431504188631388,0.26735601178388746,-0.12045105691922373
AKAP11_S444,AKAP11,False,,,-0.30220839146643647
AKAP11_S448,AKAP11,False,,,-1.0583612080604556
AKAP11_S18,AKAP11,False,-0.5801601728585644,-0.8132783132740364,-1.0421353027013964
AKAP11_S284,AKAP11,False,-0.06546187063428684,-0.058642800651419656,-0.19462498910523185
AKAP11_S288,AKAP11,False,-0.06546187063428684,0.006957847975543649,-0.19462498910523185
AKAP11_S1171,AKAP11,False,,-0.09915444023657737,-0.5714947467240128
AKAP11_S1240,AKAP11,False,,-0.250645946386623,-0.47487325510880685
AKAP11_S1242,AKAP11,False,-0.2407024578003416,-0.19906602975189822,-0.17127053161225678
RANBP3_S58,RANBP3,False,-0.4396005069770431,-0.07956039103243304,0.10516830799644983
RANBP3_S260,RANBP3,False,0.03117400202621613,0.032393604469298676,0.12013000340236575
BOD1L1_S1531,BOD1L1,False,0.07822512507997367,0.049795060213871,0.04158400076676192
BOD1L1_S3029,BOD1L1,False,-0.3783504625745687,-0.30694839172032945,-0.1402530334724655
BOD1L1_S538,BOD1L1,False,-0.08155305544943642,-0.014070486362900021,
BOD1L1_S2779,BOD1L1,False,-0.30715320720247724,-0.3397573919051853,-0.015731520581148954
BOD1L1_S2780,BOD1L1,False,0.020879375897290487,0.04917332249385061,-0.2494189755837915
BOD1L1_S635,BOD1L1,False,-1.7845443164111567,-1.2970158587632543,-0.5593028866266241
BOD1L1_S2954,BOD1L1,False,-0.48245500521466816,-0.4746481566689668,
BOD1L1_S3019,BOD1L1,False,-0.06772609014859597,0.08805860452974419,-0.07098966376900512
BOD1L1_S266,BOD1L1,False,,,-0.5977799072730448
BOD1L1_S2986,BOD1L1,False,0.6599233310502326,0.6452355554017702,0.5783389751480759
BOD1L1_S482,BOD1L1,False,0.06021178726809825,0.059381710582514714,0.058318022730055895
BOD1L1_S484,BOD1L1,False,0.06021178726809825,0.059381710582514714,0.058318022730055895
RIPOR1_S345,RIPOR1,False,-0.42865338634754835,0.10878510598898328,0.007482771247024428
RIPOR1_S347,RIPOR1,False,-0.7641883762421909,-0.17782273478023844,-0.022494446819376093
RIPOR1_S397,RIPOR1,False,-0.3773887126087536,0.08849019476971044,0.02076586183983406
VAMP3_S44,VAMP3,False,-1.9510223585320514,-1.8552833021609074,
ARID1B_S1542,ARID1B,False,-0.3313151331629425,-0.37141137723271306,-0.2863207121857825
ARID1B_S1555,ARID1B,False,-0.014147184671471004,0.13977087033375438,-0.33474903491089886
ARID1B_S1559,ARID1B,False,0.4538599399690289,0.7715475722956063,
PKP2_S251,PKP2,False,0.21113682698227518,,
ENSP00000412053_S556,ENSP00000412053,False,0.10909638865345002,0.22842607365021161,0.24261983039778
ENSP00000412053_S557,ENSP00000412053,False,0.45835158318829144,0.09695668419706686,0.1672595166378792
CTDP1_S831,CTDP1,False,-0.07649997766106928,,
CTDP1_S833,CTDP1,False,-0.07649997766106928,,
HDAC7_S486,HDAC7,False,-0.13641037515993615,,-0.0899154214187629
HDAC7_S181,HDAC7,False,-0.26239496274644614,-0.04393411183435159,-0.05056218370426848
HDAC7_S155,HDAC7,False,-0.07146998968635253,-0.3136676795121325,-0.12809549411687934
RPL18_S161,RPL18,False,-0.22382854285856107,,0.25882039687641173
EPN1_S409,EPN1,False,,-0.6186944749593314,-1.7763550388523301
ENSP00000470428_S64,ENSP00000470428,False,-0.22820828388748138,-0.21698262599209786,-0.2351635991804661
ENSP00000470428_S165,ENSP00000470428,False,0.8203969885992805,0.6394537973336277,0.09808692327568944
ENSP00000470428_S177,ENSP00000470428,False,0.8204854784968459,0.6404239589812928,0.09808692327568944
ENSP00000471681_S42,ENSP00000471681,False,-0.03993040345395153,-1.982749041178152,-0.005796837556690608
MBD3_S53,MBD3,False,-0.16003878803634533,0.11849229283776536,-0.09673384700060252
LMCD1_S16,LMCD1,False,1.111298453402541,,
KIF22_S344,KIF22,False,,,-0.3856953451010148
YTHDC2_S1277,YTHDC2,False,,,-0.24377942250310405
YTHDC2_S1279,YTHDC2,False,-0.06365081296157381,-0.10655559525739795,-0.1803673044320385
YTHDC2_S1281,YTHDC2,False,-0.1731715851255541,-0.10511366849377946,0.03421571533791298
YTHDC2_S1221,YTHDC2,False,,-0.21164838191175672,
YTHDC2_S1223,YTHDC2,False,,-0.21164838191175672,
FOXJ2_S172,FOXJ2,False,-0.4719288354212646,-0.23115933321580734,
ENSP00000348252_S116,ENSP00000348252,False,-0.38656683744824955,-0.28196754534406127,-0.12891688234990673
METTL22_S132,METTL22,False,,-0.48454993513355565,-0.7781352893514858
PYGM_S15,PYGM,False,0.9577343073885332,0.28747229511906675,0.35803390046848493
GPATCH1_S6,GPATCH1,False,0.1339728516731252,0.08952566673781519,-0.04014309056787268
GPATCH1_S8,GPATCH1,False,0.1339728516731252,0.08952566673781519,-0.04014309056787268
STK10_S450,STK10,False,0.05106422751344303,0.13816190040263515,0.04703856730338024
STK10_S454,STK10,False,0.013364916810036978,-0.13524713401758084,-0.053573514060904964
STK10_S455,STK10,False,0.1644670477712953,0.23361658795602117,0.1333463147539951
STK10_S514,STK10,False,-0.5889593919219436,-0.015335839024928077,
STK10_S13,STK10,False,,0.2828549093225548,
STK10_S438,STK10,False,-0.37763950257321993,0.06550790987528213,0.09385092844116633
STK10_S413,STK10,False,,0.37083384817640336,
STK10_S417,STK10,False,0.10081942212601674,0.08349977539699571,0.059801220290100134
ENSP00000179765_S1365,ENSP00000179765,False,-0.22261605639995083,-0.16967976412994215,
ENSP00000179765_S132,ENSP00000179765,False,,-0.7586723234543735,-0.49589830838762344
ENSP00000179765_S133,ENSP00000179765,False,-0.5867198675416937,0.18726100484169694,-0.5582206624692636
ENSP00000179765_S1751,ENSP00000179765,False,-0.23162125662685748,-0.25660188522725785,-0.11041576898867667
STXBP5_S85,STXBP5,False,0.015466413698772852,-0.1758577214150285,-0.5423741913924726
STXBP5_S108,STXBP5,False,-0.5788883023391701,-0.5914218372771457,-0.5915316547166556
STXBP5_S111,STXBP5,False,-0.5334199589180307,-0.5914218372771457,-0.33906445500264465
HEATR6_S336,HEATR6,False,-0.74236173472715,-0.6190711143547998,
HEATR6_S337,HEATR6,False,-0.74236173472715,-0.6190711143547998,
TMEM131_S1649,TMEM131,False,0.13395801010054917,0.05332559670428703,0.24171817459670142
TMEM131_S1341,TMEM131,False,1.3251561177415911,,
TMEM131_S1342,TMEM131,False,1.3251561177415911,,
TMEM131_S1345,TMEM131,False,1.3251561177415911,,
TMEM131_S1375,TMEM131,False,-0.25955190092580294,-0.0772829331324986,-0.07321260831052862
TMEM131_S1871,TMEM131,False,-0.10376736639595464,-0.036274351124646526,
NFKB2_S858,NFKB2,False,-0.14104824853867362,-0.6526745083661979,
COBLL1_S269,COBLL1,False,-0.6657076465790291,0.39932892069562953,0.2939722267120791
TDRD3_S256,TDRD3,False,-0.6097313383524346,-0.558520308053771,-0.8191811058127618
FAM234B_S16,FAM234B,False,-0.057024870195444444,-0.0070656155494604215,0.08800587129002016
FAM234B_S30,FAM234B,False,-0.07628374629222091,-0.300994606322314,-0.06469082598324861
FAM234B_S33,FAM234B,False,-0.07628374629222091,-0.300994606322314,-0.06469082598324861
FAM234B_S62,FAM234B,False,-0.31889127687637303,-0.27649337800671986,-0.3059107762425473
RRN3_S44,RRN3,False,-0.038598926835720984,-0.4191791642895872,
ENSP00000464473_S115,ENSP00000464473,False,,-0.2887518042824092,
ENSP00000464473_S118,ENSP00000464473,False,,-0.2887518042824092,
TRIP6_S92,TRIP6,False,0.2079113436755625,0.2601113277969222,0.2327452654875235
TFAP2C_S434,TFAP2C,False,0.1273691466162218,0.14759632791684596,0.7371910856239123
REM1_S18,REM1,False,,-1.5459083542398921,
REM1_S24,REM1,False,,-1.5459083542398921,
EPB41L1_S504,EPB41L1,False,0.293571680296106,0.24537684491372927,-0.10677757422357019
EPB41L1_S13,EPB41L1,False,,0.053849740226118915,
EPB41L1_S436,EPB41L1,False,0.18651584017117173,0.27535074278505106,0.05067198239921836
EPB41L1_S466,EPB41L1,False,-1.966009723375084,,0.28427721805512784
EPB41L1_S470,EPB41L1,False,-1.7851291659960948,,0.28427721805512784
EPB41L1_S472,EPB41L1,False,0.09410091643886649,0.13516282653747605,-0.3865518066011392
EPB41L1_S565,EPB41L1,False,-1.5168420481919158,0.48377708995114904,
EPB41L1_S574,EPB41L1,False,-0.10349335921968855,0.2162375520538233,
EPB41L1_S576,EPB41L1,False,-0.033246946709613395,0.2162375520538233,
EPB41L1_S682,EPB41L1,False,-0.028233908823039566,-0.027159833258557906,0.034648714717906794
NSFL1C_S114,NSFL1C,False,0.2011548773144811,0.13650694269780975,0.07333406257393371
NSFL1C_S140,NSFL1C,False,-0.04458651594884138,-0.08278270994294096,0.08324741374793612
RALGAPA2_S637,RALGAPA2,False,-0.030980113096994576,0.13819101147517274,0.056583528366367514
RALGAPA2_S638,RALGAPA2,False,-0.030980113096994576,0.13819101147517274,0.056583528366367514
ENSP00000202816:map.20/13695607/G:p.I824L:n.T13695607G:c.Att/Ctt_S657,ENSP00000202816:map.20/13695607/G:p.I824L:n.T13695607G:c.Att/Ctt,False,0.18395480728044114,0.16812401520123554,0.218687504167317
ENSP00000202816:map.20/13695607/G:p.I824L:n.T13695607G:c.Att/Ctt_S663,ENSP00000202816:map.20/13695607/G:p.I824L:n.T13695607G:c.Att/Ctt,False,0.18395480728044114,0.16812401520123554,0.218687504167317
ENSP00000202816:map.20/13695607/G:p.I824L:n.T13695607G:c.Att/Ctt_S153,ENSP00000202816:map.20/13695607/G:p.I824L:n.T13695607G:c.Att/Ctt,False,0.20168251947402335,0.1667090282142301,0.12888716167397132
ENSP00000202816:map.20/13695607/G:p.I824L:n.T13695607G:c.Att/Ctt_S198,ENSP00000202816:map.20/13695607/G:p.I824L:n.T13695607G:c.Att/Ctt,False,0.07400427443159527,0.11965503002457197,0.15498176511892547
TMEM230_S23,TMEM230,False,-1.690596987419393,-1.7792781803028295,-1.7383312781004725
TMEM230_S24,TMEM230,False,-1.1453918397410858,-0.3868597470847129,-0.7056778103335487
UQCRC1_S212,UQCRC1,False,0.36546858577813096,0.40328810860383923,
UQCRC1_S107,UQCRC1,False,0.15902923475817587,0.08398213727852444,0.005021356938585159
GMIP_S437,GMIP,False,-0.0028005966017840556,0.06560435504418709,-0.1748330216629649
GMIP_S441,GMIP,False,0.4150014314519718,0.06560435504418709,-0.3695608976245744
GMIP_S234,GMIP,False,-0.19224545043360844,-0.14089521503072616,-0.2294663921036942
MLF2_S238,MLF2,False,-0.0023706527318311152,0.1458429904641132,0.15929090944699925
ENSP00000471058_S907,ENSP00000471058,False,,-0.39963508504899725,
ENSP00000471058_S883,ENSP00000471058,False,-0.19373369281676647,-0.7158175589151394,
TFAP4_S124,TFAP4,False,0.1747339046679973,0.18121453751492492,0.27800423920845807
ENSP00000409303:map.12/133384864/A:p.P264L:n.G133384864A:c.cCg/cTg_S385,ENSP00000409303:map.12/133384864/A:p.P264L:n.G133384864A:c.cCg/cTg,False,,0.28000607830130464,
ENSP00000409303:map.12/133384864/A:p.P264L:n.G133384864A:c.cCg/cTg_S465,ENSP00000409303:map.12/133384864/A:p.P264L:n.G133384864A:c.cCg/cTg,False,-0.3494743783183558,-0.23448222661969817,-0.29647399845961336
ENSP00000409303:map.12/133384864/A:p.P264L:n.G133384864A:c.cCg/cTg_S878,ENSP00000409303:map.12/133384864/A:p.P264L:n.G133384864A:c.cCg/cTg,False,-0.04939882204113517,-0.025322737517287936,-0.19713836120022657
PLEKHG2_S1129,PLEKHG2,False,-0.5588445789816546,-0.09037709151774129,0.024035789634601512
PLEKHG2_S917,PLEKHG2,False,-0.37632039170599013,,
APOH_S57,APOH,False,0.3006378467122905,0.21402352225163745,-0.134914918646241
TEKT2_S5,TEKT2,False,,-3.0837526763099867,
TEKT2_S9,TEKT2,False,,-3.0837526763099867,
AAAS_S495,AAAS,False,-0.22662595771348262,-0.32719236411894,-0.12690507977470356
CBX5_S92,CBX5,False,,0.977829416951956,
ENSP00000210444:map.9/100823135/C:p.E68D:n.G100823135C:c.gaG/gaC_S275,ENSP00000210444:map.9/100823135/C:p.E68D:n.G100823135C:c.gaG/gaC,False,0.3025237777356443,0.03294716409912902,
BAG6_S113,BAG6,False,-0.06967416190288717,-0.020040398908225433,0.01635567442410635
BAG6_S958,BAG6,False,-0.39190991898690997,-0.580925869034354,-0.20834122520592324
BAG6_S967,BAG6,False,-0.3268558762075127,-0.28411762461195816,-0.221650926729858
BAG6_S1111,BAG6,False,-0.3517657422902404,0.2627128430477761,-0.12318384126099484
VCL_S290,VCL,False,-0.4148189237677178,-0.39413135031627283,0.08515268056313831
VCL_S721,VCL,False,0.17154665588482648,-0.1600348697659465,-0.1163009909801891
SIRT1_S14,SIRT1,False,0.04716078671941559,-0.07010774267431215,-0.2295854067965047
SIRT1_S47,SIRT1,False,-0.1738155167581848,-0.2929233995340499,-0.386924105204119
BCL7C_S97,BCL7C,False,0.28062636004265845,0.25023972921815213,-0.09187882959386191
BCL7C_S100,BCL7C,False,0.2858714991205871,0.22540895877169842,-0.09187882959386191
BCL7C_S114,BCL7C,False,-0.7483193127578622,-0.6766538967324377,-0.5528261256003726
BCL7C_S122,BCL7C,False,-0.8468432119385795,-0.8271250979612002,
BCL7C_S126,BCL7C,False,-0.7369644387811741,-0.6137099362819334,-0.5528261256003726
SF3A1_S451,SF3A1,False,0.19833424104726308,0.16530045366919507,0.2781205191687684
ENSP00000215939_S8,ENSP00000215939,False,,-0.4564780002891414,
ANKRD54_S63,ANKRD54,False,0.07536254707707098,0.011027320669267185,0.3554855858048191
MICALL1_S484,MICALL1,False,-0.44828235444882364,0.05507087885489662,-0.013016410854359478
MICALL1_S486,MICALL1,False,-0.974075029127018,-0.042207437273506065,-0.08713698581105368
MICALL1_S640,MICALL1,False,-0.583239415162964,1.6280395144091866,0.5072037337025174
MICALL1_S644,MICALL1,False,-0.6256194487381077,0.39384401145533715,0.5072037337025174
MICALL1_S471,MICALL1,False,-0.7492511205884806,-0.10224064025439585,0.47530415106396695
MICALL1_S578,MICALL1,False,-0.21016936261617267,0.675232369584863,0.2289658687232286
CBY1_S20,CBY1,False,0.13765948487650492,-0.022195150780419743,0.10081799017770995
GTPBP1_S44,GTPBP1,False,0.3840498067951597,,
GTPBP1_S47,GTPBP1,False,0.3840498067951597,,
GTPBP1_S580,GTPBP1,False,-0.15482021391060863,0.032886990343794754,-0.26403628127137196
GTPBP1_S24,GTPBP1,False,0.018565223908687055,0.35501626421954985,-0.08390557706164166
GTPBP1_S25,GTPBP1,False,-0.08665507966769304,0.14066568289352271,0.12440532920276627
SUN2_S110,SUN2,False,0.2712726311888064,0.6045458163687107,0.1726655947051684
SUN2_S116,SUN2,False,-0.07007269107954169,,0.023722787245401555
SUN2_S12,SUN2,False,-0.7264244343846202,-0.7864407156432588,-1.2881351060380593
SUN2_S38,SUN2,False,,-0.4241264604636241,
HMGXB4_S497,HMGXB4,False,,0.11032960279223984,-0.0035218227151767967
HMGXB4_S102,HMGXB4,False,-0.4966512648324959,0.09775997742089239,0.24171817459670142
HMGXB4_S197,HMGXB4,False,-1.0528594613071642,-1.001363923917827,
HMOX1_S229,HMOX1,False,-0.49867527533580525,-0.2381530786176341,-0.23304023548966535
TTLL12_S15,TTLL12,False,0.0355685195886551,0.04867834906303882,0.12750620010494174
TAB1_S7,TAB1,False,0.41218535915670673,,0.1540772011470868
MYH9_S1943,MYH9,False,-0.2028295064738296,-0.21887378769996446,-0.2246427046601221
ENSP00000438705_S112,ENSP00000438705,False,-0.1178274775415062,-0.025545126442104396,-0.007260568417820233
ADSL_S9,ADSL,False,-0.11785145490628895,-0.09970686075878914,-0.10792179481827076
ST13_S75,ST13,False,0.6908625927219295,0.28182919911911547,0.02446153014099581
ST13_S76,ST13,False,0.7186023574782144,0.23426481035991983,0.045530703690614356
ST13_S79,ST13,False,0.7186023574782144,0.23426481035991983,0.045530703690614356
HSP90AA1_S231,HSP90AA1,False,0.07689184561594599,0.17109996299979138,0.07009590705648691
HSP90AA1_S263,HSP90AA1,False,-0.11268175225092199,-0.10834999767642217,-0.16963966728637142
HSP90AA1_S641,HSP90AA1,False,-0.00819936848446234,-0.6178750701293323,
HSP90AA1_S307,HSP90AA1,False,-0.1489550502046377,-0.5114838558897267,-0.1803318165035445
PSMA3_S236,PSMA3,False,0.01934608880481197,,0.13303737874734972
PSMA3_S243,PSMA3,False,0.039074454242196986,0.015340576713533442,0.026147503025918485
SAMD15_S59,SAMD15,False,,-3.661437526691447,
EIF5_S389,EIF5,False,0.04614178164472063,0.07409435357387338,0.35720115804061875
EIF5_S390,EIF5,False,0.04614178164472063,0.07409435357387338,0.35720115804061875
EIF5_S10,EIF5,False,,-0.032536242089729016,
EIF5_S419,EIF5,False,0.19595326984311165,0.1315894843281353,
PABPN1_S150,PABPN1,False,0.02913728424857008,0.06846517938198886,0.04555813187606496
ENSP00000216832:map.14/39650234/T:p.T441S:n.A39650234T:c.Acc/Tcc_S347,ENSP00000216832:map.14/39650234/T:p.T441S:n.A39650234T:c.Acc/Tcc,False,0.019749344952995185,0.029632293560934553,0.07905670920878538
ENSP00000216832:map.14/39650234/T:p.T441S:n.A39650234T:c.Acc/Tcc_S96,ENSP00000216832:map.14/39650234/T:p.T441S:n.A39650234T:c.Acc/Tcc,False,0.3799535974276362,0.12987646083313048,
ENSP00000216832:map.14/39650234/T:p.T441S:n.A39650234T:c.Acc/Tcc_S100,ENSP00000216832:map.14/39650234/T:p.T441S:n.A39650234T:c.Acc/Tcc,False,0.2548728340641178,0.1767210551508096,0.2432105159585862
ENSP00000216832:map.14/39650234/T:p.T441S:n.A39650234T:c.Acc/Tcc_S66,ENSP00000216832:map.14/39650234/T:p.T441S:n.A39650234T:c.Acc/Tcc,False,-0.26029164155899787,-0.43344615010277865,-0.426140778424051
ENSP00000216832:map.14/39650234/T:p.T441S:n.A39650234T:c.Acc/Tcc_S381,ENSP00000216832:map.14/39650234/T:p.T441S:n.A39650234T:c.Acc/Tcc,False,0.13941900758373404,0.16207348410629654,0.2243431541775575
ENSP00000216832:map.14/39650234/T:p.T441S:n.A39650234T:c.Acc/Tcc_S690,ENSP00000216832:map.14/39650234/T:p.T441S:n.A39650234T:c.Acc/Tcc,False,,-1.168187600492011,-0.8531883966499996
ENSP00000216832:map.14/39650234/T:p.T441S:n.A39650234T:c.Acc/Tcc_S692,ENSP00000216832:map.14/39650234/T:p.T441S:n.A39650234T:c.Acc/Tcc,False,-0.4349354033436698,-0.5786760775352786,
ENSP00000216832:map.14/39650234/T:p.T441S:n.A39650234T:c.Acc/Tcc_S443,ENSP00000216832:map.14/39650234/T:p.T441S:n.A39650234T:c.Acc/Tcc,False,0.09440436575339034,0.05868819366992511,0.03399128453567139
ENSP00000216832:map.14/39650234/T:p.T441S:n.A39650234T:c.Acc/Tcc_S450,ENSP00000216832:map.14/39650234/T:p.T441S:n.A39650234T:c.Acc/Tcc,False,0.0012978415956467913,0.9342522820940546,
ENSP00000216962:map.20/25259006/T:p.A303S:n.G25259006T:c.Gcc/Tcc_S8,ENSP00000216962:map.20/25259006/T:p.A303S:n.G25259006T:c.Gcc/Tcc,False,0.2563731372463759,0.23131421148084766,0.34785376374061144
TPD52L2_S21,TPD52L2,False,0.2015084039722246,0.05770435007921942,0.10438178679201998
TPD52L2_S12,TPD52L2,False,0.14958905401454545,0.19485780149164422,0.2302651149412469
TPD52L2_S166,TPD52L2,False,-0.06128599477162091,-0.33445728225459703,-0.1840373174913113
TPD52L2_S96,TPD52L2,False,0.13697881196350373,0.1669977729626994,
SLCO4A1_S40,SLCO4A1,False,-0.9061839512786977,-0.061885373850238,
CSNK2A1_S195,CSNK2A1,False,0.1624678676153039,0.2249614525015225,0.4204987986152101
FERMT1_S179,FERMT1,False,-0.7221002665944725,-0.6995877440422262,
SNTA1_S189,SNTA1,False,-0.5723509224273615,,
SNTA1_S193,SNTA1,False,-0.5723509224273615,,
TXNL1_S113,TXNL1,False,,0.03506777256583522,
MYL12A_S20,MYL12A,False,0.34441868311203766,0.5219421810580727,0.505433348917785
PGRMC1_S181,PGRMC1,False,0.04835658609869456,0.045417478010970125,-0.021350021610257126
PGRMC1_S57,PGRMC1,False,-0.23209152928394763,-0.22245984383566764,-0.2232417020845972
ENSP00000472285_S79,ENSP00000472285,False,0.05088474002509346,-0.06795395132536204,-0.08289569291663193
ENSP00000472285_S81,ENSP00000472285,False,0.05088474002509346,-0.06795395132536204,-0.08289569291663193
ENSP00000472285_S113,ENSP00000472285,False,0.8188515070909158,0.6879537424179689,0.7023827464671699
ENSP00000472285_S116,ENSP00000472285,False,0.8188515070909158,0.6879537424179689,0.7023827464671699
ENSP00000472285_S70,ENSP00000472285,False,-0.07324284747333673,-0.07467521887055373,-0.11955043818990237
ENSP00000472285_S74,ENSP00000472285,False,-0.07324284747333673,-0.07467521887055373,-0.11955043818990237
ENSP00000346555_S989,ENSP00000346555,False,-0.20394124966767327,0.07634709620365256,0.27512627356835534
ENSP00000346555_S992,ENSP00000346555,False,-0.04914651241884094,0.013640212415723496,-0.025568307970878935
ENSP00000346555_S995,ENSP00000346555,False,-0.07492569255847974,0.013640212415723496,-0.08810564813157679
ENSP00000474355_S566,ENSP00000474355,False,0.018772638169427362,-0.005970869986272345,0.01592568999025421
HTATSF1_S579,HTATSF1,False,0.17972613121542358,0.1701798113960609,0.0726497898055532
HTATSF1_S597,HTATSF1,False,0.1506896432473209,,
HTATSF1_S600,HTATSF1,False,0.1506896432473209,,
HTATSF1_S494,HTATSF1,False,0.19495293997110338,0.027336575602699493,0.12048465689545586
HTATSF1_S498,HTATSF1,False,0.05776559065463228,0.27365183654273656,0.18839812912033838
HTATSF1_S713,HTATSF1,False,0.20801775489589241,,
HTATSF1_S714,HTATSF1,False,0.1870075669770331,,
HTATSF1_S702,HTATSF1,False,0.12238935037162055,-0.07876172962616061,-0.12474210065172031
HTATSF1_S676,HTATSF1,False,0.033792988849303096,0.10940393421581131,
HTATSF1_S642,HTATSF1,False,0.6838466866212564,0.29445449252021944,0.20865080270765635
MAGED2_S244,MAGED2,False,-0.10011286701365998,,-0.011735621439617948
MAGED2_S247,MAGED2,False,0.020081640144254422,0.008206882496197837,0.011249703484540602
MAGED2_S190,MAGED2,False,0.19313083113002208,-0.1656840521260387,-0.023592369155367072
MAGED2_S191,MAGED2,False,0.13794679657810896,0.24526158062560224,-0.1821269243292271
MAGED2_S194,MAGED2,False,,-0.10953053215703905,
MAGED2_S2,MAGED2,False,,0.09004041547277068,-0.14964861384692782
MAGED2_S5,MAGED2,False,,0.09004041547277068,-0.14964861384692782
CENPI_S284,CENPI,False,0.042497884418164655,0.037604879968694556,-0.25782127986115944
ARHGEF7_S71,ARHGEF7,False,,,-0.11925962790480332
ARHGEF7_S496,ARHGEF7,False,0.059908989018685105,-0.0365554700730723,
ARHGEF7_S498,ARHGEF7,False,-0.3232083852619438,,0.04781754802136954
ARHGEF7_S579,ARHGEF7,False,0.13946949503879594,0.0961647263986514,0.04096254777849784
ARHGEF7_S560,ARHGEF7,False,0.09020760144417293,-0.10341726457753254,-0.4112287057353298
ARHGEF7_S516,ARHGEF7,False,-0.27392827771531286,-0.2940919267250585,-0.33918796980498345
ARHGEF7_S525,ARHGEF7,False,-0.5610794956905103,-0.08205118056887874,0.1379667768501266
ARHGEF7_S340,ARHGEF7,False,0.08347748794833913,0.06379630737411789,0.03920188627440938
ARHGEF7_S79,ARHGEF7,False,0.19053780606458784,0.12298782238471558,0.1949578737069714
ARL2BP_S113,ARL2BP,False,0.536749205648026,,1.0576562633003843
ARL2BP_S117,ARL2BP,False,0.31626161675957576,,0.8985566472935476
POLR2C_S124,POLR2C,False,-0.07348245076683498,0.022758397578157615,-0.08199548140212551
USB1_S36,USB1,False,-0.24040437826788721,-1.0312453656733533,-0.12985200371525768
USP10_S547,USP10,False,-1.4638277092483594,0.7803940963093238,1.1630478196238285
USP10_S576,USP10,False,0.1436186990654464,0.1478272922598506,0.14782982445536746
TSC2_S1388,TSC2,False,-0.23832539596860736,-0.26335604274700075,-0.1948768126649507
TSC2_S1429,TSC2,False,-0.6261182727761092,-0.5103826325869473,-0.6713583765180055
TSC2_S1775,TSC2,False,-2.085155806501093,-0.7575586853636649,
TSC2_S1776,TSC2,False,-2.085155806501093,-0.7575586853636649,
TSC2_S981,TSC2,False,-0.0620436948825373,0.1966960071976719,0.05401738336919162
TSC2_S1130,TSC2,False,,,-0.6370420480937107
TSC2_S1132,TSC2,False,-0.18079862467604405,0.0020587290659875115,-0.03750913953960282
TSC2_S1364,TSC2,False,0.15232355395966637,0.1247975528013144,0.02644686283739107
TSC2_S939,TSC2,False,-0.22038854605253277,0.0003338748839463671,-0.2110134066691639
STUB1_S19,STUB1,False,0.07851382913921548,0.06691482580004848,0.04040315258589003
STUB1_S23,STUB1,False,0.22992080691121244,0.04962825383128625,0.08023385077629104
CAPN15_S1070,CAPN15,False,-0.23587618619735387,-0.168653840129659,-0.20687820043240623
CAPN15_S205,CAPN15,False,,0.3797318490348097,0.41337744526770814
KAT8_S37,KAT8,False,-0.1695081393630456,,-0.06561182755196565
KAT8_S42,KAT8,False,-0.1695081393630456,,-0.07033017860727346
KNOP1_S48,KNOP1,False,0.15007863556800627,0.13802804476676123,0.26544885846287936
KNOP1_S387,KNOP1,False,,0.4364816918910598,
KNOP1_S132,KNOP1,False,,-0.17192090732440124,
KNOP1_S42,KNOP1,False,0.19989593167063105,0.1662012526627029,0.26544885846287936
MGA_S2689,MGA,False,,,0.017921907997262315
MGA_S2701,MGA,False,,,0.017921907997262315
MGA_S1208,MGA,False,0.043204498565167566,-0.013683730493649146,0.06873959067230509
MGA_S924,MGA,False,-0.6442394565498332,-0.3872983711876991,0.4659222393039372
MGA_S607,MGA,False,0.059771873206285686,0.08776909642891179,
EHD4_S459,EHD4,False,0.4541138594693302,0.4061366553929524,0.21335071062718036
ENSP00000220496:map.15/41068771/G:p.E117A:n.T41068771G:c.gAg/gCg_S112,ENSP00000220496:map.15/41068771/G:p.E117A:n.T41068771G:c.gAg/gCg,False,,,0.1130336652998915
DNAJC17_S112,DNAJC17,False,0.151484582881417,0.1799534995585552,0.1811862143357098
PAG1_S295,PAG1,False,-0.04157484335295354,0.07942931500291513,0.20739313045833557
PAG1_S298,PAG1,False,0.00860468778374987,0.07942931500291513,0.20739313045833557
ENSP00000441623_S394,ENSP00000441623,False,0.11029569698761114,-0.26675692175075866,-0.4265985684160103
GDAP1_S11,GDAP1,False,0.13461524442510855,0.37759195168576,
EIF3E_S399,EIF3E,False,,-0.0820846604887268,
STMN2_S46,STMN2,False,0.1578598426699046,-0.054053558529880065,-0.04363141017608802
TRPS1_S1062,TRPS1,False,,-0.27477758844272276,-0.03815445082474273
TRPS1_S1066,TRPS1,False,,-0.302550823623865,-0.03815445082474273
TRPS1_S1081,TRPS1,False,-0.020492327751229777,0.33914101962606913,-0.5889440822152013
TRPS1_S1085,TRPS1,False,-0.46767884403122606,-0.5467682287291393,-0.5782464933430393
UBR5_S2482,UBR5,False,-0.8381079999772308,-0.8140846808581461,-0.6618256339582265
UBR5_S2485,UBR5,False,-0.37820437939015883,-0.8791016908798038,-0.8754505246245492
UBR5_S1549,UBR5,False,-0.3739791836499529,-0.366999143531795,-0.48571139639176225
UBR5_S636,UBR5,False,-1.203947644254261,-1.114932564206728,
MTMR9_S548,MTMR9,False,,0.1826922975161903,-0.04856140576874811
MAPKBP1_S18,MAPKBP1,False,-0.459493944611523,0.17235949784814059,0.30158764660318677
ENSP00000396154:map.19/19040312/C:p.S339R:n.G19040312C:c.agC/agG_S256,ENSP00000396154:map.19/19040312/C:p.S339R:n.G19040312C:c.agC/agG,False,0.11809388938681974,-0.6044545543670109,-0.04918033546836429
ENSP00000477376_S299,ENSP00000477376,False,0.11076699289242431,0.09076073495866642,0.09178409934967593
HNRNPL_S185,HNRNPL,False,0.1046628832386382,-0.1373831901802226,0.11033416776863983
HNRNPL_S52,HNRNPL,False,0.392217875418519,0.3061994434001321,0.005600885864902538
CLASRP_S454,CLASRP,False,,,-0.02391503113582655
CLASRP_S456,CLASRP,False,,,-0.02391503113582655
CLASRP_S335,CLASRP,False,0.03134564217765866,-0.34305521662202604,-0.9746593051633241
CLASRP_S285,CLASRP,False,-0.018886318086497367,0.029376321431664746,-0.035321957178747004
CLASRP_S547,CLASRP,False,,-0.07685842769562787,
CLASRP_S626,CLASRP,False,,-0.11703617005012842,-0.0013278903608875431
CLASRP_S628,CLASRP,False,,-0.11703617005012842,-0.0013278903608875431
CLASRP_S630,CLASRP,False,,-0.11703617005012842,-0.0013278903608875431
CLASRP_S294,CLASRP,False,-0.3430369170178922,-0.2583144884495922,
CLASRP_S499,CLASRP,False,-0.18946640921098074,,0.07587486697512764
CLASRP_S501,CLASRP,False,-0.18946640921098074,,0.07587486697512764
SGTA_S77,SGTA,False,-0.16225218313864584,-0.36753965388828463,-0.35139801341477617
SGTA_S297,SGTA,False,,0.1267086021969683,
SGTA_S301,SGTA,False,-0.2925863582035217,-0.07999221328648395,-0.05079496998982771
SGTA_S305,SGTA,False,-0.5600082604151867,-0.7203641932473608,-0.6762724350238204
FBL_S124,FBL,False,0.860287462510741,0.38070829135370393,0.6376415907604397
FSD1_S313,FSD1,False,0.6846392308911907,0.13382652729882785,
FSD1_S317,FSD1,False,0.6846392308911907,0.13382652729882785,
FSD1_S486,FSD1,False,0.011629192742780403,-0.38153835876797654,0.2172995112617487
CCDC9_S80,CCDC9,False,0.05272799202993091,0.11539628730781008,-0.1823102970708503
CDC37_S13,CDC37,False,0.06525923839526396,0.11800963288840444,0.24342041522743074
CDC37_S377,CDC37,False,0.02446153014099581,0.19333019538430424,0.14730187039760553
RPL18A_S123,RPL18A,False,0.07494640340790913,0.006984601820018056,-0.02353351949332088
KMT2B_S861,KMT2B,False,0.040099949556719895,0.14333245134735476,0.05309433895958819
KMT2B_S844,KMT2B,False,,-2.1684469963736626,
KMT2B_S2070,KMT2B,False,-0.21524477130759082,,
KMT2B_S1092,KMT2B,False,-0.3768810725378075,,-0.13389121342382557
KMT2B_S1095,KMT2B,False,-0.3768810725378075,,-0.13389121342382557
KMT2B_S1032,KMT2B,False,-0.07134871859517954,-0.08584681480033562,-0.007606040694527066
KMT2B_S1035,KMT2B,False,-0.07134871859517954,-0.08584681480033562,-0.007606040694527066
KMT2B_S1930,KMT2B,False,-0.16002429310285715,-0.024863329436288613,
KMT2B_S1936,KMT2B,False,0.18701865465913053,-0.027485518483294898,-0.5556721812807313
USF2_S222,USF2,False,0.28427721805512784,0.07102944597676099,0.12194373351040128
ERF_S131,ERF,False,,-0.48309731372448683,
ERF_S531,ERF,False,-0.5379087584316804,-0.8257836282866976,-1.3716424829188698
GSK3A_S219,GSK3A,False,-0.03714878301931702,-0.034457351143153674,0.04781754802136954
BET1_S50,BET1,False,-0.27675733011601006,0.04468363563594513,-0.17111176091956282
POLR1F_S60,POLR1F,False,,-0.21614946089872034,
POLR1F_S304,POLR1F,False,0.1741289643188383,0.07268441372921487,0.13177456986160108
POLR1F_S316,POLR1F,False,0.19038898613467006,-0.36467539964333423,-0.3473231309896643
POLR1F_S328,POLR1F,False,0.5135918064995733,0.8946043741433167,
POLR1F_S186,POLR1F,False,,3.958007433164782,
ENSP00000459444_S14,ENSP00000459444,False,,0.22057760659089906,
PDAP1_S57,PDAP1,False,,-0.8253890490428388,0.33032892730232616
PDAP1_S60,PDAP1,False,0.17779446294276988,0.05944206216741712,0.11210969186745633
PDAP1_S63,PDAP1,False,0.1394676508514373,-0.13505194129808878,0.306275466820829
PDAP1_S176,PDAP1,False,-0.4781085373409942,-0.25038011458560433,-0.44922857999795723
PDAP1_S178,PDAP1,False,-0.44678015496635004,-0.4878151937539989,-0.24268653634541534
RBM28_S343,RBM28,False,0.2778515095637843,0.35252905832264464,0.12177265669080906
GLCCI1_S258,GLCCI1,False,,,-0.1303812355935309
GLCCI1_S105,GLCCI1,False,-0.1290829585300692,-0.07328302909880713,-0.03971071633374629
GLCCI1_S107,GLCCI1,False,-0.1388247731201966,-0.10250659612716885,-0.06849847300251545
GLCCI1_S108,GLCCI1,False,-0.10971469224052201,-0.12481714576401255,-0.03923624801662153
GLCCI1_S223,GLCCI1,False,-0.0041160427381887466,-0.14907343643784257,0.02041945747953998
ENSP00000462740_S288,ENSP00000462740,False,-0.023255117862377876,0.2358565051968872,-0.0302508717113407
ENSP00000462740_S363,ENSP00000462740,False,,-0.2932528660727069,
ENSP00000459987_S112,ENSP00000459987,False,-0.16010489194201444,,
ENSP00000459987_S122,ENSP00000459987,False,-0.15604830550299859,-0.03296422983970335,0.04306447866493742
ENSP00000355151:map.7/73814749/C:p.R942P:n.G73814749C:c.cGg/cCg_S294,ENSP00000355151:map.7/73814749/C:p.R942P:n.G73814749C:c.cGg/cCg,False,,0.2102641663130906,0.0062482094758743376
ENSP00000355151:map.7/73814749/C:p.R942P:n.G73814749C:c.cGg/cCg_S348,ENSP00000355151:map.7/73814749/C:p.R942P:n.G73814749C:c.cGg/cCg,False,0.3818576766273334,-0.0792660184158937,-0.23217657027594021
ENSP00000355151:map.7/73814749/C:p.R942P:n.G73814749C:c.cGg/cCg_S938,ENSP00000355151:map.7/73814749/C:p.R942P:n.G73814749C:c.cGg/cCg,False,,0.664300785340037,
ENSP00000355151:map.7/73814749/C:p.R942P:n.G73814749C:c.cGg/cCg_S207,ENSP00000355151:map.7/73814749/C:p.R942P:n.G73814749C:c.cGg/cCg,False,0.07765318565016138,,0.2612299089870458
SEC61B_S13,SEC61B,False,-0.7681309328840823,0.12107870369544403,0.24727021090085513
SEC61B_S17,SEC61B,False,-0.9498571218962292,-0.1937166063484467,-0.1432699637912676
SEC61B_S49,SEC61B,False,-0.24502071378927365,0.018918982163051733,0.10688428869154283
AKNA_S770,AKNA,False,,,2.1511119540897
ELAVL2_S221,ELAVL2,False,,,0.19685880136635622
VIM_S459,VIM,False,,0.14665522211946516,0.3267674246958799
VIM_S214,VIM,False,0.08833811146077598,0.05390383085210657,0.10392901536290532
VIM_S430,VIM,False,0.07197532953506963,0.11311443794650348,-0.30990965901111256
VIM_S438,VIM,False,-0.050235308054414465,-0.1438691323725934,0.1679641377438491
VIM_S144,VIM,False,0.33346315827200024,0.1492717437114117,0.3318122295603014
VIM_S339,VIM,False,-0.19578635035135433,0.008420093301205092,-0.08136468003758168
VIM_S412,VIM,False,-0.39122859900216284,-0.027924988422576458,
VIM_S419,VIM,False,0.04948752437980146,-0.09548435578567838,0.07107829416100786
VIM_S420,VIM,False,0.10112701199969337,0.07184228080816837,0.10357472180475877
VIM_S409,VIM,False,-0.39122859900216284,,
VIM_S72,VIM,False,0.4456960042910356,1.1016723417246395,-0.15548926348050193
VIM_S73,VIM,False,0.17192702338266494,-0.005530933915903882,-0.0011537174968749091
VIM_S22,VIM,False,0.23768607912016526,0.7202784652333271,0.5588553696861714
VIM_S26,VIM,False,0.7666375621360529,,
VIM_S278,VIM,False,,-0.16548293620456966,0.11009592910342043
VIM_S51,VIM,False,0.11795312525686386,0.1996728185140172,0.24103469339519576
VIM_S55,VIM,False,0.05337797187278392,0.03970025015569373,0.14660139947845735
VIM_S56,VIM,False,0.08457516219868914,0.12034484605247842,0.19837624676761542
VIM_S2,VIM,False,0.6805678267683147,0.7226944414434965,0.9833958584621747
VIM_S5,VIM,False,0.19219886547171952,0.25437287281317894,0.5183681848014468
VIM_S7,VIM,False,0.13827053606718076,-0.7040974178176169,-0.4186818636288043
VIM_S8,VIM,False,0.43242497680476444,0.10982856530708651,
VIM_S10,VIM,False,-0.35511049601181494,0.2657531924962689,0.5267731940925464
VIM_S29,VIM,False,,-0.7132371107504422,
VIM_S39,VIM,False,0.05266663545029341,-0.10169776614926085,-0.06020473127844716
VIM_S42,VIM,False,0.3932397461465785,0.3572895707205264,0.458645598770777
DNAJC12_S160,DNAJC12,False,,0.009298219276965544,-0.029161067112594277
UTP18_S205,UTP18,False,0.4789127285035579,0.4430282418181126,0.4182025036366328
UTP18_S206,UTP18,False,0.38968807130529265,0.4071451711900938,0.42843372825482984
UTP18_S210,UTP18,False,0.3715395113031037,0.4231112157770522,0.4205311315638787
UTP18_S121,UTP18,False,-0.026230126942682598,-0.06511642950500655,0.09976489136040517
UTP18_S124,UTP18,False,0.18180225515894124,0.12666343771438365,0.3090597425015845
NUFIP2_S629,NUFIP2,False,0.009997873377474709,-0.05156604603730433,-0.13317792009553386
NUFIP2_S212,NUFIP2,False,0.18217322198440944,0.144471900407058,0.13986851569114983
NUFIP2_S214,NUFIP2,False,0.3065019926274841,0.35534991325525517,0.3075578080365898
NUFIP2_S652,NUFIP2,False,0.06904209643315491,0.11295049056769384,0.15725930466832808
NUFIP2_S655,NUFIP2,False,-0.022199884082650844,-0.2217073038945395,-0.20273794524195363
NUFIP2_S112,NUFIP2,False,0.1867788153112463,0.22405507010447123,0.26167902208011995
NUFIP2_S113,NUFIP2,False,0.12015696314751957,0.14990966753492424,0.20058422530839481
NUFIP2_S572,NUFIP2,False,0.14511420104393036,0.1837371168296783,0.12094132183721612
GIT1_S410,GIT1,False,0.19369120725251995,0.24828216358430147,0.10568238108258632
GIT1_S413,GIT1,False,0.18738173025571436,0.5319665526836734,0.7969448518750998
GIT1_S414,GIT1,False,0.7607687641231053,0.5050532367509212,1.1369704924849997
GIT1_S417,GIT1,False,0.7607687641231053,0.622963923854467,1.1369704924849997
GIT1_S592,GIT1,False,-0.31372210976556025,-0.41274440893103154,-0.34983498093311416
GIT1_S596,GIT1,False,1.352883913478206,0.6963055139015565,0.6154535608755496
GIT1_S359,GIT1,False,,-0.5376544590171908,
GIT1_S362,GIT1,False,0.02999549006179444,-0.009099103957198157,-0.05348374262334745
GIT1_S388,GIT1,False,0.13111266601715393,0.05598245741757239,0.5619859223018461
ENSP00000225402_S316,ENSP00000225402,False,0.3947836201289237,0.3177223446011628,0.21395428000202438
ENSP00000225402_S320,ENSP00000225402,False,0.019287344486998006,0.0623742308811136,0.12337737727557505
ENSP00000225402_S321,ENSP00000225402,False,0.019287344486998006,0.0623742308811136,0.12337737727557505
ENSP00000438566_S155,ENSP00000438566,False,-0.08202602303349381,0.01392168309680865,-0.11986680123878646
ENSP00000438566_S253,ENSP00000438566,False,-0.02413506932304122,,
ENSP00000438566_S255,ENSP00000438566,False,-0.02413506932304122,,
RPS6KB1_S374,RPS6KB1,True,0.08379203249388646,-0.08263699147809607,
RPS6KB1_S388,RPS6KB1,True,-1.3548701843156103,-1.6023333415198646,-1.289474557661403
RPS6KB1_S394,RPS6KB1,True,-0.14487862123145187,-1.464232352950063,-2.259440204186406
RPS6KB1_S399,RPS6KB1,True,-0.44669998682274575,-0.05050298600960612,0.30990964196332815
AKAP10_S52,AKAP10,False,-0.0007748891987720783,0.26428155562552136,0.35018960530396637
AKAP10_S281,AKAP10,False,-0.2228507485960861,-0.1933061867136652,-0.15751863422277435
AKAP10_S187,AKAP10,False,-0.5764571359221775,-0.47539040176206226,-0.4661918805644647
ENSP00000459637_S6,ENSP00000459637,False,,0.2878268672850812,
HDAC5_S1108,HDAC5,False,-0.06085866124306457,0.011226075250389501,-0.10180225157009153
HDAC5_S265,HDAC5,False,0.11422118145774905,0.19568200981751008,0.31728286171248804
HDAC5_S266,HDAC5,False,-0.08363613343518765,0.18147347138757142,0.2669963719862158
JADE1_S591,JADE1,False,-0.1568725650235856,-0.03647534163678066,-0.086873085616178
NFKB1_S903,NFKB1,False,0.13436976112469318,0.04791538288759475,-0.6248974497932553
NFKB1_S907,NFKB1,False,-0.0029084988099965328,-0.19118067665355984,-0.7782110487398859
HSPA8_S511,HSPA8,False,0.10916921294862005,-0.0030055364496842443,0.2703495287331028
HSPA8_S544,HSPA8,False,-0.19007524892269986,-0.05580122271830682,-0.4964070196817218
UNC93B1_S546,UNC93B1,False,-0.6257784435079854,-0.5512470251656733,-0.526846922631208
UNC93B1_S549,UNC93B1,False,-0.6257784435079854,-0.5512470251656733,-0.526846922631208
SF1_S80,SF1,False,-0.1919597544292686,-0.21866860113106687,-0.2272891166144254
SF1_S82,SF1,False,-0.1919597544292686,-0.21866860113106687,-0.2272891166144254
CCDC86_S58,CCDC86,False,0.11410674574314783,0.05048805779592016,0.12974334638368437
CCDC86_S66,CCDC86,False,-0.02456961488007063,0.020056753859714792,0.04077143950622597
CCDC86_S69,CCDC86,False,0.09740402515298245,0.04697259625544509,0.03759611930131258
CCDC86_S47,CCDC86,False,0.08382069845347835,-0.0016902311404796467,0.11422858733636396
CCDC86_S18,CCDC86,False,0.26407075446303974,0.1422083235987386,0.18678997049208065
CCDC86_S21,CCDC86,False,0.08738230238222733,0.22145774209539412,0.18692184320056823
CCDC86_S80,CCDC86,False,0.022808040491957567,0.041628479554987524,0.11403198169795654
CCDC86_S91,CCDC86,False,-0.016749306732936536,-0.007818280205752324,0.12000559399901047
CCDC86_S102,CCDC86,False,0.08407171244194521,0.10438190614516114,0.28473537414192035
CCDC86_S110,CCDC86,False,0.06609084040233927,0.2920749499775421,0.32063965717532267
CCDC86_S113,CCDC86,False,,0.010535384228970691,-0.00747808090046254
TMEM109_S239,TMEM109,False,-0.19227817565325284,-0.10359925462889696,-0.41727059498160374
C11orf58_S15,C11orf58,False,0.17314238348280883,0.2231967056977786,0.1575109403490725
C11orf58_S17,C11orf58,False,0.18400735739204058,0.16957103192435685,0.14897041311873654
YBX3_S102,YBX3,False,-0.6667484858794015,-0.9310430564658946,-1.2728574310393432
SART3_S8,SART3,False,-0.11647005287792034,-0.1718991094148019,-0.19525013753687073
SART3_S10,SART3,False,-0.11647005287792034,-0.13905320248266176,-0.09800253207195826
ENSP00000445713_S216,ENSP00000445713,False,,0.8309043098020586,
PXN_S303,PXN,False,-0.0594162107277143,0.21544066288712313,0.2067288677587894
PXN_S414,PXN,False,0.17235949784814059,-0.05964753562884329,
PXN_S85,PXN,False,0.0963964776079604,0.03749364479595164,0.18450594993100794
PXN_S230,PXN,False,-0.05681900360239195,-0.4090674931186423,-0.14436482660171637
PXN_S244,PXN,False,0.04588462924314674,0.01496759362672797,-0.033393092110207696
PXN_S258,PXN,False,-0.13352702305448735,-0.1390499098031077,-0.43077483069240813
PXN_S261,PXN,False,0.07942931500291513,0.20141969961998946,
PXN_S126,PXN,False,0.3152784707125083,0.538035957985176,0.11854621960853932
PXN_S130,PXN,False,0.6459781209333495,0.8546027574497752,-0.41221629876881494
PXN_S137,PXN,False,-0.658720122406715,-0.4021430485679567,-0.3269239967025639
PXN_S322,PXN,False,-0.020301065195613567,0.08008078883097906,-0.27655502383506286
PXN_S340,PXN,False,-0.28158973142910776,-0.07606937260801178,-0.08427260499490381
PXN_S119,PXN,False,0.06409642221650097,-0.021173680318595255,-0.15884806254226855
ENSP00000228425:map.12/27800746/T:p.V148L:n.G27800746T:c.Gtg/Ttg_S993,ENSP00000228425:map.12/27800746/T:p.V148L:n.G27800746T:c.Gtg/Ttg,False,-0.42020995955527635,-0.29715761017418624,-0.283836097020363
ENSP00000228425:map.12/27800746/T:p.V148L:n.G27800746T:c.Gtg/Ttg_S995,ENSP00000228425:map.12/27800746/T:p.V148L:n.G27800746T:c.Gtg/Ttg,False,-0.19559654850473443,,-0.23806799950379348
ENSP00000228425:map.12/27800746/T:p.V148L:n.G27800746T:c.Gtg/Ttg_S997,ENSP00000228425:map.12/27800746/T:p.V148L:n.G27800746T:c.Gtg/Ttg,False,-0.23620114658941496,-0.24530020602245964,-0.29090195264542107
ENSP00000228425:map.12/27800746/T:p.V148L:n.G27800746T:c.Gtg/Ttg_S344,ENSP00000228425:map.12/27800746/T:p.V148L:n.G27800746T:c.Gtg/Ttg,False,0.24175283744065845,0.00791308164326493,0.4164074089635678
ENSP00000228425:map.12/27800746/T:p.V148L:n.G27800746T:c.Gtg/Ttg_S347,ENSP00000228425:map.12/27800746/T:p.V148L:n.G27800746T:c.Gtg/Ttg,False,0.24175283744065845,0.1199485950097888,0.4164074089635678
ENSP00000228425:map.12/27800746/T:p.V148L:n.G27800746T:c.Gtg/Ttg_S630,ENSP00000228425:map.12/27800746/T:p.V148L:n.G27800746T:c.Gtg/Ttg,False,-0.02978324706660304,-0.0025193193919691944,0.15794220269944742
ENSP00000228425:map.12/27800746/T:p.V148L:n.G27800746T:c.Gtg/Ttg_S565,ENSP00000228425:map.12/27800746/T:p.V148L:n.G27800746T:c.Gtg/Ttg,False,,1.3477223426152307,0.6305918541504837
ENSP00000228425:map.12/27800746/T:p.V148L:n.G27800746T:c.Gtg/Ttg_S573,ENSP00000228425:map.12/27800746/T:p.V148L:n.G27800746T:c.Gtg/Ttg,False,-0.6259612441694435,-0.2907557553097177,-0.12345880386125474
ENSP00000228425:map.12/27800746/T:p.V148L:n.G27800746T:c.Gtg/Ttg_S447,ENSP00000228425:map.12/27800746/T:p.V148L:n.G27800746T:c.Gtg/Ttg,False,-0.348684197786196,0.4744620024436523,
ENSP00000228425:map.12/27800746/T:p.V148L:n.G27800746T:c.Gtg/Ttg_S449,ENSP00000228425:map.12/27800746/T:p.V148L:n.G27800746T:c.Gtg/Ttg,False,0.20391050445279169,0.17078752504992853,0.10639839714349619
ENSP00000228425:map.12/27800746/T:p.V148L:n.G27800746T:c.Gtg/Ttg_S788,ENSP00000228425:map.12/27800746/T:p.V148L:n.G27800746T:c.Gtg/Ttg,False,0.15904568193128388,-0.039679287630881264,0.11584042628300303
ENSP00000228425:map.12/27800746/T:p.V148L:n.G27800746T:c.Gtg/Ttg_S534,ENSP00000228425:map.12/27800746/T:p.V148L:n.G27800746T:c.Gtg/Ttg,False,-0.2578032580869027,-0.180858060983885,-0.09274102648791749
ENSP00000228425:map.12/27800746/T:p.V148L:n.G27800746T:c.Gtg/Ttg_S595,ENSP00000228425:map.12/27800746/T:p.V148L:n.G27800746T:c.Gtg/Ttg,False,-0.08994337948561672,-0.01790656828664229,-0.019145320349688882
ENSP00000228425:map.12/27800746/T:p.V148L:n.G27800746T:c.Gtg/Ttg_S523,ENSP00000228425:map.12/27800746/T:p.V148L:n.G27800746T:c.Gtg/Ttg,False,0.046421211248710355,0.06991927561228366,0.04722301764087525
KCTD10_S23,KCTD10,False,0.034556153790251704,0.11990843963764748,0.6408925662930722
ELK3_S131,ELK3,False,-0.07813716982255217,-0.05928599403409229,0.025942449986702455
ENSP00000401103_S43,ENSP00000401103,False,-0.1874903464931441,-0.40359395661400926,-0.15842399602445845
ENSP00000323750_S120,ENSP00000323750,False,,0.17665667320715595,
ENSP00000323750_S19,ENSP00000323750,False,0.04372525212096858,0.14717061184087368,-0.15534505015293384
ENSP00000323750_S21,ENSP00000323750,False,0.12981442075666175,0.06928436232058355,-0.15534505015293384
ENSP00000323750_S277,ENSP00000323750,False,0.1757293051222033,0.2809064219825235,0.42401495591697713
NUP107_S4,NUP107,False,0.3361827616100739,0.7488938759659902,0.7029787747372012
NUP107_S11,NUP107,False,0.3361827616100739,0.7488938759659902,0.7384640874631869
CNOT2_S148,CNOT2,False,-1.6163924663661484,-0.9044613029784148,
CNOT2_S156,CNOT2,False,0.1059746042813028,0.15153917126418495,0.2254858093342683
TIMELESS_S1148,TIMELESS,False,-0.7605286339923273,-0.18806869576468646,
TIMELESS_S1172,TIMELESS,False,-0.23821261653431303,-0.07762526049815999,-0.0323166882157579
KRR1_S3,KRR1,False,0.14566369369676424,0.1434134850465116,0.06743863004742445
KRR1_S5,KRR1,False,0.16829939525077953,0.11115533130112176,0.15572167437862872
GAPDH_S210,GAPDH,False,-0.2896885749825211,-0.20766102917469825,-0.18320975866772757
GAPDH_S83,GAPDH,False,0.12654173723816817,0.12079573140783922,0.011114607447022695
ENSP00000470388_S760,ENSP00000470388,False,,,-0.2011869564682239
ENSP00000469350_S21,ENSP00000469350,False,0.26554032745923883,0.20817784171021292,0.16347365029306846
ENSP00000472373_S263,ENSP00000472373,False,,0.739140853652185,0.358396261956654
ENSP00000472373_S268,ENSP00000472373,False,,0.9241759149965543,
PRKAB1_S108,PRKAB1,False,0.1985696924324586,0.13639899482388465,0.22596992325619425
COX6A1_S8,COX6A1,False,1.1911136337067352,1.4839834103005731,1.455678450536704
COX6A1_S10,COX6A1,False,1.1911136337067352,1.4839834103005731,1.455678450536704
SRSF9_S204,SRSF9,False,0.45417589318580215,,
SRSF9_S211,SRSF9,False,-0.08655206057303644,-0.12076779842525016,-0.113360551972774
SRSF9_S216,SRSF9,False,-0.11291926835121568,-0.17058265162355923,-0.06157355694939481
SRSF9_S189,SRSF9,False,0.06535455033651785,0.283034576179498,0.23250830285009827
SRSF9_S193,SRSF9,False,,,-0.04259769535004286
NFYA_S297,NFYA,False,,0.6753643127491455,0.589475877911847
BCLAF1_S175,BCLAF1,False,0.021300160275066107,-0.025062550918052425,-0.08937100705759958
BCLAF1_S383,BCLAF1,False,,0.00946247556884337,0.4532278258764473
BCLAF1_S510,BCLAF1,False,-0.0480465410326902,-0.12444243140389881,-0.14833408809602697
BCLAF1_S529,BCLAF1,False,0.10513469618004556,0.12188851751922314,-0.011063561386489555
BCLAF1_S523,BCLAF1,False,0.6593765954759113,0.19507576219132694,
BCLAF1_S494,BCLAF1,False,0.12654195998025994,0.07888704372203888,0.02777245131481647
BCLAF1_S395,BCLAF1,False,0.1836015001175517,0.1625345409131731,0.05256715058107039
BCLAF1_S448,BCLAF1,False,0.5957605563066677,0.6250834179220337,
BCLAF1_S656,BCLAF1,False,0.16167848246467864,0.10953532325719943,0.055227473501501284
BCLAF1_S257,BCLAF1,False,0.07607870730385358,0.30987466003676634,
BCLAF1_S260,BCLAF1,False,0.5092397819598663,0.04739878887541106,
BCLAF1_S262,BCLAF1,False,0.1397314222437436,-0.08162903224861766,0.167138640923147
BCLAF1_S266,BCLAF1,False,-0.022236520883913296,0.030087491450817534,-0.045739524268129675
BCLAF1_S646,BCLAF1,False,-0.03480695555147436,0.01001900183424169,0.15275576919939196
BCLAF1_S274,BCLAF1,False,0.22786427254650743,-0.223222502397043,-0.3095739644794881
BCLAF1_S283,BCLAF1,False,-0.17650637908813707,-0.13803697352323815,-0.03750178818609562
BCLAF1_S285,BCLAF1,False,-0.11151657710947269,-0.18866929343990654,-0.19171729999223863
BCLAF1_S288,BCLAF1,False,-0.053311758178547886,-0.14103986060432241,0.17698403240686988
BCLAF1_S295,BCLAF1,False,0.0011664004834940577,-0.10069059281206676,0.1701302141893523
BCLAF1_S882,BCLAF1,False,0.24690943200718574,0.0114414273749125,0.07094018288746445
BCLAF1_S181,BCLAF1,False,-0.058979818584287746,-0.09701726554573054,-0.14575319104152412
BCLAF1_S151,BCLAF1,False,,,1.4118058523701202
BCLAF1_S758,BCLAF1,False,,,0.36255404935075364
BCLAF1_S298,BCLAF1,False,0.015279571496222992,-0.039816788648762674,0.24530488853426577
STK38_S264,STK38,False,,0.6994627938863488,
ENSP00000229854:map.6/52129484/T:p.E777K:n.C52129484T:c.Gaa/Aaa_S711,ENSP00000229854:map.6/52129484/T:p.E777K:n.C52129484T:c.Gaa/Aaa,False,-0.16275552795159434,-0.10758770209910445,-0.2095786119778204
ENSP00000229854:map.6/52129484/T:p.E777K:n.C52129484T:c.Gaa/Aaa_S672,ENSP00000229854:map.6/52129484/T:p.E777K:n.C52129484T:c.Gaa/Aaa,False,-0.12264916545720371,-0.27456609001217475,-0.045442118619371426
CAP2_S312,CAP2,False,-0.3540770437191722,-0.3921560302987845,-1.3554976275810642
CEP43_S156,CEP43,False,-0.09223376101292985,-0.18537108455367787,-0.16778520384574253
CEP43_S160,CEP43,False,-0.09223376101292985,-0.19248456253762947,-0.16778520384574253
TFEB_S109,TFEB,False,-0.2434721518109502,0.15911246123085832,
TFEB_S114,TFEB,False,-0.2434721518109502,0.15911246123085832,
TFEB_S122,TFEB,False,-0.2434721518109502,0.15911246123085832,
ENSP00000230340:map.6/41895150/A:p.E103K:n.G41895150A:c.Gag/Aag_S167,ENSP00000230340:map.6/41895150/A:p.E103K:n.G41895150A:c.Gag/Aag,False,0.13898730289575553,0.0507932121432059,0.4219113757613562
ENSP00000230340:map.6/41895150/A:p.E103K:n.G41895150A:c.Gag/Aag_S170,ENSP00000230340:map.6/41895150/A:p.E103K:n.G41895150A:c.Gag/Aag,False,0.10396635267412968,0.11973201750821809,0.33334262527755765
ENSP00000230340:map.6/41895150/A:p.E103K:n.G41895150A:c.Gag/Aag_S98,ENSP00000230340:map.6/41895150/A:p.E103K:n.G41895150A:c.Gag/Aag,False,-0.16062390804969182,-0.18986571910724925,-0.12100061606317147
ENSP00000230340:map.6/41900406/T:p.P426S:n.C41900406T:c.Ccc/Tcc_S98,ENSP00000230340:map.6/41900406/T:p.P426S:n.C41900406T:c.Ccc/Tcc,False,-0.1338945184853103,0.005380018769211285,-0.06701441473574973
PPP2R5D_S51,PPP2R5D,False,,,-0.5730160901124703
PTK7_S784,PTK7,False,0.019915367707685924,-0.09106415145011085,
DNPH1_S12,DNPH1,False,,0.16169423543613154,-0.04919795832590085
EXOC2_S426,EXOC2,False,,0.17415071221201325,
EXOC2_S432,EXOC2,False,-0.004497184214804699,-0.5281464352102955,0.06749222237769587
EXOC2_S435,EXOC2,False,0.03308816933218775,0.5693938720361155,0.4427577576347711
CD74_S25,CD74,False,0.4361618393144501,,
HARS2_S67,HARS2,False,-0.047840819102917154,-0.053888380508417266,-0.13380290556124305
DAP_S49,DAP,False,-0.5914837719006815,-0.569522023671982,
DAP_S51,DAP,False,-0.07458856868171775,-0.06538649598929387,-0.10833997319789154
DAP_S2,DAP,False,0.06496611007152929,0.1261210612195127,0.25192982439995715
DAP_S3,DAP,False,0.03002908743232423,0.08012892762175981,-0.04423073513207153
BRD8_S460,BRD8,False,-0.5052346181543182,-0.1156834623934308,-0.24113142360492687
BRD8_S268,BRD8,False,-0.3626238974534397,-0.39673091459058324,-0.445952997016401
BRD8_S284,BRD8,False,0.23584957650756347,-0.13861595078388617,-0.007050861618035936
BRD8_S456,BRD8,False,0.5742468604688269,0.32745743429415336,
ENSP00000231572:map.5/167913510/A:p.V3I:n.G167913510A:c.Gta/Ata_S61,ENSP00000231572:map.5/167913510/A:p.V3I:n.G167913510A:c.Gta/Ata,False,0.2667256041643163,0.31276537479759275,-0.10310834140272329
MLH1_S477,MLH1,False,-0.23674141455892725,-0.04899417473813032,0.8217918362075561
UBE3A_S195,UBE3A,False,0.06699973074388943,0.03526602341996871,-0.019921717542806874
RRP9_S51,RRP9,False,0.21260269908744833,0.41120928279036334,0.0578314745605733
RRP9_S53,RRP9,False,0.21260269908744833,0.41120928279036334,0.0578314745605733
NKTR_S379,NKTR,False,0.07096146810893576,0.04913497208815557,0.0546590377750595
NKTR_S463,NKTR,False,0.19221010577302147,,0.11022959242318889
NKTR_S467,NKTR,False,0.22144405295439856,,0.11022959242318889
NKTR_S410,NKTR,False,,,-0.28231590085689523
NKTR_S416,NKTR,False,0.42760617278189944,0.47175589713537136,0.5312351421488805
NKTR_S419,NKTR,False,0.42760617278189944,0.47175589713537136,0.7878315734843606
NEK4_S340,NEK4,False,-0.16530496253146879,0.16092629509504383,
DDX1_S481,DDX1,False,-0.1072992681372168,-0.05503838749090035,-0.011316142085368679
HEATR5B_S1737,HEATR5B,False,-0.21506070356020965,-0.20994648317991604,-0.19892750361163733
ENSP00000377945_S241,ENSP00000377945,False,-0.9927956560296214,-0.04559885665066778,0.10160370737174618
NCK2_S90,NCK2,False,0.5146264774320891,,0.9390008450695133
INO80B_S127,INO80B,False,-0.053350944299951936,-0.10250034797362247,-0.08650757231087702
INO80B_S130,INO80B,False,-0.053350944299951936,-0.10250034797362247,0.0018682325571617864
INO80B_S63,INO80B,False,0.4067543369287123,-0.8724141780401596,-0.06000619531448251
CENPA_S17,CENPA,False,-0.46042278518720653,-0.35448932056722904,-0.3136499656070687
CENPA_S19,CENPA,False,-0.43510745473696644,-0.35448932056722904,-0.3136499656070687
NRBP1_S2,NRBP1,False,0.24995264280501792,0.10740148175487345,0.06570482157131476
EVA1A_S102,EVA1A,False,-0.45191616030906956,,2.5836471452702847
PPP1R7_S24,PPP1R7,False,0.011122595140244551,-0.0005502186191375565,0.033204178993429916
PPP1R7_S27,PPP1R7,False,0.011122595140244551,-0.0005502186191375565,0.033204178993429916
GORASP2_S451,GORASP2,False,0.058939854556232955,-0.058148065152301864,-0.017118897025049824
ENSP00000234170:map.2/37456032/T:p.V102I:n.C37456032T:c.Gtt/Att_S34,ENSP00000234170:map.2/37456032/T:p.V102I:n.C37456032T:c.Gtt/Att,False,,,-1.2661771307689091
ENSP00000234170:map.2/37456032/T:p.V102I:n.C37456032T:c.Gtt/Att_S629,ENSP00000234170:map.2/37456032/T:p.V102I:n.C37456032T:c.Gtt/Att,False,-0.32839310156347656,-0.04059070938133016,0.09125976619267828
PRKD3_S41,PRKD3,False,-0.08658677419783238,-0.258393329795689,-0.23473765727095863
PRKD3_S44,PRKD3,False,,0.11036324336041808,
PRKD3_S213,PRKD3,False,,-0.6629319506472654,
PRKD3_S216,PRKD3,False,,-0.6629319506472654,
PRKD3_S738,PRKD3,False,-0.5574701950724843,0.19986847189339804,-0.14519044749081778
PRKD3_S742,PRKD3,False,-0.5720029329464981,0.18931528986253085,-0.14519044749081778
PRKD3_S397,PRKD3,False,-0.08233982133295052,0.029183265171090197,-0.11394883732130064
PRKD3_S401,PRKD3,False,-0.06994524043629151,0.16593036721634888,-0.05333891516950365
SLC1A4_S507,SLC1A4,False,,-0.24301090052483565,
MSH6_S830,MSH6,False,-0.06694312922348564,-0.1350904235429058,-0.068803854464071
MSH6_S14,MSH6,False,-0.16032664062323862,0.2168583597749604,0.3558056389440718
MSH6_S137,MSH6,False,,0.047274702023174214,-0.07676713232835232
ENO1_S27,ENO1,False,0.03294716409912902,,0.11649784050174834
ENO1_S157,ENO1,False,0.1145863631680097,-0.020856749811385467,
ENO1_S419,ENO1,False,0.8864191711638408,0.867552823425019,1.2780130498028084
ENO1_S254,ENO1,False,0.05707703146543073,0.1395484131165651,0.25459404303314104
ENO1_S263,ENO1,False,,-0.061661507889794236,0.02587927302325896
ENO1_S282,ENO1,False,,0.11503324294624008,
ENSP00000234725_S291,ENSP00000234725,False,0.43765387834619235,,0.2031384971908485
ENSP00000464022_S687,ENSP00000464022,False,0.006422092037493332,-0.17946564215970484,-0.2015688104389115
ENSP00000464022_S278,ENSP00000464022,False,,1.4490066392182044,
ENSP00000464022_S913,ENSP00000464022,False,0.4843959625026663,-0.509327190286762,0.22983399046099756
ENSP00000464022_S917,ENSP00000464022,False,0.4843959625026663,-0.11294879175213778,-0.09262681224381167
TCEANC2_S92,TCEANC2,False,-0.875989557598096,,
C1orf21_S95,C1orf21,False,0.5981570975596258,0.07582942230637603,-0.0691366038270366
MIIP_S303,MIIP,False,-0.21594909244855823,-0.05937504799871229,0.15570168363511977
PRDM2_S1064,PRDM2,False,0.02856915219677092,0.10675031506086766,-0.034012598175268485
PRDM2_S442,PRDM2,False,-0.2011790058010719,-0.3058417192588439,-0.15532335488381235
PRDM2_S538,PRDM2,False,-0.1004368526023936,-0.08714132624583229,-0.10747709774941555
PRDM2_S542,PRDM2,False,-0.10310033052438493,-0.08629467904155268,-0.1301431374826723
VAMP4_S30,VAMP4,False,-0.0590283379612457,-0.1306314234087128,-0.06603343337270805
STAG1_S1138,STAG1,False,-0.1882421497591172,-0.09745664753044973,-0.021335978313364215
STAG1_S1142,STAG1,False,-0.1882421497591172,-0.09745664753044973,-0.021335978313364215
STAG1_S20,STAG1,False,,,0.07011450266132818
STAG1_S24,STAG1,False,,-0.005724414197544823,0.1238567159945308
CAMSAP2_S1137,CAMSAP2,False,-0.05702195831325981,0.03723749380240967,-0.07499984424167695
CAMSAP2_S588,CAMSAP2,False,-0.1558446843362155,-0.11348067935858018,-0.06521687886748075
CAMSAP2_S1008,CAMSAP2,False,-0.1318416137915204,-0.2154730710214261,0.06683961298303118
CAMSAP2_S1302,CAMSAP2,False,-0.4855103308881899,-0.7420203681076432,-0.30758801875900416
CAMSAP2_S1308,CAMSAP2,False,-0.5494315727170586,-0.5048411802508694,0.23419823708892723
CAMSAP2_S453,CAMSAP2,False,0.12058823871035716,-0.02220504584151543,-0.1520220408016397
CAMSAP2_S851,CAMSAP2,False,-0.8902698067450985,-1.4439875732502965,-0.7091981619349902
EEF1B2_S106,EEF1B2,False,0.058865299234158154,-0.003326225837348283,0.008303596104613056
EEF1B2_S8,EEF1B2,False,0.06845598154772073,0.12684073527769343,-0.12659624659697633
MTCL2_S1541,MTCL2,False,-0.3438423192642348,-0.36676413142870773,-0.41118911330784497
MTCL2_S1558,MTCL2,False,,-0.7326200154169348,-0.551141875108266
MTCL2_S141,MTCL2,False,-0.09970564233840996,-0.0615663180865976,-0.026454475212071008
MTCL2_S142,MTCL2,False,-0.09970564233840996,-0.0615663180865976,-0.026454475212071008
MTCL2_S175,MTCL2,False,,-0.4993814816607469,
ZFAND5_S48,ZFAND5,False,0.12220089936573303,0.302075351063346,0.09184444227624378
ZFAND5_S58,ZFAND5,False,0.005861262433136977,0.035165648703891994,0.05976499694451224
YWHAQ_S45,YWHAQ,False,-0.01146177530158862,-0.21818810040630185,-0.057104730532286194
DDX55_S544,DDX55,False,-0.25338640725234435,-0.16846357211626384,-0.0012578621320567945
FKBP15_S311,FKBP15,False,-0.39904522416848887,,
FKBP15_S326,FKBP15,False,-0.39904522416848887,,
FKBP15_S979,FKBP15,False,,-0.1567866701676589,
FKBP15_S956,FKBP15,False,-0.07919398235750397,-0.0859785465151671,-0.06549239371794915
FKBP15_S346,FKBP15,False,-0.28043420460364077,-0.29709498186243083,-0.2877122976802322
FKBP15_S356,FKBP15,False,0.11549540556386317,-0.28716535896025097,-0.2989165648499518
FKBP15_S1162,FKBP15,False,0.08667493793953686,0.0012154480199315365,0.07631853285262732
FKBP15_S1164,FKBP15,False,0.04085053461724055,0.09880196941416663,0.24959921714854327
VPS4B_S102,VPS4B,False,0.013645149298213102,-0.00597472625875325,-0.015841523756852986
IRF2BPL_S547,IRF2BPL,False,0.031431302042549195,0.003671006116929748,0.0504433855241803
IRF2BPL_S215,IRF2BPL,False,-0.1949941125217855,-0.34295450200515926,-0.23738754715607438
IRF2BPL_S657,IRF2BPL,False,-0.035348433362032604,0.008267454230790025,-0.08968715648838839
IRF2BPL_S659,IRF2BPL,False,0.11647951481266529,0.06659458775434006,0.1499645249587471
IRF2BPL_S662,IRF2BPL,False,-0.2465287776708841,0.1495799286471675,0.19003488912807506
IRF2BPL_S334,IRF2BPL,False,-0.44187579978921887,-0.27161494074926334,-0.2822553121014659
IRF2BPL_S337,IRF2BPL,False,-0.06229590038156665,-0.02706072161334568,-0.14985872522394214
SLIRP_S100,SLIRP,False,0.1496591990627717,0.11892626827996013,0.11539354204080159
PAPOLG_S708,PAPOLG,False,,-2.6737387921692246,
PAPOLG_S648,PAPOLG,False,-0.15467455544454092,-0.2491868485067711,-0.4261928779428941
AFTPH_S13,AFTPH,False,0.22894222081064428,0.021083363150479886,0.0769979898422183
SLF2_S701,SLF2,False,-0.15110028318656152,-0.16031132235670348,-0.22212051941086403
SLF2_S603,SLF2,False,0.047677975144475616,,
SLF2_S614,SLF2,False,0.047677975144475616,,
HELLS_S115,HELLS,False,-0.14633962382045873,0.20606797109177366,0.2522945412018369
MSX2_S91,MSX2,False,,-0.13308411128199835,-0.17644627262183774
ARAP3_S1480,ARAP3,False,-0.014135438826984259,0.08588300427195433,0.038014690186715924
ARAP3_S1444,ARAP3,False,-0.7305190990810801,-0.35453811891082204,-0.316202560493555
PRRX1_S72,PRRX1,False,-0.013957905042717378,0.08328758095963514,-0.3283080729563994
PRRX1_S74,PRRX1,False,0.2708279155536642,0.08328758095963514,-0.3283080729563994
MSANTD2_S48,MSANTD2,False,-0.37952619453107767,,
MSANTD2_S27,MSANTD2,False,-0.1583327567960997,,-0.030516083840197338
MSANTD2_S32,MSANTD2,False,-0.1583327567960997,,-0.030516083840197338
ENSP00000405580_S139,ENSP00000405580,False,-0.07371087877690415,-0.14052732345203192,0.006831931064290455
ENSP00000405580_S144,ENSP00000405580,False,-0.07874649324289025,-0.1885289241610734,-0.45697849394420265
FAM53C_S232,FAM53C,False,0.09150530022686543,0.10947560923797005,0.10242880531358935
FAM53C_S234,FAM53C,False,0.08829034440680117,0.10947560923797005,0.10242880531358935
FAM53C_S162,FAM53C,False,,0.07511311561016842,
FAM53C_S122,FAM53C,False,0.09611420536602375,0.2902688882146595,0.11254713809676975
FAM53C_S254,FAM53C,False,,-0.6850599041853701,
FAM53C_S255,FAM53C,False,-0.3538373428421064,-0.3243333292357019,-0.17015044015530933
LUC7L3_S425,LUC7L3,False,0.2015592137756815,0.11193194555785659,0.09797704157058074
LUC7L3_S431,LUC7L3,False,0.18724090249451872,0.19778473844662103,0.0319754661347775
COIL_S271,COIL,False,,-1.5186597210778703,
TBX2_S653,TBX2,False,0.2602961057388185,0.2626659736828259,0.20188730328885462
TBX2_S657,TBX2,False,0.2602961057388185,0.2626659736828259,0.20188730328885462
TBX2_S379,TBX2,False,-0.14187807820992226,-0.24482496778130894,-0.2031884893042116
TBX2_S386,TBX2,False,-0.010964453632920165,-0.09144941097320214,-0.2276902230550111
TBX2_S705,TBX2,False,0.15125923930139967,0.10103980168849562,-0.010680918906384201
TBX2_S710,TBX2,False,0.15125923930139967,0.10103980168849562,-0.010680918906384201
TBX2_S676,TBX2,False,,-0.33198983059506937,
TFG_S50,TFG,False,0.18510535696174582,,0.2958405509170355
CAT_S515,CAT,False,,-0.053014679129807236,
FYTTD1_S23,FYTTD1,False,0.05446634242715834,0.11030581820718259,-0.1414778469989767
COPA_S173,COPA,False,-0.2139041268630967,-0.20089349146122973,-0.22186331980519805
TWIST1_S68,TWIST1,False,-0.1114924714209514,0.20100646605609293,
CLTA_S105,CLTA,False,0.5379420907494521,-0.012955692286775268,
DCAF10_S63,DCAF10,False,-0.14709027469089028,-0.7919572657507833,
ZC3HAV1_S335,ZC3HAV1,False,0.26207228839841024,-0.3584909635672788,0.3195110365146283
ENSP00000242365_S1338,ENSP00000242365,False,0.15820774762573614,-0.4519802798679801,0.24525225214937738
ENSP00000242365_S1345,ENSP00000242365,False,0.5005030978632854,1.53456177955156,1.6023236246234092
UNG_S63,UNG,False,-0.24521629065558845,-0.23949799494141316,-0.046808289069500485
UNG_S64,UNG,False,-0.284318194559753,-0.29387120516240717,-0.2025327867748097
UNG_S23,UNG,False,-0.18592340143961747,-0.16058323740588962,-0.21246607018941205
STX10_S134,STX10,False,-0.17766687885752494,0.18332770604480073,-0.19199527917500908
STX10_S140,STX10,False,0.1403258747217944,0.16156525639703184,-0.08833254631884209
STX10_S143,STX10,False,0.3310558185472515,0.16156525639703184,-0.08833254631884209
PKN1_S559,PKN1,False,-0.011207151861766823,0.13395801010054917,0.00173407570046565
PKN1_S562,PKN1,False,-0.07610951574073457,-0.057685069559586966,-0.034257307249619486
TRIR_S39,TRIR,False,0.2321402966270684,0.24503554364702135,0.1939572102681198
TRIR_S50,TRIR,False,0.2338012674643597,0.15872479629747943,0.19964650127681094
ADGRE5_S738,ADGRE5,False,-3.2946683889142903,-3.6192037557468373,-3.378450234676339
ZC3H13_S943,ZC3H13,False,0.1940498907367059,0.3670111734120258,
ZC3H13_S316,ZC3H13,False,-0.12311029120006739,0.5336038415691599,0.25142128499589894
ZC3H13_S318,ZC3H13,False,-0.0114924306262491,-0.06299114978865214,-0.1257842191353855
ZC3H13_S325,ZC3H13,False,-0.01787908331565651,-0.04797021389331336,-0.1257842191353855
ZC3H13_S642,ZC3H13,False,0.1469500912832236,-0.013073232711128313,0.08789462043034259
ZC3H13_S643,ZC3H13,False,0.3506383012446507,0.3846001594322754,-0.00962605059027817
ZC3H13_S238,ZC3H13,False,-0.6705326425381704,-0.6624144891667202,-1.1529869411545253
ZC3H13_S242,ZC3H13,False,-0.575813158948215,-0.10877548411715682,-0.2673426966396631
ZC3H13_S845,ZC3H13,False,-0.1157850251959892,0.03491998434915955,
ZC3H13_S198,ZC3H13,False,0.1243186502534207,0.059191512517863566,0.044084719719071463
ZC3H13_S64,ZC3H13,False,-0.18093377286736576,-0.1686312297992919,-0.13541353824664634
ZC3H13_S986,ZC3H13,False,0.13074339775722824,-0.4399353782213522,0.03811810088643594
ZC3H13_S993,ZC3H13,False,0.384498211634228,0.251009108761844,0.28119910427716915
ZC3H13_S265,ZC3H13,False,-0.22254245002558615,-0.3344238138618518,-0.32686169917600005
ZC3H13_S346,ZC3H13,False,,,0.8013494265712022
ZC3H13_S348,ZC3H13,False,,,0.27679440478925943
ZC3H13_S875,ZC3H13,False,0.1405452190246451,0.1500411346014289,-0.16066190290849552
ZC3H13_S877,ZC3H13,False,0.08433354461606228,0.025188643088011064,0.09517256496880531
ZC3H13_S1208,ZC3H13,False,0.3748447412897344,,0.27351798179349873
ZC3H13_S1210,ZC3H13,False,0.3748447412897344,,0.2090298675654434
ZC3H13_S1217,ZC3H13,False,,,0.4153260094369673
ZC3H13_S109,ZC3H13,False,,,0.4902620487905717
ZC3H13_S77,ZC3H13,False,0.45857310947589275,0.014179447805112759,0.03623832016265997
ZC3H13_S370,ZC3H13,False,-0.032107570976726285,-0.12380495895716748,0.16703486650633084
ZC3H13_S372,ZC3H13,False,-0.08396564994177425,-0.43957836919668875,-0.2641062717784562
ZC3H13_S380,ZC3H13,False,-0.1616843162512763,-0.42061898477895515,
ZC3H13_S381,ZC3H13,False,-0.018392597609824323,-0.3355174502568022,0.2619379863773498
ZC3H13_S1292,ZC3H13,False,0.42259767989787855,0.3069104209277243,0.20864210901516606
ZC3H13_S1010,ZC3H13,False,0.7259995497150816,0.2532666114493637,0.9497043709411103
ZC3H13_S1014,ZC3H13,False,1.1403177505778022,1.4407518803111141,
ZC3H13_S1017,ZC3H13,False,1.504840403985253,1.4634716217815142,0.9497043709411103
ZC3H13_S204,ZC3H13,False,0.2308178418610832,,0.15159908226939658
ZC3H13_S207,ZC3H13,False,0.1032447056059258,0.06796830647968834,-0.025072542874512722
ZC3H13_S209,ZC3H13,False,0.1716169879131613,0.17131271875466103,0.037806388748600664
ZC3H13_S831,ZC3H13,False,0.20508419168956676,-0.05826264800334602,0.054118556113621874
ZC3H13_S833,ZC3H13,False,0.27849829084771455,-0.05826264800334602,0.054118556113621874
ZC3H13_S837,ZC3H13,False,0.20508419168956676,-0.05826264800334602,0.054118556113621874
NR4A1_S351,NR4A1,False,-2.389564503452507,,
TCEAL3_S121,TCEAL3,False,0.13086949319024319,0.04509783667855267,0.10142249925859975
TCEAL3_S125,TCEAL3,False,-1.0796304695683265,0.0682398451935865,
RIF1_S1552,RIF1,False,-0.386374056369913,-0.031582712526968294,
RIF1_S1554,RIF1,False,-0.386374056369913,0.06118222515930818,
RIF1_S2260,RIF1,False,0.06316506096941198,0.5331031481835427,0.6450560129914696
RIF1_S2196,RIF1,False,-0.18126926500889495,-0.1641747949789118,0.16448318524491778
RIF1_S2393,RIF1,False,-0.29208374570602713,-0.21573168487434038,-0.1874365059172269
RIF1_S1579,RIF1,False,-0.1846423421589738,-0.023471459398864535,-0.15646853632628277
RIF1_S1454,RIF1,False,,-0.07641593746681014,-0.003535038811109989
RIF1_S782,RIF1,False,-0.1349178977831508,-0.12902101618509576,0.47829651145521557
NMI_S16,NMI,False,,-0.1761691337997314,-0.13102101611221675
EXOSC9_S306,EXOSC9,False,,0.5931146964846151,0.8532771138963843
EXOSC9_S392,EXOSC9,False,0.14847305556874812,-0.1538910240194516,0.0038900274333718426
EXOSC9_S394,EXOSC9,False,0.14847305556874812,-0.1538910240194516,0.0038900274333718426
ENSP00000361303_S202,ENSP00000361303,False,-0.013946066954396699,-0.017752682060301134,-0.19429497193801926
ENSP00000361303_S203,ENSP00000361303,False,0.17363916357057899,0.032983853057016586,
ENSP00000362369:map.20/39792063/G:p.S279G:n.A39792063G:c.Agc/Ggc_S1249,ENSP00000362369:map.20/39792063/G:p.S279G:n.A39792063G:c.Agc/Ggc,False,-0.2646198896173661,-0.2328653164848624,-0.5313078546616685
ENSP00000362369:map.20/39792063/G:p.S279G:n.A39792063G:c.Agc/Ggc_S1222,ENSP00000362369:map.20/39792063/G:p.S279G:n.A39792063G:c.Agc/Ggc,False,,-0.19546727483951315,
SRSF6_S314,SRSF6,False,0.03853865042648641,-0.04006512027783591,-0.10307049406863683
SRSF6_S316,SRSF6,False,0.05356206735671121,-0.17570557901829673,-0.10307049406863683
SRSF6_S45,SRSF6,False,,0.058108649401173953,
SRSF6_S303,SRSF6,False,-0.46341531657421164,-0.4384622931338451,-0.3641729560255585
SRSF6_S297,SRSF6,False,-0.4766861736968796,-0.1826990028574868,
NAGK_S76,NAGK,False,-0.2930339898244383,,0.20440487170717936
SNRNP27_S59,SNRNP27,False,0.20672000834409263,0.1977281995626964,-0.017793628867652733
SNRNP27_S61,SNRNP27,False,0.18274630871716402,0.20544048057025197,0.056714540815427414
SNRNP27_S63,SNRNP27,False,0.20672000834409263,0.20821859070875245,0.056714540815427414
MPHOSPH10_S163,MPHOSPH10,False,0.4058982016884607,0.25759408626170693,0.2516887994786631
MPHOSPH10_S167,MPHOSPH10,False,0.31554728028592277,0.26344189358075915,0.18490090161229705
MPHOSPH10_S171,MPHOSPH10,False,0.31554728028592277,0.26344189358075915,0.18490090161229705
RRP36_S73,RRP36,False,0.3590989433647797,0.559833358255805,0.8524920655395409
H1-3_S37,H1-3,False,-0.06541307441667107,-0.10453024044077491,-0.1754616796377276
H1-3_S2,H1-3,False,-0.4581083960212453,-0.1932339044580721,-0.2974646062603232
H2BC4_S7,H2BC4,False,,-0.8293826710833653,
MEA1_S181,MEA1,False,-0.09582036937099202,-0.18613058266397137,
SSR1_S268,SSR1,False,0.06557704586247466,0.1436060046142723,0.1582096835152246
ATXN1_S238,ATXN1,False,,0.16452886088136873,
LRRFIP1_S742,LRRFIP1,False,-1.1044568134818853,-1.029354991276822,-1.4725433441959708
LRRFIP1_S744,LRRFIP1,False,-0.6159943981541929,-0.32689630401795283,-0.12595063624477437
LRRFIP1_S690,LRRFIP1,False,-0.07444105032071875,-0.09386365012624635,-0.07854042838319292
LRRFIP1_S66,LRRFIP1,False,0.3859050204983236,0.2638757325778623,
LRRFIP1_S68,LRRFIP1,False,0.5368486504208304,0.19683625530831278,
LRRFIP1_S120,LRRFIP1,False,,0.21051355180046855,-0.22770891852505853
SPHK2_S340,SPHK2,False,-0.5067808170182267,-0.31812073545431174,-0.27521004897361145
SPHK2_S355,SPHK2,False,-0.4949811747847228,-0.25767725963552873,-0.22817469339825147
ENSP00000245323_S260,ENSP00000245323,False,0.11514467554998237,0.08800587129002016,
UPF3B_S297,UPF3B,False,,,0.14535138557262012
NIN_S1124,NIN,False,0.05890911579980463,-0.0890831760168566,0.12008647067252551
RPS29_S9,RPS29,False,-0.5266806440825644,,-0.012810128722477387
ENSP00000326575_S126,ENSP00000326575,False,,-0.5044890229677155,
NT5C_S182,NT5C,False,0.48109223690635056,,
THOC2_S1486,THOC2,False,-0.15686890134279222,-0.09065993431938496,-0.11486467290298347
THOC2_S1393,THOC2,False,,0.24232811627952333,
THOC2_S1417,THOC2,False,0.21718355981541318,0.20534340554493857,0.5681178358101527
THOC2_S1450,THOC2,False,-0.19369015041990545,-0.13052875462235286,-0.2966799833282352
VASP_S239,VASP,False,,,-1.4228685035270552
SYMPK_S1259,SYMPK,False,-0.35569262098957416,-0.36680069169315255,-0.34610887901778614
CDC25B_S232,CDC25B,False,0.47238378969464284,,
CDC25B_S262,CDC25B,False,,0.07025192182044421,-0.6107519724519639
PSMF1_S153,PSMF1,False,0.025420841700341285,-0.26763280486733637,-0.4631328050178437
ENSP00000367044:map.20/17605240/T:p.L1043H:n.A17605240T:c.cTc/cAc_S615,ENSP00000367044:map.20/17605240/T:p.L1043H:n.A17605240T:c.cTc/cAc,False,-0.07020628730482073,-0.03926660551494734,-0.01256394251403418
ENSP00000367044:map.20/17605240/T:p.L1043H:n.A17605240T:c.cTc/cAc_S1276,ENSP00000367044:map.20/17605240/T:p.L1043H:n.A17605240T:c.cTc/cAc,False,-0.04028012103917352,-0.21676678846222508,-0.13338579519945964
ENSP00000367044:map.20/17605240/T:p.L1043H:n.A17605240T:c.cTc/cAc_S1277,ENSP00000367044:map.20/17605240/T:p.L1043H:n.A17605240T:c.cTc/cAc,False,-0.057452089513772904,-0.17447771013888821,0.010078233433660608
DSTN_S3,DSTN,False,-1.44893778678287,0.4476149507871861,0.330205696061558
RALY_S119,RALY,False,0.11093625110100108,0.04882100638605764,0.10979149000929642
RALY_S2,RALY,False,,0.46821836153494933,0.7565109561401584
RALY_S272,RALY,False,,,0.1607911399193872
KLC1_S590,KLC1,False,0.2076375639762559,0.20408926354691184,0.27631793811736965
KLC1_S591,KLC1,False,0.19616188542253077,0.20564289278433165,0.15067981499853356
KLC1_S521,KLC1,False,-0.14531417134027638,-0.1230602592035278,0.2879450386445189
KLC1_S524,KLC1,False,-0.046525636515801036,0.4476249073129073,
PDCD2L_S20,PDCD2L,False,-0.4593576824110513,-0.7683853417532283,
ENSP00000436021:map.11/64789194/C:p.V141A:n.T64789194C:c.gTc/gCc_S45,ENSP00000436021:map.11/64789194/C:p.V141A:n.T64789194C:c.gTc/gCc,False,,-0.06568732061283952,
BCL2L12_S241,BCL2L12,False,-0.1802286946071151,0.6740086086172249,
FLRT1_S585,FLRT1,False,-0.01762696772902397,-0.11395973737345384,-0.07401614193684553
ENSP00000326002_S1187,ENSP00000326002,False,-0.11622390383967911,-0.3314918487738409,-0.23990994771035618
ENSP00000326002_S1189,ENSP00000326002,False,-0.11622390383967911,-0.45546413283363646,-0.23990994771035618
ENSP00000326002_S1191,ENSP00000326002,False,0.059298418709859343,0.10163573839162159,-0.0818671762836102
ENSP00000326002_S114,ENSP00000326002,False,1.094806693313496,0.07728623211102521,0.009060468156383597
WNK4_S1190,WNK4,False,0.5388394263124515,0.37505947659853506,0.2590615292588702
WNK4_S1193,WNK4,False,0.5388394263124515,0.37505947659853506,0.2590615292588702
WNK4_S1217,WNK4,False,0.11764189832385484,0.1593219058049354,-0.14450127085118117
SUGP1_S485,SUGP1,False,0.22090805286560644,0.15098267190156445,0.07636415588839374
SUGP1_S409,SUGP1,False,0.05701922691977961,0.07527959732202405,0.08665633456870668
SUGP1_S411,SUGP1,False,0.027876706176577785,-0.06714157399283999,0.02078798100854132
NSRP1_S33,NSRP1,False,0.06511874775546679,0.12271941815913988,0.06983962506863442
NSRP1_S289,NSRP1,False,,,0.07354606091515468
NSRP1_S291,NSRP1,False,,,0.07354606091515468
NSRP1_S293,NSRP1,False,,,0.07354606091515468
AHDC1_S846,AHDC1,False,0.3754031724804537,0.08471730542387396,0.20908306576985564
AHDC1_S849,AHDC1,False,0.3754031724804537,0.3258360556621458,0.20908306576985564
DLGAP5_S642,DLGAP5,False,0.8028135975322874,0.8935862296255759,0.7485814475731738
SGPP1_S112,SGPP1,False,0.055339732051971104,0.013437212387494893,-0.060501941809399384
ENSP00000247226:map.14/65209867/T:p.R980W:n.C65209867T:c.Cgg/Tgg_S76,ENSP00000247226:map.14/65209867/T:p.R980W:n.C65209867T:c.Cgg/Tgg,False,-1.7728504148415638,-0.3025786688259534,-0.19014324937582486
ENSP00000247226:map.14/65209867/T:p.R980W:n.C65209867T:c.Cgg/Tgg_S1025,ENSP00000247226:map.14/65209867/T:p.R980W:n.C65209867T:c.Cgg/Tgg,False,,-1.215445764417381,
ENSP00000247226:map.14/65209867/T:p.R980W:n.C65209867T:c.Cgg/Tgg_S575,ENSP00000247226:map.14/65209867/T:p.R980W:n.C65209867T:c.Cgg/Tgg,False,-0.008065433213108241,-0.00015970021338894413,0.10027839108676356
ENSP00000247226:map.14/65209867/T:p.R980W:n.C65209867T:c.Cgg/Tgg_S584,ENSP00000247226:map.14/65209867/T:p.R980W:n.C65209867T:c.Cgg/Tgg,False,-0.2458788434803089,-0.026498928183401074,-0.1554744035646674
ENSP00000247226:map.14/65209867/T:p.R980W:n.C65209867T:c.Cgg/Tgg_S587,ENSP00000247226:map.14/65209867/T:p.R980W:n.C65209867T:c.Cgg/Tgg,False,-0.2458788434803089,-0.010028356498523582,-0.10702078086727791
ENSP00000247226:map.14/65209867/T:p.R980W:n.C65209867T:c.Cgg/Tgg_S591,ENSP00000247226:map.14/65209867/T:p.R980W:n.C65209867T:c.Cgg/Tgg,False,,0.1323794250528661,-0.03617079479248497
ENSP00000247226:map.14/65209867/T:p.R980W:n.C65209867T:c.Cgg/Tgg_S981,ENSP00000247226:map.14/65209867/T:p.R980W:n.C65209867T:c.Cgg/Tgg,False,-0.9688665909131199,-1.290956452475287,-1.4426536334350888
ENSP00000247226:map.14/65209867/T:p.R980W:n.C65209867T:c.Cgg/Tgg_S984,ENSP00000247226:map.14/65209867/T:p.R980W:n.C65209867T:c.Cgg/Tgg,False,-0.9688665909131199,-1.178525751946784,-1.4426536334350888
CANX_S583,CANX,False,-0.03345720021788636,0.016913343943203162,-0.09263182791380782
CANX_S554,CANX,False,-0.05532799413973558,-0.22716226830658637,-0.04970357463280792
CANX_S564,CANX,False,-0.5403205796795628,-0.07834673148727213,-0.07829263062254038
ENSP00000410828:map.1/41978566/G:p.D2109A:n.T41978566G:c.gAc/gCc_S1964,ENSP00000410828:map.1/41978566/G:p.D2109A:n.T41978566G:c.gAc/gCc,False,0.007888640827102111,0.1117494074963854,0.07757593550954751
ENSP00000410828:map.1/41978566/G:p.D2109A:n.T41978566G:c.gAc/gCc_S2244,ENSP00000410828:map.1/41978566/G:p.D2109A:n.T41978566G:c.gAc/gCc,False,-0.2880794354351586,0.930752351883291,-0.5012997965647601
ENSP00000410828:map.1/41978566/G:p.D2109A:n.T41978566G:c.gAc/gCc_S2254,ENSP00000410828:map.1/41978566/G:p.D2109A:n.T41978566G:c.gAc/gCc,False,-0.1973862536228916,0.776982519053638,-0.35108137162180225
ENSP00000410828:map.1/41978566/G:p.D2109A:n.T41978566G:c.gAc/gCc_S756,ENSP00000410828:map.1/41978566/G:p.D2109A:n.T41978566G:c.gAc/gCc,False,,-0.4664366517854881,
ENSP00000410828:map.1/41978566/G:p.D2109A:n.T41978566G:c.gAc/gCc_S2372,ENSP00000410828:map.1/41978566/G:p.D2109A:n.T41978566G:c.gAc/gCc,False,0.05966236376704339,0.04039219833106268,-0.03704926049098482
ENSP00000410828:map.1/41978566/G:p.D2109A:n.T41978566G:c.gAc/gCc_S1050,ENSP00000410828:map.1/41978566/G:p.D2109A:n.T41978566G:c.gAc/gCc,False,,0.774165051506417,0.5629628285152902
ENSP00000410828:map.1/41978566/G:p.D2109A:n.T41978566G:c.gAc/gCc_S2073,ENSP00000410828:map.1/41978566/G:p.D2109A:n.T41978566G:c.gAc/gCc,False,,-0.18422354774785843,
ENSP00000410828:map.1/41978566/G:p.D2109A:n.T41978566G:c.gAc/gCc_S2079,ENSP00000410828:map.1/41978566/G:p.D2109A:n.T41978566G:c.gAc/gCc,False,,-0.18422354774785843,
ENSP00000410828:map.1/41978566/G:p.D2109A:n.T41978566G:c.gAc/gCc_S993,ENSP00000410828:map.1/41978566/G:p.D2109A:n.T41978566G:c.gAc/gCc,False,,-0.13905208566225247,
ENSP00000410828:map.1/41978566/G:p.D2109A:n.T41978566G:c.gAc/gCc_S739,ENSP00000410828:map.1/41978566/G:p.D2109A:n.T41978566G:c.gAc/gCc,False,,0.08924322410132733,
ENSP00000410828:map.1/41978566/G:p.D2109A:n.T41978566G:c.gAc/gCc_S2096,ENSP00000410828:map.1/41978566/G:p.D2109A:n.T41978566G:c.gAc/gCc,False,,-0.5822095813949028,
HELB_S1020,HELB,False,-0.26930270046424476,-0.19170557115047301,-0.138870403273312
HELB_S1021,HELB,False,-0.26930270046424476,-0.19170557115047301,-0.138870403273312
RAB3IP_S162,RAB3IP,False,-0.4298051123626512,-0.3153787210035004,-0.02883722984055241
ZNF777_S623,ZNF777,False,-0.3153248659895558,,0.6600158653256637
EPS15L1_S244,EPS15L1,False,-0.3757961429766652,-0.39259156088047364,-0.32812179368744776
EPS15L1_S253,EPS15L1,False,,0.19826944604721436,0.45196276620527703
EPS15L1_S255,EPS15L1,False,0.1682447499869616,0.4338050611181143,0.4219454716166478
EPS15L1_S229,EPS15L1,False,,-0.5252888130820874,
MON1B_S59,MON1B,False,-0.8331718365604392,-0.4702516777207818,
MON1B_S61,MON1B,False,-0.3936141793987998,-0.5289207515101776,-0.9055206859237946
CACTIN_S489,CACTIN,False,-0.08667313683834878,-0.08586183872531751,-0.2568900860705174
CACTIN_S57,CACTIN,False,-2.616525174757634,0.01106620140620535,0.044184257544003826
CACTIN_S59,CACTIN,False,-2.616525174757634,0.01106620140620535,0.044184257544003826
PHTF2_S293,PHTF2,False,0.17951105027151046,0.12423555785026813,
PHTF2_S297,PHTF2,False,0.17951105027151046,0.12423555785026813,
PHTF2_S298,PHTF2,False,0.17951105027151046,0.12423555785026813,
HSPB1_S78,HSPB1,False,-0.10115968020575525,-0.4457746304753164,0.14143279092929553
HSPB1_S82,HSPB1,False,0.03531548089358199,0.07300992667523969,-0.0841938658614981
HSPB1_S15,HSPB1,False,-0.595675858770021,-0.6713835973027759,-0.9808799404287417
ENSP00000248594:map.7/77247821/A:p.V322I:n.G77247821A:c.Gtc/Atc_S673,ENSP00000248594:map.7/77247821/A:p.V322I:n.G77247821A:c.Gtc/Atc,False,-0.4183412987389528,-0.2547293425086143,-0.2397532900319651
ENSP00000248594:map.7/77247821/A:p.V322I:n.G77247821A:c.Gtc/Atc_S332,ENSP00000248594:map.7/77247821/A:p.V322I:n.G77247821A:c.Gtc/Atc,False,-0.19872606214849778,-0.2872703830199273,-0.3902000751741434
ENSP00000248594:map.7/77247821/A:p.V322I:n.G77247821A:c.Gtc/Atc_S567,ENSP00000248594:map.7/77247821/A:p.V322I:n.G77247821A:c.Gtc/Atc,False,0.002453212478347497,0.38281461191401195,0.3149611277418801
ENSP00000248594:map.7/77247821/A:p.V322I:n.G77247821A:c.Gtc/Atc_S571,ENSP00000248594:map.7/77247821/A:p.V322I:n.G77247821A:c.Gtc/Atc,False,-0.066083815868153,0.04159642424092793,0.047836967132654985
ENSP00000248594:map.7/77247821/A:p.V322I:n.G77247821A:c.Gtc/Atc_S588,ENSP00000248594:map.7/77247821/A:p.V322I:n.G77247821A:c.Gtc/Atc,False,-0.06371070535134438,0.11437157596493068,
ENSP00000248594:map.7/77247821/A:p.V322I:n.G77247821A:c.Gtc/Atc_S435,ENSP00000248594:map.7/77247821/A:p.V322I:n.G77247821A:c.Gtc/Atc,False,0.11912594659538667,0.09433384946110464,0.15334853026069212
ENSP00000248594:map.7/77247821/A:p.V322I:n.G77247821A:c.Gtc/Atc_S603,ENSP00000248594:map.7/77247821/A:p.V322I:n.G77247821A:c.Gtc/Atc,False,-0.19540108886815247,-0.12904309915315318,-0.19441279813400217
ENSP00000248594:map.7/77247821/A:p.V322I:n.G77247821A:c.Gtc/Atc_S606,ENSP00000248594:map.7/77247821/A:p.V322I:n.G77247821A:c.Gtc/Atc,False,-0.19687928329058577,-0.13361480755991959,-0.1949928344599958
ENSP00000248594:map.7/77247821/A:p.V322I:n.G77247821A:c.Gtc/Atc_S608,ENSP00000248594:map.7/77247821/A:p.V322I:n.G77247821A:c.Gtc/Atc,False,-0.04045178076390426,-0.03459696921699532,-0.031356244035283115
PEX1_S1152,PEX1,False,,0.019488429591360157,
PEX1_S1154,PEX1,False,-0.18354055652700108,-0.0575351914248424,-0.16138729962312792
LRFN1_S705,LRFN1,False,,0.043204498565167566,-0.11534738070882036
LRFN1_S718,LRFN1,False,-0.012548151312062723,0.07517834860003902,-0.11534738070882036
ENSP00000248673_S323,ENSP00000248673,False,-1.8748250265901016,-0.5894200943011865,-1.0420705474404877
ENSP00000248673_S325,ENSP00000248673,False,-1.8748250265901016,,-1.0420705474404877
CDC42EP1_S121,CDC42EP1,False,0.2178803539672936,0.12290525722581111,0.37360615981108825
VGF_S420,VGF,False,0.8374427869259178,-0.12037257031199441,0.18913972082324895
PIAS1_S503,PIAS1,False,-0.2007253993204083,-0.30486689468509615,-0.342271001597736
SNAP23_S20,SNAP23,False,0.21126144971296112,0.045163351603224475,-0.2833338856721383
CLN6_S31,CLN6,False,-0.6967018869232439,-0.8379417113338573,-0.9656976110759238
ARPP19_S23,ARPP19,False,-0.8488425736535778,-0.36695014864440273,
E2F8_S413,E2F8,False,0.22202032110589762,0.24208417055001266,0.4674920031091717
E2F8_S417,E2F8,False,0.22202032110589762,0.24208417055001266,0.4674920031091717
PIMREG_S131,PIMREG,False,-0.17194365325459268,-0.0509520002046405,-0.12296732881084087
PIMREG_S16,PIMREG,False,-0.2332390890399853,-0.10355621932424819,0.26399588207123914
FXR2_S620,FXR2,False,-0.0963755130508507,0.038482207829050596,
FXR2_S622,FXR2,False,-0.0963755130508507,0.038482207829050596,
FXR2_S414,FXR2,False,,0.471759741653384,
FXR2_S601,FXR2,False,0.06332217524290848,0.10789447126852314,0.10505280904462608
FXR2_S603,FXR2,False,0.08541817326802208,-0.21064526256723407,0.22438379840135822
FXR2_S453,FXR2,False,,-0.03238872560518675,-0.097957321128678
NFATC4_S241,NFATC4,False,-0.5055127046733746,,
EAPP_S88,EAPP,False,0.20609854767769806,0.22983468317971523,0.24271720064966218
EAPP_S90,EAPP,False,0.20601685255358027,0.22983468317971523,0.24271720064966218
ARHGEF6_S530,ARHGEF6,False,-0.03458353106624653,-0.18432562952384315,-0.5999851275216153
ARHGEF6_S486,ARHGEF6,False,-0.29923040040132237,-0.5363758266906758,-0.6254668174603574
ARHGEF6_S334,ARHGEF6,False,0.03689142290220953,0.026430036184484373,0.020173691030229857
ARHGEF6_S71,ARHGEF6,False,-0.4984024790977115,-0.2129592171250201,-0.38124322364801916
MAPK8IP3_S365,MAPK8IP3,False,-0.027224190410940846,-0.04345650540851364,-0.060923906786467086
ZC3H14_S490,ZC3H14,False,0.01947888177831009,-0.051845435361739724,-0.08186531136615163
ZC3H14_S409,ZC3H14,False,-0.08195942068831269,-0.037685896407761654,-0.16060134439347867
CAPRIN2_S485,CAPRIN2,False,-0.13088413958967934,-0.09704146386031182,0.01206802330909034
DMXL2_S1857,DMXL2,False,-0.5450661012876679,,0.10540989404008172
DMXL2_S944,DMXL2,False,-0.032595267334843636,0.1686420355588392,
DMXL2_S945,DMXL2,False,-0.032595267334843636,0.1686420355588392,
DMXL2_S1400,DMXL2,False,,-1.8857129418853953,
SAMD4A_S11,SAMD4A,False,,0.4747734763121333,0.07368315361643984
ZFYVE26_S297,ZFYVE26,False,0.04935195913529153,0.030763925968756583,-0.25208846981872807
DOCK7_S1423,DOCK7,False,-0.033369465373593137,0.23192861983451807,0.1533342249269149
DOCK7_S1429,DOCK7,False,0.23540107801336818,0.8153809498381586,0.14925934203889668
DOCK7_S30,DOCK7,False,-0.31728288975416524,,0.46851611198100773
DOCK7_S1383,DOCK7,False,-0.021896531323057605,-0.01881189073068105,-0.05403870824306122
DOCK7_S439,DOCK7,False,,0.7582178837421286,
DOCK7_S440,DOCK7,False,,0.6331056662868707,
DOCK7_S180,DOCK7,False,-0.33337774659666425,-0.2895524356315057,-0.49314321262174343
DOCK7_S182,DOCK7,False,-0.46554923146277977,-0.3808857100425402,-0.33103004881550246
DOCK7_S888,DOCK7,False,-0.0666373035860804,0.11122197674147483,0.22498571783830723
DOCK7_S896,DOCK7,False,-0.5125010963036786,-0.5323048498108282,-0.2148261255773414
DOCK7_S898,DOCK7,False,-0.35246702565207766,-0.015724915573907965,0.3691593460645315
DOCK7_S900,DOCK7,False,-0.22940258544208747,-0.003609330692109438,-0.1509469591917357
DOCK7_S910,DOCK7,False,-0.21274587029175052,0.21830018323835532,0.2900140067290102
DOCK7_S929,DOCK7,False,-0.04680337660063746,0.1019495880154242,0.038073735916777665
CLSPN_S225,CLSPN,False,0.26471656897702045,,
CLSPN_S808,CLSPN,False,0.2696316509404391,0.15146919750307983,
CLSPN_S810,CLSPN,False,-0.003590767867965352,0.036719862204774835,-0.04941682354297884
CLSPN_S846,CLSPN,False,0.058662839378559886,,-0.16825244509012474
CLSPN_S1289,CLSPN,False,0.00307013240282393,0.04875159515229923,0.11340961537198224
CLSPN_S1147,CLSPN,False,-0.024531222650937868,0.07560219234562739,
CLSPN_S1156,CLSPN,False,0.2591281659993651,,
CLSPN_S720,CLSPN,False,0.5627332772423046,0.5463635738854351,
CLSPN_S723,CLSPN,False,0.5627332772423046,0.5463635738854351,
CLSPN_S65,CLSPN,False,-0.07971317180383516,-0.1055445287340013,
CLSPN_S67,CLSPN,False,-0.07971317180383516,-0.1055445287340013,
KHNYN_S10,KHNYN,False,-0.541786005048892,-0.035446108523706124,
CERS4_S254,CERS4,False,-0.06739451812724052,,
RPS16_S3,RPS16,False,-0.06995837879104441,-0.0062984955653590064,-0.1568137043041294
NCAPG_S390,NCAPG,False,-0.42333275336321025,,
NCAPG_S1015,NCAPG,False,-0.1963336187483434,-0.1149333729673897,-0.005263317146604662
NCAPG_S674,NCAPG,False,-0.036881044673113914,0.6007330298527995,0.7240711531597573
ESYT2_S718,ESYT2,False,-0.13802362398982812,-0.13516739228228006,-0.16193900267981617
ESYT2_S721,ESYT2,False,-0.25924916974988593,-0.22544043406394842,-0.2694372806687336
ESYT2_S724,ESYT2,False,-0.1816056799695104,-0.2436489835853757,-0.217772831323033
ESYT2_S654,ESYT2,False,-0.5109709361495627,-0.37973265982965054,
ESYT2_S656,ESYT2,False,-0.17950803280251665,-0.37973265982965054,
ESYT2_S702,ESYT2,False,-0.21622097877361807,-0.20801094106330514,
DHX29_S200,DHX29,False,1.3347970751338853,0.18953994438850338,0.021621857851518895
SPAG1_S423,SPAG1,False,,-0.49587862292931967,
RAF1_S43,RAF1,True,-0.6929278636769083,-0.8186443903521496,-1.6031194905039654
RAF1_S621,RAF1,True,-0.1851423710429065,-0.17788952472446107,-0.22610754176631293
RAF1_S289,RAF1,True,-0.1001647427221855,-0.18422115391988403,-0.34394645327489737
RAF1_S295,RAF1,True,-0.07419801637943907,-0.0845057705323309,
RAF1_S296,RAF1,True,0.017573225679621027,0.05087104371325013,0.029349106145686133
RAF1_S301,RAF1,True,-0.1514486551766974,-0.1707802189438996,-0.10769920151164811
RAF1_S259,RAF1,True,-0.011646958761929673,0.03784905124112332,0.027934513235758435
SCML2_S499,SCML2,False,-0.10962924262610114,-0.13948327161618326,-0.4586194038264781
SCML2_S511,SCML2,False,-0.1292288523485706,-0.2709495201284498,-0.4270965028998095
SCML2_S590,SCML2,False,,,-0.037221496695075
SCML2_S267,SCML2,False,-0.07424886730548613,0.07424194370409302,0.1571445226185989
KIAA0930_S270,KIAA0930,False,-0.21729704892359236,-0.1182133141763581,0.3621126089456444
KIAA0930_S290,KIAA0930,False,-0.14010767424038592,-0.13607789136176698,-0.27590858071514063
KIAA0930_S328,KIAA0930,False,-0.10914210259092434,0.009019805692987451,0.0976383924138724
KIAA0930_S253,KIAA0930,False,-0.4725492676495082,,
KIAA0930_S255,KIAA0930,False,-0.25136380745936926,-0.2923351670713236,-0.15692991573954151
POLDIP3_S368,POLDIP3,False,0.3392514274508402,,
POLDIP3_S127,POLDIP3,False,-0.10443470887716974,0.01592568999025421,0.15728052518814212
ESS2_S421,ESS2,False,-0.034908383074919364,,
ESS2_S391,ESS2,False,0.1345062873727005,0.06724864645510006,-0.13559565368391938
ESS2_S395,ESS2,False,0.1345062873727005,0.06724864645510006,-0.13559565368391938
DPF2_S244,DPF2,False,,-0.10381094366577559,
DPF2_S142,DPF2,False,0.285761439348025,0.37155312965329024,0.21864496638240924
CDC16_S559,CDC16,False,,-0.27634533486772744,-0.2712174525178664
SAFB2_S613,SAFB2,False,0.7232527345010678,,
SAFB2_S832,SAFB2,False,-0.0899888660145468,-0.30397056523009675,-0.6381642789609083
SAFB2_S374,SAFB2,False,0.20232355570036975,0.14274960740956036,-0.001709721050084878
COLGALT1_S616,COLGALT1,False,,,0.06653700239579126
MLLT1_S359,MLLT1,False,-0.07919595146720883,0.026060095332387675,-0.3414507448998751
MLLT1_S361,MLLT1,False,-0.07919595146720883,0.026060095332387675,-0.3414507448998751
MLLT1_S267,MLLT1,False,0.08959673729860888,-0.003929477025927226,-0.5415339985780385
JUND_S255,JUND,False,-0.3616071446050924,-0.3552344852249563,-0.48487672650549707
JUND_S259,JUND,False,-0.3699255418323275,-0.34055276409841456,-0.4984846166146305
JUND_S100,JUND,False,-0.396528920161666,-0.4075072323356858,-0.10751178025650185
NUMBL_S264,NUMBL,False,0.44225750111247675,,
NUMBL_S283,NUMBL,False,0.4643633722661309,0.620229707969652,-0.3987028349423318
NUMBL_S370,NUMBL,False,0.10403642424589805,0.10630800555489361,0.1200496717061073
MNX1_S77,MNX1,False,-0.04494279247557476,-0.05520392850115109,
MNX1_S79,MNX1,False,-0.04494279247557476,-0.05520392850115109,
ADRM1_S405,ADRM1,False,0.1619658399413688,0.01395689717775749,0.17994970393777387
TRIM28_S17,TRIM28,False,0.15692040225687853,-0.03586781562919013,-0.04830777395689703
TRIM28_S19,TRIM28,False,0.06509197959779293,0.07718002507299404,0.12172179178353171
TRIM28_S26,TRIM28,False,-0.007947325473935946,-0.025684462184216984,-0.18039704956704547
TRIM28_S138,TRIM28,False,0.2860034624455512,0.23417770396289808,0.22626189419120774
TRIM28_S594,TRIM28,False,0.2326607567902751,0.2146359146736483,0.2360945786378778
TRIM28_S752,TRIM28,False,0.1080894918402974,,
TRIM28_S473,TRIM28,False,0.12117995063212945,0.16825251916265815,0.05309328960375156
TRIM28_S489,TRIM28,False,,-0.7424582780430682,
ZC3H4_S1104,ZC3H4,False,-0.4120141797377261,-0.38399522588371876,-0.3841519384944821
ZC3H4_S1108,ZC3H4,False,-0.27957478936862895,-0.300872425334531,-0.245704817363992
ZC3H4_S1110,ZC3H4,False,-0.4069809444077855,-0.3162558062255263,-0.4368710705280323
ZC3H4_S1114,ZC3H4,False,-0.4623309286758864,-0.4097812080818161,-0.3047658263386139
ZC3H4_S904,ZC3H4,False,0.37364491940084654,0.08037651696388456,0.16262220896272617
ZC3H4_S908,ZC3H4,False,-0.10442975149101479,-0.17744654798148887,-0.14212753235803835
ZC3H4_S807,ZC3H4,False,0.2088052215426128,0.6147569517556066,
ZC3H4_S808,ZC3H4,False,0.2088052215426128,0.6147569517556066,
ZC3H4_S1269,ZC3H4,False,0.17691820381531487,0.1886785036345463,0.20026752385622693
ZC3H4_S1275,ZC3H4,False,-0.2700808495883498,0.08655405922088362,0.04114116064548089
ZC3H4_S159,ZC3H4,False,,-0.5466457291463275,
PPAN_S359,PPAN,False,0.24915322876329168,0.17531780015500384,0.2826259124963137
PPAN_S238,PPAN,False,0.2692679509190196,0.26669680914964816,0.24546149397722533
PPAN_S240,PPAN,False,0.27806818367039177,0.26669680914964816,0.24546149397722533
EIF3G_S264,EIF3G,False,-0.2648666054159945,-0.0035242314886412135,0.06598582949858534
EIF3G_S42,EIF3G,False,-0.0748213650112237,-0.11954859615018183,-0.03232829865569695
ENSP00000253237:map.19/48954421/A:p.R319Q:n.G48954421A:c.cGg/cAg_S344,ENSP00000253237:map.19/48954421/A:p.R319Q:n.G48954421A:c.cGg/cAg,False,0.2893623404769398,,
UBE4B_S238,UBE4B,False,,-0.07915380085256854,0.06791401408846634
UBE4B_S674,UBE4B,False,0.04818912910105894,0.19860205727541688,0.33745242361755984
UBE4B_S79,UBE4B,False,-0.25385329739275236,,-0.07486645825733841
PPIL4_S178,PPIL4,False,-0.2158068266759778,-0.32720944435013793,-0.37552689584152893
ENSP00000384537:map.6/151670172/C:p.K216Q:n.A151670172C:c.Aag/Cag_S514,ENSP00000384537:map.6/151670172/C:p.K216Q:n.A151670172C:c.Aag/Cag,False,0.10432184111155918,0.13857214071933924,0.0958515273163774
ENSP00000384537:map.6/151670172/C:p.K216Q:n.A151670172C:c.Aag/Cag_S500,ENSP00000384537:map.6/151670172/C:p.K216Q:n.A151670172C:c.Aag/Cag,False,0.04651261604803179,0.10878962856582823,0.07195396789087366
ENSP00000384537:map.6/151670172/C:p.K216Q:n.A151670172C:c.Aag/Cag_S416,ENSP00000384537:map.6/151670172/C:p.K216Q:n.A151670172C:c.Aag/Cag,False,0.3632369183521098,0.37292069305566417,0.7153035649737701
ENSP00000384537:map.6/151670172/C:p.K216Q:n.A151670172C:c.Aag/Cag_S529,ENSP00000384537:map.6/151670172/C:p.K216Q:n.A151670172C:c.Aag/Cag,False,0.05672676304521198,0.04735523624210841,-0.11221331947829778
ENSP00000384537:map.6/151670172/C:p.K216Q:n.A151670172C:c.Aag/Cag_S531,ENSP00000384537:map.6/151670172/C:p.K216Q:n.A151670172C:c.Aag/Cag,False,0.14830052304027538,0.11313562856625721,0.020525764819058538
ENSP00000384537:map.6/151670172/C:p.K216Q:n.A151670172C:c.Aag/Cag_S185,ENSP00000384537:map.6/151670172/C:p.K216Q:n.A151670172C:c.Aag/Cag,False,0.2170858045880276,0.33078767923808683,0.2632737082412976
ENSP00000384537:map.6/151670172/C:p.K216Q:n.A151670172C:c.Aag/Cag_S188,ENSP00000384537:map.6/151670172/C:p.K216Q:n.A151670172C:c.Aag/Cag,False,-0.7987855262813182,-0.6432564930017194,-1.0441853451078396
ENSP00000384537:map.6/151670172/C:p.K216Q:n.A151670172C:c.Aag/Cag_S1593,ENSP00000384537:map.6/151670172/C:p.K216Q:n.A151670172C:c.Aag/Cag,False,,0.4690524098546896,
ENSP00000384537:map.6/151670172/C:p.K216Q:n.A151670172C:c.Aag/Cag_S1230,ENSP00000384537:map.6/151670172/C:p.K216Q:n.A151670172C:c.Aag/Cag,False,-0.1937127347356128,-0.07819809058521943,
ENSP00000384537:map.6/151670172/C:p.K216Q:n.A151670172C:c.Aag/Cag_S1233,ENSP00000384537:map.6/151670172/C:p.K216Q:n.A151670172C:c.Aag/Cag,False,-0.16633082263286247,-0.18463569560290272,-0.2264786635171911
LATS1_S613,LATS1,False,-0.09431022627670399,0.22465773412073844,0.0922074380970889
LATS1_S181,LATS1,False,0.6053046802383422,0.4390379628427101,
LATS1_S278,LATS1,False,-0.19671411304741837,0.49049668466646174,0.4078154447921506
LATS1_S464,LATS1,False,-0.04737570702358665,0.025547406501255504,0.02537010631961502
ACSS2_S267,ACSS2,False,0.6918679596805036,0.17467286364098603,0.31895445374516895
ACSS2_S28,ACSS2,False,,-0.13204029596696812,
ACSS2_S30,ACSS2,False,-0.29523851046052446,-0.29572089783846556,-0.35534353320694784
GSE1_S633,GSE1,False,-0.04583137440797999,0.017858946382846255,0.04859660577953175
GSE1_S635,GSE1,False,-0.04583137440797999,0.017858946382846255,0.04859660577953175
RLIM_S183,RLIM,False,-0.6507479682193296,,
RLIM_S230,RLIM,False,,-0.23439138144958338,-0.10727079224547457
ENSP00000398127:map.3/17208267/C:p.I696V:n.T17208267C:c.Att/Gtt_S554,ENSP00000398127:map.3/17208267/C:p.I696V:n.T17208267C:c.Att/Gtt,False,-0.9890844573860801,-0.26850675413606945,-1.6927421659883868
ENSP00000398127:map.3/17208267/C:p.I696V:n.T17208267C:c.Att/Gtt_S558,ENSP00000398127:map.3/17208267/C:p.I696V:n.T17208267C:c.Att/Gtt,False,-2.6631910526524254,-2.308430103138385,-1.8238815172268976
ENSP00000398127:map.3/17208267/C:p.I696V:n.T17208267C:c.Att/Gtt_S539,ENSP00000398127:map.3/17208267/C:p.I696V:n.T17208267C:c.Att/Gtt,False,0.048072717036477024,0.014212444812104711,-0.1243588153066072
ENSP00000398127:map.3/17208267/C:p.I696V:n.T17208267C:c.Att/Gtt_S541,ENSP00000398127:map.3/17208267/C:p.I696V:n.T17208267C:c.Att/Gtt,False,0.4028663135731122,-0.17200836314482557,-0.40530895917889287
ENSP00000398127:map.3/17208267/C:p.I696V:n.T17208267C:c.Att/Gtt_S544,ENSP00000398127:map.3/17208267/C:p.I696V:n.T17208267C:c.Att/Gtt,False,0.3326377747909173,-0.17812300965922848,-0.10253331825502472
ENSP00000398127:map.3/17208267/C:p.I696V:n.T17208267C:c.Att/Gtt_S43,ENSP00000398127:map.3/17208267/C:p.I696V:n.T17208267C:c.Att/Gtt,False,-0.24217286705819766,-0.5371338139595151,-0.9843826145195427
ENSP00000398127:map.3/17208267/C:p.I696V:n.T17208267C:c.Att/Gtt_S522,ENSP00000398127:map.3/17208267/C:p.I696V:n.T17208267C:c.Att/Gtt,False,0.48475182052077853,-0.11226201934025104,-0.199067316858904
RBSN_S226,RBSN,False,,-0.3759646307222615,
PDLIM4_S112,PDLIM4,False,0.033470567992781024,0.22959980451318937,0.32188653902958814
PDLIM4_S120,PDLIM4,False,-0.012821558198365734,-0.1865931032770593,-0.3496398197273606
ACLY_S481,ACLY,False,-0.22223600114323813,-0.22762139427816172,-0.17639660073253102
ACLY_S455,ACLY,False,-0.11479594751993771,-0.17116443465566722,-0.10342204789695282
ENSP00000253811_S22,ENSP00000253811,False,-0.26677296860351457,-0.15638756524607797,-0.05750080520765837
EXOC4_S220,EXOC4,False,,,-0.09008100194055285
EXOC4_S32,EXOC4,False,,-2.136424710227582,
PPFIA1_S275,PPFIA1,False,0.21474652268239547,0.13442769773825725,0.14496178659214892
PPFIA1_S763,PPFIA1,False,-0.06829362150653374,0.11716275659934165,0.18127329569961695
PPFIA1_S239,PPFIA1,False,-0.0083257462001885,-0.09060774009404576,0.09043657026987556
PPFIA1_S242,PPFIA1,False,-0.19180609641866397,-0.12453422082818515,-0.06711475299253619
PPFIA1_S244,PPFIA1,False,0.10572539203017223,0.16008660933337046,0.24412835971626246
PPFIA1_S666,PPFIA1,False,,0.20776793757217057,
PPFIA1_S668,PPFIA1,False,-0.08610914657177914,0.22699800421943006,0.29089618118830335
WDR44_S3,WDR44,False,-0.015272998277950839,,0.12513702824005632
WDR44_S5,WDR44,False,-0.10460086652910498,-0.10373590242924811,-0.02234639818287922
WDR44_S27,WDR44,False,-0.07166354536196037,-0.019316585992890888,0.09278841787180807
WDR44_S403,WDR44,False,-0.027860399803990205,-0.036025428870781535,-0.06294699738696241
WDR44_S344,WDR44,False,0.11667325926720923,0.11076412189980747,-0.04589355383588077
WDR44_S470,WDR44,False,-0.20727868589423376,-0.3519359615445915,-0.09087975987586658
WDR44_S471,WDR44,False,-0.3059805445862597,-0.3091345319114549,-0.09087975987586658
WDR44_S472,WDR44,False,-0.3059805445862597,-0.3091345319114549,-0.09087975987586658
WDR44_S50,WDR44,False,1.1835817911178226,-1.5856262931239253,
ENSP00000463518_S184,ENSP00000463518,False,,0.720891316247563,0.15131764448410917
ENSP00000463518_S108,ENSP00000463518,False,0.03069315692503674,0.2739459200524978,
FUS_S276,FUS,False,,-0.3437141570091777,
SNRPA1_S197,SNRPA1,False,-0.10080909950552791,-0.1451766834748679,-0.13797047533362214
RHPN2_S639,RHPN2,False,-0.1450055345884866,0.1384106627227302,0.6615671995271457
RHPN2_S642,RHPN2,False,0.05402493680977608,0.19886049027513017,-0.09180195350928406
ACTR10_S414,ACTR10,False,-0.16378706315106456,-0.30726929651438006,-0.10361188764045076
DCAF15_S50,DCAF15,False,,0.17963843493813236,
DCAF15_S310,DCAF15,False,-0.522563177588253,-0.3594096363117754,-0.3120531996834311
WDR7_S935,WDR7,False,-0.06383133707020629,0.05521270276934134,-0.02505112745741414
SMARCC1_S328,SMARCC1,False,-0.515293680172033,-0.38941919409414655,-0.45895272055898595
SMARCC1_S330,SMARCC1,False,-0.5217884940425931,-0.3215106198341806,-0.6191374649293672
SMARCC1_S310,SMARCC1,False,-0.11629294990570078,0.09958444397134045,-0.07097668431819135
SMARCC1_S357,SMARCC1,False,0.3240040813944298,0.49702469417753037,0.01206802330909034
NUP210_S1874,NUP210,False,-0.2977262273426342,-0.31577995282298166,-0.0720428823149481
ARFIP2_S72,ARFIP2,False,-1.7890585283151428,-1.7402134289167064,-1.7483596708481028
EFR3A_S658,EFR3A,False,-0.5222397910788232,-0.16131177024996673,
ILKAP_S82,ILKAP,False,,,0.17593970540604287
ILKAP_S13,ILKAP,False,-0.1959539061920614,-0.21951109960627224,-0.20389517692668366
ENSP00000254718:map.17/4458598/C:p.Q8E:n.G4458598C:c.Cag/Gag_S775,ENSP00000254718:map.17/4458598/C:p.Q8E:n.G4458598C:c.Cag/Gag,False,0.05674420145067227,0.291610196340795,0.42157157283663205
ENSP00000254718:map.17/4458598/C:p.Q8E:n.G4458598C:c.Cag/Gag_S1303,ENSP00000254718:map.17/4458598/C:p.Q8E:n.G4458598C:c.Cag/Gag,False,-0.22985600038443335,,
ENSP00000254718:map.17/4458598/C:p.Q8E:n.G4458598C:c.Cag/Gag_S1308,ENSP00000254718:map.17/4458598/C:p.Q8E:n.G4458598C:c.Cag/Gag,False,0.1895239210714954,0.3021727997407522,
ENSP00000254718:map.17/4458598/C:p.Q8E:n.G4458598C:c.Cag/Gag_S11,ENSP00000254718:map.17/4458598/C:p.Q8E:n.G4458598C:c.Cag/Gag,False,-0.295899945591143,-0.2624815898896116,-0.02320042644449971
ENSP00000254718:map.17/4458598/C:p.Q8E:n.G4458598C:c.Cag/Gag_S1159,ENSP00000254718:map.17/4458598/C:p.Q8E:n.G4458598C:c.Cag/Gag,False,0.3235599427611044,0.3085514287708849,0.329369065016308
ENSP00000254718:map.17/4458598/C:p.Q8E:n.G4458598C:c.Cag/Gag_S1163,ENSP00000254718:map.17/4458598/C:p.Q8E:n.G4458598C:c.Cag/Gag,False,-0.11860947207592475,-0.18797025272216739,-0.08210781960360053
ENSP00000254718:map.17/4458598/C:p.Q8E:n.G4458598C:c.Cag/Gag_S1290,ENSP00000254718:map.17/4458598/C:p.Q8E:n.G4458598C:c.Cag/Gag,False,0.2943236887976145,0.22497794114277028,0.5508202178431149
ENSP00000254718:map.17/4458598/C:p.Q8E:n.G4458598C:c.Cag/Gag_S1293,ENSP00000254718:map.17/4458598/C:p.Q8E:n.G4458598C:c.Cag/Gag,False,-0.0825758829890356,0.5132541359693397,0.36165608306274905
ENSP00000254718:map.17/4458598/C:p.Q8E:n.G4458598C:c.Cag/Gag_S1267,ENSP00000254718:map.17/4458598/C:p.Q8E:n.G4458598C:c.Cag/Gag,False,-0.05090616625366797,-0.10316863766878191,-0.010612855460624314
ENSP00000254718:map.17/4458598/C:p.Q8E:n.G4458598C:c.Cag/Gag_S1248,ENSP00000254718:map.17/4458598/C:p.Q8E:n.G4458598C:c.Cag/Gag,False,-0.1728902922300269,0.39253724527513084,-0.552029437903344
MYBBP1A_S11,MYBBP1A,False,0.6132628865552415,-0.29370064182155103,-0.23206977229304487
RPA1_S384,RPA1,False,0.10527578341568686,0.5409152884870719,0.6379595662920383
UTP3_S365,UTP3,False,,,0.9955206988637383
UTP3_S368,UTP3,False,,,0.9955206988637383
TRIM47_S588,TRIM47,False,-0.7307274219549862,,-0.8991299699050438
ZRANB2_S153,ZRANB2,False,0.03254454877704908,0.03437645780009519,-0.2083405404750851
ZRANB2_S120,ZRANB2,False,-0.2718368336368744,-0.10156438023349591,-0.10502010796753171
ZRANB2_S305,ZRANB2,False,0.08816158367020199,0.06865988330351475,0.05093440835898476
ZRANB2_S307,ZRANB2,False,0.03526515558979044,0.0020621236297229117,0.05093440835898476
ZRANB2_S188,ZRANB2,False,0.046559673058373476,0.06591115956727951,-0.10566389420337485
ENSP00000474453_S323,ENSP00000474453,False,-0.14833177264548045,-0.15195462801935297,-0.1852480923174617
VPS4A_S95,VPS4A,False,0.29525282326769287,,
VPS4A_S97,VPS4A,False,0.3264222961010625,,
NASP_S189,NASP,False,,0.7350888704781762,
NASP_S176,NASP,False,,0.48160477691862547,0.13724119171159266
NASP_S503,NASP,False,0.030688523829670376,0.12282068048426363,0.005462104215123886
OSER1_S82,OSER1,False,-0.17301910785811003,-0.37407877307729803,-0.49597129823829256
OSER1_S84,OSER1,False,-0.17301910785811003,-0.37407877307729803,-0.49597129823829256
ENSP00000255194:map.5/77425028/T:p.V585E:n.A77425028T:c.gTa/gAa_S276,ENSP00000255194:map.5/77425028/T:p.V585E:n.A77425028T:c.gTa/gAa,False,-0.12329130674085248,-0.08492810092697001,-0.08005033351220531
ENSP00000383444_S521,ENSP00000383444,False,-0.24919154288833714,-0.22598803117342384,-0.30625206383573106
CHRM3_S457,CHRM3,False,,0.28321061798453095,
MED10_S135,MED10,False,-0.05694136110960226,,
ENSP00000458238_S199,ENSP00000458238,False,-1.2295853258919154,-0.5960391354126724,-0.47531784704009933
ENSP00000458238_S202,ENSP00000458238,False,-0.9426953043899785,-0.18350678446711272,
ENSP00000458238_S207,ENSP00000458238,False,-1.2295853258919154,-0.5960391354126724,-0.47531784704009933
ENSP00000458238_S172,ENSP00000458238,False,-0.3221930223405274,-0.333220964383629,-0.3401757044279743
ATP13A3_S817,ATP13A3,False,-0.13463111878268288,0.06016840134621137,1.052824645373124
ENSP00000256216_S3,ENSP00000256216,False,0.2697753025228319,0.24634727690091462,0.15328652099086262
CTIF_S18,CTIF,False,-0.31480437114136817,,
ENSP00000460075_S161,ENSP00000460075,False,-2.5808710539133988,,0.16726081865456632
ENSP00000460075_S164,ENSP00000460075,False,-0.19346971273501676,-0.302447377234124,-0.31392655842188294
AMPD2_S87,AMPD2,False,-0.2792303721798994,-0.4312384291406597,-0.3960619680902271
NOTCH2_S1845,NOTCH2,False,0.12866872560467435,0.059908989018685105,0.11292726006960184
KIDINS220_S1574,KIDINS220,False,-0.08382701863057836,-0.022474048594103315,0.05237478519205433
KIDINS220_S1575,KIDINS220,False,-0.08382701863057836,-0.022474048594103315,0.05237478519205433
KIDINS220_S918,KIDINS220,False,-0.15886864103777515,-0.2667561759966788,-0.08324814501837731
KIDINS220_S1340,KIDINS220,False,0.13301856697228825,0.18865193532465935,0.29983921595105023
KIDINS220_S1342,KIDINS220,False,0.13301856697228825,0.18865193532465935,0.27786575723487955
KIDINS220_S1536,KIDINS220,False,-0.37041024083913565,-0.14065781029210758,-0.3754764939805073
KIDINS220_S1502,KIDINS220,False,-0.15343387565759042,-0.46099102698893696,0.0017301961388826133
KIDINS220_S1507,KIDINS220,False,-0.15343387565759042,-0.46099102698893696,0.0017301961388826133
LPIN1_S162,LPIN1,False,,-0.40489740908408056,-0.04269454406951754
NARS1_S61,NARS1,False,-1.180671621807419,,0.045442970761167115
RELCH_S20,RELCH,False,-0.0114716325920805,,
RELCH_S22,RELCH,False,-0.0114716325920805,,
RELCH_S180,RELCH,False,-0.09838884776594936,0.059352986869813495,-0.21675290262188346
RELCH_S186,RELCH,False,-0.09838884776594936,0.059352986869813495,-0.21675290262188346
RELCH_S453,RELCH,False,-0.2471570507786477,-0.08298834007767404,-0.2108339108410105
CABLES1_S46,CABLES1,False,-0.9919434451289415,-1.6287868680570765,
CABLES1_S48,CABLES1,False,-0.9919434451289415,-1.6287868680570765,
DDB2_S24,DDB2,False,-0.1432362392164933,-0.09837186921238555,-0.12247066569972359
DDB2_S26,DDB2,False,-0.1890604100947836,-0.17550358425969928,-0.24625617999068466
PUM1_S709,PUM1,False,0.11250095214933516,-0.0333558918919993,-0.3969316060011605
PUM1_S124,PUM1,False,0.25352688042498983,0.19492863006127892,
PHC2_S592,PHC2,False,-0.05757182436155214,,
TUT4_S104,TUT4,False,-0.010337792587027212,,0.2345013205622106
PRPF38A_S602,PRPF38A,False,-0.4062733518975558,-0.02472200194609726,
PRPF38A_S604,PRPF38A,False,-0.4062733518975558,-0.02472200194609726,
PRPF38A_S209,PRPF38A,False,-0.12516711160128116,-0.28628551468443936,-0.08206748271465221
PRPF38A_S193,PRPF38A,False,-0.07586970213612625,,
PRPF38A_S194,PRPF38A,False,-0.07586970213612625,,
CEP135_S439,CEP135,False,0.05414708698515805,0.11937002841136554,0.14272778839863468
CEP135_S1134,CEP135,False,0.3088268243478838,-0.3047076312690344,-0.19261123228637175
APC_S780,APC,False,,0.2865263430872163,
APC_S1360,APC,False,0.0035917387299533587,0.023932861622062013,-0.0025648028803584716
APC_S744,APC,False,-0.16900663927459053,-0.008061922969920476,
APC_S2088,APC,False,-0.2179879106233806,-0.610307861788194,-0.1584776679346287
APC_S2093,APC,False,-0.2179879106233806,-0.0570154162078306,-0.1584776679346287
APC_S2772,APC,False,-0.3060202407189709,0.14468107579807143,
APC_S2794,APC,False,0.09891071279506747,-0.6996536635242395,
APC_S1861,APC,False,-0.24852151766092345,0.1612680180962346,0.01150848017244338
APC_S1864,APC,False,-0.24852151766092345,-0.2805116481650237,-0.27238444905903453
APC_S2337,APC,False,,0.060185765046563026,
APC_S2835,APC,False,-0.24307919701419164,-0.024836737691758388,-0.2332313265111567
APC_S2531,APC,False,-0.03628914549319846,,
APC_S2533,APC,False,0.42792792761523446,0.4047034599023653,0.5039763654037999
APC_S2535,APC,False,0.195819391061018,0.3860440767732632,0.5039763654037999
APC_S1436,APC,False,-0.26477245718001996,-0.19049843759449867,-0.333606967630984
APC_S1038,APC,False,,0.449091965009877,0.5533605033353275
APC_S1042,APC,False,-0.011112395030075719,0.0787225533552227,0.10316924064654882
ANXA1_S182,ANXA1,False,-0.01913592095299813,0.027118446576477443,0.07684307811760382
ANXA1_S37,ANXA1,False,-0.19365648156615461,-0.3526901524071883,-0.3210807604309719
TBX3_S412,TBX3,False,1.151215911953145,0.4934336686122197,1.134786531165019
TBX3_S418,TBX3,False,-0.16433458333640122,-0.10822765111501217,-0.23071911440412818
TBX3_S687,TBX3,False,-0.04787521080910453,-0.051975713368907335,
ENSP00000321405_S18,ENSP00000321405,False,-0.42303364998965387,1.3250174933284575,-0.8981885877220459
ENSP00000321405_S19,ENSP00000321405,False,0.4445874412557707,0.5281088030894034,-0.8981885877220459
TRAFD1_S327,TRAFD1,False,-0.013652537956139986,0.019035505095967513,-0.036274351124646526
TRAFD1_S415,TRAFD1,False,-0.03299399341256535,0.009252771020856696,0.038016038049958796
ENSP00000257665_S355,ENSP00000257665,False,0.35760830381384867,-0.14507854934092232,0.12890415530605961
ENSP00000257665_S357,ENSP00000257665,False,0.32215890762937754,-0.816570654556042,-0.7948327301844463
ENSP00000257665_S358,ENSP00000257665,False,0.33988360572161314,0.08858611579403639,-0.12845250056373697
ENSP00000257665_S322,ENSP00000257665,False,-0.2245092473231044,-0.226106078111646,-0.2913694388053699
ENSP00000257665_S323,ENSP00000257665,False,-0.2602781351114291,-0.24828240789318104,-0.29405668371393495
ENSP00000257665_S325,ENSP00000257665,False,-0.2602781351114291,-0.24828240789318104,-0.29405668371393495
ENSP00000257665_S328,ENSP00000257665,False,-0.27463783228030353,-0.23352504821535258,-0.3186617546668885
ENSP00000257665_S2,ENSP00000257665,False,-0.17359580334315775,-0.16744334609565578,-0.1733038647693989
ENSP00000257665_S370,ENSP00000257665,False,-0.2777590483734005,-0.3103608955703193,-0.2581238531883118
ENSP00000257665_S373,ENSP00000257665,False,-0.2777590483734005,-0.4099672641881512,-0.21976869850556974
ENSP00000257665_S165,ENSP00000257665,False,-0.38860459301862427,-0.2613838321344934,-0.5805042551513168
MDFIC_S69,MDFIC,False,,-0.45632595597509534,
AKIRIN2_S18,AKIRIN2,False,0.5322850019332077,0.6706931747025007,0.4809437651321351
AKIRIN2_S21,AKIRIN2,False,-0.0476162376195248,0.3778330927729663,0.281402185216309
ENSP00000449831_S1508,ENSP00000449831,False,0.14916331675942945,1.666475648420385,2.9215315424902717
ENSP00000449831_S1396,ENSP00000449831,False,-0.23923789147131402,-0.08999722175273664,
ENSP00000449831_S1399,ENSP00000449831,False,-0.23923789147131402,-0.08999722175273664,
REPS1_S143,REPS1,False,-1.4183699283245335,,-1.7100955217088143
REPS1_S708,REPS1,False,-2.1230165316228167,-2.1662632249156153,-1.8233708467883458
REPS1_S536,REPS1,False,-0.5388420790338678,-0.5495240223902059,-0.33701068946044194
REPS1_S539,REPS1,False,-0.8109745713976033,0.2958381821954934,-0.05428743183147081
REPS1_S557,REPS1,False,-0.4468998925658447,-0.4874081715477129,-0.463489489777668
REPS1_S272,REPS1,False,-0.48704299498638126,-0.20345723571945004,-0.13385762713608373
REPS1_S273,REPS1,False,-0.279504086651286,0.4886279804116401,1.2074006767312309
REPS1_S561,REPS1,False,0.13518289485914595,0.13808611706407722,0.1382183343430154
REPS1_S162,REPS1,False,-0.11294972973902313,-0.11735368418173102,-0.16254153289394072
REPS1_S166,REPS1,False,-0.2776017527927129,-0.11843678331099892,-0.1956490087996816
REPS1_S170,REPS1,False,-0.2522385430916204,-0.41267055426791255,-0.4395343964857084
RAB11FIP5_S188,RAB11FIP5,False,-0.7930048006581984,0.16108756618799513,-0.2582525917244842
RAB11FIP5_S307,RAB11FIP5,False,0.22626189419120774,0.14344082859530907,0.1096890654768842
RAB11FIP5_S395,RAB11FIP5,False,,-0.9657518381818107,-1.3375210295767486
RAB11FIP5_S391,RAB11FIP5,False,-0.6053102649216545,-0.7089448180886749,-1.0437037011799326
DYNC1LI2_S383,DYNC1LI2,False,,,0.9339502576954242
DYNC1LI2_S391,DYNC1LI2,False,,,0.9339502576954242
DYNC1LI2_S27,DYNC1LI2,False,0.005471851210059492,0.3170724775369711,
DYNC1LI2_S446,DYNC1LI2,False,,-0.3986077412429513,0.04878445682221436
DYNC1LI2_S203,DYNC1LI2,False,0.14130198762525845,,
FHOD1_S523,FHOD1,False,-1.274610927119141,-1.3802619184500855,-1.3326437351396916
FHOD1_S367,FHOD1,False,0.21890256911356298,0.37704319049086166,0.5828656888842683
CCDC102A_S26,CCDC102A,False,0.11638110422484074,0.3777125936850747,0.19958256578982794
CCDC102A_S28,CCDC102A,False,0.11638110422484074,0.3777125936850747,0.19958256578982794
RC3H1_S531,RC3H1,False,0.5200450240398177,,
RC3H1_S535,RC3H1,False,0.27905521648346715,0.1636383993354143,0.024149113590927085
RC3H1_S772,RC3H1,False,,-0.7188537141449818,
SP110_S244,SP110,False,-0.3287066275184243,-0.3467198109464043,-0.3284529891491196
SP110_S256,SP110,False,-0.2206478632125824,-0.3786818713133877,-0.47906991163138507
SP110_S378,SP110,False,0.05282369473012371,0.04586218418733848,0.002424752074975167
DOCK10_S1292,DOCK10,False,0.42492208821068794,0.24987004682249817,
DOCK10_S1295,DOCK10,False,0.42492208821068794,0.24987004682249817,
REV1_S1087,REV1,False,-0.28737780890151754,-0.02864033010331087,
C2orf49_S182,C2orf49,False,0.012483862508389364,-0.2833865596018935,
C2orf49_S189,C2orf49,False,-0.3400826552918273,-0.27584519842894684,-0.780857574964171
C2orf49_S193,C2orf49,False,-0.688113912337442,-1.010172815393859,-0.8123452416607072
EPC2_S119,EPC2,False,,-0.00556509560377718,
COG3_S663,COG3,False,,,-2.4670547260805233
COG3_S536,COG3,False,-0.021915485018276667,,
IGF2BP3_S180,IGF2BP3,False,,0.17473092330080775,-0.011806140221776062
IGF2BP3_S184,IGF2BP3,False,0.03520159571856608,-0.00021878601681392848,-0.011806140221776062
BZW2_S412,BZW2,False,0.052611778682957466,0.014193150114648972,
BZW2_S414,BZW2,False,0.052611778682957466,0.014193150114648972,
CCM2_S287,CCM2,False,0.21460178967649482,0.13142624216061125,0.3552987418040279
TTYH3_S266,TTYH3,False,,0.21088754922081027,
TTYH3_S348,TTYH3,False,-0.3906495206117888,-0.3301688892480856,
TTYH3_S351,TTYH3,False,-0.26652248034305587,-0.20305851538492006,-0.3731338522426116
ENSP00000258886:map.15/78758677/C:p.V159L:n.G78758677C:c.Gtt/Ctt_S279,ENSP00000258886:map.15/78758677/C:p.V159L:n.G78758677C:c.Gtt/Ctt,False,-0.047341227306535894,-0.07792711207844051,0.008645529491320822
NMT1_S47,NMT1,False,-0.09796414185670806,-0.17990743338593554,-0.14774604531026386
TEX2_S266,TEX2,False,-1.4434668886416706,-2.282298355692067,-1.7594791104896508
TEX2_S270,TEX2,False,-1.4434668886416706,-2.282298355692067,-1.7673520603505743
LIMD2_S29,LIMD2,False,0.34050530067398493,0.5396992964452183,0.6520120419464356
BRIP1_S1237,BRIP1,False,-0.012091941885485588,-0.021140242950593052,-0.04105227963510359
BRIP1_S990,BRIP1,False,-0.13485013296349532,0.03604610015685955,0.13789693238961925
KAT7_S162,KAT7,False,0.19201392777663562,0.39708851250281163,
KAT7_S164,KAT7,False,0.47144743251160204,0.6208167471536143,
KAT7_S57,KAT7,False,0.11756206925697886,-0.2545863461484582,0.13290581201150653
KAT7_S124,KAT7,False,-0.37478404115352265,-0.43403244999208596,
KAT7_S102,KAT7,False,-0.2914507558640936,-0.1576670815082794,0.0752380834051887
TANK_S130,TANK,False,,-0.19404723428265744,
KCTD3_S791,KCTD3,False,-0.5855829930041422,-0.5640399255160523,-0.6062404808335828
KCTD3_S793,KCTD3,False,-0.594573941206521,-0.35169552879084987,-0.6136679836240989
KCTD3_S711,KCTD3,False,-0.14336632000081043,-0.1760986583476646,0.005029969069809533
SAP130_S855,SAP130,False,0.10108094638515752,0.12097756444962997,0.10879724506020538
SAP130_S442,SAP130,False,-0.011573431051731172,-0.1899600433227182,0.06818925877896807
DAB2IP_S854,DAB2IP,False,0.4033247884065836,0.5808604147400392,0.5840417688724484
DAB2IP_S868,DAB2IP,False,,-0.39564396198474483,-0.6756372044965999
DAB2IP_S871,DAB2IP,False,,-0.39564396198474483,-0.6756372044965999
DAB2IP_S623,DAB2IP,False,-0.12820266879157352,-0.17657436340116672,-0.1546017311626931
MYC_S76,MYC,False,-0.347175426659877,-0.23590719988617448,-0.1272421459910967
KIF13A_S636,KIF13A,False,,0.6913554919310606,
KIF13A_S1274,KIF13A,False,,,0.1506896432473209
TJAP1_S290,TJAP1,False,-0.19577368332713352,-0.13658242628298628,-0.22729996375026879
TJAP1_S535,TJAP1,False,0.08640867716495838,0.11565825553164309,0.006701190357752527
ENSP00000385213_S363,ENSP00000385213,False,-0.3562361456626577,,
CPEB2_S89,CPEB2,False,0.00604663011841478,-0.45925287727458897,
CPEB2_S92,CPEB2,False,0.00604663011841478,-0.580620215488243,
FHDC1_S660,FHDC1,False,-1.473690759194136,,
FHDC1_S664,FHDC1,False,-1.473690759194136,,
THAP12_S141,THAP12,False,-0.30644836660750796,-0.18083868792830002,
TGS1_S405,TGS1,False,-0.25651285275696245,-0.3740562541741115,-0.2914201896371894
TGS1_S412,TGS1,False,-0.052820009548913804,-0.17613625334951685,-0.2937411542970142
TGS1_S154,TGS1,False,0.0017301961388826133,0.3844335635315846,0.026622293329146673
TGS1_S85,TGS1,False,0.2032952858822091,0.2842330953618344,0.18657000240527638
TGS1_S89,TGS1,False,-0.15623143450638413,0.2842330953618344,0.18657000240527638
TGS1_S438,TGS1,False,0.14722250060776854,0.06094722040435668,
TGS1_S294,TGS1,False,-0.5980419335862269,,
BUD13_S271,BUD13,False,-0.005822998349175754,-0.008095432625838402,-0.009111482744613937
BUD13_S281,BUD13,False,0.43084126602935474,0.9054685672939329,0.5432979013970696
BUD13_S163,BUD13,False,-0.4385061840829209,-0.5300162171268986,-0.22034799806927974
BUD13_S354,BUD13,False,0.12008647067252551,,
BUD13_S357,BUD13,False,0.03916741171702298,-0.03951794476007895,
BUD13_S151,BUD13,False,-0.19319940876947475,-0.47053234403184996,-0.5417515769234422
BUD13_S197,BUD13,False,-0.18987303058183647,-0.22548140039730905,-0.2354573179449751
BUD13_S201,BUD13,False,-0.18987303058183647,-0.22548140039730905,-0.2354573179449751
BUD13_S235,BUD13,False,0.056401746878462104,-0.12777315044454124,0.21754993405770298
BUD13_S239,BUD13,False,0.005134161894742077,-0.06440447552142901,
BUD13_S240,BUD13,False,0.2074549706823006,-0.05311754053692024,0.0026725408205974244
BUD13_S139,BUD13,False,-0.06202157279581729,-0.19195275046807356,-0.16981976541290167
BUD13_S184,BUD13,False,0.0012724268015144914,0.07850791121596142,-0.00802665744967189
BUD13_S185,BUD13,False,0.0012724268015144914,0.07850791121596142,-0.00802665744967189
BUD13_S188,BUD13,False,0.15922613429121343,0.01491726116013783,0.0018135306170240322
BUD13_S325,BUD13,False,-0.009086475147278436,-0.04691513207909098,-0.1734287204198175
BUD13_S222,BUD13,False,-0.8550125960134279,0.01965199447232629,-0.8340957294713891
BUD13_S226,BUD13,False,-0.8550125960134279,0.01965199447232629,-0.8340957294713891
BUD13_S248,BUD13,False,,0.039419183133397186,
DCUN1D5_S9,DCUN1D5,False,-0.288963864662947,-0.218637482356701,-0.3120865593337473
CTDSPL2_S104,CTDSPL2,False,-0.17501889908470747,-0.06633230617445164,-0.1439572734837767
KIF23_S798,KIF23,False,,,0.4217573836662819
KIF23_S710,KIF23,False,-0.29679136740576745,0.14834844991564902,
KIF23_S684,KIF23,False,,1.619084287543076,
KIF23_S763,KIF23,False,0.44265161077522364,0.650611938859653,0.36535659703048
RMDN3_S212,RMDN3,False,-0.04887003466817465,-0.04613345177791205,
RMDN3_S46,RMDN3,False,0.00892147421421535,-0.033427308103643014,-0.05644847617975907
RMDN3_S50,RMDN3,False,-0.08943181877622665,-0.06122129767902986,-0.12464142138450038
BCAR3_S83,BCAR3,False,-0.3040849565610209,-0.33091162122515794,-0.356558375103592
BCAR3_S290,BCAR3,False,-0.22170829039150222,0.33172698687419255,0.3801753117420253
FNBP1L_S430,FNBP1L,False,0.05376983583203315,-0.07726304319666383,-0.5950630678909198
FNBP1L_S443,FNBP1L,False,-0.05756605416932806,0.2900704696015407,-0.007589093926766224
FNBP1L_S447,FNBP1L,False,0.3010022560328143,0.4086336735999829,-0.09537332559402638
FNBP1L_S295,FNBP1L,False,,,-0.14785412507080792
CENPO_S29,CENPO,False,-1.6404134226904465,-0.7280828305603358,
ARL3_S5,ARL3,False,0.30287023553084225,0.29971356006424194,0.10460504322931082
KIF20B_S1700,KIF20B,False,-0.34300031850596363,-0.3776693352740087,0.01665061514698174
DBR1_S514,DBR1,False,0.026679234792163987,0.19427142541484016,0.03949014969583181
TOPBP1_S860,TOPBP1,False,,0.47778092851618925,
TOPBP1_S864,TOPBP1,False,,0.47778092851618925,0.4787229096348826
TOPBP1_S888,TOPBP1,False,0.06222995007443324,0.13601103285701752,0.2549963174002527
SATB2_S20,SATB2,False,-0.1504692423048221,-0.16669053701756223,-0.17055699282344094
ENSP00000406752_S186,ENSP00000406752,False,,,-0.16302358622482685
SSB_S366,SSB,False,0.04142458279923505,0.02611035093357573,0.09576693141826684
SSB_S92,SSB,False,,,-0.08245367377551596
PPIG_S672,PPIG,False,0.1464648912316522,0.057432499321362476,0.08438190502886181
PPIG_S341,PPIG,False,0.04593274287848354,-0.08392856900125167,-0.0627411039550492
PPIG_S681,PPIG,False,-0.7334895487257848,-1.5293225814796736,
PPIG_S398,PPIG,False,,,0.1997508567158369
PPIG_S400,PPIG,False,,,0.1997508567158369
PPIG_S730,PPIG,False,0.15730246631897368,0.06255977358081995,
PPIG_S239,PPIG,False,-0.08877629144806853,,-0.20732785864047337
PPIG_S382,PPIG,False,,0.10849100259224341,-0.27770230916605226
ABI2_S301,ABI2,False,0.25238801606965405,0.23130951607250091,0.5101565979390652
ABI2_S474,ABI2,False,0.44318226699222235,,
ABI2_S221,ABI2,False,-0.01979183795726645,0.07075429998886612,-0.060091426463926165
ABI2_S177,ABI2,False,,-0.09964903261472013,-0.2535840340436866
WBP11_S237,WBP11,False,0.10447085776291738,-0.022009437994289446,0.038295698181544525
WBP11_S600,WBP11,False,-0.3933111934248523,-0.21343235076643222,-0.7699445844689817
ENSP00000443179:map.12/14587301/G:p.K529R:n.A14587301G:c.aAa/aGa_S672,ENSP00000443179:map.12/14587301/G:p.K529R:n.A14587301G:c.aAa/aGa,False,-0.3152078949334495,-0.6679121070987224,0.03449746419944489
ENSP00000443179:map.12/14587301/G:p.K529R:n.A14587301G:c.aAa/aGa_S474,ENSP00000443179:map.12/14587301/G:p.K529R:n.A14587301G:c.aAa/aGa,False,0.058939854556232955,-0.028189773287157195,0.09895848008816877
ENSP00000443179:map.12/14587301/G:p.K529R:n.A14587301G:c.aAa/aGa_S477,ENSP00000443179:map.12/14587301/G:p.K529R:n.A14587301G:c.aAa/aGa,False,-0.269174394963857,-0.18401474669671083,-0.2483633580335588
ENSP00000443179:map.12/14587301/G:p.K529R:n.A14587301G:c.aAa/aGa_S556,ENSP00000443179:map.12/14587301/G:p.K529R:n.A14587301G:c.aAa/aGa,False,-0.027933808632463166,0.6360516483677526,-0.2832649148346025
ENSP00000443179:map.12/14587301/G:p.K529R:n.A14587301G:c.aAa/aGa_S558,ENSP00000443179:map.12/14587301/G:p.K529R:n.A14587301G:c.aAa/aGa,False,-0.030996129703166047,0.06922953891477492,0.1677784440026574
ENSP00000343599_S1119,ENSP00000343599,False,-0.25173424586556226,-0.16121706168306865,-0.20003106945104704
ENSP00000343599_S1141,ENSP00000343599,False,-0.3851676792190319,,
ENSP00000343599_S1142,ENSP00000343599,False,-0.3851676792190319,,
NAP1L1_S10,NAP1L1,False,0.37483226133530034,0.14225353508727864,0.15330562637705392
OSBPL8_S272,OSBPL8,False,0.17629028895627588,-0.16291326618448412,0.5102530528547914
OSBPL8_S23,OSBPL8,False,-0.5091361594678155,-0.1223451814590479,-0.06995216915683705
OSBPL8_S26,OSBPL8,False,-0.03479303714206099,-0.13588842478475086,0.09734075486896224
OSBPL8_S765,OSBPL8,False,-0.22684225816778292,-0.26660288588054276,0.2390313634502369
OSBPL8_S766,OSBPL8,False,-0.22684225816778292,-0.26660288588054276,0.2390313634502369
OSBPL8_S768,OSBPL8,False,-0.25281155434505254,-0.209869040878853,-0.057541796053609665
ENSP00000443731:map.12/60173356/T:p.T346S:n.A60173356T:c.Acc/Tcc_S346,ENSP00000443731:map.12/60173356/T:p.T346S:n.A60173356T:c.Acc/Tcc,False,,,-0.11017210609088396
ENSP00000443731:map.12/60173356/T:p.T346S:n.A60173356T:c.Acc/Tcc_S349,ENSP00000443731:map.12/60173356/T:p.T346S:n.A60173356T:c.Acc/Tcc,False,-0.20904449517370174,-0.058712729496853765,0.11529964402554728
ENSP00000443731:map.12/60173356/T:p.T346S:n.A60173356T:c.Acc/Tcc_S353,ENSP00000443731:map.12/60173356/T:p.T346S:n.A60173356T:c.Acc/Tcc,False,-0.08531302482937787,,
ENSP00000443731:map.12/60173356/T:p.T346S:n.A60173356T:c.Acc/Tcc_S370,ENSP00000443731:map.12/60173356/T:p.T346S:n.A60173356T:c.Acc/Tcc,False,,,-0.2737965572542584
PPP1R12A_S299,PPP1R12A,False,0.22495763725853454,0.34549054724070727,0.223524307939777
PPP1R12A_S422,PPP1R12A,False,-0.0006204922829859641,0.3440330915280573,
PPP1R12A_S479,PPP1R12A,False,,-0.000389580256741689,
PPP1R12A_S507,PPP1R12A,False,-2.732068750951359,-2.3583018921716237,
PPP1R12A_S509,PPP1R12A,False,-2.732068750951359,-2.488050165656439,
PPP1R12A_S472,PPP1R12A,False,2.421694581180292,0.35128909759887456,
PPP1R12A_S473,PPP1R12A,False,2.421694581180292,0.35128909759887456,
PPP1R12A_S862,PPP1R12A,False,0.2714690443006375,0.25619790614669163,0.3002994736656383
PPP1R12A_S871,PPP1R12A,False,0.10279747986480862,0.21908867935586662,-0.07404614095390627
CDK17_S39,CDK17,False,-1.1264479406255932,0.2876967920411919,0.3681537110961903
CDK17_S127,CDK17,False,,-0.28986273391544826,
CDK17_S93,CDK17,False,,-0.16467414181593334,
TMCC3_S15,TMCC3,False,0.06129233847829409,0.4521225460067046,0.507192158997613
TMCC3_S185,TMCC3,False,-0.007377966574649494,0.07032534267359501,0.15129536731907028
MNAT1_S279,MNAT1,False,-0.2969208715998272,0.09466135105130646,
ENTREP2_S18,ENTREP2,False,0.08193463205190624,0.10688818437314651,0.024945057945078793
ENTREP2_S20,ENTREP2,False,0.08193463205190624,0.10688818437314651,0.024945057945078793
FOXN3_S85,FOXN3,False,,-0.22308062501611034,
FOXN3_S97,FOXN3,False,,-0.22308062501611034,
PEBP1_S52,PEBP1,False,0.2203713130740468,0.17816919617748517,0.15478422149944737
MOCOS_S528,MOCOS,False,-0.23411888419804608,-0.1843573481378882,-0.08545191814661313
MOCOS_S530,MOCOS,False,-0.12859356910661893,-0.19108234383128972,-0.19102767792787903
LMNB1_S23,LMNB1,False,-0.013682018624825895,-0.042889852363912316,-0.09830868655112959
LMNB1_S391,LMNB1,False,-0.025988042395974967,-0.024847125375898966,-0.03278858527221938
LMNB1_S393,LMNB1,False,-0.11698446266667711,-0.11353040475286118,-0.14069136887672717
LMNB1_S395,LMNB1,False,-0.001074111750304127,0.620294654630252,-0.023387076370831508
LMNB1_S401,LMNB1,False,0.1973546122986009,0.15652605852865611,0.48254666141937425
LMNB1_S302,LMNB1,False,1.2404364570778692,1.6494775055317359,
LMNB1_S404,LMNB1,False,-0.19918721795660677,1.3302088551192448,0.32580084156889816
LMNB1_S405,LMNB1,False,0.10922957359067324,0.10460319470474888,0.3499201860324768
LMNB1_S408,LMNB1,False,0.0814692682998848,0.2281083267323923,0.42620080509869096
NUP133_S41,NUP133,False,,0.6718368286812048,0.7542889267296842
NUP133_S44,NUP133,False,,,0.7542889267296842
NUP133_S45,NUP133,False,,0.5803301462769846,0.2198589163429075
NUP133_S50,NUP133,False,,0.19148340688011123,0.2198589163429075
NUP133_S27,NUP133,False,0.0679728599791796,-0.48790461841383664,0.27572225616074836
NUP133_S57,NUP133,False,-0.7612231141836903,0.4160794276667076,0.3870134203707198
RFC1_S368,RFC1,False,-0.25537387173108433,-0.1871421582937169,0.04135164703856123
RFC1_S312,RFC1,False,0.15765513345285945,0.10915476252456961,0.2368803143069081
RFC1_S69,RFC1,False,-0.010756945085204571,0.010192714875654508,-0.04723305162373535
RFC1_S71,RFC1,False,-0.010756945085204571,0.041842483575908994,-0.04723305162373535
RFC1_S156,RFC1,False,-0.09955327665179758,-0.06009360376019882,-0.11325789780618867
RFC1_S281,RFC1,False,,,1.0102785672972665
RFC1_S29,RFC1,False,,0.2788174030747215,
KLF3_S92,KLF3,False,-0.6904207432054954,-0.06655264952358303,-0.4222884012363153
KLF3_S101,KLF3,False,-0.6296899114407507,-0.030589762529185195,
TBC1D1_S237,TBC1D1,False,0.12247394117564454,,-1.9040620811636495
CSDE1_S483,CSDE1,False,0.17444160707967205,0.20484848762775942,0.29523631672070216
CSDE1_S485,CSDE1,False,0.4175960129666715,0.2825887281321213,
CSDE1_S245,CSDE1,False,,0.09558690799772399,-0.024238457283735432
ENSP00000420283_S511,ENSP00000420283,False,0.08022126633942589,0.09142393626150536,0.014291704673952223
PACC1_S9,PACC1,False,-0.3028311362568703,-0.11822576351134026,0.23204671335010993
PPP2R5A_S38,PPP2R5A,False,,-0.1103239881624202,
PPP2R5A_S41,PPP2R5A,False,-0.228317215713443,0.21073504890803807,
PPP2R5A_S42,PPP2R5A,False,-0.228317215713443,0.21073504890803807,
ENSP00000440823_S56,ENSP00000440823,False,0.10071500329399934,0.2251947810297875,-0.11310302462293904
EPN2_S192,EPN2,False,-0.3552466458857609,-0.062488881685813354,-0.08854403142152394
EPN2_S195,EPN2,False,0.04896954484809981,-0.029618689222176836,0.006333933722050485
EPN2_S173,EPN2,False,0.2543914634910689,0.3395106456947483,0.2881023459651842
PALLD_S390,PALLD,False,,,-0.14455241150717954
PALLD_S393,PALLD,False,,,-0.14455241150717954
PALLD_S182,PALLD,False,-0.5011532423904178,-0.6131358710482325,-0.7097574673716669
PALLD_S405,PALLD,False,-0.03831651254736621,0.01534902614556239,0.19358252508164864
PALLD_S407,PALLD,False,-0.03831651254736621,0.01534902614556239,0.19358252508164864
PALLD_S410,PALLD,False,-0.03831651254736621,0.01534902614556239,0.19358252508164864
ENSP00000452294:map.14/76620980/G:p.M92V:n.A76620980G:c.Atg/Gtg_S86,ENSP00000452294:map.14/76620980/G:p.M92V:n.A76620980G:c.Atg/Gtg,False,0.13363149186901166,0.28123592053258584,0.1116082153119657
ENSP00000452294:map.14/76620980/G:p.M92V:n.A76620980G:c.Atg/Gtg_S88,ENSP00000452294:map.14/76620980/G:p.M92V:n.A76620980G:c.Atg/Gtg,False,0.13363149186901166,0.28123592053258584,0.1116082153119657
SNW1_S224,SNW1,False,-0.19649815193275655,-0.19268500904011077,-0.2851930399692817
SNW1_S232,SNW1,False,-0.1784423277483612,-0.20256421023565085,-0.17656948518614113
PALB2_S781,PALB2,False,,-0.630862993765305,
KATNIP_S691,KATNIP,False,-0.32092439822203833,-1.0690280661872817,-0.5485224676048269
KATNIP_S453,KATNIP,False,0.2315552903560406,1.9560938347951293,
KATNIP_S460,KATNIP,False,0.2315552903560406,1.9560938347951293,
THOC1_S560,THOC1,False,-0.1413156311376905,-0.25079604908690384,0.025737561413608275
THOC1_S2,THOC1,False,-0.8051696659868965,-0.44502811759673877,-0.4291207432501467
ENSP00000458767_S368,ENSP00000458767,False,-0.26784370204498326,0.07942931500291513,
ENSP00000458767_S2454,ENSP00000458767,False,-0.303533765281474,-0.19916219527698376,-0.4148588893603683
ENSP00000458767_S1942,ENSP00000458767,False,-0.0840930232597068,,0.02547599590295265
SLC7A5_S31,SLC7A5,False,-0.4143067189068582,,
ENSP00000372228_S133,ENSP00000372228,False,,-2.137964701075781,-1.295340472539278
KPNA3_S56,KPNA3,False,0.02717289703039328,-0.03441918312972995,-0.04366078551002199
KPNA3_S60,KPNA3,False,0.04131935475149012,0.016522740027471804,0.05839943695677774
ENSP00000261673_S864,ENSP00000261673,False,,-0.5645779927875552,
ENSP00000261673_S961,ENSP00000261673,False,-0.06831277439670828,-0.13252448095204614,-0.11083988184255249
SFSWAP_S282,SFSWAP,False,0.08130891988857056,0.1962293257942208,
SFSWAP_S283,SFSWAP,False,0.030223886320761322,-0.011809566800772534,0.014336189426109805
SFSWAP_S889,SFSWAP,False,0.048236185652847624,0.18538923610691224,
SFSWAP_S893,SFSWAP,False,0.048236185652847624,0.10856810752420963,
SFSWAP_S901,SFSWAP,False,,0.03167749645076024,
SFSWAP_S832,SFSWAP,False,0.11887271018618205,0.09057732294849447,-0.14215309182786462
SFSWAP_S834,SFSWAP,False,0.11887271018618205,0.09057732294849447,-0.14215309182786462
SFSWAP_S604,SFSWAP,False,0.27712356104348324,0.2954879430597532,0.014498126999352837
PALS1_S53,PALS1,False,0.14094457841537206,0.1092919482911499,0.028776736544016402
TAOK1_S9,TAOK1,False,-0.15199018037135226,0.04536779125702126,
TAOK1_S421,TAOK1,False,-1.018263082628396,-0.14576933159709127,-0.10108899486347875
TAOK1_S965,TAOK1,False,-0.20113626338603297,0.19584856146892532,0.5271704496684128
TAOK1_S974,TAOK1,False,0.22909566135537973,,
TAOK1_S445,TAOK1,False,0.19750904038189168,0.3304436682290092,0.2347670516376873
TRPV4_S716,TRPV4,False,-0.12318251304253837,,0.12287146908839316
ENSP00000261817:map.12/122326812/C:p.V17A:n.T122326812C:c.gTc/gCc_S2,ENSP00000261817:map.12/122326812/C:p.V17A:n.T122326812C:c.gTc/gCc,False,0.4877950242505922,0.4508021528798187,0.17683337078449007
MAPK6_S386,MAPK6,False,,0.37083384817640336,
MAPK6_S665,MAPK6,False,-1.0657628176243061,,-0.22095044716254147
MAPK6_S189,MAPK6,False,0.06381044332577397,0.13855219061310126,0.023963972180719034
GLCE_S9,GLCE,False,-0.07164862876450187,0.3278838888874115,-0.11175929665228981
SPG11_S1955,SPG11,False,-0.8280299384063244,-2.1435002686446185,-0.0966474966906349
EIF3J_S11,EIF3J,False,0.1162996756992295,0.14697308127346057,0.2820222656473148
EIF3J_S13,EIF3J,False,0.14060657265548368,0.22391585338167097,0.2562758136780978
EIF3J_S20,EIF3J,False,0.4231503354855275,0.286481155265127,0.03691938273214235
HACD3_S114,HACD3,False,-0.36073279065456715,-0.2890323794203833,-0.2929848114443175
AAGAB_S310,AAGAB,False,0.14191067958123493,0.19589156543821318,0.23097299948134728
AAGAB_S311,AAGAB,False,0.14191067958123493,0.19589156543821318,0.23097299948134728
LACTB_S140,LACTB,False,,,-0.5699074561156252
PRPF40B_S751,PRPF40B,False,-0.0065867268027089585,-0.14495162729802177,-0.192855583517424
TUBGCP3_S515,TUBGCP3,False,-0.4611638922585343,,
RBM25_S703,RBM25,False,,-0.009248401524408817,
RBM25_S677,RBM25,False,0.016729034556166898,0.023255511983153104,0.040103227039854396
RBM25_S683,RBM25,False,0.244452727105725,0.5065736944409521,0.42467946533554124
RBM25_S583,RBM25,False,,-0.10080889834195012,
SPAG9_S265,SPAG9,False,0.0813763755659667,0.35572226409061136,0.023042392665863817
SPAG9_S268,SPAG9,False,0.0813763755659667,0.35572226409061136,0.023042392665863817
SPAG9_S358,SPAG9,False,-0.01100635965701859,0.5076170668043076,0.25640685379424505
SPAG9_S203,SPAG9,False,-0.7882899975709509,-0.5112277423315859,-0.6934078609869146
SPAG9_S183,SPAG9,False,-0.13227781666394514,0.0782750559388597,0.02405507965936744
SPAG9_S185,SPAG9,False,0.00993183966992156,0.14188535252218334,-0.02969919080631563
SPAG9_S329,SPAG9,False,0.09938761060452633,-0.016611226089731663,0.011168272231260429
SPAG9_S332,SPAG9,False,0.0943466760302032,-0.0023659243360719027,0.03302907974297841
SPAG9_S730,SPAG9,False,-0.6955407646321254,-0.6096549981656537,-0.6076373908542303
SPAG9_S732,SPAG9,False,-0.5716181856578877,-0.021829508009296523,-0.6806317721461076
SPAG9_S733,SPAG9,False,1.345226359257335,1.3552721216630184,0.8904365977415682
SPAG9_S249,SPAG9,False,-0.11348887132475236,0.03421571533791298,-0.38105987387884355
SPAG9_S251,SPAG9,False,-0.2483548851071922,-0.23688086192906854,-0.1607089131779622
SPAG9_S311,SPAG9,False,0.18204521406392124,0.19732856345782354,0.24882649087101982
ATP5F1B_S528,ATP5F1B,False,0.9930666145840013,0.15705512180176653,0.30859386858427595
PTGES3_S100,PTGES3,False,0.2872358652527741,0.21250708529447856,
PTGES3_S113,PTGES3,False,0.08952772821448984,0.1364157405748257,0.1469158480872752
MEOX2_S295,MEOX2,False,,0.4863362593096674,
MEOX2_S298,MEOX2,False,,0.3693827253389406,
MEOX2_S155,MEOX2,False,-0.053963279488907535,-0.07271579936090748,-0.08295138850290414
MEOX2_S11,MEOX2,False,,0.6241476966277903,
PHF3_S283,PHF3,False,0.09673912421465201,0.10911256802649945,-0.03651746075150618
PHF3_S122,PHF3,False,0.25141261337345894,0.20418034049469622,0.13538313508991406
PHF3_S125,PHF3,False,,0.4832611599521272,
PHF3_S1148,PHF3,False,-0.1448394927813949,-0.22332325986552842,-0.42332454879224457
PHF3_S1178,PHF3,False,,-0.36221357166267115,
PHF3_S1133,PHF3,False,-0.7228470089746313,-0.0038137512775887204,-0.05522953937947715
PHF3_S1925,PHF3,False,0.03291536916836918,-0.1927769875192354,-0.2173565968546091
PHF3_S1898,PHF3,False,,-0.4472294755609352,-0.6512916718983514
PHF3_S1614,PHF3,False,,-0.13371709437432577,
PHF3_S678,PHF3,False,-1.241312964162346,-1.0953579127618043,-1.4003775108143002
PHF3_S680,PHF3,False,-1.1356726198841292,-1.0953579127618043,-1.4003775108143002
PHF3_S682,PHF3,False,-1.2224356445660844,,-1.4003775108143002
PHF3_S1642,PHF3,False,0.14077865578279594,0.07190777041737144,0.07731964198404546
ATF1_S72,ATF1,False,0.41251057124980467,,
EIF4B_S406,EIF4B,False,-0.06555380140224791,-0.05626381790413853,-0.0012186722945095076
EIF4B_S409,EIF4B,False,0.014740300890056837,0.00896269163445993,-0.07281666649067296
EIF4B_S422,EIF4B,False,-0.28811527885356875,-0.26136290654381383,-0.4295100431337945
EIF4B_S425,EIF4B,False,-0.2983442372521605,-0.37950610800247436,-0.338384895379521
EIF4B_S93,EIF4B,False,0.015030974902369381,-0.16226626169214592,-0.09542888527677149
EIF4B_S192,EIF4B,False,0.020195882708023673,0.20621089781151086,0.29230579730764983
EIF4B_S495,EIF4B,False,,-0.4602236918350099,
EIF4B_S498,EIF4B,False,-0.025370686871480697,-0.07885584784635855,0.20401547739988798
EIF4B_S504,EIF4B,False,0.05543555163485095,0.09940207916153482,
NUP153_S192,NUP153,False,-0.002320269284824872,,0.4182439299120924
NUP153_S687,NUP153,False,0.5941204924290531,0.06446901736844254,-0.23451617318411042
NUP153_S614,NUP153,False,-2.138028760343679,-1.2803696890399936,-0.9627724235122943
NUP153_S330,NUP153,False,0.013034459030784994,-0.3230222165717278,-0.9120212753580982
NUP153_S334,NUP153,False,-0.5070482248571508,-0.4867085628965839,-0.6891647580104788
NUP153_S338,NUP153,False,-0.5590731384762647,-0.5784131029256873,-0.7319081138678905
NUP153_S203,NUP153,False,-0.07054968923687305,-0.016537641509730933,0.11053117503882608
NUP153_S209,NUP153,False,0.1847486530660587,0.09755863740083039,0.18355594049170343
NUP153_S516,NUP153,False,-0.058863633219963865,,-0.15526084766503453
NUP153_S522,NUP153,False,-0.058863633219963865,,-0.15526084766503453
ENSP00000430194:map.8/48885436/A:p.L650M:n.T48885436A:c.Ttg/Atg_S131,ENSP00000430194:map.8/48885436/A:p.L650M:n.T48885436A:c.Ttg/Atg,False,,,-0.4980414414507577
ENSP00000430194:map.8/48885436/A:p.L650M:n.T48885436A:c.Ttg/Atg_S120,ENSP00000430194:map.8/48885436/A:p.L650M:n.T48885436A:c.Ttg/Atg,False,0.25763264542943154,0.2958445536361449,0.4465310669392623
ENSP00000430194:map.8/48885436/A:p.L650M:n.T48885436A:c.Ttg/Atg_S105,ENSP00000430194:map.8/48885436/A:p.L650M:n.T48885436A:c.Ttg/Atg,False,0.14782766837732045,,0.6386357018404327
ARHGEF10_S903,ARHGEF10,False,0.12897808044182438,-0.3233904941158612,-0.6567895182831553
ARHGEF10_S906,ARHGEF10,False,0.12897808044182438,-0.03579675428612457,0.24305970607252766
ARHGEF10_S27,ARHGEF10,False,-0.3857644178355617,-0.48636244662864714,-0.4788331900439806
ANKRD12_S126,ANKRD12,False,,,-0.19244723618848417
ENSP00000444685_S457,ENSP00000444685,False,-0.341576685595341,0.12009597348186445,
ENSP00000444685_S459,ENSP00000444685,False,-0.341576685595341,0.13290581201150653,
WDR59_S821,WDR59,False,0.252052275031513,,
WDR59_S822,WDR59,False,0.252052275031513,,
MTFR1_S73,MTFR1,False,0.48160894299005497,0.5217543189880067,
MTFR1_S77,MTFR1,False,0.12507356512574935,-0.04987828494644517,0.008194376788626495
MTFR1_S248,MTFR1,False,,0.12703129259329302,0.5415148394606787
KMT2C_S46,KMT2C,False,,-0.2326362671434336,
KMT2C_S2811,KMT2C,False,0.11735327378733684,0.18788353069978675,
CSPP1_S586,CSPP1,False,0.6174865664133556,,0.49354486619996984
CSPP1_S521,CSPP1,False,-0.119071597444781,-0.6487561392956761,
CSPP1_S130,CSPP1,False,0.6219513844440632,0.6550284819623586,0.4207899398155094
TRAM1_S279,TRAM1,False,0.4425454561053042,0.4137308723527596,0.45890690685086627
ARFGEF1_S1079,ARFGEF1,False,,0.8451067473289793,
ARFGEF1_S1569,ARFGEF1,False,0.1506896432473209,-0.26414859653833,
YY1_S247,YY1,False,-0.04547609541957842,0.07674643885104394,0.15302704346482343
ENSP00000459789_S257,ENSP00000459789,False,-0.02147336965997008,-0.03250340630480529,0.06136095271954166
ENSP00000459789_S124,ENSP00000459789,False,0.014355292977070054,,
ENSP00000470445:map.19/49949652/A:p.P287L:n.G49949652A:c.cCg/cTg_S173,ENSP00000470445:map.19/49949652/A:p.P287L:n.G49949652A:c.cCg/cTg,False,-0.1837274044009541,0.6260362801635947,
PKMYT1_S134,PKMYT1,False,0.20561221393129928,0.35884633060509863,0.11330043583336065
PKMYT1_S41,PKMYT1,False,-0.7497175015750539,,-0.24917056991561404
ENSP00000262315:map.16/840378/G:p.K244R:n.A840378G:c.aAg/aGg_S225,ENSP00000262315:map.16/840378/G:p.K244R:n.A840378G:c.aAg/aGg,False,-0.180855041584743,0.17069423368708325,0.07669590183038302
ENSP00000262315:map.16/840378/G:p.K244R:n.A840378G:c.aAg/aGg_S865,ENSP00000262315:map.16/840378/G:p.K244R:n.A840378G:c.aAg/aGg,False,-0.19876880546310186,-0.14114135717876167,-0.1822941412038606
ENSP00000262315:map.16/840378/G:p.K244R:n.A840378G:c.aAg/aGg_S871,ENSP00000262315:map.16/840378/G:p.K244R:n.A840378G:c.aAg/aGg,False,-0.10059342497021549,-0.1675221458337393,-0.16334802926714742
ENSP00000392133_S390,ENSP00000392133,False,-0.515810298851733,-0.022844657450678745,-0.5326996488766458
ENSP00000262317_S226,ENSP00000262317,False,,-0.29489793075971804,-0.10928094286855976
ENSP00000262317_S579,ENSP00000262317,False,0.07340895518534003,,
ENSP00000262319:map.16/1545448/G:p.Q146R:n.A1545448G:c.cAg/cGg_S836,ENSP00000262319:map.16/1545448/G:p.Q146R:n.A1545448G:c.cAg/cGg,False,-0.48332401794488483,-0.4471844370582061,-0.2880470278045546
AXIN1_S75,AXIN1,False,-0.13267282115012316,0.07970237169737819,-0.1302864897446174
CNTLN_S5,CNTLN,False,-0.45978316493524235,-0.4825138749483415,-0.7060174861707585
CNTLN_S8,CNTLN,False,-1.1380775100603304,-1.0787046707426982,-0.3933037131430547
CNTLN_S12,CNTLN,False,-0.5300778424685474,-0.4369407375952567,-0.3796119293358603
CNTLN_S22,CNTLN,False,-0.19027276564281065,0.10809118086725182,0.2727327758392457
CREBBP_S2025,CREBBP,False,-0.17995198551760994,-0.06744723761131573,-0.2235511227812108
UBN1_S821,UBN1,False,,-0.058142480996559893,0.17223146882548135
UBN1_S173,UBN1,False,0.21550138361770124,0.042674778920235405,-0.05337270266458091
UBN1_S175,UBN1,False,0.21550138361770124,0.042674778920235405,-0.05337270266458091
ZNF423_S186,ZNF423,False,-0.3198377022467489,,0.34117510309395194
N4BP1_S288,N4BP1,False,0.14221736180382347,-0.030560290602054452,
TRAF4_S426,TRAF4,False,0.038717107572853585,,
ENSP00000446927_S219,ENSP00000446927,False,1.2171588451096718,0.40616327285217535,0.5886127065137863
ENSP00000446927_S223,ENSP00000446927,False,1.2908001835802063,0.40616327285217535,0.5886127065137863
ENSP00000446927_S227,ENSP00000446927,False,1.2908001835802063,,0.5886127065137863
ENSP00000446927_S56,ENSP00000446927,False,-0.2725135668616502,-0.32943155438042765,-0.09204797140083093
ENSP00000446927_S116,ENSP00000446927,False,0.3400494728531664,-0.1932882510784269,0.021337582965694914
ENSP00000446927_S89,ENSP00000446927,False,-0.12235175466840699,0.07010634946676762,0.05853312082658975
DHX8_S460,DHX8,False,-0.15916269493547677,-0.1478085268204188,-0.14657668098972151
SLC12A2_S994,SLC12A2,False,0.06836894217112692,0.3035761996966407,
ENSP00000437701_S407,ENSP00000437701,False,0.132015643795379,0.056716371889992324,-0.05684680176469458
ENSP00000437701_S410,ENSP00000437701,False,0.281198348893763,0.14806824190490545,0.12430573645066675
ENSP00000437701_S374,ENSP00000437701,False,0.20714320494174884,0.053800594930116824,
ENSP00000437701_S377,ENSP00000437701,False,0.11537671006219709,0.18474216903023252,-0.35588530243555416
ENSP00000437701_S162,ENSP00000437701,False,,-0.31379980875260294,
ENSP00000369719_S2610,ENSP00000369719,False,-0.06543794550337464,-0.02024970643838139,-0.14804912030649214
ENSP00000369719_S2613,ENSP00000369719,False,-0.06543794550337464,-0.02024970643838139,-0.14804912030649214
ENSP00000369719_S1682,ENSP00000369719,False,-0.7968892198476759,-0.39820783482809363,-0.39407064413753273
ENSP00000369719_S1763,ENSP00000369719,False,-0.25764879121426715,-0.2766948334137059,-0.29238686550764603
SETD1A_S470,SETD1A,False,-0.1094365734017084,-0.056956008060781126,0.19459140277373368
CHCHD3_S50,CHCHD3,False,0.1328638368885945,0.220536134519542,0.18962659436999296
ZC3H3_S408,ZC3H3,False,-0.17018290623179855,0.003499530217807495,-0.34235999479217577
NHERF1_S280,NHERF1,False,-0.3551505698434894,0.00554704995293144,0.030667793623763706
RBM42_S135,RBM42,False,-0.16265225093237645,0.07012016696583037,0.02182025359925596
ITCH_S180,ITCH,False,-0.3474354926680123,-0.0018439933053677933,
CBFA2T2_S380,CBFA2T2,False,0.022751294870311044,0.11029239392813557,
NRDC_S86,NRDC,False,0.10514166032342348,-0.23765333925283824,
NRDC_S94,NRDC,False,-0.15975021236300035,-0.14558993114466692,-0.3316578569577376
TOX4_S155,TOX4,False,0.02906435056612618,-0.09260389689488287,-0.16768767333960988
TOX4_S158,TOX4,False,0.09113327216555282,-0.019551673882171196,-0.06892558509474818
TOX4_S159,TOX4,False,-0.06274514012747473,-0.08009716645430603,0.026752476059417083
ENSP00000354491_S79,ENSP00000354491,False,0.4408526676204214,0.1728705378263826,0.6048304370991026
ENSP00000354491_S137,ENSP00000354491,False,-0.0844255608628696,-0.010436658347138635,-0.14507561752882517
ENSP00000262803:map.19/18968331/A:p.G724D:n.G18968331A:c.gGt/gAt_S1096,ENSP00000262803:map.19/18968331/A:p.G724D:n.G18968331A:c.gGt/gAt,False,0.08510137619840218,0.12459638323182017,-0.07888010393942341
ENSP00000262803:map.19/18968331/A:p.G724D:n.G18968331A:c.gGt/gAt_S1099,ENSP00000262803:map.19/18968331/A:p.G724D:n.G18968331A:c.gGt/gAt,False,0.08510137619840218,0.21214727855066554,0.060214512392986995
MAST3_S792,MAST3,False,,0.08841300972672499,
MAST3_S793,MAST3,False,,0.08841300972672499,
MAST3_S747,MAST3,False,,0.2625534273192908,
ENSP00000262812:map.19/19017862/A:p.T117I:n.G19017862A:c.aCc/aTc_S99,ENSP00000262812:map.19/19017862/A:p.T117I:n.G19017862A:c.aCc/aTc,False,,-0.39052868858854933,
ENSP00000471959_S2887,ENSP00000471959,False,-0.6718942624945705,-0.38012220551936243,-0.0958142884261516
ENSP00000471959_S2362,ENSP00000471959,False,-0.2575248182569631,-0.09954732882649937,-0.16074829020063075
ENSP00000471959_S2365,ENSP00000471959,False,-0.042993475859704776,-0.22374135060368247,-0.05937415748891699
ENSP00000471959_S1368,ENSP00000471959,False,-0.6575286181955277,-0.3316266783186562,0.16824255880646855
ENSP00000471959_S3919,ENSP00000471959,False,-0.4406055351889651,-0.3246780629370301,-0.48151733986838846
ENSP00000471959_S1903,ENSP00000471959,False,-0.27775661056443923,-0.2436458847443719,-0.30626686069859604
ENSP00000471959_S1907,ENSP00000471959,False,-0.14539321412488931,-0.13450166222527993,-0.16413073230154915
ENSP00000471959_S3555,ENSP00000471959,False,0.16979675618324852,0.1657023169829099,-0.037141058058701326
ENSP00000471959_S3560,ENSP00000471959,False,,1.1019189597110717,0.38692128221781674
ENSP00000471959_S3122,ENSP00000471959,False,,,0.3601956947323582
ENSP00000471959_S3752,ENSP00000471959,False,,-0.5247054914646564,-1.8824645268963809
ENSP00000471959_S3757,ENSP00000471959,False,-0.13033386189129578,-0.16729628269645383,-0.29516575934825595
ENSP00000471959_S3760,ENSP00000471959,False,,-0.21854337712432048,-0.35718489729672975
ENSP00000471959_S3808,ENSP00000471959,False,-0.21579756975321643,-0.284440129387769,
ENSP00000471959_S3816,ENSP00000471959,False,-0.26571969671132273,-0.29427634519927887,-0.28447174495381017
ENSP00000471959_S3827,ENSP00000471959,False,-0.35361611583683406,,
ENSP00000471959_S648,ENSP00000471959,False,-0.39020722193940377,-0.3381063850960214,
ENSP00000471959_S2918,ENSP00000471959,False,,0.17466207953358823,
ENSP00000471959_S1084,ENSP00000471959,False,-0.11342499882610545,-6.749311115696044e-05,-0.006271355845727136
SIPA1L2_S1650,SIPA1L2,False,,-0.26150859137298577,-0.35921978818147127
SIPA1L2_S1652,SIPA1L2,False,,-0.26150859137298577,-0.3166619853898165
SIPA1L2_S194,SIPA1L2,False,0.06557231159362208,-0.2365452147165711,-0.057495975519124054
SIPA1L2_S1244,SIPA1L2,False,0.47248777146274357,,
SIPA1L2_S1549,SIPA1L2,False,-0.005688015736833446,-0.47226903940937365,-0.17099841901272023
SIPA1L2_S1552,SIPA1L2,False,-0.020195589504847972,,-0.04421108903588121
SIPA1L2_S162,SIPA1L2,False,-0.10324268535069459,-0.011948808639938878,-0.01639526264807037
SIPA1L2_S148,SIPA1L2,False,-0.039191774611020275,-0.2273541969073077,-0.3430969205633098
RALGAPB_S359,RALGAPB,False,-0.5806337028894826,0.35614381022527536,2.8595521793719505
XRCC1_S210,XRCC1,False,0.3995428736496045,0.5476642130587104,0.526729196873865
XRCC1_S195,XRCC1,False,,-0.18372927731348315,
XRCC1_S235,XRCC1,False,,-0.6736927651137282,
XRCC1_S416,XRCC1,False,-0.37654679381350636,-0.2943540989303152,-0.26426834547448935
MARK4_S438,MARK4,False,0.5239633457906694,0.3710569683501993,0.5833265191100258
HACE1_S385,HACE1,False,,0.190172344802298,
E2F3_S166,E2F3,False,0.0497701518163845,0.07423139418579203,-0.24560844269932616
E2F3_S172,E2F3,False,0.0497701518163845,-0.25293060838825204,-0.24560844269932616
KCNQ5_S58,KCNQ5,False,,,-0.021335753629543028
MAP2K2_S218,MAP2K2,True,-1.7982657809268698,-1.2204460965051103,0.5780087622006858
MAP2K2_S222,MAP2K2,True,-1.7982657809268698,-1.0812102969824182,0.5780087622006858
YJU2_S211,YJU2,False,-0.2617815828947628,-0.22698918556854494,-0.3453025662307726
YJU2_S213,YJU2,False,-0.2617815828947628,-0.22698918556854494,-0.3453025662307726
YJU2_S220,YJU2,False,-0.24287257706978158,-0.17314644979417745,-0.2753246896063468
ZMYND8_S668,ZMYND8,False,0.06083463452110525,-0.05092609755629989,0.007969816341744821
ZMYND8_S547,ZMYND8,False,,-0.3287609843995357,-0.3933170351060437
ZMYND8_S737,ZMYND8,False,0.332622013759637,0.3618803664762505,
ZMYND8_S707,ZMYND8,False,-0.1281702262870518,-0.05124458051312313,-0.14983618108288532
ZMYND8_S709,ZMYND8,False,-0.15639352568274542,-0.05124458051312313,-0.14983618108288532
ZMYND8_S425,ZMYND8,False,-1.7713228929246052,-1.4832231274126437,-0.5999430489307742
ZMYND8_S432,ZMYND8,False,0.6973290237937193,-0.43457025521467496,
ZMYND8_S444,ZMYND8,False,0.30358701095176854,0.0310261709680401,0.3350971572902687
ZMYND8_S24,ZMYND8,False,-0.20053364010779076,-0.19957579565762962,0.1601486523614876
ZMYND8_S33,ZMYND8,False,-0.20744196926384464,-0.20437544313527542,
ZMYND8_S40,ZMYND8,False,-0.22909485777446587,,
ZMYND8_S406,ZMYND8,False,-0.04469265735167805,-0.10907154572513379,0.0418036876570852
ZMYND8_S756,ZMYND8,False,-0.04562884719961055,-0.04491942248860148,-0.042444297972129036
ZMYND8_S652,ZMYND8,False,-0.08783291488864903,-0.17543515891688513,-0.13366825688623732
ZMYND8_S655,ZMYND8,False,-0.0048237018706247525,0.0455073458456969,0.024035935455509406
ZMYND8_S486,ZMYND8,False,0.05750419782788877,0.07029970135031251,0.11954943029518245
ZMYND8_S490,ZMYND8,False,-0.1148539143026277,-0.12221328376487434,0.04776881250529266
ZMYND8_S495,ZMYND8,False,0.07502247619037578,0.013751439095634994,0.1477180314085059
GAB1_S316,GAB1,True,-1.2249097896350123,-0.6940178091332605,
GAB1_S163,GAB1,True,-0.7383768780084647,-0.7795408203143047,-0.7431926910486425
ABCC1_S824,ABCC1,False,-0.7265548821524698,0.15510155812570256,-0.025764395790929342
ABCC1_S825,ABCC1,False,0.64929354696714,0.5650761316021553,
ABCC1_S827,ABCC1,False,-0.004873257147647803,0.301821736339363,
ABCC1_S828,ABCC1,False,0.4080687556898155,0.11134064810866351,-0.025764395790929342
EEF2K_S18,EEF2K,False,0.12921408146676885,0.1496006740472236,-0.036266644874025526
EEF2K_S470,EEF2K,False,0.20284477224503952,0.06612041734326884,0.06580094697487114
EEF2K_S474,EEF2K,False,0.12456518256162048,0.10695343488125603,0.15196050620063906
EEF2K_S72,EEF2K,False,-0.16986993495907712,0.4856740679424068,0.5112264852560929
EEF2K_S74,EEF2K,False,-0.2370317028749498,0.3966990294485781,0.47154038517995644
ENSP00000443920_S800,ENSP00000443920,False,-0.5700359564830534,-0.033675908291164666,-0.35033855935730046
ENSP00000443920_S301,ENSP00000443920,False,0.340222769068954,0.6343012832213173,0.46613112876218804
ENSP00000443920_S453,ENSP00000443920,False,-0.20419988583807547,-0.16604806000064068,0.0011501044366177098
ENSP00000440376_S177,ENSP00000440376,False,0.032524065692199365,0.047259175478012824,0.008630305143440056
CCDC6_S240,CCDC6,False,-0.16495845172799853,-0.18736760596332994,-0.26866750729601824
CCDC6_S244,CCDC6,False,-0.1530022579457864,-0.18736760596332994,-0.2123782945157048
CCDC6_S249,CCDC6,False,-0.05479684747068434,,
CCDC6_S323,CCDC6,False,0.18116617426997692,,
CCDC6_S325,CCDC6,False,0.18116617426997692,,
CCDC6_S52,CCDC6,False,,0.2333972641018831,
CCDC6_S351,CCDC6,False,-0.5090521046927741,-0.575224935789623,0.29869044149062607
CCDC6_S352,CCDC6,False,-0.7907694659189524,-0.3349245679342613,0.29869044149062607
BICC1_S462,BICC1,False,,1.0006599317627443,
PRKCQ_S551,PRKCQ,False,0.23682933548639973,0.1881549866434585,0.4628899384097085
PRKCQ_S570,PRKCQ,False,0.01469880764222043,-0.07990719917736376,-0.03448701374650489
WDR37_S24,WDR37,False,,-0.1390610321260142,
CAPZA1_S9,CAPZA1,False,0.17887395816979515,0.21312950000747996,0.44050236300923057
UFD1_S245,UFD1,False,,0.5913543504645533,-0.05904397761465961
UFD1_S247,UFD1,False,-0.20179767801530182,0.06009431777667374,0.06631915800409717
DGCR8_S367,DGCR8,False,-0.10677423744996678,-0.18226214998680682,
DGCR8_S377,DGCR8,False,-0.08997321806159708,-0.003168459572934055,
DGCR8_S109,DGCR8,False,,,0.5999842315156153
DGCR8_S271,DGCR8,False,,,0.09112433366116472
DGCR8_S275,DGCR8,False,,,0.09112433366116472
PPM1F_S454,PPM1F,False,-0.4141721418355906,-1.1839656048197327,
ZC3H7B_S217,ZC3H7B,False,-0.951688403609218,-0.903433765846675,-0.8919528831660379
PACSIN2_S313,PACSIN2,False,,0.2798872548411305,-0.0776955712103935
PLEKHA4_S552,PLEKHA4,False,-0.3590829750821959,-0.0007099113793405526,0.7317914787171279
PLEKHA4_S559,PLEKHA4,False,-0.3075432107351094,0.2200168332017138,0.20778471055775027
PLEKHA4_S563,PLEKHA4,False,0.052872716983729605,0.743252697454473,1.236155822669933
PLEKHA4_S575,PLEKHA4,False,-0.6797115137512345,0.20640628870806865,0.19312952215971582
PLEKHA4_S194,PLEKHA4,False,-0.5380743203061512,0.524937377641867,0.31958657871823326
PLEKHA4_S213,PLEKHA4,False,-0.41667310701997556,0.017947426537985867,
PLEKHA4_S229,PLEKHA4,False,-0.6296415068304785,-0.6279617126174356,-0.020969752724209284
NUCB1_S369,NUCB1,False,0.14265722004110523,0.15645117635981984,0.12165993444931723
LIG1_S201,LIG1,False,-0.38093449889398556,-0.19432801906827837,-0.17429779709888135
LIG1_S47,LIG1,False,-0.0479570958698495,-0.02785015621507216,-0.08556961343063393
LIG1_S51,LIG1,False,-0.21406962941418226,-0.0463910805678699,-0.13007302134092938
LIG1_S911,LIG1,False,0.03768299384953398,,0.11423374442708778
LIG1_S913,LIG1,False,0.03768299384953398,,0.11423374442708778
LIG1_S141,LIG1,False,0.13191762789734868,0.16320298665198896,0.06573050789677427
LIG1_S66,LIG1,False,-0.10016302520508591,-0.23126747070525874,0.0121762476095916
LIG1_S76,LIG1,False,-0.02917743649444408,-0.0981321523165722,-0.10639717120208089
GYS1_S663,GYS1,False,0.01535483429346404,,-0.028027954539762125
EHD2_S468,EHD2,False,0.22486714361541274,0.43277153560692366,0.22355220753914842
STRN4_S53,STRN4,False,0.06401580797466773,0.06794416276673433,-0.04451609576189431
CCDC61_S447,CCDC61,False,,,-2.178730619111499
CCDC61_S458,CCDC61,False,,,-2.178730619111499
CCDC61_S334,CCDC61,False,,-0.13550677354885413,
CCDC61_S373,CCDC61,False,-0.052292633148430585,-0.11730516094486686,-0.30256232884682716
CCDC61_S376,CCDC61,False,-0.052292633148430585,-0.11730516094486686,-0.30256232884682716
BRD4_S1083,BRD4,False,0.23780842954562034,0.276913483245923,0.2390313634502369
BRD4_S1117,BRD4,False,-0.22191618742184974,-0.18550753329582403,-0.23094558231211484
BRD4_S601,BRD4,False,-0.04181563238956168,0.0072533525802900255,-0.003767928864006072
MED26_S535,MED26,False,-0.03315612763996021,,
WDR11_S205,WDR11,False,-0.32111678118588605,-0.06252314490871848,-0.06001208069801894
WDR11_S209,WDR11,False,0.18154521487731295,-0.44404645195307585,-0.07691929448356587
CCDC88A_S1417,CCDC88A,False,-0.24132159184785337,,
CCDC88A_S1674,CCDC88A,False,,,0.08254604081798103
ENSP00000396339_S63,ENSP00000396339,False,0.25851691720447556,0.6879234738335543,1.1950195823710694
ENSP00000396339_S67,ENSP00000396339,False,0.25851691720447556,,1.180211526789863
ENSP00000441551_S378,ENSP00000441551,False,,,-0.5857128972624325
PDZRN3_S472,PDZRN3,False,,-0.09347878160424986,
ARHGEF17_S420,ARHGEF17,False,0.4674881735083557,,
POLD3_S307,POLD3,False,0.013039662970437885,-0.04064040006552901,0.08105523435297052
SUCO_S732,SUCO,False,,-0.5188250776832135,
SUCO_S855,SUCO,False,0.012239984869767614,,
SUCO_S710,SUCO,False,-0.04780879527039792,0.17311872390936203,-0.051288112781568584
CLASP1_S1135,CLASP1,False,0.035619067223291105,-0.16945719746922364,0.10218981690846456
CLASP1_S1066,CLASP1,False,,,0.004609253252589672
CLASP1_S1069,CLASP1,False,0.05066143075924485,0.06431599483171138,0.12271277008856525
CLASP1_S662,CLASP1,False,-0.6946502260910261,-0.8186129032582432,-1.2250457283548393
CLASP1_S600,CLASP1,False,0.03390471702655218,0.06419385879525653,0.056747317692775606
CLASP1_S688,CLASP1,False,-0.09110263155083935,0.17593970540604287,-0.127474135426433
CLASP1_S559,CLASP1,False,0.0016273856969442984,0.005472450349582399,0.1224068306057811
CLASP1_S590,CLASP1,False,0.33052270369424175,0.14264981809729121,0.12090627532867321
CLASP1_S594,CLASP1,False,0.06636596970876847,0.1144629189504689,-0.027156627046795983
SGO1_S256,SGO1,False,-0.011606593496722495,0.02725705445923236,0.05807046395683522
SGO1_S461,SGO1,False,0.014849134864630034,-0.18992010496146872,
FNBP4_S499,FNBP4,False,0.17107145210792707,0.8528010067625605,0.08285723260522838
FNBP4_S508,FNBP4,False,0.17107145210792707,0.8528010067625605,0.08285723260522838
FNBP4_S18,FNBP4,False,-0.16149489348122825,-0.2261852545975096,-0.15123981418585083
CHMP2B_S169,CHMP2B,False,0.031087132147925318,0.13127974333043216,0.17235345886415687
ENSP00000372174:map.15/40265799/G:p.E556G:n.A40265799G:c.gAa/gGa_S551,ENSP00000372174:map.15/40265799/G:p.E556G:n.A40265799G:c.gAa/gGa,False,0.48251745438584387,0.38417315173597766,0.37506683740203023
ENSP00000372174:map.15/40265799/G:p.E556G:n.A40265799G:c.gAa/gGa_S555,ENSP00000372174:map.15/40265799/G:p.E556G:n.A40265799G:c.gAa/gGa,False,0.6692773668444713,0.3198868403683861,0.9250466950614905
ENSP00000372174:map.15/40265799/G:p.E556G:n.A40265799G:c.gAa/gGa_S230,ENSP00000372174:map.15/40265799/G:p.E556G:n.A40265799G:c.gAa/gGa,False,,-0.8387701430792781,
TYRO3_S749,TYRO3,False,0.3122004626376783,,0.556208671739585
TYRO3_S754,TYRO3,False,0.3122004626376783,,0.556208671739585
TP53BP1_S1426,TP53BP1,False,-0.1341907468788808,0.4005673967028965,-0.0386660510995972
TP53BP1_S1430,TP53BP1,False,-0.15439902276871761,-0.006006540135707408,-0.07262426467287908
TP53BP1_S1362,TP53BP1,False,0.004711858531026125,0.052858092275609926,0.06570355337415386
TP53BP1_S1068,TP53BP1,False,0.14712593188138742,0.13302380980291303,0.21225656418379324
TP53BP1_S1216,TP53BP1,False,-0.08340746231784497,-0.1018935165414973,-0.1746811341785472
TP53BP1_S1219,TP53BP1,False,0.012318036387153244,-0.09107368532540665,-0.1746811341785472
TP53BP1_S1678,TP53BP1,False,-0.2038204859593841,-0.019485149343002963,-0.055826176654535625
TP53BP1_S1028,TP53BP1,False,0.022633498042875278,-0.009953967878908936,0.09729703653983417
TP53BP1_S523,TP53BP1,False,0.058482243996610755,0.11394233028078733,0.014010153011222846
TP53BP1_S525,TP53BP1,False,0.052583710905589304,0.0432159378268207,0.03674087311989789
TP53BP1_S1114,TP53BP1,False,0.5257718173753265,0.022474346574899225,0.2704691403105779
TP53BP1_S398,TP53BP1,False,0.13579751222339106,0.28475100953422644,
TP53BP1_S1094,TP53BP1,False,-0.15315779084183365,-0.15758770551822546,-0.07802266979844298
TP53BP1_S1101,TP53BP1,False,-0.08710263440817671,-0.0013109009444414825,-0.21705705443757223
TP53BP1_S1104,TP53BP1,False,0.306378910710963,0.11396714643300218,
TP53BP1_S1462,TP53BP1,False,-0.31119000971000327,-0.17732482467112112,-0.20182086834310195
TP53BP1_S1481,TP53BP1,False,0.0009746031642583475,-0.00010498952381622628,0.0910649780583187
TP53BP1_S265,TP53BP1,False,-0.3197249277975952,-0.27503630496257264,-0.22591926051629183
TP53BP1_S1758,TP53BP1,False,-0.11154126362017218,-0.09964556142807728,0.16151180385160308
TP53BP1_S1759,TP53BP1,False,-0.09220488900539664,-0.08127656728416198,0.16151180385160308
TP53BP1_S366,TP53BP1,False,,,-0.7346111145680841
TP53BP1_S1317,TP53BP1,False,0.14135895587025596,0.12565110166152013,0.10956032426466084
ENSP00000263801:map.15/43767774/C:p.D353E:n.G43767774C:c.gaC/gaG_S366,ENSP00000263801:map.15/43767774/C:p.D353E:n.G43767774C:c.gaC/gaG,False,-0.40516485076505154,,-0.8523286027494452
ZNF106_S1370,ZNF106,False,0.23572922435941482,0.13361865691566652,0.028888655639728183
ZNF106_S1025,ZNF106,False,-0.12749540304998017,0.07103558296257333,0.0749539961453929
ZNF106_S1026,ZNF106,False,-0.12749540304998017,0.07103558296257333,0.0749539961453929
ZNF106_S1328,ZNF106,False,-0.12007741095327958,-0.12677127375232747,-0.08830074933719392
ZNF106_S1279,ZNF106,False,0.19597605131647786,0.041283080392771766,0.45869696868971455
ZNF106_S937,ZNF106,False,,0.4014120253638086,
ZNF106_S861,ZNF106,False,0.08216757165384904,0.007697418972595053,0.5217983732348863
ZNF106_S864,ZNF106,False,0.10594531505219076,0.34140734406097784,0.7921193175420059
DYNC1I2_S73,DYNC1I2,False,,,0.009490502947452436
ENSP00000263816_S4125,ENSP00000263816,False,,-0.6521529553329964,
AKT3_S472,AKT3,False,-0.10646587221373202,0.0046956176335394935,-0.07584440131024939
AKT3_S474,AKT3,False,0.09193673821058518,-0.0583989154416018,
AKT3_S476,AKT3,False,-0.035961129808435154,-0.2854130975584096,-0.010568243237977129
AKT3_S34,AKT3,False,,0.3087103511680774,0.26843998705230987
OSBP_S351,OSBP,False,-0.0919449050165091,-0.06629027677896847,-0.17409337439843625
OSBP_S190,OSBP,False,-0.023157942552809414,0.030174787355763844,0.06718077904854175
OSBP_S193,OSBP,False,-0.023157942552809414,0.030174787355763844,0.06718077904854175
OSBP_S379,OSBP,False,0.09732180532402225,-0.012797080807798344,0.07862294467474427
OSBP_S382,OSBP,False,0.16586065906758862,0.019597678484166867,0.07862294467474427
OSBP_S385,OSBP,False,0.15604660234280643,0.10755237943300572,-0.2317352042027161
OSBP_S238,OSBP,False,-0.6498648865291111,,-0.3428461510830751
OSBP_S240,OSBP,False,-0.07235306406750654,-0.02835823740365871,-0.20331516256514204
CHMP3_S200,CHMP3,False,-0.15662711997049747,-0.16430224860135442,0.19699853342704865
ENSP00000386965:map.2/85622059/C:p.H335R:n.T85622059C:c.cAt/cGt_S337,ENSP00000386965:map.2/85622059/C:p.H335R:n.T85622059C:c.cAt/cGt,False,,0.030689204071140407,
STRN_S245,STRN,False,0.21051355180046855,0.34073316058773173,
KIF1B_S1441,KIF1B,False,-0.10698859020409975,-0.06462576805234924,-0.0881919746983706
KIF1B_S1408,KIF1B,False,-0.14323957384919345,-0.11839802280121495,
KIF1B_S1008,KIF1B,False,0.04684025420297235,0.16053300876090848,
KIF1B_S1011,KIF1B,False,-0.1441473323218027,-0.3525808448028608,-0.29608528761928743
GTF3C3_S43,GTF3C3,False,-0.05657733685480434,-0.20264104400211333,-0.10126029952444916
TAF12_S51,TAF12,False,-0.04144309453780501,0.02390297171907685,0.03815296673462604
ENSP00000445520_S364,ENSP00000445520,False,,,-1.7305837820722643
ENSP00000445520_S354,ENSP00000445520,False,,0.4521972115908158,-0.045669664815542806
ENSP00000445520_S266,ENSP00000445520,False,0.02868435475936429,-0.34530783991329184,
EHBP1_S987,EHBP1,False,-0.41719605021619643,-0.4095414294577296,-0.673638860589219
EHBP1_S171,EHBP1,False,0.0005438814278896708,-0.10025699138597037,-0.001264328259098793
EHBP1_S174,EHBP1,False,0.0005438814278896708,-0.08690896970903832,-0.001264328259098793
EHBP1_S177,EHBP1,False,0.08515268056313831,,
EHBP1_S393,EHBP1,False,-0.37139590589762844,-0.34422128538145574,0.014299627314108417
EHBP1_S397,EHBP1,False,-0.16882302455961562,0.033347898387096085,-0.019816150210923963
EHBP1_S401,EHBP1,False,-0.47534265040320234,-0.5285057277343341,-0.4806269282816159
EHBP1_S300,EHBP1,False,-0.4854611845689411,-0.6828927801034558,-0.579487476307414
EHBP1_S724,EHBP1,False,-2.6154638492750792,-0.3476551537666731,-0.5233960829146951
EHBP1_S964,EHBP1,False,,,-0.6849526827421772
EHBP1_S752,EHBP1,False,0.08326607650586641,0.24049751707326048,-0.07418282811739516
EHBP1_S716,EHBP1,False,-0.10109066646319519,-0.08249780417854354,-0.04342246685729584
SLC7A6OS_S302,SLC7A6OS,False,0.1163570524123918,0.32181267466722085,0.12492108163265991
SLC7A6OS_S308,SLC7A6OS,False,0.1163570524123918,0.32181267466722085,0.12492108163265991
NECTIN1_S434,NECTIN1,False,0.12198330118198349,0.7151026360576046,
NECTIN1_S435,NECTIN1,False,0.12198330118198349,0.7151026360576046,
CBL_S669,CBL,False,0.4974335344327323,,-0.4076123333633276
ENSP00000443876_S439,ENSP00000443876,False,-0.9676309197506275,-0.013932286848555636,0.034818318654326004
SP100_S157,SP100,False,0.11117724928419304,0.12022464266176947,0.3807294485035485
SP100_S407,SP100,False,0.08131476938281527,0.05864922846149823,0.2228045610452611
SP100_S409,SP100,False,0.029677099065278798,-0.15390050659667753,1.0147086673993841
SP100_S410,SP100,False,0.029677099065278798,-0.15390050659667753,1.0147086673993841
SP100_S362,SP100,False,-0.020831351915363953,0.0889556823082184,-0.08696380127148952
ELAVL1_S202,ELAVL1,False,0.37990845410315566,0.3288560235750622,0.6427386258375213
HAT1_S361,HAT1,False,-0.1263756214007263,-0.06857947387979464,-0.1325342898148806
GPSM2_S408,GPSM2,False,-0.5422481312726066,,
RAB3GAP1_S537,RAB3GAP1,False,-1.1731091570339613,-1.2361449638103548,-1.2426250493911308
R3HDM1_S245,R3HDM1,False,0.3059121701566207,-0.4021841069793925,0.49753572639600424
R3HDM1_S125,R3HDM1,False,-0.6222876291977238,-0.3173188416347727,0.10353120987799297
R3HDM1_S283,R3HDM1,False,0.012039156645247726,-0.15722317601552302,0.3056787432422875
DARS1_S249,DARS1,False,0.028715835559002225,0.03274670117401582,-0.09969195006143991
ENSP00000394663:map.1/235345938/A:p.H766Y:n.G235345938A:c.Cat/Tat_S1029,ENSP00000394663:map.1/235345938/A:p.H766Y:n.G235345938A:c.Cat/Tat,False,-0.3164510939398875,-0.10148429657490096,
ENSP00000394663:map.1/235345938/A:p.H766Y:n.G235345938A:c.Cat/Tat_S790,ENSP00000394663:map.1/235345938/A:p.H766Y:n.G235345938A:c.Cat/Tat,False,0.08879117208893074,0.07468373596675164,0.06821031913103083
ENSP00000394663:map.1/235345938/A:p.H766Y:n.G235345938A:c.Cat/Tat_S912,ENSP00000394663:map.1/235345938/A:p.H766Y:n.G235345938A:c.Cat/Tat,False,,,0.555619856668128
ENSP00000394663:map.1/235345938/A:p.H766Y:n.G235345938A:c.Cat/Tat_S675,ENSP00000394663:map.1/235345938/A:p.H766Y:n.G235345938A:c.Cat/Tat,False,,-0.05629617213395306,
ENSP00000394663:map.1/235345938/A:p.H766Y:n.G235345938A:c.Cat/Tat_S483,ENSP00000394663:map.1/235345938/A:p.H766Y:n.G235345938A:c.Cat/Tat,False,0.051454702747326414,0.07139674406077122,0.09868904409132834
ENSP00000394663:map.1/235345938/A:p.H766Y:n.G235345938A:c.Cat/Tat_S778,ENSP00000394663:map.1/235345938/A:p.H766Y:n.G235345938A:c.Cat/Tat,False,-0.02921210890231713,0.04405253523383291,0.1294808586988783
ARID4B_S776,ARID4B,False,0.19887127951781905,,
ARID4B_S778,ARID4B,False,0.04619901724181682,-0.1850237038009351,0.08413079826062417
ECE1_S18,ECE1,False,0.0070852716669923856,0.10908321074275514,0.19573647450341458
ECE1_S20,ECE1,False,0.0070852716669923856,0.11995540331687292,0.19573647450341458
EIF4G3_S1156,EIF4G3,False,1.0175656430143707,,0.6156987816891009
EIF4G3_S495,EIF4G3,False,-0.2956735397129084,-0.21140011377157875,-0.144227065209047
EIF4G3_S232,EIF4G3,False,-0.146191350398897,-0.16923295766646304,-0.2669764549345305
PAICS_S107,PAICS,False,-0.1582683565175027,0.3227665403594746,0.29978593440658835
PAICS_S27,PAICS,False,0.2562479138373029,0.3275639984545544,0.15630523081104092
ARHGAP31_S1178,ARHGAP31,False,0.21261963937702463,0.21326068211163793,0.3849339465751764
PDCL3_S234,PDCL3,False,0.2558512768298457,0.4739188472996459,0.4324105219320999
PDCL3_S236,PDCL3,False,0.2558512768298457,0.4739188472996459,0.4324105219320999
RPL31_S98,RPL31,False,,0.04208395867125249,
ALS2_S483,ALS2,False,-0.14824139486954624,-0.03648408076961602,0.12433287070811036
ALS2_S492,ALS2,False,-0.14864791722067136,-0.03648408076961602,0.1504378785234579
NOP58_S502,NOP58,False,0.3181192671247379,0.5650511915034458,0.8299685728258673
NOP58_S514,NOP58,False,0.3181192671247379,0.5650511915034458,0.8299685728258673
OCIAD1_S108,OCIAD1,False,,0.17035275015670961,
OCIAD1_S123,OCIAD1,False,0.09543826639720505,-0.07181170470815121,-0.07067559512671233
SLAIN2_S343,SLAIN2,False,0.028852005847493426,0.05352844098929936,
SLAIN2_S345,SLAIN2,False,0.028852005847493426,0.05352844098929936,
SLAIN2_S315,SLAIN2,False,-0.20945918156201668,-0.2564235334094975,-0.22369326758503413
SLAIN2_S323,SLAIN2,False,0.10347584150304599,0.05151252964535958,-0.17757487335515315
SLAIN2_S391,SLAIN2,False,0.5295748084783575,0.4213609856725033,
SLAIN2_S353,SLAIN2,False,0.31053554124762944,-0.2104627034671522,0.2903573651035772
SLAIN2_S357,SLAIN2,False,0.31053554124762944,-0.18368161661756632,0.2903573651035772
SLAIN2_S413,SLAIN2,False,0.4178604961004537,0.35909912993243776,0.23710645882345927
TOP2B_S1545,TOP2B,False,-0.23082805226865985,0.23553332143822278,0.060953954094493314
TOP2B_S1547,TOP2B,False,0.391353371987553,0.2216330965269309,0.20056172505636286
TOP2B_S1395,TOP2B,False,-0.10363372877137045,0.189415626608488,-0.09105439139482814
TOP2B_S1408,TOP2B,False,-0.1715248428520506,0.08532396875319412,-0.10545808398650969
TOP2B_S1419,TOP2B,False,-0.2104668731899467,0.06262297117761492,-0.12520341103660684
TOP2B_S1571,TOP2B,False,-1.117430337375173,-0.8724723677150603,-1.318937604239682
TOP2B_S1576,TOP2B,False,-0.3268189874327045,-0.20294588979108097,-0.293068866857005
TOP2B_S1591,TOP2B,False,0.4182439299120924,0.2852879178553931,0.1843437779529075
TOP2B_S1517,TOP2B,False,-0.07698676463605522,0.06798540007239672,-0.10400053512433707
TOP2B_S1519,TOP2B,False,-0.07698676463605522,0.06798540007239672,-0.1239417061515042
TOP2B_S1521,TOP2B,False,0.042486431439916275,0.1544535926798724,
TOP2B_S1456,TOP2B,False,-0.03865064001321352,-0.08943617399139912,-0.004241234171435515
TOP2B_S1461,TOP2B,False,-0.18595648752873783,-0.1434927584026182,-0.11579971344970982
ANK2_S3790,ANK2,False,-0.10371579961901933,-0.0955626552302049,-0.5228407888133588
ANK2_S3800,ANK2,False,-0.08722800274307943,-0.4534586192773467,-0.5228407888133588
ANK2_S31,ANK2,False,-0.1233946747840425,-0.19661460574891818,0.0016627741227243386
ANK2_S34,ANK2,False,-0.12126374065452779,-0.07576916314640823,-0.05732457581582952
PIKFYVE_S1754,PIKFYVE,False,0.20726817311202828,0.22749465085930123,1.468635445967137
PIKFYVE_S299,PIKFYVE,False,0.007746094982711033,0.2231082240090051,
PIKFYVE_S1549,PIKFYVE,False,0.030552718216464717,0.0727753730390907,0.21377855613675487
PIKFYVE_S307,PIKFYVE,False,-0.1802052529605879,-0.134900366980206,-0.1628061623477962
PIKFYVE_S312,PIKFYVE,False,-0.015089005871357843,0.07929276727285353,0.2554403048654443
PIKFYVE_S1714,PIKFYVE,False,-0.03568186316630932,0.09275494745977192,-0.32657021310731676
GPAT3_S68,GPAT3,False,0.8448738844693084,0.5804932572482118,
GPAT3_S77,GPAT3,False,-0.2604563277144293,0.019230424126052078,0.05512538177847082
RAPGEF2_S1080,RAPGEF2,False,-1.1902727656428107,0.1426566951682484,0.006341603430231186
RAPGEF2_S585,RAPGEF2,False,0.10969486482592981,0.22082521579787243,0.3031085513810747
RAPGEF2_S960,RAPGEF2,False,-0.11897317530245148,-0.17418957986409245,0.550956266777969
RAPGEF2_S1022,RAPGEF2,False,-0.2679402356828611,-0.19612076391751823,-0.13469443022600552
ENSP00000476220_S693,ENSP00000476220,False,,0.02687086472474519,
ENSP00000476220_S697,ENSP00000476220,False,,0.02687086472474519,
ENSP00000476220_S701,ENSP00000476220,False,,-0.18643583325013546,-0.2000506510381436
ENSP00000476220_S613,ENSP00000476220,False,-0.06899513115943497,0.050743802668858806,0.14260379863605685
ENSP00000476220_S617,ENSP00000476220,False,-0.06899513115943497,0.05538345558010521,0.14260379863605685
ENSP00000476220_S592,ENSP00000476220,False,-0.12520497474349124,-0.05261062784270625,0.18789440479079594
ENSP00000476220_S596,ENSP00000476220,False,-0.3230944662431836,,
ENSP00000476220_S600,ENSP00000476220,False,-0.3230944662431836,,
ENSP00000476220_S726,ENSP00000476220,False,0.033819729765070354,0.07492841051532216,0.06315210589813752
ZNF638_S1401,ZNF638,False,0.005175821681806312,-0.013647592662458866,0.01595143763211442
ZNF638_S605,ZNF638,False,,,-0.017256438076562512
ZNF638_S552,ZNF638,False,-0.0008642703843290134,0.05618459363928124,-0.05815259396715782
ZNF638_S383,ZNF638,False,,-0.3959666424896669,-0.299631308593901
ZNF638_S128,ZNF638,False,0.08065766334522519,0.003645740131153402,0.11920798966621494
ZNF638_S508,ZNF638,False,-0.01872648756329818,0.017755171386657557,0.10282050157758033
ZNF638_S510,ZNF638,False,-0.01872648756329818,0.017755171386657557,0.10282050157758033
BLTP1_S1301,BLTP1,False,,-0.1398621387987242,
BLTP1_S1305,BLTP1,False,,-0.1398621387987242,
BLTP1_S4981,BLTP1,False,0.016924144257821412,0.0901759497902069,-0.18180775793070195
BLTP1_S2601,BLTP1,False,-0.29675751915245635,,
BLTP1_S2603,BLTP1,False,-0.29675751915245635,,
RBBP5_S497,RBBP5,False,0.10063009620113147,0.005396978882078729,-0.026017880329099866
ENSP00000431870:map.11/609577/T:p.A1370V:n.C609577T:c.gCg/gTg_S451,ENSP00000431870:map.11/609577/T:p.A1370V:n.C609577T:c.gCg/gTg,False,,0.16671544496642232,
ENSP00000431870:map.11/609577/T:p.A1370V:n.C609577T:c.gCg/gTg_S1355,ENSP00000431870:map.11/609577/T:p.A1370V:n.C609577T:c.gCg/gTg,False,-1.4692899778083734,-0.29321750893322224,
ENSP00000431870:map.11/609577/T:p.A1370V:n.C609577T:c.gCg/gTg_S1356,ENSP00000431870:map.11/609577/T:p.A1370V:n.C609577T:c.gCg/gTg,False,-0.5104941249553018,-0.018206462041877605,
ENSP00000431870:map.11/609577/T:p.A1370V:n.C609577T:c.gCg/gTg_S1367,ENSP00000431870:map.11/609577/T:p.A1370V:n.C609577T:c.gCg/gTg,False,-0.031096198528765842,0.06717207920057065,
ENSP00000431870:map.11/609577/T:p.A1370V:n.C609577T:c.gCg/gTg_S1198,ENSP00000431870:map.11/609577/T:p.A1370V:n.C609577T:c.gCg/gTg,False,,-0.2097284055866981,
ENSP00000431870:map.11/609577/T:p.A1370V:n.C609577T:c.gCg/gTg_S911,ENSP00000431870:map.11/609577/T:p.A1370V:n.C609577T:c.gCg/gTg,False,0.27755855627699016,-0.027348221580554406,0.038983401377259926
ENSP00000431870:map.11/609577/T:p.A1370V:n.C609577T:c.gCg/gTg_S1028,ENSP00000431870:map.11/609577/T:p.A1370V:n.C609577T:c.gCg/gTg,False,-3.6745491087903783,,
ENSP00000431870:map.11/609577/T:p.A1370V:n.C609577T:c.gCg/gTg_S1030,ENSP00000431870:map.11/609577/T:p.A1370V:n.C609577T:c.gCg/gTg,False,-3.6745491087903783,,
ENSP00000431870:map.11/609577/T:p.A1370V:n.C609577T:c.gCg/gTg_S1176,ENSP00000431870:map.11/609577/T:p.A1370V:n.C609577T:c.gCg/gTg,False,0.2469651619397282,0.275002258536566,0.03645006209568917
ENSP00000431870:map.11/609577/T:p.A1370V:n.C609577T:c.gCg/gTg_S863,ENSP00000431870:map.11/609577/T:p.A1370V:n.C609577T:c.gCg/gTg,False,0.6197416587691752,0.22305178836844153,0.27309337644475384
ENSP00000431870:map.11/609577/T:p.A1370V:n.C609577T:c.gCg/gTg_S987,ENSP00000431870:map.11/609577/T:p.A1370V:n.C609577T:c.gCg/gTg,False,,0.02526203357181782,
PHRF1_S1355,PHRF1,False,,-2.2704863835047524,
PHRF1_S1356,PHRF1,False,0.014212444812104711,-2.2704863835047524,-0.2712174525178664
PHRF1_S1367,PHRF1,False,-0.0028160018247042427,-2.2704863835047524,-0.2712174525178664
PALM_S124,PALM,False,-0.12296358382668605,-0.3984730999728657,-0.5022940917057078
PALM_S116,PALM,False,-0.20203382914361737,-0.14434112075648442,-0.18426798567379193
ENSP00000264584_S293,ENSP00000264584,False,-0.089870498503213,-0.004307744218223407,-0.08221871924030125
ENSP00000264584_S296,ENSP00000264584,False,-0.089870498503213,-0.004307744218223407,-0.08221871924030125
ENSP00000264584_S60,ENSP00000264584,False,0.29703777255964137,0.13383584842050658,
ENSP00000264584_S847,ENSP00000264584,False,,0.021337582965694914,0.653426951688062
HDAC4_S632,HDAC4,False,-0.10432095649832518,0.2609232437229468,0.01949996282677852
HDAC4_S565,HDAC4,False,-0.19501583751942153,-0.08541393258201961,-0.047863317660059114
HDAC4_S467,HDAC4,False,-0.008370769668938623,-0.03052619180034315,0.08146828613019712
CASC3_S148,CASC3,False,0.2178745673323136,0.1587014676929196,0.15420608913510345
CASC3_S265,CASC3,False,-0.11076697886898108,-0.0552316999646428,-0.04871810762347286
FBXL20_S389,FBXL20,False,,,0.058385771000352735
ENSP00000461072_S775,ENSP00000461072,False,0.0454397387940313,0.09203108941098043,-0.4426916729883193
NSUN2_S743,NSUN2,False,0.4813961058758362,0.4920069755939548,
NSUN2_S751,NSUN2,False,0.4813961058758362,0.4920069755939548,
CAD_S1796,CAD,False,-0.37358645593524725,-0.2681079195328427,-0.33440908062742086
CAD_S1875,CAD,False,0.20301317077449998,-0.17437008896917217,0.24159615530954037
CAD_S1837,CAD,False,0.0040063397015178415,0.24610400988391654,
CAD_S1343,CAD,False,0.15002808462591297,0.20286493797981517,-0.05772907817191099
DNMT3A_S105,DNMT3A,False,0.19534759832221926,0.08435143192660255,0.07692296841799413
FOSL2_S161,FOSL2,False,-0.4551190025895954,,
GTF3C2_S893,GTF3C2,False,-0.3413863024160846,-0.17722922491594698,-0.07882681785133569
GTF3C2_S901,GTF3C2,False,-0.46524119293524063,-0.19597988082818518,-0.22802102819429582
GTF3C2_S167,GTF3C2,False,-0.023996459639649872,0.2559225105005414,0.15277733273135655
ENSP00000399828_S12,ENSP00000399828,False,-1.0352369510384702,-1.0987352984853849,-0.9693275364109626
ENSP00000399828_S464,ENSP00000399828,False,0.06591410526092929,0.07696435896481559,
ENSP00000399828_S465,ENSP00000399828,False,0.015608698263656936,-0.0913428637163312,0.09260617557477573
ENSP00000399828_S586,ENSP00000399828,False,0.03586560759270124,-0.11245913263957372,0.7534459607902622
ENSP00000399828_S355,ENSP00000399828,False,0.028710585954140094,-0.2379269443479673,-0.2776567536285244
ENSP00000399828_S358,ENSP00000399828,False,-0.21001443144613482,-0.23670103750161087,-0.17489022392059955
ENSP00000399828_S366,ENSP00000399828,False,0.28166857997284495,0.1625967659884867,-0.28105319405584184
MIER2_S11,MIER2,False,-0.18432620891967713,0.04851520993393956,
ENSP00000264926:map.3/8955389/T:p.R302Q:n.C8955389T:c.cGa/cAa_S322,ENSP00000264926:map.3/8955389/T:p.R302Q:n.C8955389T:c.cGa/cAa,False,,,0.0814136192541967
ENSP00000264926:map.3/8955389/T:p.R302Q:n.C8955389T:c.cGa/cAa_S471,ENSP00000264926:map.3/8955389/T:p.R302Q:n.C8955389T:c.cGa/cAa,False,0.08969012486682311,-0.03164439921451092,0.01574091300751936
ENSP00000264926:map.3/8955389/T:p.R302Q:n.C8955389T:c.cGa/cAa_S99,ENSP00000264926:map.3/8955389/T:p.R302Q:n.C8955389T:c.cGa/cAa,False,-0.08904860650472622,0.13129356783385834,-0.005601904660161125
ENSP00000264926:map.3/8955389/T:p.R302Q:n.C8955389T:c.cGa/cAa_S103,ENSP00000264926:map.3/8955389/T:p.R302Q:n.C8955389T:c.cGa/cAa,False,-0.11514122572584473,-0.0669894944760178,-0.04120390226153846
ENSP00000264926:map.3/8955389/T:p.R302Q:n.C8955389T:c.cGa/cAa_S158,ENSP00000264926:map.3/8955389/T:p.R302Q:n.C8955389T:c.cGa/cAa,False,0.07964079498170717,0.07325991751651707,0.19079496385459416
ENSP00000264926:map.3/8955389/T:p.R302Q:n.C8955389T:c.cGa/cAa_S164,ENSP00000264926:map.3/8955389/T:p.R302Q:n.C8955389T:c.cGa/cAa,False,0.28803004597285486,0.18818686183321384,0.39810455382217036
SLC12A7_S997,SLC12A7,False,,-0.6375219550161542,-0.8111433595651191
PPP2R3A_S692,PPP2R3A,False,-0.624015825465002,-0.6412164462790639,-0.418793391163179
PPP2R3A_S562,PPP2R3A,False,-0.2531144191649253,-0.10681165883181037,-0.355268600409126
CDV3_S107,CDV3,False,,0.25403935608798184,
SSR3_S105,SSR3,False,,-0.21680320082723412,
MCM2_S13,MCM2,False,,,0.43256521327707675
MCM2_S139,MCM2,False,-0.11187793474433862,-0.08633426833224339,-0.12661542553084107
MCM2_S26,MCM2,False,-0.11454499410302087,-0.13327894595467557,-0.1389895358282141
MCM2_S27,MCM2,False,-0.2505947170284744,-0.24795237817752147,-0.22941285454077265
MCM2_S41,MCM2,False,-0.12251052082484477,-0.18836965018593302,
RAB7A_S72,RAB7A,False,0.3036930880937789,,0.05422334733715443
ZFR_S1054,ZFR,False,-0.2556356361398446,-0.0944823958350489,-0.3785307584767145
SUB1_S118,SUB1,False,0.04164159258451855,-0.3765358004183763,1.2348255029554902
CPEB4_S97,CPEB4,False,0.2895984221401878,,-0.3093594213843066
CPEB4_S99,CPEB4,False,0.2895984221401878,,
WDR70_S638,WDR70,False,0.03095798888525616,0.28715906865784213,-0.02554960700099199
RAI14_S298,RAI14,False,-0.11031437664666252,0.041383179019406156,0.16349873228287956
RAI14_S311,RAI14,False,-0.12581289151174724,0.30754510189958634,0.39330636035265276
RAI14_S312,RAI14,False,0.22144405295439856,,0.39330636035265276
RAI14_S264,RAI14,False,-4.156431932402133,-3.6849139540401277,-1.745147116431881
RAI14_S271,RAI14,False,-2.2835168510006847,-3.041090526275591,
RAI14_S390,RAI14,False,0.8917302465801187,-0.34503294136996093,
RAI14_S329,RAI14,False,-0.27975656268909904,,-0.07444105032071875
TARS1_S39,TARS1,False,0.0022924825784100267,0.048045007505799917,-0.1779541027709374
TNC_S72,TNC,False,,0.15393501070416332,
SEC24B_S1189,SEC24B,False,-0.17940408368256766,-0.2862677044198008,-0.49417003050333363
PCNP_S53,PCNP,False,-0.5289062072550486,-0.017459134585220276,
PCNP_S108,PCNP,False,0.1897929378202589,,0.07601173856964127
PCNP_S119,PCNP,False,,0.0505646874723625,0.1640944547619923
RBM27_S120,RBM27,False,-0.8864662501883684,-1.097517313016609,-0.2037040907000403
TLE4_S267,TLE4,False,-0.22189237372551868,-0.0559358949339319,-0.021043840533264448
TLE4_S181,TLE4,False,0.0061548341548368175,0.019683567132893164,-0.033730776982570286
TLE4_S183,TLE4,False,-0.028009452248861016,-0.04368103903484366,0.015447772670486998
ENSP00000265295:map.5/169028481/C:p.Y508H:n.T169028481C:c.Tac/Cac_S515,ENSP00000265295:map.5/169028481/C:p.Y508H:n.T169028481C:c.Tac/Cac,False,-0.6997239583102739,-0.38766135844908023,0.10867715121139626
SPDL1_S515,SPDL1,False,-0.11003361377996829,-0.10085004200119639,0.03956644278840785
MINDY4_S289,MINDY4,False,-0.6511104145706358,-0.475295714441062,
VDAC1_S104,VDAC1,False,0.1666889174752971,0.09588181431429316,0.14992205322336163
AFF4_S1055,AFF4,False,-0.4506016057724805,-0.427713749908452,-0.47251487028672945
AFF4_S1058,AFF4,False,-0.42365030117328156,0.30039617054242657,0.11314073456538296
AFF4_S814,AFF4,False,-0.3268778066306727,-0.31602513802912596,-0.33090064788670187
AFF4_S703,AFF4,False,-0.1300362810562822,-0.1561015636621947,0.20836329564019967
AFF4_S706,AFF4,False,-0.1300362810562822,0.0179020426610504,0.11701443164166012
AFF4_S1043,AFF4,False,-0.186536607165554,-0.16839667371245026,-0.0682422986009637
AFF4_S836,AFF4,False,-0.7088067189060342,-0.4536703459367492,-0.5215924213897047
AFF4_S212,AFF4,False,0.10151561549124423,-0.3342797943561407,
AFF4_S180,AFF4,False,0.05302231247910699,-0.33437631090106773,0.004476407224045262
AFF4_S487,AFF4,False,-0.0970080203101755,,
CUL7_S1124,CUL7,False,0.31347805765332726,,
CUL7_S1129,CUL7,False,,0.15450113148039157,
SYNE1_S8305,SYNE1,False,-1.8477617531393236,-0.11755091312208445,-0.09659543735880435
SYNE1_S8277,SYNE1,False,-0.2229165241629166,-0.029043591388842677,-0.33028380916312605
SYNE1_S8280,SYNE1,False,-0.18674918545568378,-0.029043591388842677,-0.33028380916312605
SYNE1_S8223,SYNE1,False,-0.3884121080674428,0.22724818378073325,
NBN_S432,NBN,False,-0.1621529701934699,-0.17981562053057168,-0.2722850096375112
NBN_S509,NBN,False,-0.3423417040042769,,
POLA2_S126,POLA2,False,0.026150179920916655,0.2567793088173332,0.42280727093761983
POLA2_S141,POLA2,False,-0.04575953182602685,-0.09486848806563102,-0.08384614196672541
POLA2_S147,POLA2,False,0.12442133830033184,,
POLA2_S152,POLA2,False,-0.2416289670009533,-0.21965714743728265,-0.019708456543137767
ELF2_S113,ELF2,False,,0.21552097302736395,
ELF2_S119,ELF2,False,,0.21552097302736395,
ENSP00000385757:map.7/43810764/A:p.A3T:n.G43810764A:c.Gca/Aca_S230,ENSP00000385757:map.7/43810764/A:p.A3T:n.G43810764A:c.Gca/Aca,False,0.19363771464153615,0.16889750236877818,0.21370893500984534
USP4_S244,USP4,False,0.13202304178655844,0.5784531080117242,0.33482849980483936
PRKAR2A_S58,PRKAR2A,False,-1.4422484058474525,-1.5804919918490647,-1.5912455895301099
PRKAR2A_S78,PRKAR2A,False,-0.01881923488281891,-0.0012477363204046732,-0.018076142118821095
PRKAR2A_S80,PRKAR2A,False,-0.01881923488281891,-0.0012477363204046732,-0.018076142118821095
PRKAR2A_S99,PRKAR2A,False,-0.084153486479917,0.12247235245013496,0.31556089955020855
SCAP_S822,SCAP,False,-0.04942978662411901,0.13727629330276436,0.4505104700671719
SCAP_S838,SCAP,False,,0.11835972595305722,
PPP6R3_S571,PPP6R3,False,-0.07065661571995978,-0.04751375841442388,-0.10382690956348639
PPP6R3_S315,PPP6R3,False,0.11579549586610634,-0.4228685035270551,
ABCA2_S2419,ABCA2,False,,,-0.19185387365901846
KAT6A_S954,KAT6A,False,0.16971139680760583,-0.06458774765621204,0.07738804719464269
KAT6A_S1089,KAT6A,False,1.0206266505899577,,
KAT6A_S1090,KAT6A,False,1.0206266505899577,,
PRKAR2B_S83,PRKAR2B,False,0.3176021049306841,,
PRKAR2B_S85,PRKAR2B,False,0.3176021049306841,,
PRKAR2B_S114,PRKAR2B,False,-1.1226615834803342,-0.1250193176003265,-0.0016157343378963018
DBF4_S354,DBF4,False,-0.5076032703775992,,
CDK14_S88,CDK14,False,-0.017041436121778396,0.3359044409553215,0.2855013544323989
CDK14_S80,CDK14,False,-0.7613354078853826,-0.7425851807376116,
CDK14_S49,CDK14,False,-0.1151754852622715,0.5401264883381068,
ANKIB1_S737,ANKIB1,False,0.15752625777249019,-0.02308701357866735,-0.22771409953371227
ANKIB1_S782,ANKIB1,False,-0.35256575058226125,-0.08033193957782185,-0.17615283317388444
ANKIB1_S785,ANKIB1,False,-0.35256575058226125,-0.08033193957782185,-0.17615283317388444
ANLN_S182,ANLN,False,-0.36116268907227367,-0.214869623990899,-0.3719408249061172
ANLN_S658,ANLN,False,0.39069782650270124,0.12757435873128173,0.18838741928228886
ANLN_S661,ANLN,False,0.46043828129700765,0.66828439854187,0.2968615937404784
ANLN_S664,ANLN,False,0.3007680332803088,,0.6675742659750189
ANLN_S54,ANLN,False,,0.025198461928631524,0.08818552233214229
ANLN_S295,ANLN,False,,,0.4068631579765398
ANLN_S792,ANLN,False,-0.5226749713267226,,
ANLN_S323,ANLN,False,-0.011759569538519745,0.057154247746212396,-0.06626684011500747
ANLN_S485,ANLN,False,-0.4598338259401926,0.29268290200122377,0.14295621143013834
ENSP00000265748:map.7/36445856/A:p.R185K:n.G36445856A:c.aGa/aAa_S182,ENSP00000265748:map.7/36445856/A:p.R185K:n.G36445856A:c.aGa/aAa,False,-0.30970031616701615,-0.26226847305284734,-0.47464396225960365
ENSP00000460568_S21,ENSP00000460568,False,0.5187785179129072,0.4699040790694443,0.4966300488061194
ENSP00000460568_S24,ENSP00000460568,False,,0.6555085778987347,
SMARCA2_S1568,SMARCA2,False,,,-0.19793089119545193
SMARCA2_S1572,SMARCA2,False,,,-0.19793089119545193
SMARCA2_S1377,SMARCA2,False,0.08874175774303218,0.12673959214972308,-0.07069270077718805
SMARCA2_S329,SMARCA2,False,-0.266926748209961,-0.18925413797531157,-0.18987937389534185
LZTS1_S233,LZTS1,False,0.05396196155592871,0.21670692437644637,0.08771066349581094
SH2D4A_S270,SH2D4A,False,-0.47409149668758466,0.016496319896195974,-0.332109649157863
RUNX1T1_S380,RUNX1T1,False,-0.17917610783548368,,
ZNF800_S336,ZNF800,False,0.12852130814595886,0.01189510343624991,0.029324874900197313
ZNF800_S422,ZNF800,False,0.04471908395937024,-0.19311576043971002,
ZNF800_S426,ZNF800,False,-0.19259791871045104,-0.13459773373640402,-0.16677226006551168
SNX19_S79,SNX19,False,,-0.21301897071832915,
MAPKAP1_S474,MAPKAP1,False,0.19113429390292191,0.13659779417895387,0.2778509977374069
HPS5_S420,HPS5,False,-0.07066479112559454,,0.2369372209904521
PIK3C2A_S338,PIK3C2A,False,0.12757062823226836,0.3497988597640766,0.2539126028611825
PIK3C2A_S259,PIK3C2A,False,-0.6120105348373278,-0.662019274040223,-0.6972101654564237
FHIP1B_S467,FHIP1B,False,-0.2972175237695049,0.029897180258519646,
DAXX_S420,DAXX,False,0.3792840453215389,-0.03231471075574746,-0.35330103812186753
RBM6_S360,RBM6,False,0.1626119604863352,,
RBM6_S362,RBM6,False,0.11717936199378848,0.17801949266221173,0.2571114970094487
RBM6_S1025,RBM6,False,-0.7715445296549734,-0.12675014652501673,0.05215710766571889
RBM6_S746,RBM6,False,-0.6287199459773459,,
GID8_S2,GID8,False,0.493189112646733,0.32524607788643883,0.05783155312184605
ENSP00000378752:map.20/61512606/C:p.T1568A:n.T61512606C:c.Act/Gct_S1260,ENSP00000378752:map.20/61512606/C:p.T1568A:n.T61512606C:c.Act/Gct,False,-0.22126996046400182,,0.22638521727038605
ENSP00000378752:map.20/61512606/C:p.T1568A:n.T61512606C:c.Act/Gct_S805,ENSP00000378752:map.20/61512606/C:p.T1568A:n.T61512606C:c.Act/Gct,False,0.05808842208600676,0.0021138742785488523,0.1262442424182039
ENSP00000378752:map.20/61512606/C:p.T1568A:n.T61512606C:c.Act/Gct_S809,ENSP00000378752:map.20/61512606/C:p.T1568A:n.T61512606C:c.Act/Gct,False,0.01700561738410111,-0.0008043895027522499,0.10626363707017444
ENSP00000378752:map.20/61512606/C:p.T1568A:n.T61512606C:c.Act/Gct_S1456,ENSP00000378752:map.20/61512606/C:p.T1568A:n.T61512606C:c.Act/Gct,False,-0.25478729491974966,-0.42571187828685025,-0.6440076027819209
ENSP00000378752:map.20/61512606/C:p.T1568A:n.T61512606C:c.Act/Gct_S898,ENSP00000378752:map.20/61512606/C:p.T1568A:n.T61512606C:c.Act/Gct,False,-0.33731190832605273,-0.2689196921994837,-0.33701068946044194
ENSP00000378752:map.20/61512606/C:p.T1568A:n.T61512606C:c.Act/Gct_S1714,ENSP00000378752:map.20/61512606/C:p.T1568A:n.T61512606C:c.Act/Gct,False,-0.3532557129987488,-0.3506941823106813,-0.339362992445478
ENSP00000378752:map.20/61512606/C:p.T1568A:n.T61512606C:c.Act/Gct_S1312,ENSP00000378752:map.20/61512606/C:p.T1568A:n.T61512606C:c.Act/Gct,False,-0.06897309278056991,-0.18381519128361065,-0.2260374225359562
ENSP00000378752:map.20/61512606/C:p.T1568A:n.T61512606C:c.Act/Gct_S152,ENSP00000378752:map.20/61512606/C:p.T1568A:n.T61512606C:c.Act/Gct,False,0.038576651452323155,,
ENSP00000378752:map.20/61512606/C:p.T1568A:n.T61512606C:c.Act/Gct_S154,ENSP00000378752:map.20/61512606/C:p.T1568A:n.T61512606C:c.Act/Gct,False,0.038576651452323155,,
PRPF6_S279,PRPF6,False,0.09656000576754732,-0.005194388781509675,0.09909317921910914
DEPDC5_S9,DEPDC5,False,-0.25923758904166117,-0.33399345280606024,0.0578314745605733
DEPDC5_S12,DEPDC5,False,-0.3905855434486973,,
EIF2B2_S103,EIF2B2,False,,0.8186869807556938,0.6056839625384928
ENSP00000385589_S682,ENSP00000385589,False,0.1622095524051927,-0.07704862729646689,-0.043735138586107405
ENSP00000385589_S693,ENSP00000385589,False,0.1622095524051927,-0.07704862729646689,-0.043735138586107405
ENSP00000385589_S644,ENSP00000385589,False,-0.36559259796018045,0.2182231971547379,
ENSP00000385589_S646,ENSP00000385589,False,-0.33934777878335637,-0.0949779721125019,-0.16251543289397535
ENSP00000385589_S648,ENSP00000385589,False,-0.33934777878335637,-0.0949779721125019,-0.16251543289397535
BCL2L14_S152,BCL2L14,False,,,-0.07792396740940805
DNM1L_S605,DNM1L,False,-0.2349889302952161,-0.1909381138964895,-0.1094458411848969
AEBP2_S18,AEBP2,False,-0.07579500154026603,-0.04889169509899832,0.00475427803159804
AEBP2_S24,AEBP2,False,-0.054506244827471906,-0.041817110266550994,0.005031612726114305
AEBP2_S206,AEBP2,False,0.02716285052974794,-0.07534425772395419,-0.10927267504875787
AEBP2_S210,AEBP2,False,-0.08016416571848593,0.02977212360695562,-0.07612822646992241
AEBP2_S211,AEBP2,False,-0.06583104967067693,-0.017610653961080636,0.1247251523988885
AEBP2_S390,AEBP2,False,0.17335138519251692,0.0629492761008234,-0.35634695598883
AEBP2_S141,AEBP2,False,0.19250206203018977,0.800108355438017,-0.07879220287544654
ZCRB1_S155,ZCRB1,False,,-0.15553399863390446,
ZCRB1_S210,ZCRB1,False,0.07545629897234062,0.06084324340419454,-0.001913788988300108
ZCRB1_S216,ZCRB1,False,0.08687398802212498,0.06084324340419454,-0.001913788988300108
SLC6A15_S576,SLC6A15,False,,,0.4009750436730866
SLC6A15_S580,SLC6A15,False,-0.5337577067634359,-0.08618825093932754,-0.03623856205804324
SLC6A15_S592,SLC6A15,False,-0.18254840725155005,-0.2635237997983561,-0.3113134118285187
SLC6A15_S594,SLC6A15,False,-0.4128571913497203,-0.7181482791701761,-0.15043155353297719
SLC6A15_S568,SLC6A15,False,-0.1977869529073925,-0.12129506444245639,0.0001442622910945383
TMPO_S156,TMPO,False,0.0935853410328296,0.22736641737500374,0.8012414482684586
TMPO_S158,TMPO,False,-0.09224011065956583,-0.05015562352281731,0.5303704399807346
TMPO_S159,TMPO,False,-0.1923645322456301,-0.060197347492349666,-0.03650772542355313
TMPO_S66,TMPO,False,-0.1338211529417595,-0.17704571067064634,-0.2958013739320105
TMPO_S67,TMPO,False,-0.2621256872158815,-0.24183045712349518,-0.238327018991364
TMPO_S184,TMPO,False,0.1430730364929848,-0.3562849367349381,0.0930155831994846
TMPO_S351,TMPO,False,0.11232207171145743,0.12999714652867614,0.27083556292351746
SNRPF_S2,SNRPF,False,,0.07217441692431663,
SMARCC2_S347,SMARCC2,False,0.02978001372553622,0.06713463533538955,0.05889769572676259
SMARCC2_S302,SMARCC2,False,-0.07118093417411055,-0.23486766156148156,-0.035930035381312356
SMARCC2_S304,SMARCC2,False,-0.07118093417411055,-0.29805115019103184,-0.035930035381312356
SMARCC2_S306,SMARCC2,False,,0.007051942516490025,0.12697285625776553
SMARCC2_S283,SMARCC2,False,0.14958165290799108,0.1943615234737515,0.19642045285866408
SMARCC2_S286,SMARCC2,False,-0.03330375870349159,-0.07176611008551188,0.268436437064617
ERBB3_S627,ERBB3,False,,-0.1954602845782215,-0.6484236988141211
ERBB3_S923,ERBB3,False,-0.3474229943747397,-0.17007992542887854,-0.895593583346467
RB1_S795,RB1,False,-0.3682158086168257,-0.3662657815350584,-0.15895412831956446
RB1_S807,RB1,False,-0.23054562788463884,-0.21552312024069217,-0.26249254575890046
RB1_S811,RB1,False,-0.23054562788463884,-0.3542183014752964,-0.4131685711616122
RB1_S37,RB1,False,-0.37697597062513705,-0.39271052799284023,-0.33311838511764363
RB1_S788,RB1,False,-0.3504924495390966,-0.3568418952541745,-0.19297603578431208
RB1_S249,RB1,False,-0.3409879204856919,-0.16922510406350136,-0.1180407347605633
ENSP00000473480_S793,ENSP00000473480,False,-0.6365225648440658,0.3208889803317765,-0.816850180135748
ENSP00000473480_S213,ENSP00000473480,False,0.26793431472592777,-0.11766106580278186,-0.09077220900667377
SETD1B_S1616,SETD1B,False,-0.3548506136605328,-0.40987336087564175,-0.49667162046168417
SETD1B_S1620,SETD1B,False,-0.3548506136605328,-0.40987336087564175,-0.49667162046168417
RBM26_S127,RBM26,False,-0.10541365499472433,-0.13150903688174667,-0.17039337180202843
FANCM_S606,FANCM,False,-0.20956157181479912,-0.0675583153409523,-0.013465280452466685
FANCM_S607,FANCM,False,-0.20956157181479912,-0.0675583153409523,-0.013465280452466685
TRIP11_S464,TRIP11,False,0.09577165558084971,0.2606039053762523,0.3594664951519267
TRIP11_S467,TRIP11,False,,,0.3889058840390692
TRIP11_S1891,TRIP11,False,0.1782427653408038,0.2542866649772531,0.25999935504458743
TCF12_S559,TCF12,False,-0.246828347265199,-0.3137962970917915,-0.35790734438094246
TCF12_S386,TCF12,False,,-0.05331404935372158,
MFAP1_S116,MFAP1,False,0.20362383572766807,0.185689044531682,0.21632519905063252
MFAP1_S118,MFAP1,False,0.20362383572766807,0.185689044531682,0.21632519905063252
MFAP1_S52,MFAP1,False,0.12047867557804183,0.06450295762045544,0.061714999794366565
MFAP1_S53,MFAP1,False,0.12047867557804183,0.06450295762045544,0.061714999794366565
MYEF2_S17,MYEF2,False,-0.08606640036943383,-0.3110397928919318,0.06253621989538932
LYSMD2_S24,LYSMD2,False,-0.29272891948945273,-0.3152015359539011,-0.2070780312227144
LYSMD2_S29,LYSMD2,False,-0.29272891948945273,-0.29992841064919723,-0.2070780312227144
BNIP2_S114,BNIP2,False,-0.35389831205020233,-0.3604512333766869,-0.5699120948949178
MAN2C1_S381,MAN2C1,False,0.07083990339125533,0.0008458393033444617,-0.05818405490086224
ENSP00000453007_S1338,ENSP00000453007,False,,0.12658615857018257,0.04562392973712513
ENSP00000268058:map.15/74336633/C:p.F645L:n.T74336633C:c.Ttc/Ctc_S518,ENSP00000268058:map.15/74336633/C:p.F645L:n.T74336633C:c.Ttc/Ctc,False,-0.17477348850007815,-0.17489349410456964,-0.11252348733823955
ENSP00000268058:map.15/74336633/C:p.F645L:n.T74336633C:c.Ttc/Ctc_S527,ENSP00000268058:map.15/74336633/C:p.F645L:n.T74336633C:c.Ttc/Ctc,False,-0.2745202047667956,-0.23378291319738645,-0.254699751824184
ENSP00000268058:map.15/74336633/C:p.F645L:n.T74336633C:c.Ttc/Ctc_S530,ENSP00000268058:map.15/74336633/C:p.F645L:n.T74336633C:c.Ttc/Ctc,False,-0.3611323022192652,-0.25762710425461216,-0.2874756627487413
ENSP00000268058:map.15/74336633/C:p.F645L:n.T74336633C:c.Ttc/Ctc_S403,ENSP00000268058:map.15/74336633/C:p.F645L:n.T74336633C:c.Ttc/Ctc,False,-0.18040988118472576,-0.12990031982977,-0.09983832048083459
ENSP00000268058:map.15/74336633/C:p.F645L:n.T74336633C:c.Ttc/Ctc_S504,ENSP00000268058:map.15/74336633/C:p.F645L:n.T74336633C:c.Ttc/Ctc,False,-0.049696605560140904,-0.2142983623907586,0.008524465949053879
ENSP00000268058:map.15/74336633/C:p.F645L:n.T74336633C:c.Ttc/Ctc_S505,ENSP00000268058:map.15/74336633/C:p.F645L:n.T74336633C:c.Ttc/Ctc,False,-0.17298037103415176,9.92779500663075e-05,-0.08595178087988276
ENSP00000268058:map.15/74336633/C:p.F645L:n.T74336633C:c.Ttc/Ctc_S512,ENSP00000268058:map.15/74336633/C:p.F645L:n.T74336633C:c.Ttc/Ctc,False,-0.7997826437859948,-1.4484727825998562,-0.7899852622907272
PML_S720,PML,False,0.11556599592160316,,-0.015359613950052092
TICRR_S1429,TICRR,False,-0.1359083728064163,0.06608377687355717,0.01844568344630651
TICRR_S1432,TICRR,False,-0.10023006964448565,0.06608377687355717,0.01844568344630651
TICRR_S598,TICRR,False,-0.415800446754745,-0.3792795262072988,-0.5130309292947081
TICRR_S1140,TICRR,False,-0.04234936943407084,0.061610653854075034,-0.015075773250749547
TICRR_S922,TICRR,False,-0.6660038818035473,0.4827450453825729,-0.23677541432422408
TICRR_S833,TICRR,False,-0.8086686314444665,-0.6180080361801364,-0.6670404623318085
TICRR_S835,TICRR,False,-1.0131743314829076,-0.6662546631459022,-0.9272663679858595
TICRR_S837,TICRR,False,-0.22415338201082477,-0.36057992350466533,0.014102707121274302
TICRR_S840,TICRR,False,0.23650637438606648,0.27352862606299844,0.40192340372065705
TICRR_S1056,TICRR,False,0.9399787649407062,0.6428401747866854,0.4213714330008943
TICRR_S1060,TICRR,False,0.9399787649407062,,0.36053283865776137
TICRR_S1063,TICRR,False,,0.6428401747866854,0.48222874611038086
TICRR_S937,TICRR,False,-0.16897424633556818,0.025865135824229307,
TICRR_S1114,TICRR,False,0.1876087053480598,,0.3895668117627256
IQGAP1_S2,IQGAP1,False,0.1839628348425949,-0.14217820759173408,
IQGAP1_S1443,IQGAP1,False,-0.09630380545891244,0.275994766352776,0.008627531743509081
CRTC3_S62,CRTC3,False,-0.1159882624164785,-0.8825709164131055,-0.004440633732120121
CRTC3_S329,CRTC3,False,-0.09051632711648055,,
ITGAX_S687,ITGAX,False,,-0.5345165270316945,
ENSP00000477472_S35,ENSP00000477472,False,0.015497569395325591,-0.3427075638294539,-0.19187733778838248
ENSP00000477472_S36,ENSP00000477472,False,,-0.21325310387179378,
ENSP00000477472_S50,ENSP00000477472,False,0.02715405150372665,-0.20948633744021294,-0.19187733778838248
NCOR1_S1281,NCOR1,False,0.15937084666020285,,
NCOR1_S1472,NCOR1,False,0.4069719708167233,0.25483588278576313,0.07929276727285353
NCOR1_S1533,NCOR1,False,,-0.3193515795769138,
NCOR1_S1977,NCOR1,False,0.013687169843571914,0.1686604890730944,0.24259235049259198
NCOR1_S1981,NCOR1,False,0.022718676474835293,0.12251828199366353,0.49600208636544335
NCOR1_S2436,NCOR1,False,0.19181724952178927,0.21086667704910936,0.2381754185773755
NCOR1_S2438,NCOR1,False,0.19181724952178927,0.21086667704910936,0.2381754185773755
NCOR1_S2184,NCOR1,False,0.5861358915127641,0.04537145753756122,0.10782294403001426
NCOR1_S1111,NCOR1,False,,-0.9876167687734099,
NCOR1_S2337,NCOR1,False,0.024492022254866262,-0.15768807513923844,
NCOR1_S1758,NCOR1,False,-0.1795963521375642,,
NCOR1_S2120,NCOR1,False,-0.10005101381032824,0.04614178164472063,-0.04234214933904932
COPS3_S3,COPS3,False,0.9739007126602681,,
COPS3_S11,COPS3,False,0.9739007126602681,,
COPS3_S423,COPS3,False,-0.08641152966826372,-0.037121712288124366,-0.05060611819288532
KSR1_S46,KSR1,True,0.1130336652998915,0.4693646773835987,
NOB1_S201,NOB1,False,0.02547379586628139,0.16899832061478173,0.2054060780538962
NOB1_S184,NOB1,False,-0.2729608341959344,-0.23518276171926022,-0.38040007088010863
PRPSAP2_S227,PRPSAP2,False,,-0.3301024361896665,
TSPOAP1_S327,TSPOAP1,False,0.08719124956262302,0.1731891614281927,-0.000893563278436991
SSH2_S487,SSH2,False,0.07743557852282217,0.06773951733494955,0.010496800756049423
SSH2_S784,SSH2,False,0.10220792102227777,-0.2552681714511968,
SSH2_S899,SSH2,False,0.5110631574824586,0.10711107831100225,
SSH2_S1217,SSH2,False,-0.03122896925571608,-0.1712157412235681,-0.13325142193555178
MPP2_S110,MPP2,False,,,0.20012765427360202
MYH10_S1968,MYH10,False,-0.19496347998063218,-0.015896980990375325,0.05296435213759113
MYH10_S1972,MYH10,False,-0.036756138801250164,-0.0028167663958783055,0.015682567147186764
MYH10_S1991,MYH10,False,-0.019711418227433244,-0.29213953222384303,
TP53_S183,TP53,False,-0.08572634089949786,-0.03459296975527256,
ARHGDIA_S24,ARHGDIA,False,0.0017619091626123208,-0.1357408255098475,0.017779412561234692
ENSP00000269349_S12,ENSP00000269349,False,0.4701390094318718,0.48790464985423554,0.6256258188739632
ENSP00000459583_S311,ENSP00000459583,False,-0.03241782339470085,0.025224030751799548,0.11380669756551318
ENSP00000459583_S110,ENSP00000459583,False,0.07587486697512764,-0.02616394683266394,0.24291722729336881
ENSP00000459583_S191,ENSP00000459583,False,0.01496443702265377,0.08749395731238824,-0.02130647013993163
ENSP00000363914:map.17/79173184/C:p.T397A:n.T79173184C:c.Act/Gct_S381,ENSP00000363914:map.17/79173184/C:p.T397A:n.T79173184C:c.Act/Gct,False,-0.23327764078860663,-0.027322048695274204,
ENSP00000363914:map.17/79173184/C:p.T397A:n.T79173184C:c.Act/Gct_S78,ENSP00000363914:map.17/79173184/C:p.T397A:n.T79173184C:c.Act/Gct,False,-0.36957588916727324,-0.5564968118928977,-0.44322236870091514
ENSP00000363914:map.17/79173184/C:p.T397A:n.T79173184C:c.Act/Gct_S105,ENSP00000363914:map.17/79173184/C:p.T397A:n.T79173184C:c.Act/Gct,False,0.16392084404892163,0.14159175469158564,0.2884411539787652
ENSP00000363914:map.17/79173184/C:p.T397A:n.T79173184C:c.Act/Gct_S453,ENSP00000363914:map.17/79173184/C:p.T397A:n.T79173184C:c.Act/Gct,False,0.3467583722268024,,
CBX4_S291,CBX4,False,,,-0.2535840340436866
ENSP00000381502:map.18/47800179/C:p.P345A:n.G47800179C:c.Cca/Gca_S335,ENSP00000381502:map.18/47800179/C:p.P345A:n.G47800179C:c.Cca/Gca,False,,-0.8422060247730744,
ENSP00000381502:map.18/47800179/C:p.P345A:n.G47800179C:c.Cca/Gca_S337,ENSP00000381502:map.18/47800179/C:p.P345A:n.G47800179C:c.Cca/Gca,False,,-0.8422060247730744,
ENSP00000381502:map.18/47800179/C:p.P345A:n.G47800179C:c.Cca/Gca_S297,ENSP00000381502:map.18/47800179/C:p.P345A:n.G47800179C:c.Cca/Gca,False,,-0.6488013776087114,
ERBB2_S802,ERBB2,False,0.21151066288353915,,
ERBB2_S807,ERBB2,False,0.21151066288353915,,
AKAP8_S323,AKAP8,False,0.19446785597256458,0.2559835732596823,0.21696326648170855
AKAP8_S328,AKAP8,False,0.19446785597256458,0.2559835732596823,-0.045919513629210346
SH3GL1_S288,SH3GL1,False,0.2515793826346121,0.2906990148720895,0.280047919330295
SH3GL1_S300,SH3GL1,False,-0.9272493337530622,-1.0330144647935273,
BCKDHA_S337,BCKDHA,False,0.013840002539709647,0.021753363599357596,-0.4014127604244925
BCKDHA_S347,BCKDHA,False,,-0.14429727610126872,
SMG9_S53,SMG9,False,0.21801345070267286,0.29006846718963697,0.3851548968843438
SMG9_S2,SMG9,False,0.10893600135973441,0.12910135685924362,0.10255014357208987
SMG9_S4,SMG9,False,0.037423827523491354,0.09450473688050735,-0.02514894819408273
SMG9_S7,SMG9,False,-0.29093526912199763,-0.09037207066851516,-0.04396044225368296
SMG9_S32,SMG9,False,0.05800159468974469,0.06019151587315577,0.10881582147935136
SCYL1_S754,SCYL1,False,-0.14878466709358254,-0.41188625023411546,
AKT1_S124,AKT1,False,-0.7432056230223262,-0.22719121239014375,-0.04456815494449299
AKT1_S126,AKT1,False,-0.3102506382092667,0.020497443745505127,0.031112840850249287
AKT1_S129,AKT1,False,0.06503661390864608,0.02009778723401145,0.031112840850249287
DMWD_S545,DMWD,False,0.2482755929346264,0.4211487075589237,0.4327103858022775
DMWD_S495,DMWD,False,-0.1314732820478535,-0.09134358572981409,0.02695486078863272
WDR62_S1144,WDR62,False,,0.06267436276339249,
WDR62_S1228,WDR62,False,-0.8936784841816674,-0.06014155866240275,-0.16776618163178547
WDR62_S49,WDR62,False,-2.3663253725826796,,-1.530614105780593
WDR62_S52,WDR62,False,,-0.6452319142084448,-0.0035244775130824123
KLHDC4_S407,KLHDC4,False,-0.179137326421944,-0.0811639254207588,0.04000213973407504
KLHDC4_S413,KLHDC4,False,-0.1627020369014723,-0.1269476186424219,0.04000213973407504
KLHDC4_S418,KLHDC4,False,-0.17026753563679586,-0.1572057626280208,0.025016847952028763
ADGRL2_S1322,ADGRL2,False,-0.07677663659019755,-0.00794533088734002,-0.22265143050900793
CTTNBP2NL_S488,CTTNBP2NL,False,-0.11099380280530313,,-0.13110782722534808
CTTNBP2NL_S481,CTTNBP2NL,False,0.15186821955354926,0.049465491161956,0.22626189419120774
CTTNBP2NL_S484,CTTNBP2NL,False,-0.18161453196273364,-0.31096927281512704,
CTTNBP2NL_S557,CTTNBP2NL,False,-0.6965626747266663,-0.9844012218283965,-0.8949463386710113
CTTNBP2NL_S560,CTTNBP2NL,False,-1.182848161672408,-0.6068631376444026,-0.9695094965694433
CTTNBP2NL_S563,CTTNBP2NL,False,-1.3112613973728138,-1.4853614040611882,-0.0827469629948071
CTTNBP2NL_S568,CTTNBP2NL,False,-0.6389203097076762,-0.0809661016986593,-0.36022644075299837
PSMA5_S16,PSMA5,False,-0.30286383469363226,-0.03488974270592354,0.02290674724798921
ENSP00000356875:map.1/163313539/T:p.S229L:n.C163313539T:c.tCg/tTg_S247,ENSP00000356875:map.1/163313539/T:p.S229L:n.C163313539T:c.tCg/tTg,False,-0.04606265763218348,0.030219394372304142,-0.10921784610085383
ENSP00000339300_S157,ENSP00000339300,False,0.04342062621450354,0.057919082331955064,-0.01770319546218856
ENSP00000339300_S159,ENSP00000339300,False,0.04342062621450354,0.02948721060903978,0.0526842778794719
ENSP00000339300_S267,ENSP00000339300,False,0.08086556581440978,0.16999178381550095,0.0980391243538283
PRUNE1_S321,PRUNE1,False,,-0.46132278812750827,
CGN_S137,CGN,False,,-0.10403048028446027,
CGN_S140,CGN,False,,-0.10403048028446027,
CGN_S155,CGN,False,0.24889910707632631,,0.9829479551575266
S100A11_S6,S100A11,False,0.5201456268808256,-0.46030309308181905,
SETDB1_S1066,SETDB1,False,-1.2376494617747076,-0.7633394324782575,-0.3549311385149127
PIP5K1A_S418,PIP5K1A,False,-0.11747432721280061,-0.5919620974404344,
POGZ_S1269,POGZ,False,0.0138745119736802,-0.2294917370905899,-0.19258532109196588
POGZ_S1272,POGZ,False,-0.07701956463228851,-0.2360860417527158,0.03576465360097467
POGZ_S330,POGZ,False,-0.39345389198899755,-0.46677886580675687,-0.4026692034051329
GON4L_S346,GON4L,False,0.11383382895927714,-0.18321190556145892,
SDE2_S278,SDE2,False,0.04592075629708687,0.06947517139800184,-0.0023165229448576055
ENSP00000442980_S147,ENSP00000442980,False,0.20526738223450958,-0.20263832651261104,
ITPKB_S43,ITPKB,False,-2.1052674126148365,-1.9364722808184232,-1.7711247860860224
ITPKB_S49,ITPKB,False,-2.1052674126148365,-1.9364722808184232,-1.7711247860860224
C1orf35_S217,C1orf35,False,-1.6602678690558133,-0.015552371451794333,-1.3642790915124188
C1orf35_S220,C1orf35,False,-0.17231810296321548,-0.2163202590015404,0.017223322954483256
ENSP00000339883:map.1/225607144/T:p.S154N:n.C225607144T:c.aGt/aAt_S97,ENSP00000339883:map.1/225607144/T:p.S154N:n.C225607144T:c.aGt/aAt,False,-0.0037735964754326092,0.04023803156576825,0.5448299648559852
ENSP00000339883:map.1/225607144/T:p.S154N:n.C225607144T:c.aGt/aAt_S99,ENSP00000339883:map.1/225607144/T:p.S154N:n.C225607144T:c.aGt/aAt,False,-0.008578582234820437,-0.016438590110318282,0.1565551775209671
ENSP00000339883:map.1/225607144/T:p.S154N:n.C225607144T:c.aGt/aAt_S101,ENSP00000339883:map.1/225607144/T:p.S154N:n.C225607144T:c.aGt/aAt,False,-0.11350447907987513,0.14062305425105198,
PDIA6_S425,PDIA6,False,,,0.4892459724610886
ZC3H8_S59,ZC3H8,False,-0.09989639240287207,-0.11739607510197467,0.00992040959306388
WIPF1_S340,WIPF1,False,-0.9773552161120467,-0.9189564161483968,-1.229219537958092
WIPF1_S350,WIPF1,False,0.1191569418736321,,0.2722621249742957
VGLL4_S101,VGLL4,False,0.06787387913995938,0.004491052150413017,0.28624923024683313
VGLL4_S103,VGLL4,False,0.06787387913995938,0.004491052150413017,0.28624923024683313
VGLL4_S149,VGLL4,False,-1.7252791352711065,0.3959207603238893,
VGLL4_S274,VGLL4,False,,,0.1323794250528661
VGLL4_S52,VGLL4,False,-0.7248615194958825,-0.5062032599694581,
DNPEP_S5,DNPEP,False,,0.5361026397683606,0.42287883895730666
DYNC1LI1_S207,DYNC1LI1,False,-0.055166980001860155,-0.11314596440097702,-0.13818638228107946
DYNC1LI1_S510,DYNC1LI1,False,-0.35803247249718845,-0.18595009999018006,-0.1965499824257688
DYNC1LI1_S516,DYNC1LI1,False,-0.285578297552107,-0.2833766033221323,-0.34402432243240194
DYNC1LI1_S487,DYNC1LI1,False,,0.5693938720361155,
DYNC1LI1_S405,DYNC1LI1,False,,,0.5100504556011388
CNPY2_S115,CNPY2,False,0.05617364226777679,0.04618154764167573,-0.0158070363720577
FTH1_S179,FTH1,False,,,0.10902617649836696
RUBCN_S42,RUBCN,False,-0.7817140872597723,-0.17219157766933144,0.30861913088124965
ENSP00000273783:map.3/183861243/G:p.I587V:n.A183861243G:c.Ata/Gta_S544,ENSP00000273783:map.3/183861243/G:p.I587V:n.A183861243G:c.Ata/Gta,False,,-0.1830644887074105,
AFG2A_S274,AFG2A,False,0.4361618393144501,,
NAF1_S315,NAF1,False,0.23433667235968744,-0.16590938479083903,-0.1032784003721786
SKP2_S72,SKP2,False,-0.3258653412233827,-0.41890702029802807,-0.43115117600663344
SKP2_S75,SKP2,False,-0.5144272204077858,0.561273095832697,-0.842824547908602
OSMR_S826,OSMR,False,-0.05389143870482124,-0.20018382797091078,-0.08245367377551596
PPP1R18_S175,PPP1R18,False,0.2606584812297518,0.20064262055472656,0.6484956011376254
PPP1R18_S145,PPP1R18,False,0.04417472854270201,0.02317930766931097,0.3240040813944298
PPP1R18_S125,PPP1R18,False,-0.12769564050711543,-0.2181330518232576,-0.09314018221398507
PPP1R18_S221,PPP1R18,False,,0.07950736971444489,
PPP1R18_S224,PPP1R18,False,-0.4493874983407026,-0.04333293913557416,-0.10828740971918943
PPP1R18_S209,PPP1R18,False,,1.0151407051589874,0.4318903482861805
PPP1R18_S213,PPP1R18,False,,1.0151407051589874,0.4318903482861805
PPP1R18_S368,PPP1R18,False,,-0.2910800124458298,
PPP1R18_S133,PPP1R18,False,0.18634075534322206,0.574704536615119,-0.4147874538084046
PPP1R18_S530,PPP1R18,False,-0.25431354250603244,-0.573560534928194,
PPP1R18_S195,PPP1R18,False,0.679513879286544,-1.167150483106546,0.19031193430807875
PHIP_S911,PHIP,False,-0.026414662629565995,-0.04650802232653037,-0.0019633062004139807
PHIP_S1281,PHIP,False,-0.14152004897920925,-0.0538305386487598,0.05891573254223621
PHIP_S1283,PHIP,False,-0.14152004897920925,-0.0538305386487598,0.05891573254223621
SHPRH_S969,SHPRH,False,0.4734232702791968,,
CDCA5_S21,CDCA5,False,-0.49919848564721975,-0.41808445687040835,-0.35472070872269407
CCT6A_S205,CCT6A,False,0.09922786577486106,0.1946000722120973,0.07189993156563308
GIGYF1_S230,GIGYF1,False,-3.939869585911294,-4.230961559958121,-4.142468001631995
GIGYF1_S237,GIGYF1,False,-3.939869585911294,-4.230961559958121,-4.142468001631995
GIGYF1_S638,GIGYF1,False,-0.15317876810906195,-0.9951198632756115,-0.7243859193416934
GIGYF1_S157,GIGYF1,False,-0.22613867021416992,0.04432416881220142,
NOM1_S317,NOM1,False,0.09500210829288959,0.31961793420016127,
NOM1_S320,NOM1,False,0.09500210829288959,0.31961793420016127,
NOM1_S321,NOM1,False,0.09500210829288959,0.31961793420016127,
ENSP00000475112_S65,ENSP00000475112,False,-1.447524555508967,-1.0525956651531996,
ENSP00000475112_S110,ENSP00000475112,False,-0.4233938912407979,0.026370488836913526,-0.6290030739548041
ENSP00000475112_S138,ENSP00000475112,False,,0.18320064672542768,
ENSP00000475112_S78,ENSP00000475112,False,,0.4419083640035892,
ENSP00000475112_S119,ENSP00000475112,False,-0.026482369123935742,-0.16465205792496804,-0.13712994370354226
ENSP00000475112_S153,ENSP00000475112,False,0.05795194486011874,-0.004847110168333305,-0.17908791280802552
MAGEA4_S88,MAGEA4,False,0.1413691919045401,0.05880135361618622,0.01916604235708612
MAGEA4_S89,MAGEA4,False,0.10444573249643481,0.07368104339267373,0.02923453707286991
MAGEA4_S90,MAGEA4,False,0.14866641287362303,0.04646317452093315,0.07188729923762005
MAGEA4_S99,MAGEA4,False,-0.05729749194472267,-0.24850794340605048,-0.07384135009799415
DOCK5_S1756,DOCK5,False,,-1.6949283435497013,
DOCK5_S1766,DOCK5,False,0.10217055022479467,0.15508219162660308,0.18698969319914246
DOCK5_S1860,DOCK5,False,1.7225097418402522,,
DOCK5_S1347,DOCK5,False,-3.7718154652401172,,
DOCK5_S1742,DOCK5,False,0.2090979839023768,0.3396004339393776,0.3559183715122783
DOCK5_S1789,DOCK5,False,-1.6494974047228672,-0.909340740507349,-1.8380652912870354
DOCK5_S1834,DOCK5,False,-0.10903955570674627,-0.26417287644028103,0.1654296204241852
GINS4_S12,GINS4,False,0.21225804420273486,0.045163351603224475,
GINS4_S16,GINS4,False,0.21225804420273486,0.045163351603224475,
TERF1_S7,TERF1,False,-0.12353374686837329,0.22502808325404902,0.07341738434768014
TERF1_S11,TERF1,False,-0.12353374686837329,0.22502808325404902,0.07341738434768014
LRP12_S633,LRP12,False,-0.1391563559988941,,
EIF3H_S183,EIF3H,False,0.05365592682867574,0.024875242367657105,0.015856367314271133
ENSP00000445075_S286,ENSP00000445075,False,,2.9244609894014038,
FAM120A_S1023,FAM120A,False,-0.1166718248970614,-0.21334670199196198,0.1944750423275482
ZNF462_S688,ZNF462,False,,4.402926780581626,
ZNF462_S2172,ZNF462,False,-0.050710570103718634,-0.1534175244373794,-0.29251422012930633
ENSP00000400582_S84,ENSP00000400582,False,-3.8803753676019306,-3.7987089891045667,
PROSER2_S179,PROSER2,False,-0.14022699050066875,-0.05548060926270985,-0.3587597261100264
PROSER2_S27,PROSER2,False,0.0002885101581235529,0.03562390973072122,
PROSER2_S31,PROSER2,False,0.0002885101581235529,0.03562390973072122,
PROSER2_S43,PROSER2,False,-1.1266841666662524,-0.9927600684715919,-1.0101255592699394
ABLIM1_S329,ABLIM1,False,0.2613502790209809,,
ABLIM1_S278,ABLIM1,False,,0.13864649607482535,0.05058341002942346
ABLIM1_S89,ABLIM1,False,0.3723949652380241,0.008630305143440056,
ABLIM1_S93,ABLIM1,False,0.3723949652380241,,
ADD3_S402,ADD3,False,-1.290990341912547,-1.1867644474682901,-1.1450223688174432
ADD3_S423,ADD3,False,-1.2256662418289588,,
ADD3_S641,ADD3,False,0.0073325703500322454,0.06440658018676733,-0.08180445092488971
ADD3_S645,ADD3,False,-0.18564966121261653,-0.044019889040309616,-0.08985292751214317
ADD3_S649,ADD3,False,-0.26927482990940615,-0.2845389939874487,-0.36305191920374047
ADD3_S651,ADD3,False,,-0.12073338164736198,-0.3132693535086829
ADD3_S42,ADD3,False,0.2753646961504364,-0.1337586637412919,
PPRC1_S1411,PPRC1,False,-0.055359803360541464,-0.10277506653566482,
PPRC1_S1413,PPRC1,False,0.6297180251063496,-0.03759816953069107,0.670205845544553
BCCIP_S112,BCCIP,False,0.3618124543143174,,
BCCIP_S115,BCCIP,False,0.27345621132030545,,
ENSP00000379133:map.11/34910397/T:p.C76Y:n.C34910397T:c.tGt/tAt_S87,ENSP00000379133:map.11/34910397/T:p.C76Y:n.C34910397T:c.tGt/tAt,False,-0.11588433696927868,-0.1320650879896672,-0.1340876850966928
SSRP1_S444,SSRP1,False,-0.1679626081143022,-0.019550547606326855,0.07299755979995012
SSRP1_S659,SSRP1,False,0.14362294227442482,0.3263259334901963,0.24076530480500646
SSRP1_S667,SSRP1,False,-0.25830435781433303,,
TMX2_S250,TMX2,False,-0.4055951612649988,-0.440154839716016,
CCDC82_S131,CCDC82,False,-0.06792888753540864,0.06353530899696078,-0.4092973894140714
CCDC82_S219,CCDC82,False,0.39330636035265276,-0.240656649341478,
NPAT_S207,NPAT,False,0.235972082773581,0.10234131249916276,
NPAT_S1296,NPAT,False,-0.5533430859685368,-0.6979894460521192,-0.9887726431280952
NPAT_S775,NPAT,False,0.155563592353505,0.0494703494316213,0.0398402645317911
NPAT_S779,NPAT,False,0.11025679606827143,0.03895420228683497,0.0627536787119883
AASDHPPT_S258,AASDHPPT,False,,,0.15938667603510473
LAMTOR1_S27,LAMTOR1,False,0.6711121749127757,0.13678254335184045,-0.20368466640474295
LAMTOR1_S98,LAMTOR1,False,-0.12065375609443192,0.0847627387126109,0.12957430462902803
MTA2_S54,MTA2,False,,-0.38722289471480076,0.20689323612177143
MTA2_S435,MTA2,False,,-0.13327397705063312,
MTA2_S548,MTA2,False,,0.6999069323748761,0.5603700903991008
EML3_S176,EML3,False,-0.20827874642547164,-0.528236511312555,-0.723684029099408
EML3_S198,EML3,False,,-0.8114218354677127,
INCENP_S143,INCENP,False,-0.02422309399557908,0.1321123215360886,0.12319140530574431
INCENP_S148,INCENP,False,0.034099971508491096,0.027466206898030292,0.20322250358779165
INCENP_S269,INCENP,False,-0.06174504361140057,0.17312743348065618,0.4253778488219714
INCENP_S275,INCENP,False,-0.28972690540549595,0.1823153089082723,0.2936987610112956
INCENP_S263,INCENP,False,-0.18151389819528316,-0.10926736677938621,-0.10798431681548615
INCENP_S895,INCENP,False,0.5068050242635475,1.157884498080146,
INCENP_S306,INCENP,False,-0.17163422688288926,-0.015018923999465502,0.26123876383779776
INCENP_S312,INCENP,False,-0.0011875402673347454,0.10097764772482092,0.2952880150227826
INCENP_S314,INCENP,False,-0.08453263962009544,0.14221736180382347,0.294194309759318
INCENP_S197,INCENP,False,-0.04355307146678718,-0.10585461108040044,-0.005261624467406428
INCENP_S214,INCENP,False,-0.04767988114648841,-0.158500536214881,0.02917501819424634
EI24_S325,EI24,False,-0.6962761829541071,-0.6377354824062628,-0.3247327428494559
EI24_S329,EI24,False,-0.6355766965803805,-0.4103092134054984,-0.44256233823082997
CHEK1_S296,CHEK1,False,0.4455746417417475,0.6005239018515681,0.3715446603417083
CHEK1_S301,CHEK1,False,,-0.17840406236574907,
CHEK1_S280,CHEK1,False,-1.5877126061020514,-1.6290099640788132,-1.429255907077997
CHEK1_S286,CHEK1,False,-0.8996950942043145,,-1.2293485273618985
SIDT2_S400,SIDT2,False,0.9893570304461318,,
SIDT2_S401,SIDT2,False,0.9893570304461318,,
PLCB3_S1105,PLCB3,False,,0.35918378997451117,
ENSP00000442534_S141,ENSP00000442534,False,-0.19352403997586845,-0.4994546060216572,
VPS51_S663,VPS51,False,-0.09691158464972628,0.15872057630679293,-0.10198179967942801
VPS51_S667,VPS51,False,-0.10083923873814225,0.036471349108609774,-0.0969303000068812
HIRIP3_S142,HIRIP3,False,0.15041464310097827,0.23858113387537763,0.2784606094434016
HIRIP3_S143,HIRIP3,False,0.15041464310097827,0.23858113387537763,0.2784606094434016
HIRIP3_S159,HIRIP3,False,0.15032164126240755,0.09145167792442209,-0.04107892559338309
HIRIP3_S160,HIRIP3,False,0.15032164126240755,0.09145167792442209,-0.04107892559338309
HIRIP3_S196,HIRIP3,False,-0.013036864600670717,0.14269751162528607,0.02679183815653509
HIRIP3_S199,HIRIP3,False,-0.013036864600670717,0.14269751162528607,0.02679183815653509
HIRIP3_S98,HIRIP3,False,-0.6512463554314268,-0.34845570561118877,
HIRIP3_S125,HIRIP3,False,-0.30790456224523016,-0.28216281345613575,-0.24890669162746773
HIRIP3_S289,HIRIP3,False,0.5572875422783079,,
HIRIP3_S291,HIRIP3,False,0.5572875422783079,,
HIRIP3_S330,HIRIP3,False,0.16277870584399187,0.3037005813868781,0.16684396441249089
HIRIP3_S332,HIRIP3,False,0.16277870584399187,0.409990300612669,0.16684396441249089
HIRIP3_S333,HIRIP3,False,0.16277870584399187,0.39738000710593685,0.16684396441249089
HIRIP3_S223,HIRIP3,False,0.20476755797609925,0.16594126483608296,0.053637490410226585
HIRIP3_S227,HIRIP3,False,0.20476755797609925,0.13379447234936367,0.18346021627818687
HIRIP3_S530,HIRIP3,False,-0.4145139211496718,-0.22373847575720238,-0.3252089910120528
ARID5B_S21,ARID5B,False,,0.6177686458043977,
BLTP3B_S64,BLTP3B,False,-0.7814398186234559,-0.702828690973631,-0.6845629972300542
BLTP3B_S68,BLTP3B,False,-0.5009914793744668,-0.502682307471612,-0.5951115983233423
BLTP3B_S639,BLTP3B,False,-0.24617300121036761,-0.20784430576998666,
BLTP3B_S534,BLTP3B,False,-0.10713495420414797,-0.0014462270919255449,
BLTP3B_S537,BLTP3B,False,-0.24777784168451866,0.04587482149059858,0.09112433366116472
BLTP3B_S539,BLTP3B,False,-0.20089687919106178,0.03519939596991208,0.09112433366116472
ENSP00000339286:map.14/39736680/C:p.V6A:n.T39736680C:c.gTt/gCt_S1071,ENSP00000339286:map.14/39736680/C:p.V6A:n.T39736680C:c.gTt/gCt,False,-0.2520492083018089,-0.27653911550599997,-0.03448535138273108
ENSP00000339286:map.14/39736680/C:p.V6A:n.T39736680C:c.gTt/gCt_S1083,ENSP00000339286:map.14/39736680/C:p.V6A:n.T39736680C:c.gTt/gCt,False,-0.2520492083018089,-0.27653911550599997,-0.03448535138273108
ENSP00000339286:map.14/39736680/C:p.V6A:n.T39736680C:c.gTt/gCt_S1052,ENSP00000339286:map.14/39736680/C:p.V6A:n.T39736680C:c.gTt/gCt,False,0.018181157115958857,0.14373475738649935,0.10259094958809113
ENSP00000339286:map.14/39736680/C:p.V6A:n.T39736680C:c.gTt/gCt_S1057,ENSP00000339286:map.14/39736680/C:p.V6A:n.T39736680C:c.gTt/gCt,False,0.018181157115958857,0.07582149942944913,0.10259094958809113
ENSP00000339286:map.14/39736680/C:p.V6A:n.T39736680C:c.gTt/gCt_S672,ENSP00000339286:map.14/39736680/C:p.V6A:n.T39736680C:c.gTt/gCt,False,0.1000179000500874,0.5601279760812637,
ENSP00000339286:map.14/39736680/C:p.V6A:n.T39736680C:c.gTt/gCt_S1125,ENSP00000339286:map.14/39736680/C:p.V6A:n.T39736680C:c.gTt/gCt,False,-0.6261335573650062,-0.4723287695621386,-0.42004753116870497
ENSP00000339286:map.14/39736680/C:p.V6A:n.T39736680C:c.gTt/gCt_S1129,ENSP00000339286:map.14/39736680/C:p.V6A:n.T39736680C:c.gTt/gCt,False,-0.15511719879058164,-0.1237961139559064,-0.19106343183257404
ENSP00000339286:map.14/39736680/C:p.V6A:n.T39736680C:c.gTt/gCt_S1131,ENSP00000339286:map.14/39736680/C:p.V6A:n.T39736680C:c.gTt/gCt,False,-0.15511719879058164,-0.1237961139559064,-0.1957064685172973
PDCD4_S65,PDCD4,False,-0.401387400250085,-0.10783380428037774,-0.4631594145331175
PDCD4_S67,PDCD4,False,0.42598781709219163,0.3228457110250152,-0.024023747828327502
PDCD4_S446,PDCD4,False,-0.7299926991659605,-0.5932715567560543,-0.35942492341121923
PDCD4_S83,PDCD4,False,-0.20390168663272365,-0.046593841374741145,-0.09383641934705912
ENSP00000280333:map.10/129249662/A:p.A1857T:n.G129249662A:c.Gca/Aca_S1704,ENSP00000280333:map.10/129249662/A:p.A1857T:n.G129249662A:c.Gca/Aca,False,,,-0.43403244999208596
ENSP00000280333:map.10/129249662/A:p.A1857T:n.G129249662A:c.Gca/Aca_S1681,ENSP00000280333:map.10/129249662/A:p.A1857T:n.G129249662A:c.Gca/Aca,False,0.06704938707481463,0.12999178886315302,0.04727023325295052
PTS_S19,PTS,False,-0.07401576778729342,0.2590439044989731,0.16067818022381225
USP15_S229,USP15,False,-0.15151925706748243,-0.11453438452569233,-0.17980549314257407
USP15_S242,USP15,False,-0.14841684682344045,0.13196491866930832,0.1555401329850698
DENR_S73,DENR,False,-0.029067881486239178,0.013752105269365787,-0.014899444608130667
RILPL2_S107,RILPL2,False,,-0.3427075638294539,
SLC7A11_S26,SLC7A11,False,,-1.2752240395921575,
DCP1B_S283,DCP1B,False,-0.20406161363306252,-0.20237614119301015,-0.2929699803155843
DCP1B_S275,DCP1B,False,-0.38624768405556975,-0.20878121878004519,0.035811921916971856
ANK3_S1459,ANK3,False,-0.2281144214846342,0.08475445333309245,
ANK3_S913,ANK3,False,-0.07101198514950824,0.06392243136831861,0.5232608404527148
ANK3_S916,ANK3,False,-0.07075437591726559,0.06392243136831861,0.5232608404527148
FAM53B_S167,FAM53B,False,0.1753209922841748,0.1365530082886634,-0.01005281719590577
SLC2A13_S640,SLC2A13,False,-0.009780441867852555,-0.12584476973446101,-0.05772910237408555
SLC2A13_S645,SLC2A13,False,-0.009780441867852555,-0.12584476973446101,-0.05772910237408555
FER_S411,FER,False,2.9804823555382605,,
ENSP00000281111_S724,ENSP00000281111,False,0.17976580835814965,0.19861987321921495,
ENSP00000281111_S554,ENSP00000281111,False,0.20157954545019288,0.26213814392308166,0.4152536029101217
ENSP00000281111_S631,ENSP00000281111,False,,0.5072111026677172,0.7629865648805764
ENSP00000281111_S544,ENSP00000281111,False,-0.015930667344932443,0.04643474430206705,0.13177375010102746
ENSP00000281111_S546,ENSP00000281111,False,-0.25176575063946016,-0.0442690172305385,-0.08281631233932538
SCLT1_S656,SCLT1,False,-0.1104394067916804,0.03695012719248325,-0.2459001885898184
ENSP00000427406:map.4/130030652/G:p.M107V:n.A130030652G:c.Atg/Gtg_S104,ENSP00000427406:map.4/130030652/G:p.M107V:n.A130030652G:c.Atg/Gtg,False,,,5.2144356975081045
EPS8_S659,EPS8,False,-0.017122316814122945,0.00638095759633487,0.006632499351702851
EPS8_S662,EPS8,False,0.4785440889355277,0.5903484469585302,0.32313758456432057
EPS8_S685,EPS8,False,0.49683009143883533,0.23534620503888742,0.08729586619784047
VPS26B_S304,VPS26B,False,0.23817205601314295,-0.2717168591619165,-0.4753204819251425
ASAP2_S701,ASAP2,False,,0.08348610420758286,0.22116023365475013
ASAP2_S822,ASAP2,False,-0.19109604317396214,-0.3328977366680352,-0.4253410631361362
CENPU_S136,CENPU,False,0.12945936957281534,0.21938146497750446,
CENPU_S139,CENPU,False,0.12945936957281534,0.21938146497750446,
CENPU_S141,CENPU,False,,0.10930731497234747,
CENPU_S108,CENPU,False,-0.087760197417126,0.20737796854073415,
BICD1_S548,BICD1,False,-0.1445866312177049,0.06572076590409397,-0.32795091846280644
ENSP00000281537:map.15/30008977/G:p.D1347A:n.T30008977G:c.gAc/gCc_S166,ENSP00000281537:map.15/30008977/G:p.D1347A:n.T30008977G:c.gAc/gCc,False,-0.08189226005537602,0.0874628412503394,0.15042969819420524
ENSP00000281537:map.15/30008977/G:p.D1347A:n.T30008977G:c.gAc/gCc_S168,ENSP00000281537:map.15/30008977/G:p.D1347A:n.T30008977G:c.gAc/gCc,False,-0.08189226005537602,0.0874628412503394,0.15042969819420524
ENSP00000281537:map.15/30008977/G:p.D1347A:n.T30008977G:c.gAc/gCc_S329,ENSP00000281537:map.15/30008977/G:p.D1347A:n.T30008977G:c.gAc/gCc,False,0.3046278544929762,0.07176589530548401,
ENSP00000281537:map.15/30008977/G:p.D1347A:n.T30008977G:c.gAc/gCc_S912,ENSP00000281537:map.15/30008977/G:p.D1347A:n.T30008977G:c.gAc/gCc,False,,-0.17744115039909483,0.48018749802693883
ENSP00000281537:map.15/30008977/G:p.D1347A:n.T30008977G:c.gAc/gCc_S125,ENSP00000281537:map.15/30008977/G:p.D1347A:n.T30008977G:c.gAc/gCc,False,-0.15984109493929466,-0.19627316968448352,-0.2811307240902988
ENSP00000281537:map.15/30008977/G:p.D1347A:n.T30008977G:c.gAc/gCc_S131,ENSP00000281537:map.15/30008977/G:p.D1347A:n.T30008977G:c.gAc/gCc,False,-0.15984109493929466,-0.19627316968448352,-0.2831738180459803
ENSP00000281537:map.15/30008977/G:p.D1347A:n.T30008977G:c.gAc/gCc_S1286,ENSP00000281537:map.15/30008977/G:p.D1347A:n.T30008977G:c.gAc/gCc,False,,0.05903244780880225,
ENSP00000281537:map.15/30008977/G:p.D1347A:n.T30008977G:c.gAc/gCc_S1499,ENSP00000281537:map.15/30008977/G:p.D1347A:n.T30008977G:c.gAc/gCc,False,,-1.4081674185296935,0.7197529570776057
ENSP00000281537:map.15/30008977/G:p.D1347A:n.T30008977G:c.gAc/gCc_S617,ENSP00000281537:map.15/30008977/G:p.D1347A:n.T30008977G:c.gAc/gCc,False,0.17918469870857565,0.11712614644311764,0.1660990859112693
ENSP00000281537:map.15/30008977/G:p.D1347A:n.T30008977G:c.gAc/gCc_S175,ENSP00000281537:map.15/30008977/G:p.D1347A:n.T30008977G:c.gAc/gCc,False,0.014783752627070351,-0.06093484352688461,0.5031356172956364
ENSP00000281537:map.15/30008977/G:p.D1347A:n.T30008977G:c.gAc/gCc_S178,ENSP00000281537:map.15/30008977/G:p.D1347A:n.T30008977G:c.gAc/gCc,False,0.014783752627070351,0.2772706596556423,0.5031356172956364
FBXO4_S12,FBXO4,False,0.02759304982681353,,
MZT2B_S139,MZT2B,False,0.11353611423665229,0.11796360839188891,0.07809572220544622
MED13L_S817,MED13L,False,0.18334395150717772,0.3519802114023316,0.2576141300495409
MED13L_S826,MED13L,False,0.6041662346942488,0.35712395982383754,0.2576141300495409
MED13L_S2083,MED13L,False,,-0.09411001987329606,
MED13L_S923,MED13L,False,,-0.7701168010308838,
MED13L_S553,MED13L,False,0.4557546221861902,,
MED13L_S560,MED13L,False,0.4557546221861902,,
OBI1_S719,OBI1,False,0.08528800406238214,0.1451264807882647,0.20091044874740385
OBI1_S210,OBI1,False,0.38328950766337344,,0.08351086977449303
OBI1_S529,OBI1,False,-0.5837277320365384,,
ARL14EP_S183,ARL14EP,False,0.22318450755721964,,0.12035194036522208
CWF19L2_S360,CWF19L2,False,0.1044843036932217,0.3068782913282552,0.1762054718265734
XRCC4_S325,XRCC4,False,0.14191632958326925,0.13106261678246817,0.16182320294534797
XRCC4_S326,XRCC4,False,0.14191632958326925,0.13106261678246817,0.16182320294534797
CAMK4_S360,CAMK4,False,-0.3750288365941207,-0.18709931375728478,
ZFP36L2_S125,ZFP36L2,False,-0.9200352144056048,-1.0224349209867112,-0.7581934848297058
ZFP36L2_S490,ZFP36L2,False,-1.1765921042644834,-1.3335071696558145,-1.520229359428309
ZFP36L2_S492,ZFP36L2,False,-0.1362658752998026,-0.1520001852657709,-0.5408445284817368
YAP1_S138,YAP1,False,0.6704553762169052,0.7466582350405503,0.6087672501488615
YAP1_S61,YAP1,False,0.004973490392496199,-0.09776237657126537,-0.04468995323351033
YAP1_S289,YAP1,False,-0.06923995790693166,0.23842002607895993,
YAP1_S109,YAP1,False,0.14538715938196153,0.06464396104034915,-0.021478397640630115
YAP1_S164,YAP1,False,0.12880438683712486,0.18362872385678408,0.19246399091666966
YAP1_S105,YAP1,False,0.3649022754439128,0.3985332497873058,0.28869477738702054
PDZD2_S944,PDZD2,False,0.10608026022513196,-0.276200305311179,0.4646145730228568
PDZD2_S948,PDZD2,False,0.01049341924845273,0.6095023275410912,0.18205660901025042
NIPBL_S350,NIPBL,False,-0.2073864262461003,0.16324108516354305,-0.11360995174190938
NIPBL_S2658,NIPBL,False,-0.21227848708062727,-0.21643217748196428,-0.25159980608936805
NIPBL_S318,NIPBL,False,-0.23589303082244836,-0.053431681014596305,-0.27175891055474066
NIPBL_S2672,NIPBL,False,-0.12914517900487713,-0.310847976981428,-0.33462542194849204
JADE2_S9,JADE2,False,-0.30147923214448624,,
ENSP00000475905_S1087,ENSP00000475905,False,-0.11298554376013605,0.06417005664015898,-0.4775173024132092
ENSP00000475905_S1091,ENSP00000475905,False,-0.1051225250661974,-0.09373056830599275,-0.4987377433307945
ENSP00000475905_S1114,ENSP00000475905,False,-0.3864683470820729,,
ENSP00000475905_S158,ENSP00000475905,False,0.18035914087918872,0.15871366501161616,-0.0709779954605806
ENSP00000475905_S160,ENSP00000475905,False,0.18035914087918872,0.15871366501161616,-0.0709779954605806
ENSP00000475905_S619,ENSP00000475905,False,0.1568559746520255,0.2762924228743792,0.16321394967394823
ENSP00000475905_S620,ENSP00000475905,False,0.1568559746520255,0.2762924228743792,0.16321394967394823
ENSP00000475905_S498,ENSP00000475905,False,0.028356058351601668,0.019970481688328837,0.035074924059712964
ENSP00000475905_S333,ENSP00000475905,False,0.06928996710196716,-0.018591678041860963,0.043109851154309584
ENSP00000475905_S539,ENSP00000475905,False,0.242592998218347,0.16540079406465982,0.1227613161377337
ENSP00000475905_S1075,ENSP00000475905,False,-0.22656387237644862,-0.06343749105422748,-0.20164251736586447
ENSP00000475905_S787,ENSP00000475905,False,,0.009490502947452436,
ENSP00000475905_S441,ENSP00000475905,False,-1.4042881294841039,-1.3888017504484298,-1.4586910674266236
ENSP00000475905_S284,ENSP00000475905,False,-0.44109574368742116,-1.0081550411678282,-0.8624728249303292
ENSP00000475905_S288,ENSP00000475905,False,-1.4867715412908227,0.1616634464812717,-1.8944494603958177
ENSP00000475905_S352,ENSP00000475905,False,-0.22747242775605328,,
ENSP00000475905_S996,ENSP00000475905,False,0.3127699723110546,0.15354595185667388,0.26483664846777927
ENSP00000475905_S1179,ENSP00000475905,False,-0.2640792953390571,,
ENSP00000475905_S1180,ENSP00000475905,False,-0.2640792953390571,,
ENSP00000475905_S697,ENSP00000475905,False,0.33959350096539836,,
ENSP00000475905_S700,ENSP00000475905,False,0.20882837837110874,-0.0051017233430820106,
ENSP00000475905_S704,ENSP00000475905,False,0.20882837837110874,-0.0051017233430820106,
RASSF8_S387,RASSF8,False,-0.19078828924366137,0.1251664107898954,-0.5503188378328862
RASSF8_S105,RASSF8,False,,0.443394474838584,
ENSP00000283109:map.5/96503523/T:p.G349R:n.C96503523T:c.Ggg/Agg_S332,ENSP00000283109:map.5/96503523/T:p.G349R:n.C96503523T:c.Ggg/Agg,False,0.24775008584786704,0.1527143330828831,0.2389109872190606
ENSP00000283109:map.5/96503523/T:p.G349R:n.C96503523T:c.Ggg/Agg_S335,ENSP00000283109:map.5/96503523/T:p.G349R:n.C96503523T:c.Ggg/Agg,False,-0.09956876540639785,-0.20762667178219235,-0.030646610087067788
ENSP00000283109:map.5/96503523/T:p.G349R:n.C96503523T:c.Ggg/Agg_S337,ENSP00000283109:map.5/96503523/T:p.G349R:n.C96503523T:c.Ggg/Agg,False,-0.10591518094537983,-0.1350517234705084,0.01792850387590044
ENSP00000283109:map.5/96503523/T:p.G349R:n.C96503523T:c.Ggg/Agg_S380,ENSP00000283109:map.5/96503523/T:p.G349R:n.C96503523T:c.Ggg/Agg,False,-0.009302290266298113,0.12835250341626123,0.5660844905154667
ENSP00000283109:map.5/96503523/T:p.G349R:n.C96503523T:c.Ggg/Agg_S382,ENSP00000283109:map.5/96503523/T:p.G349R:n.C96503523T:c.Ggg/Agg,False,-0.06692981349553105,-0.08385081503183618,-0.04704028330977941
ENSP00000283109:map.5/96503523/T:p.G349R:n.C96503523T:c.Ggg/Agg_S385,ENSP00000283109:map.5/96503523/T:p.G349R:n.C96503523T:c.Ggg/Agg,False,0.03564817612256363,0.1309308698264487,0.12061736121794181
SMARCA5_S66,SMARCA5,False,-0.23984730130337165,-0.1448778069276643,-0.27137130109559676
SMARCA5_S116,SMARCA5,False,-0.21538767248796584,-0.23362931259113817,-0.1464855511809901
HNRNPU_S271,HNRNPU,False,-0.04604444773628632,-0.13138253528946858,-0.11760951176579348
HNRNPU_S59,HNRNPU,False,0.005615567406909804,-0.013061863191809228,
HNRNPU_S26,HNRNPU,False,0.18751439819281623,,0.5426047502607579
HNRNPU_S4,HNRNPU,False,0.07754730945928086,0.1331075090006133,0.07549790426302291
RANBP2_S2510,RANBP2,False,0.13191142881135023,0.1676148407551113,
RANBP2_S1400,RANBP2,False,-0.12227766072934267,-0.07858222535525895,0.03886064825298102
RANBP2_S781,RANBP2,False,-0.002598278613453441,0.7048101827853092,0.7365544745672822
RANBP2_S788,RANBP2,False,-0.24218890774257162,-0.1571959150093035,-0.08727950909129245
RANBP2_S3207,RANBP2,False,0.053347779699596,,0.16046671378781482
RANBP2_S1509,RANBP2,False,-0.1433632240582323,-0.4191357889796794,-0.2696339376138911
RANBP2_S1160,RANBP2,False,-0.3197149092675018,-0.29049242627355387,-0.3512612250437578
RANBP2_S2668,RANBP2,False,-0.127232850738859,-0.4451464428937612,-0.1282094062034571
RANBP2_S2276,RANBP2,False,0.019622981810190534,0.24261319256952232,0.09645630049638843
RANBP2_S2280,RANBP2,False,-0.1383553539519015,-0.1744457341883855,-0.16701868880981585
RANBP2_S796,RANBP2,False,-0.05110017933369813,0.26147964022731196,0.30691617167334584
RANBP2_S2900,RANBP2,False,0.18751439819281623,0.07289519426475151,-0.1052869874288795
RANBP2_S21,RANBP2,False,0.07597500447831877,0.13145976934544576,0.29087906612903414
TMEM87B_S494,TMEM87B,False,-0.18872627459094313,,
ENSP00000370326_S1234,ENSP00000370326,False,0.0009090526739909568,-0.038208998644215335,0.04847326966436016
ENSP00000370326_S714,ENSP00000370326,False,-0.2717050377526265,,
ENSP00000370326_S715,ENSP00000370326,False,0.5474498291439657,,
ENSP00000370326_S872,ENSP00000370326,False,0.14507798223890492,-0.2743125590509587,0.01249716268290215
ENSP00000370326_S440,ENSP00000370326,False,-0.013252564614290106,-0.012373526130382215,
ENSP00000370326_S444,ENSP00000370326,False,-0.013252564614290106,-0.012373526130382215,
ENSP00000284049_S1677,ENSP00000284049,False,-0.2716664469512678,-0.22255418363650506,-0.19867083036796948
TOMM70_S91,TOMM70,False,0.0022132290199015476,0.03683689440204805,0.04209946820034367
TNIK_S680,TNIK,False,-0.34519953032240275,-0.1610850930931639,-0.2665463269619832
TNIK_S685,TNIK,False,-0.07939746615039428,-0.0804145880867547,-0.18182619905486785
TNIK_S623,TNIK,False,,0.32504095549520085,
TNIK_S556,TNIK,False,-0.7655477306767745,,
TNIK_S594,TNIK,False,0.061071080448264065,0.15196763039208336,0.07570746290643633
TNIK_S596,TNIK,False,0.061071080448264065,0.0966461069860855,-0.12397691725213401
ENAH_S125,ENAH,False,-0.021373281701840968,-0.5851885811716809,0.4999434607421539
ENAH_S508,ENAH,False,-0.3001775771200711,0.3681793979192478,0.3741460900054632
ENSP00000421124_S124,ENSP00000421124,False,,1.068189258778968,
ENSP00000421124_S132,ENSP00000421124,False,0.1096174787975055,0.062033019636603515,0.25574047571701286
XPC_S883,XPC,False,-0.20187416228438224,-0.05700139335998087,-0.1540884927664686
XPC_S884,XPC,False,-0.20187416228438224,-0.05700139335998087,-0.1540884927664686
XPC_S397,XPC,False,,-0.1876414301983154,
XPC_S398,XPC,False,,-0.1876414301983154,
XPC_S399,XPC,False,,-0.1876414301983154,
XPC_S94,XPC,False,0.2697513220483746,-0.13536415133126087,-0.065445756722092
FLCN_S9,FLCN,False,1.015253916434051,0.9852135856951083,-0.02322609552935495
USP43_S636,USP43,False,0.34766565630097057,0.5633088206790771,1.2626214965602824
C16orf87_S50,C16orf87,False,,,-0.3079478085142353
GEMIN5_S778,GEMIN5,False,,-0.2397364653786003,
NUP205_S1939,NUP205,False,-0.015065393289241382,-0.012702830275781308,0.0026669909279589906
NUP205_S1942,NUP205,False,-0.015065393289241382,-0.007382613324409762,0.0026669909279589906
ENSP00000286067_S295,ENSP00000286067,False,-0.121941728165688,,
ENSP00000286234:map.8/121061879/A:p.S389N:n.G121061879A:c.aGc/aAc_S263,ENSP00000286234:map.8/121061879/A:p.S389N:n.G121061879A:c.aGc/aAc,False,,,-1.6843642159519565
ENSP00000286234:map.8/121061879/A:p.S389N:n.G121061879A:c.aGc/aAc_S265,ENSP00000286234:map.8/121061879/A:p.S389N:n.G121061879A:c.aGc/aAc,False,0.003746139232894637,,-0.2121496658087005
ENSP00000286298:map.5/149360877/C:p.I574T:n.T149360877C:c.aTt/aCt_S16,ENSP00000286298:map.5/149360877/C:p.I574T:n.T149360877C:c.aTt/aCt,False,-0.14469777057743602,-0.03691107715830234,-0.05515818061664892
ENSP00000286298:map.5/149360877/C:p.I574T:n.T149360877C:c.aTt/aCt_S22,ENSP00000286298:map.5/149360877/C:p.I574T:n.T149360877C:c.aTt/aCt,False,-0.4582172946453551,-0.47174289783100426,-0.43054887706780515
ENSP00000286298:map.5/149360877/C:p.I574T:n.T149360877C:c.aTt/aCt_S25,ENSP00000286298:map.5/149360877/C:p.I574T:n.T149360877C:c.aTt/aCt,False,-0.03361984587014051,0.3460775345355969,0.05450121618256057
ENSP00000286298:map.5/149360877/C:p.I574T:n.T149360877C:c.aTt/aCt_S36,ENSP00000286298:map.5/149360877/C:p.I574T:n.T149360877C:c.aTt/aCt,False,0.02271166324456826,0.4153041799447084,
ENSP00000286298:map.5/149360877/C:p.I574T:n.T149360877C:c.aTt/aCt_S12,ENSP00000286298:map.5/149360877/C:p.I574T:n.T149360877C:c.aTt/aCt,False,-0.18552739737164972,-0.21826682926482044,-0.11748311628445902
ENSP00000286298:map.5/149360877/C:p.I574T:n.T149360877C:c.aTt/aCt_S2,ENSP00000286298:map.5/149360877/C:p.I574T:n.T149360877C:c.aTt/aCt,False,-0.017909317310330693,-0.06322142115283191,0.11521110874165559
ENSP00000286298:map.5/149360877/C:p.I574T:n.T149360877C:c.aTt/aCt_S3,ENSP00000286298:map.5/149360877/C:p.I574T:n.T149360877C:c.aTt/aCt,False,-0.017909317310330693,-0.08486028396712518,0.13119435170845012
ENSP00000286298:map.5/149360877/C:p.I574T:n.T149360877C:c.aTt/aCt_S5,ENSP00000286298:map.5/149360877/C:p.I574T:n.T149360877C:c.aTt/aCt,False,0.11279123317145355,0.10639796578089919,0.08707213391366136
LSM11_S15,LSM11,False,-0.0990968666983173,-0.09554580308909096,0.08388405227491809
LSM11_S21,LSM11,False,-0.1418182060724381,-0.14973413313463738,0.08388405227491809
GRIP1_S687,GRIP1,False,-0.3848893211308263,0.07519031415521925,0.04460395064976797
PSD3_S339,PSD3,False,0.04545340290504494,0.014302195401276238,-0.18585665361768455
ENSP00000402380_S461,ENSP00000402380,False,0.026798147406693996,0.07141179943118382,-0.008544806763750995
ENSP00000402380_S923,ENSP00000402380,False,-0.12242124239566272,-0.10361468567008286,0.23707417130215755
ENSP00000402380_S700,ENSP00000402380,False,-0.20002844102705378,-0.07323233328107108,0.031950099379258405
CCT8_S317,CCT8,False,,0.05227676545235779,
BACH1_S11,BACH1,False,,-0.2938894428035332,
TIAM1_S231,TIAM1,False,-0.15993469676364813,-0.18182035092489635,-0.14270288083181396
TIAM1_S358,TIAM1,False,-0.2942499060407814,0.3897696233658457,0.05963215988209959
SCAF4_S139,SCAF4,False,-0.19826189843354247,-0.08661865968284119,0.05874277503800923
ENSP00000438825_S940,ENSP00000438825,False,-0.4519108672741849,-0.19014970080447013,-0.31524359712667605
ENSP00000438825_S951,ENSP00000438825,False,-0.33771110215174355,-0.13786032206597323,0.029432446293261777
ENSP00000438825_S962,ENSP00000438825,False,-0.48543754456030563,-0.48572264636142254,0.014941346125208532
RPL30_S10,RPL30,False,0.009940753378687363,0.0758789151594716,-0.016207430813669745
RPL30_S13,RPL30,False,0.09591588643230184,0.1290851480566105,0.23057194190465205
ZDHHC5_S476,ZDHHC5,False,-0.5740036786489211,-0.14940764306212276,0.8588218520494879
ZDHHC5_S327,ZDHHC5,False,-0.05067712786816647,-0.002470878455307232,0.1803927101053639
ZDHHC5_S568,ZDHHC5,False,-0.9022435395274272,-0.29771481305479763,0.1746385695722342
ZDHHC5_S342,ZDHHC5,False,,-0.650113906127708,
ZDHHC5_S345,ZDHHC5,False,,-0.650113906127708,-1.6773334342841066
ZDHHC5_S405,ZDHHC5,False,,0.5628651676561642,
ZDHHC5_S372,ZDHHC5,False,-0.5708714601174398,-0.31637362320961593,-0.13346823503134808
ZDHHC5_S379,ZDHHC5,False,0.10272885090658312,,0.19551475121791936
ZDHHC5_S243,ZDHHC5,False,,-0.3440620524789901,0.3227357779800957
ZDHHC5_S246,ZDHHC5,False,,,0.3227357779800957
RAB11FIP1_S202,RAB11FIP1,False,0.0689145660638925,0.05538797953985455,0.18305103493607103
RAB11FIP1_S496,RAB11FIP1,False,-0.5446213663412781,0.5502123148562229,-0.14928057327260155
RAB11FIP1_S339,RAB11FIP1,False,-0.050499627435283474,0.09959351191213252,-0.010919137684204598
RAB11FIP1_S345,RAB11FIP1,False,0.030418292793662705,0.09959351191213252,0.06433104624598394
RAB11FIP1_S156,RAB11FIP1,False,0.1923605521246916,0.0635118698359891,0.2191407740307708
RAB11FIP1_S435,RAB11FIP1,False,0.35435805510461843,-0.015243684777460964,
AIFM1_S268,AIFM1,False,0.03425186602441748,-0.04129850629641579,0.00014883326295356616
BAG4_S179,BAG4,False,0.058370343406421624,0.008343458529334968,-0.11076011121316848
ATAD2_S1233,ATAD2,False,0.40860317934337126,,
SASS6_S304,SASS6,False,,2.183772325560338,
BUB1B_S543,BUB1B,False,-0.29734245660908926,0.19522159325284455,-0.21729691076878543
ENSP00000430222_S32,ENSP00000430222,False,,-0.07023929540869937,
ENSP00000443476_S231,ENSP00000443476,False,0.34505567517929614,-0.12022474591838452,
MYO1E_S980,MYO1E,False,-0.11990543947461361,0.619909317464725,0.5161369428231928
HMGA1_S99,HMGA1,False,0.03309852131958139,-0.05641357506324483,0.27270704138147017
HMGA1_S102,HMGA1,False,0.0766683464529936,0.10300416454393894,0.4378727963140795
HMGA1_S103,HMGA1,False,0.07694856303679644,0.09877550797039085,0.1375368110798918
HMGA1_S2,HMGA1,False,,0.45206823022381093,0.31846146516758317
APPL1_S401,APPL1,False,,-0.8205144280115814,0.11663091203630645
TAB3_S506,TAB3,False,0.3881344188141454,0.3953918939282101,
BRAF_S419,BRAF,True,-0.04662766231223866,-0.4434983408196184,-0.1699774443226087
BRAF_S365,BRAF,True,0.13398800425539137,-0.015639790252910457,-0.00555809926009164
BRAF_S446,BRAF,True,0.18372457632326253,-0.0917142725515232,-0.09554900635342646
BRAF_S729,BRAF,True,-0.02262101321140597,-0.09205441948235087,-0.12893106826668976
BRAF_S151,BRAF,True,-0.306613954138758,-0.25387234971991685,-0.4969970518897709
FMNL2_S1016,FMNL2,False,-0.5992098211808429,-0.39869812544455807,-0.3016349659592866
FMNL2_S171,FMNL2,False,-0.1639920107148488,-0.08338016321282843,-0.06676164861162548
WIPI2_S395,WIPI2,False,-0.3560983195365037,-0.27177015820051326,-0.23665641865106354
NCK1_S85,NCK1,False,-1.0038912606283066,-1.1719184298986416,-1.5361286510287524
NCK1_S91,NCK1,False,-1.0989999148847498,1.5461625883482621,
NCK1_S96,NCK1,False,-0.9850734557618972,-0.5852366388228695,
ENSP00000472785_S943,ENSP00000472785,False,-0.15376403060132118,-0.08773337193355037,-0.48450956478276624
ENSP00000472785_S570,ENSP00000472785,False,0.0255019951829699,0.1801478611584286,0.10379974315766799
ENSP00000472785_S183,ENSP00000472785,False,0.5462362885265685,-0.08796492955184848,0.044101278964486124
ENSP00000476824_S48,ENSP00000476824,False,,-0.08430319487120266,
ENSP00000289371:map.2/99992822/C:p.K522T:n.A99992822C:c.aAa/aCa_S107,ENSP00000289371:map.2/99992822/C:p.K522T:n.A99992822C:c.aAa/aCa,False,-0.14723806794007646,-0.129764011363619,-0.07255395340764961
ENSP00000289371:map.2/99992822/C:p.K522T:n.A99992822C:c.aAa/aCa_S113,ENSP00000289371:map.2/99992822/C:p.K522T:n.A99992822C:c.aAa/aCa,False,0.16307752280701307,0.13404369319735776,0.16203313715404147
ENSP00000289371:map.2/99992822/C:p.K522T:n.A99992822C:c.aAa/aCa_S182,ENSP00000289371:map.2/99992822/C:p.K522T:n.A99992822C:c.aAa/aCa,False,0.15146919750307983,,0.6590111711981499
ENSP00000289371:map.2/99992822/C:p.K522T:n.A99992822C:c.aAa/aCa_S183,ENSP00000289371:map.2/99992822/C:p.K522T:n.A99992822C:c.aAa/aCa,False,0.15146919750307983,,3.343123519401852
ENSP00000289371:map.2/99992822/C:p.K522T:n.A99992822C:c.aAa/aCa_S186,ENSP00000289371:map.2/99992822/C:p.K522T:n.A99992822C:c.aAa/aCa,False,0.15146919750307983,,0.6590111711981499
ENSP00000289371:map.2/99992822/C:p.K522T:n.A99992822C:c.aAa/aCa_S190,ENSP00000289371:map.2/99992822/C:p.K522T:n.A99992822C:c.aAa/aCa,False,,,3.343123519401852
ENSP00000289371:map.2/99992822/C:p.K522T:n.A99992822C:c.aAa/aCa_S164,ENSP00000289371:map.2/99992822/C:p.K522T:n.A99992822C:c.aAa/aCa,False,0.06384976146001893,0.06568320522382107,0.030300975946056418
ENSP00000289371:map.2/99992822/C:p.K522T:n.A99992822C:c.aAa/aCa_S214,ENSP00000289371:map.2/99992822/C:p.K522T:n.A99992822C:c.aAa/aCa,False,0.1695919040643312,0.04322851375788461,-0.008012716095437264
ENSP00000289371:map.2/99992822/C:p.K522T:n.A99992822C:c.aAa/aCa_S222,ENSP00000289371:map.2/99992822/C:p.K522T:n.A99992822C:c.aAa/aCa,False,0.23885390386873653,,
ENSP00000289371:map.2/99992822/C:p.K522T:n.A99992822C:c.aAa/aCa_S9,ENSP00000289371:map.2/99992822/C:p.K522T:n.A99992822C:c.aAa/aCa,False,-0.46093606717445884,-0.3398692315860837,-0.5131634666371379
ENSP00000289371:map.2/99992822/C:p.K522T:n.A99992822C:c.aAa/aCa_S12,ENSP00000289371:map.2/99992822/C:p.K522T:n.A99992822C:c.aAa/aCa,False,-0.2826625964610324,-0.11803451661774952,-0.3557376044928442
ENSP00000289371:map.2/99992822/C:p.K522T:n.A99992822C:c.aAa/aCa_S135,ENSP00000289371:map.2/99992822/C:p.K522T:n.A99992822C:c.aAa/aCa,False,0.23184454552248643,0.178702727454503,0.10361156735977692
ENSP00000289371:map.2/99992822/C:p.K522T:n.A99992822C:c.aAa/aCa_S137,ENSP00000289371:map.2/99992822/C:p.K522T:n.A99992822C:c.aAa/aCa,False,0.10920768558663631,0.1580052568101105,0.6140812338381982
ENSP00000438855_S116,ENSP00000438855,False,,,0.6120221628080618
PPP1R9A_S187,PPP1R9A,False,0.6188964121630879,,
PPP1R9A_S190,PPP1R9A,False,0.6188964121630879,,
PAGE5_S30,PAGE5,False,0.22552173425660332,0.11545224350963706,0.12201154134652818
PAGE5_S31,PAGE5,False,0.18353469950560178,0.1001908190846894,0.07806325577681912
ARHGAP17_S575,ARHGAP17,False,-0.3615336092768437,-0.3270709410621769,-0.3836423030033096
ARHGAP17_S625,ARHGAP17,False,-0.46215784849875036,0.004458547368026616,0.06736336711961023
ARHGAP17_S676,ARHGAP17,False,0.07063594715287401,0.01898398725106851,0.10581103151852198
RAP1GAP_S484,RAP1GAP,False,,-0.47302978559088,-0.4347147919361328
RAP1GAP_S499,RAP1GAP,False,,1.0429944636184125,
SLC12A6_S841,SLC12A6,False,-1.4011038251251244,-0.7983661388303496,-1.6118876291122681
SLC12A6_S844,SLC12A6,False,-1.4011038251251244,-0.7983661388303496,-1.6118876291122681
NCOA5_S66,NCOA5,False,,,0.11316705673273479
NCOA5_S29,NCOA5,False,0.20583574583746214,-0.1436022877642716,-0.2025358002527581
NCOA5_S34,NCOA5,False,0.01642395535582826,0.0337632980206626,0.022262616969929767
NCOA5_S126,NCOA5,False,0.7544076076444597,0.4627869439747936,0.3761419051229226
NCOA5_S381,NCOA5,False,0.0846568381715626,0.12649155982562096,-0.11799089762145452
OGFR_S315,OGFR,False,-0.0762229931462816,0.02113516351103804,0.038121655556215106
OGFR_S484,OGFR,False,-0.25994457877840516,-0.16450405141439567,0.08406426478847455
OGFR_S378,OGFR,False,-0.04417701423063123,-0.024734253153103614,-0.2637014461599887
OGFR_S349,OGFR,False,-0.08649949731921686,-0.06327621347747417,-0.030150711473953082
IGF2BP1_S181,IGF2BP1,False,-0.2007445542626349,-0.21201446162699247,-0.22669890890517844
ACTC1_S239,ACTC1,False,0.05682368190394092,-0.010975245591309522,-0.08264051623488337
RFX5_S10,RFX5,False,0.20378496793070677,0.32054244242845936,-0.12107039972095412
MED8_S82,MED8,False,0.2180264667391076,0.5271322376503356,0.6073895000243986
ISL2_S154,ISL2,False,-0.429848461551672,-0.37989692376686895,
ISL2_S157,ISL2,False,-0.429848461551672,-0.37989692376686895,
GPBP1L1_S49,GPBP1L1,False,-0.1699301202101054,0.19810488896666525,
ABR_S595,ABR,False,0.18589921727553396,0.2616956518815557,-0.03476908110228318
ABR_S601,ABR,False,0.28512657347192055,0.47396315045213855,0.3741903830808161
PRKD2_S197,PRKD2,False,-0.2257890433837569,-0.10766514579172103,-0.6791745994634896
PRKD2_S198,PRKD2,False,-0.8647403904099958,-0.7772580923088045,-1.2241744582922938
U2AF1_S61,U2AF1,False,,0.1997508567158369,-0.12233426620334202
TRAPPC10_S708,TRAPPC10,False,-0.28709444120005073,-0.10247319596390228,
MCM3AP_S527,MCM3AP,False,-0.4735104636315231,,
MCM3AP_S538,MCM3AP,False,-0.4735104636315231,,
SHKBP1_S622,SHKBP1,False,,0.4055567633437568,
SHKBP1_S624,SHKBP1,False,,0.4055567633437568,
SAFB_S314,SAFB,False,,0.33826414880423494,
SAFB_S315,SAFB,False,,0.33618596648912424,
SAFB_S511,SAFB,False,,0.6913554919310606,0.22527492986956935
SAFB_S513,SAFB,False,,0.6913554919310606,0.22527492986956935
SAFB_S739,SAFB,False,-0.04902402565973061,,-0.21032916695974335
SAFB_S532,SAFB,False,0.25229879504694885,0.45274884281044875,-0.06599539163203712
SAFB_S535,SAFB,False,0.29424225078995336,0.2771197358511242,0.13775378143648095
FLAD1_S9,FLAD1,False,-0.23024518395879287,-0.27313391462655734,
ADAR_S528,ADAR,False,-0.21332996870181142,-0.060012620985448316,-0.10421222831344383
ADAR_S530,ADAR,False,-0.186106364876096,-0.053001357335644976,-0.059814926701634547
ENSP00000441327_S149,ENSP00000441327,False,,0.5366497540200342,
ENSP00000441327_S152,ENSP00000441327,False,,0.5366497540200342,
PPP1R35_S45,PPP1R35,False,-0.26848946593873124,0.09963823611743067,
PPP1R35_S52,PPP1R35,False,-0.31762044959438734,0.06534659790992536,-0.3601566155383767
PPP1R35_S87,PPP1R35,False,,-0.35871293941768423,
PPP1R16A_S353,PPP1R16A,False,,0.4752924500365287,
MAML1_S360,MAML1,False,-0.17699651201425842,-0.3145890488792005,
MAML1_S45,MAML1,False,,-0.17128718776997662,-0.2299575164131063
LRWD1_S212,LRWD1,False,-0.34510611823150533,-0.24925688237621269,-0.2439659205233625
LRWD1_S243,LRWD1,False,-0.3990170814848748,-0.2957756625934753,-0.2732096366687667
LRWD1_S245,LRWD1,False,,-0.22447015277627835,-0.23365052681217074
PCYT1A_S329,PCYT1A,False,0.13532298241158466,0.02558901733349217,-0.11298943084104152
PCYT1A_S331,PCYT1A,False,-0.17691126707680915,-0.11409730177025638,0.009424468849201777
PCYT1A_S315,PCYT1A,False,0.3174198498347019,0.2701100476424211,0.030830430153274503
PCYT1A_S319,PCYT1A,False,0.3174198498347019,0.2701100476424211,0.030830430153274503
ACOX1_S26,ACOX1,False,-0.10702618472666622,-0.037937929519471364,
PLEKHH3_S76,PLEKHH3,False,-2.462961907849814,,-2.0922171330403385
PSME3_S24,PSME3,False,0.013629052963351105,0.046922543142853705,-0.06748226719538515
ITGA5_S127,ITGA5,False,,,-0.08308010544956022
FMNL3_S174,FMNL3,False,-0.13610053327380883,0.026729250487489024,-0.31394327484668383
ENSP00000293677_S634,ENSP00000293677,False,-0.008987551601616765,-0.059831373884100175,-0.019012351588841375
ENSP00000293677_S584,ENSP00000293677,False,0.09810616048598926,0.19429175441774071,0.1762236969215226
ENSP00000293677_S724,ENSP00000293677,False,,0.032696624568685294,
PDE4A_S44,PDE4A,False,-1.6200762973529492,-1.237562904348043,
PDE4A_S56,PDE4A,False,-0.9684848688582252,0.7364749944456245,
LEMD2_S138,LEMD2,False,0.5822612059946148,0.5974619060710151,0.3851476987505953
LEMD2_S139,LEMD2,False,0.5822612059946148,0.5974619060710151,0.3851476987505953
LEMD2_S497,LEMD2,False,-0.3736075910243,0.18072556100151935,
LEMD2_S499,LEMD2,False,-0.015308055001887052,-0.04012088361851869,-0.011761660135383753
LEMD2_S501,LEMD2,False,-0.014490999834249452,,0.03322916078511099
RPL26_S23,RPL26,False,,0.0025724620111375607,
LUC7L_S363,LUC7L,False,0.07260109286232061,0.09955237777842126,0.13074810396480052
FLYWCH2_S21,FLYWCH2,False,-0.09777974610789553,-0.14554943081817526,-0.1354927812836543
SLX4_S1674,SLX4,False,0.18307357621485196,,-0.23110853091451633
SLX4_S1185,SLX4,False,,-0.1336854386229528,
ADCY9_S1307,ADCY9,False,-0.3531737635710421,-0.12131388937390968,
ADCY9_S354,ADCY9,False,0.17581645974439558,0.3312923857359271,0.39209756678307595
ADCY9_S357,ADCY9,False,0.17581645974439558,0.3312923857359271,0.39209756678307595
MAP4K2_S328,MAP4K2,False,-1.685338273437756,-0.2905019281660151,
SPINDOC_S148,SPINDOC,False,0.11526098495475573,0.18505365415450425,
SPINDOC_S152,SPINDOC,False,0.11526098495475573,0.18505365415450425,
SPINDOC_S308,SPINDOC,False,-0.18119273507890024,-0.266014703834798,-0.10375140502743206
SPINDOC_S248,SPINDOC,False,-0.5633186399160526,-0.31991988423675477,0.21103095637316474
SPINDOC_S251,SPINDOC,False,0.0127577813381518,-0.3255749777402544,-0.23501971820844625
SPINDOC_S121,SPINDOC,False,-0.08146875214249012,-0.12038785592045574,-0.5040592931593757
MARK2_S585,MARK2,False,-0.49817143296609223,0.01161221302917906,0.2702299072379977
MARK2_S590,MARK2,False,,-0.07374243805912661,
MARK2_S483,MARK2,False,-0.24606267944073257,-0.18941440476704904,0.3740657182225377
MARK2_S7,MARK2,False,-0.7237594433256525,-0.43257859665421966,-0.48536235373045394
MARK2_S10,MARK2,False,-0.32006263175077015,-0.24214119883056337,-0.3799441088250591
MARK2_S376,MARK2,False,-0.7653024911574363,-0.047055188492991736,-0.8196993460458957
MARK2_S597,MARK2,False,1.4234706035018123,1.521251795369812,1.1418905091231875
MARK2_S452,MARK2,False,-0.372275591231565,0.1587547032815828,0.13761651844926967
MARK2_S422,MARK2,False,,-0.36475431680089787,
SYVN1_S561,SYVN1,False,0.32826202860941295,-0.2271177642733904,0.027295624050907505
USP24_S63,USP24,False,,-0.7495477028293875,-0.7729983254109624
USP24_S2077,USP24,False,,-0.15206590506596732,-0.20310431742134819
USP24_S1299,USP24,False,-0.9832309463914011,,-1.2934650271085142
USP24_S1943,USP24,False,-0.4170394247248577,0.046560905757741196,-0.05536640730472568
USP24_S2561,USP24,False,-0.05382145761125602,-0.034698787115242734,0.1454606859655995
USP24_S1141,USP24,False,-0.7785192436023163,0.053270280696797935,-0.7676276925430856
USP24_S2047,USP24,False,-0.26224063805411213,-0.16854757779758675,-0.2663505243159019
DOCK6_S1308,DOCK6,False,-0.46955340953702596,0.23952024689811735,-0.5119169387476177
DOCK6_S1190,DOCK6,False,-1.1471382018395477,-1.3465856266107823,
NUP35_S56,NUP35,False,-0.2753490670064702,-0.2741684621137625,-0.2170807220136809
NUP35_S262,NUP35,False,0.6842801505481289,,
WDCP_S686,WDCP,False,0.3748447412897344,-0.22801445590395153,0.11049688191740205
WDCP_S690,WDCP,False,-0.4667265868082449,-0.5231361399367788,-0.536195731821222
PACRGL_S47,PACRGL,False,-0.2295611201443294,0.10438539613642452,0.20614306969137305
IWS1_S398,IWS1,False,-0.24456508096201057,0.11013772410666865,-0.05373068616341739
IWS1_S400,IWS1,False,-0.24456508096201057,0.11013772410666865,-0.05373068616341739
IWS1_S511,IWS1,False,0.1307670323442156,0.13796992084283746,0.05121965037897397
IWS1_S513,IWS1,False,0.1307670323442156,0.13796992084283746,0.05121965037897397
IWS1_S438,IWS1,False,0.13633656804144204,0.0787398218637843,0.18231091802569632
IWS1_S440,IWS1,False,0.13633656804144204,0.0787398218637843,0.18231091802569632
IWS1_S362,IWS1,False,0.10259094958809113,,0.11196608960349229
IWS1_S363,IWS1,False,0.10259094958809113,,0.06239806379847849
IWS1_S365,IWS1,False,0.10259094958809113,,0.06239806379847849
IWS1_S80,IWS1,False,0.24383940280634298,0.047010274110148756,0.09906627410177399
IWS1_S82,IWS1,False,0.08365249898677944,0.04894793463474531,0.09906627410177399
IWS1_S196,IWS1,False,-1.5684947069604818,0.10902800597012528,
IWS1_S198,IWS1,False,-1.5684947069604818,0.10902800597012528,
IWS1_S377,IWS1,False,0.2164683331404729,0.24992136254792183,0.17764908894138678
IWS1_S720,IWS1,False,-1.9616200100921661,-3.7081512989348346,
IWS1_S313,IWS1,False,-0.15094550481685012,,
IWS1_S415,IWS1,False,,-0.2528790347545973,
IWS1_S420,IWS1,False,,-0.2528790347545973,
CDC42EP3_S89,CDC42EP3,False,-0.9508981561363554,-0.555183835039634,-1.0346566008269498
CDC42EP3_S100,CDC42EP3,False,-0.8318295914895408,-0.503089823055734,-1.088167701113513
CDC42EP3_S108,CDC42EP3,False,-0.1654101047958503,0.05264473915649631,-0.18665336529767335
CDC42EP3_S124,CDC42EP3,False,-0.4351048465633472,-0.2435744432762627,-1.5981074476011279
ENSP00000295373:map.2/39082344/C:p.N587S:n.T39082344C:c.aAt/aGt_S127,ENSP00000295373:map.2/39082344/C:p.N587S:n.T39082344C:c.aAt/aGt,False,-0.05572524150436365,-0.19044810187501726,0.03187798120229933
CCNYL1_S73,CCNYL1,False,0.3419816075981254,-0.1339567124616322,-0.061704293673002696
CCNYL1_S35,CCNYL1,False,0.010241691872649006,-0.03289443013581588,-0.05614816340266366
CCNYL1_S42,CCNYL1,False,-0.025233063133518238,0.042800271413038646,-0.46716156718559176
CCNYL1_S274,CCNYL1,False,-0.12649063992288226,-0.1435713331279353,0.03942804496642282
ATP1A1_S16,ATP1A1,False,-0.05159979954887941,-0.09512374851912188,-0.1044629862846093
MITF_S335,MITF,False,,0.22712493444992585,
ENSP00000356269_S194,ENSP00000356269,False,0.4010410910157081,-0.7417343606005676,0.09505603185008872
ENSP00000356269_S199,ENSP00000356269,False,-0.09369094599881517,-0.20211513249866037,-0.08629352905921438
ENSP00000356269_S452,ENSP00000356269,False,-0.042855530702604436,0.10192138751921202,0.2785795504584233
ENSP00000356269_S760,ENSP00000356269,False,-0.524560499424866,0.008913778821777511,0.16812852957694888
ENSP00000356269_S672,ENSP00000356269,False,0.16871056106476723,0.206808537894531,0.11955952217965878
ENSP00000356269_S305,ENSP00000356269,False,-0.1324830344748805,,
ENSP00000356269_S308,ENSP00000356269,False,-0.5291420584464687,-0.1869218413068348,0.5846412852971943
ENSP00000356269_S311,ENSP00000356269,False,0.3586213138315178,0.14864865897126753,0.5270703355126606
ENSP00000356269_S312,ENSP00000356269,False,-0.5651881353782824,-0.06060155209478661,0.5143439080278217
ENSP00000356269_S140,ENSP00000356269,False,,0.2723815780930465,
ENSP00000356269_S142,ENSP00000356269,False,,0.4776773275653071,
FSTL1_S26,FSTL1,False,,5.6054054368251185,3.853867361664691
FSTL1_S28,FSTL1,False,,5.6054054368251185,3.853867361664691
RNPEP_S7,RNPEP,False,-0.10610858194874873,-0.14831387756100795,-0.22343927356859253
STK11IP_S761,STK11IP,False,-0.213171779239574,-0.16350746324200535,-0.20317192692065594
STK11IP_S773,STK11IP,False,-0.4778422635173701,-0.4238267892291739,-0.4489173681637555
STK11IP_S777,STK11IP,False,-0.9748185460692744,-0.5326652610502507,-0.17243351164896348
STK11IP_S387,STK11IP,False,-0.5599473962905946,-0.32303290291968545,-0.3687217823470651
STK11IP_S389,STK11IP,False,-0.05868781892825706,-0.11327408710788774,0.14116754172464643
STK11IP_S392,STK11IP,False,-0.12359182447890628,-0.06620276433847262,0.07254499610341993
STK11IP_S404,STK11IP,False,,0.16838530541475208,
RNF25_S450,RNF25,False,-0.42959536086030353,0.3375258866326071,-0.3419942230868788
ENSP00000387006:map.2/180810202/T:p.R794Q:n.C180810202T:c.cGa/cAa_S61,ENSP00000387006:map.2/180810202/T:p.R794Q:n.C180810202T:c.cGa/cAa,False,0.07090256144693564,0.07704901306920925,0.14456851766471157
ENSP00000387006:map.2/180810202/T:p.R794Q:n.C180810202T:c.cGa/cAa_S28,ENSP00000387006:map.2/180810202/T:p.R794Q:n.C180810202T:c.cGa/cAa,False,-0.0404425009813741,0.00040623830961155776,-0.008950934948630354
ENSP00000387006:map.2/180810202/T:p.R794Q:n.C180810202T:c.cGa/cAa_S39,ENSP00000387006:map.2/180810202/T:p.R794Q:n.C180810202T:c.cGa/cAa,False,-0.06248987694692417,-0.1368003867880909,-0.14576148329074437
ENSP00000387006:map.2/180810202/T:p.R794Q:n.C180810202T:c.cGa/cAa_S829,ENSP00000387006:map.2/180810202/T:p.R794Q:n.C180810202T:c.cGa/cAa,False,-0.2731417383850749,-0.1393832604715187,-0.717906829735157
ENSP00000387006:map.2/180810202/T:p.R794Q:n.C180810202T:c.cGa/cAa_S831,ENSP00000387006:map.2/180810202/T:p.R794Q:n.C180810202T:c.cGa/cAa,False,0.3115031154682697,0.22958792274065196,
STT3B_S498,STT3B,False,-0.10787429692812527,-0.13178740830045735,-0.14428537674602154
STT3B_S499,STT3B,False,-0.22775796308908167,-0.2373761405858259,-0.1578057283135783
ENSP00000357114:map.1/158986477/C:p.S179T:n.G158986477C:c.aGt/aCt_S106,ENSP00000357114:map.1/158986477/C:p.S179T:n.G158986477C:c.aGt/aCt,False,0.08174865123416789,-0.012046755903677762,-0.11052825129891417
ENSP00000357114:map.1/158986477/C:p.S179T:n.G158986477C:c.aGt/aCt_S153,ENSP00000357114:map.1/158986477/C:p.S179T:n.G158986477C:c.aGt/aCt,False,0.05528519624864133,0.09257464370142547,0.06050841359469528
ENSP00000357114:map.1/158986477/C:p.S179T:n.G158986477C:c.aGt/aCt_S166,ENSP00000357114:map.1/158986477/C:p.S179T:n.G158986477C:c.aGt/aCt,False,-0.3420125094698449,-0.19394821382635852,-0.12092335034835833
ENSP00000357114:map.1/158986477/C:p.S179T:n.G158986477C:c.aGt/aCt_S168,ENSP00000357114:map.1/158986477/C:p.S179T:n.G158986477C:c.aGt/aCt,False,-0.21318620480773706,-0.22757377619591848,-0.12987599628540203
SPICE1_S760,SPICE1,False,-0.9212354134332014,-0.9557685372449042,-0.673549711152911
SPICE1_S764,SPICE1,False,-0.9212354134332014,-0.9557685372449042,-0.673549711152911
PTPRG_S1153,PTPRG,False,0.030680611037086983,0.2642664589058461,-0.014355205583348149
NKX6-1_S317,NKX6-1,False,-0.1410164315187932,0.1048661662409198,
NKX6-1_S334,NKX6-1,False,-0.1410164315187932,0.1048661662409198,
CCNL1_S352,CCNL1,False,0.012337356075602946,-0.002264277461178387,0.07325643045011905
CCNL1_S355,CCNL1,False,-0.22042928785269755,,
CCNL1_S502,CCNL1,False,-0.01233146581199069,0.09600874767688719,0.005029093027071128
CCNL1_S504,CCNL1,False,-0.01233146581199069,0.09600874767688719,0.005029093027071128
CCNL1_S335,CCNL1,False,-0.4741172600769572,-0.38501576100596574,-0.22262621479105027
CCNL1_S338,CCNL1,False,0.1555060243499894,0.08382705272093112,0.18870640868829494
CCNL1_S341,CCNL1,False,-0.19767467263278857,-0.47220324464777813,0.18870640868829494
CCNL1_S342,CCNL1,False,0.04165038077857532,-0.030288631196748517,0.1292175219765175
CCNL1_S445,CCNL1,False,-0.34778428677797,-0.10877622665412567,-0.035500829282241
CCNL1_S372,CCNL1,False,-0.045198676213954354,-0.0018944935866167661,0.0761091060453499
CCNL1_S374,CCNL1,False,-0.031219390714701194,0.1760433990487909,0.04203994672321018
APBB2_S113,APBB2,False,,,-0.4820491071375587
SYN1_S427,SYN1,False,-0.3394441973663238,-0.17297689045064057,-0.22514298101141306
MTMR14_S529,MTMR14,False,1.571094275540907,,
MTMR14_S530,MTMR14,False,1.571094275540907,-0.7768493325635721,
TTC14_S671,TTC14,False,,0.07997537672059589,
SHROOM3_S910,SHROOM3,False,0.10077834359954757,0.0737696756001857,-0.34516719956590736
SHROOM3_S913,SHROOM3,False,-1.298726704307276,-0.7269502684893392,-1.042906351392995
SHROOM3_S402,SHROOM3,False,,,-0.21611594375813106
SHROOM3_S1221,SHROOM3,False,-0.08647673560259486,,-0.803292247724562
SNRK_S312,SNRK,False,,0.07973135932894794,
SNRK_S363,SNRK,False,0.03604610015685955,0.008200013832136126,
SNRK_S145,SNRK,False,0.08113577952419054,0.09889439217572372,
KIAA1143_S50,KIAA1143,False,-0.08171440950242603,-0.0970032697773641,-0.1318483704992735
DTX3L_S9,DTX3L,False,0.044619588453664295,-0.05270480567000871,-0.20677217006501494
DTX3L_S202,DTX3L,False,0.0768266064437971,0.02687086472474519,-0.26530988676856504
SNIP1_S74,SNIP1,False,0.09417046830767664,0.08405937404084227,0.011810578883296046
SNIP1_S76,SNIP1,False,0.09417046830767664,0.08405937404084227,0.011810578883296046
SNIP1_S35,SNIP1,False,-0.07681610403494543,-0.10194535453308728,-0.13671441635009202
SNIP1_S128,SNIP1,False,,,-0.010657503400720978
SNIP1_S52,SNIP1,False,-0.11656967816343644,-0.1837213090627785,-0.1540489753628445
SNIP1_S54,SNIP1,False,-0.13056322594555828,-0.1600315585619051,-0.16142151550943595
SNIP1_S58,SNIP1,False,-0.12660544097318832,-0.1575699163047419,-0.2952086341855774
OSBPL11_S189,OSBPL11,False,0.14600179094954613,-0.04974969560372278,-0.49827379170782166
OSBPL11_S174,OSBPL11,False,0.5693857494496194,-0.6964939378877038,0.015064659234805447
OSBPL11_S177,OSBPL11,False,,0.7084962730121507,1.044464066513246
OSBPL11_S181,OSBPL11,False,-0.1320058458809041,0.8205441835099657,0.6221442805224364
BAP1_S565,BAP1,False,,-0.02813663616387116,
BAP1_S503,BAP1,False,0.8298495598446907,,-0.2548229159010087
BAP1_S274,BAP1,False,,-0.06280936667251769,
BAP1_S377,BAP1,False,2.645009884391095,1.5390843475068436,
ENSP00000296295_S765,ENSP00000296295,False,-0.2646187779010709,-0.2706604139565837,
ENSP00000296295_S767,ENSP00000296295,False,-0.2646187779010709,-0.2706604139565837,
ENSP00000296295_S775,ENSP00000296295,False,-0.2646187779010709,-0.2706604139565837,
PBRM1_S1468,PBRM1,False,0.0010095332331987292,-0.4348439677788119,
PBRM1_S1420,PBRM1,False,,,0.07031980037976218
PBRM1_S10,PBRM1,False,-0.034514247976319294,-0.12437712460591133,0.008723910052710046
PBRM1_S14,PBRM1,False,0.010817564701430873,0.018503443453979293,-0.01751371376604058
PBRM1_S16,PBRM1,False,-0.02503023718728457,,
PBRM1_S353,PBRM1,False,0.10243529621173504,0.08046474905247625,0.14788303575236147
PBRM1_S355,PBRM1,False,0.1300160471022905,0.07898889222107112,0.1567628701283026
PBRM1_S39,PBRM1,False,-0.9573523357925533,-0.7232015718455302,
PBRM1_S371,PBRM1,False,0.24525225214937738,0.13933851360142888,0.24245007367770144
PBRM1_S375,PBRM1,False,0.24525225214937738,0.13933851360142888,0.24245007367770144
UBXN7_S280,UBXN7,False,-0.2724633512593642,-0.252142648530054,-0.6673522536219458
UBXN7_S285,UBXN7,False,,,1.1976138096910742
UBXN7_S288,UBXN7,False,-0.13623308738015197,0.538605008348507,0.104398008044025
CAMK2D_S315,CAMK2D,False,-0.09673866368823918,-0.7338191436202276,0.22550761774351402
CAMK2D_S319,CAMK2D,False,-0.4012608570535677,-0.2657588597701555,0.0885189634836952
PGRMC2_S208,PGRMC2,False,,-0.21554627147397137,
TREX1_S122,TREX1,False,-0.4318705834995089,-0.26678771464907475,
APEH_S187,APEH,False,0.1775989293277334,-0.33110026983523033,-0.2701209878740648
MON1A_S64,MON1A,False,-0.10409580890908017,-0.1752066586508415,-0.19135400569887248
SAP30_S131,SAP30,False,-0.3808425721269219,-0.33970923308609935,-0.33423851295916945
SAP30_S138,SAP30,False,-0.056415887673125754,-0.13556942784641393,-0.15997703575539376
NAA15_S588,NAA15,False,,0.03787416566112011,
ARFIP1_S5,ARFIP1,False,-0.06248139746826742,0.0958417033826676,0.06915925903357655
ARFIP1_S100,ARFIP1,False,0.5360731868890146,1.0066472031571418,0.47823630088263264
ICE1_S1854,ICE1,False,-0.13000205361223846,-0.24015210139734303,0.061597135631720604
ICE1_S960,ICE1,False,,,-0.6442620048253915
ICE1_S1692,ICE1,False,-0.30735675196615575,-0.48789687022182027,-0.2322203408216832
ICE1_S1697,ICE1,False,,-1.8593310431067764,
ICE1_S1699,ICE1,False,-0.30735675196615575,-0.26862356483273814,-0.12009247553494565
ICE1_S925,ICE1,False,-0.014282803634424412,-0.06367339106328605,-0.18154912033375137
TCERG1_S617,TCERG1,False,0.17325538302097232,-0.1865245642897112,
AFAP1L1_S98,AFAP1L1,False,-0.5452345125457694,-0.08647673560259486,
AFAP1L1_S104,AFAP1L1,False,-0.5452345125457694,-0.08647673560259486,
MAP1B_S1378,MAP1B,False,-0.07728428469620635,-0.18088549789913824,-0.08974294450362925
MAP1B_S1389,MAP1B,False,-0.11057616685028232,-0.18682506606835983,-0.07267338435163545
MAP1B_S1256,MAP1B,False,-0.20609824590705605,-0.12597808750193878,-0.1740067675195659
MAP1B_S1258,MAP1B,False,2.4875635242658207,,-0.31618678755114116
MAP1B_S1260,MAP1B,False,0.6986060321359059,-0.014714321573812842,2.8372974156630684
MAP1B_S1262,MAP1B,False,-0.08456323501053833,,-0.31618678755114116
MAP1B_S1265,MAP1B,False,-0.4829760257828715,-0.6785225167666842,0.2800182801409177
MAP1B_S828,MAP1B,False,0.056071109850412824,0.1921831679215527,0.11543282612034657
MAP1B_S831,MAP1B,False,-0.05337905199565274,-0.07983358656408196,-0.0697715113162316
MAP1B_S832,MAP1B,False,-0.05337905199565274,-0.07983358656408196,-0.0697715113162316
MAP1B_S1793,MAP1B,False,-0.013637654674023716,-0.01731741266724096,-0.12530862882951657
MAP1B_S1797,MAP1B,False,-0.013637654674023716,-0.1568985838867375,-0.11300930110438773
MAP1B_S1801,MAP1B,False,,-0.3032114656802065,-0.3689422944970593
MAP1B_S614,MAP1B,False,-0.03592776072657947,-0.013333620231016391,-0.12756817877889484
MAP1B_S1427,MAP1B,False,-0.1089555894398349,-0.14593029354333262,-0.14654457923302294
MAP1B_S2211,MAP1B,False,-0.6446942373029981,-0.31625863759739214,
MAP1B_S561,MAP1B,False,-0.09340550211726113,-0.029252481082766277,-0.26336600993794673
MAP1B_S1501,MAP1B,False,-0.2715609771581843,0.1807843910786988,-1.0455315225151927
MAP1B_S1438,MAP1B,False,4.701721848932028e-05,0.0938505277349525,0.015265769944501417
MAP1B_S1443,MAP1B,False,-0.04181575319459072,-0.03482921987449733,-0.025202988822644077
MAP1B_S992,MAP1B,False,0.0677781522455672,-0.06658787502000452,-0.17969439239317822
MAP1B_S995,MAP1B,False,0.0677781522455672,-0.06658787502000452,-0.17969439239317822
MAP1B_S1782,MAP1B,False,0.008851174891685807,-0.14444676612463378,-0.2335670450378485
MAP1B_S1785,MAP1B,False,-0.2923860709275068,-0.4946501423015128,-0.6625990929902088
MAP1B_S1915,MAP1B,False,,-0.26992962709035995,-0.4773817496323541
MAP1B_S1965,MAP1B,False,,-0.11468775810162692,
MAP1B_S1396,MAP1B,False,-0.22178818215854043,-0.33680394389527984,-0.1633899748010239
MAP1B_S1400,MAP1B,False,-0.22178818215854043,-0.33680394389527984,-0.1633899748010239
MAP1B_S1779,MAP1B,False,0.07318752716051379,-0.029752903025514203,-0.13123494301431127
CFAP97_S218,CFAP97,False,,0.038717107572853585,
CFAP97_S138,CFAP97,False,,-0.022917945388439363,-0.12664349772416922
CFAP97_S139,CFAP97,False,,-0.022917945388439363,
RICTOR_S1385,RICTOR,False,-0.008401051726679506,-0.004086034381644232,0.31971720180495405
RICTOR_S1388,RICTOR,False,-0.02457618810087107,-0.004086034381644232,0.31971720180495405
RICTOR_S1396,RICTOR,False,-0.3254308792061359,,
RICTOR_S1302,RICTOR,False,-0.0032458284256474124,0.3217415545382794,0.3831645989780153
RICTOR_S21,RICTOR,False,-0.21934762556717016,-0.01555975771957113,-0.20266334315608042
RICTOR_S1174,RICTOR,False,0.16555789894420153,-0.12680327182327883,0.10741821844500805
RICTOR_S1177,RICTOR,False,0.028543879630723704,-0.14193041373114787,-0.062431855113470734
RICTOR_S1284,RICTOR,False,0.19614769268229157,0.20717547322783536,0.29519545903971406
NPM1_S125,NPM1,False,-0.07471451245097889,0.2611987146311504,0.3068455003142828
NPM1_S70,NPM1,False,0.04476182263739564,0.03263071564268982,0.11984800069189114
NPM1_S260,NPM1,False,0.2533217544336928,0.2586854632134828,0.28737291538320786
NPM1_S242,NPM1,False,-0.1314712603136973,-1.8322824068470753,-0.5142022417940477
NPM1_S243,NPM1,False,0.00020802655845917709,-0.02535642764976925,0.007139427053946983
NPM1_S137,NPM1,False,0.6295813652275717,0.6871058949170176,0.710351022201924
NPM1_S139,NPM1,False,0.5030665281465972,0.6091946203845159,0.5607915942805173
NPM1_S4,NPM1,False,0.24820214924673953,0.05169843175134944,0.05296651096076616
NPM1_S10,NPM1,False,0.15247685674324643,0.3580212140796847,0.23229337676092657
NPM1_S254,NPM1,False,0.263958036175361,0.31408326572343076,0.44183948873471346
TRA2A_S264,TRA2A,False,-0.2807830109182094,-0.3549953113309157,0.1293070980774392
TRA2A_S266,TRA2A,False,0.03783244520210604,-0.014360786560916236,0.08955924624795221
TRA2A_S270,TRA2A,False,0.0648720851826476,0.056016994126773315,
TRA2A_S2,TRA2A,False,,-0.3347163903418869,0.6311508577251451
TRA2A_S96,TRA2A,False,0.20549147783973554,-0.08745381098831097,0.08101712959727185
TRA2A_S98,TRA2A,False,0.20549147783973554,-0.08745381098831097,0.08101712959727185
TRA2A_S100,TRA2A,False,0.20549147783973554,-0.08745381098831097,0.08101712959727185
TRA2A_S308,TRA2A,False,,-0.035150422790342944,
TRA2A_S310,TRA2A,False,,-0.035150422790342944,
TRA2A_S84,TRA2A,False,0.16592085704395468,0.18424084049432182,0.012640180778770332
TRA2A_S86,TRA2A,False,0.16592085704395468,0.18424084049432182,0.012640180778770332
SAP30L_S93,SAP30L,False,-0.13529681715334685,-0.21848297474787348,-0.3409846645705897
SAP30L_S99,SAP30L,False,-0.04462634049584991,-0.21848297474787348,-0.2789795525034851
COG5_S197,COG5,False,0.525218290619106,0.37551214070374395,0.07196930830405787
ENSP00000297151:map.5/159835658/G:p.M229T:n.A159835658G:c.aTg/aCg_S235,ENSP00000297151:map.5/159835658/G:p.M229T:n.A159835658G:c.aTg/aCg,False,-0.04395822080901464,,
ENSP00000297151:map.5/159835658/G:p.M229T:n.A159835658G:c.aTg/aCg_S215,ENSP00000297151:map.5/159835658/G:p.M229T:n.A159835658G:c.aTg/aCg,False,0.11340980427031162,0.07040811202458973,0.15924294332631853
ANKHD1_S1679,ANKHD1,False,0.03336182785333852,0.007322978574749748,0.06301550825580862
ANKHD1_S93,ANKHD1,False,0.2078928516413329,,
ANKHD1_S95,ANKHD1,False,0.2078928516413329,-0.05943480115876387,
ANKHD1_S101,ANKHD1,False,0.38670060228761355,-0.05943480115876387,
ENSP00000416710_S515,ENSP00000416710,False,-0.09435643170021547,-0.11441001790481684,
LMTK2_S1107,LMTK2,False,-0.07972644503377267,-0.03346643282021057,0.058033142459463324
LMTK2_S1497,LMTK2,False,,,0.053945424962785246
ENSP00000297332:map.6/161469774/A:p.R157H:n.G161469774A:c.cGt/cAt_S1198,ENSP00000297332:map.6/161469774/A:p.R157H:n.G161469774A:c.cGt/cAt,False,,-0.2811385603201261,-0.27432899621117424
ENSP00000297332:map.6/161469774/A:p.R157H:n.G161469774A:c.cGt/cAt_S431,ENSP00000297332:map.6/161469774/A:p.R157H:n.G161469774A:c.cGt/cAt,False,-0.5129650362293408,-0.32883540385672155,
ENSP00000297332:map.6/161469774/A:p.R157H:n.G161469774A:c.cGt/cAt_S66,ENSP00000297332:map.6/161469774/A:p.R157H:n.G161469774A:c.cGt/cAt,False,0.2002532315936873,,-0.19712024428086017
MICALL2_S143,MICALL2,False,-0.5884218996298614,-0.3220805114317648,-0.22382258701368685
MICALL2_S649,MICALL2,False,0.07833657112117902,-0.362773854190651,-0.22532888767311568
MICALL2_S658,MICALL2,False,0.07833657112117902,-0.362773854190651,-0.22532888767311568
MICALL2_S660,MICALL2,False,0.07833657112117902,-0.362773854190651,-0.22532888767311568
PHAX_S14,PHAX,False,0.10859891323461017,0.07534352387474332,-0.11878602365724943
PHAX_S16,PHAX,False,0.11036186652418128,0.08131625283233863,-0.12474210579687021
VIRMA_S173,VIRMA,False,-0.051017486846268535,-0.012435625757681012,-0.24092436063050923
VIRMA_S1575,VIRMA,False,-0.2267463055446772,,-0.12152254979387056
VIRMA_S1579,VIRMA,False,-0.22332953732570263,-0.21202894971461564,-0.139498110500918
TTC39B_S359,TTC39B,False,,-0.22802993230181082,
UBAP1_S146,UBAP1,False,-0.7863976443352816,-0.8566107396269356,-1.2437648174791323
NFIL3_S301,NFIL3,False,,-0.4771332867551913,
ANKS6_S20,ANKS6,False,0.14182512970002847,0.29195711642980726,0.3571578487197545
ENSP00000350657_S393,ENSP00000350657,False,0.27560307933684935,0.1330912799243279,0.05408439284237917
ENSP00000350657_S396,ENSP00000350657,False,0.25185685687101533,0.15680541969537928,0.19314728668837441
ENSP00000350657_S147,ENSP00000350657,False,-0.38332956707683435,-0.2689917980059621,-0.10336393333550599
ENSP00000350657_S356,ENSP00000350657,False,0.13703956600628625,,
ENSP00000350657_S211,ENSP00000350657,False,,,0.6169222421187013
GAPVD1_S1057,GAPVD1,False,0.24974871508356883,-0.08056075356077422,
GAPVD1_S881,GAPVD1,False,0.16966454496686437,-0.12507154984039173,-0.16504817796611754
GAPVD1_S882,GAPVD1,False,0.15504162793668516,-0.09319066629765067,-0.12287261338534922
GAPVD1_S466,GAPVD1,False,-0.5958980877900976,0.2098141436486552,0.32492578405532097
ENSP00000438226_S162,ENSP00000438226,False,-0.12695749261441905,-0.10887749239742227,0.02544334828106495
ENSP00000438226_S311,ENSP00000438226,False,-0.6547607764736018,-0.46466761727846206,-0.03191727066848427
ENSP00000438226_S335,ENSP00000438226,False,0.41055819814258204,0.054908362646264204,
PABIR2_S115,PABIR2,False,-0.042394832440229645,0.009337696956121662,-0.02238110563319355
PABIR2_S119,PABIR2,False,-0.0038202419274601016,0.009337696956121662,-0.012024124517625127
PABIR2_S137,PABIR2,False,-0.1502629572097256,0.06537651001040919,0.07275326089761762
PABIR2_S141,PABIR2,False,-0.1502629572097256,0.06687328468882812,0.07275326089761762
PABIR2_S50,PABIR2,False,0.3990082519394866,0.4636396617361825,0.3298376546162258
PABIR2_S25,PABIR2,False,-0.017198951999983586,0.04772003081209627,-0.38819655908085005
WRN_S1133,WRN,False,0.5202462227070274,0.13920752027125408,
CFL2_S3,CFL2,False,-1.8438008726990642,0.19466756567150348,0.144686400526061
PGM2L1_S175,PGM2L1,False,,0.02842770457266734,
ENSP00000298249_S227,ENSP00000298249,False,0.29527839951676893,0.20385094094219586,0.21013945740166848
PCF11_S777,PCF11,False,,0.05422334733715443,
PCF11_S509,PCF11,False,-0.17634262271826023,,0.0030326245628317684
PCF11_S511,PCF11,False,-0.17634262271826023,,0.0030326245628317684
PCF11_S370,PCF11,False,-0.30635204436368724,-0.2728122542469213,0.4626805790941635
PCF11_S372,PCF11,False,-0.30635204436368724,-0.2728122542469213,0.4626805790941635
PCF11_S489,PCF11,False,-0.01765137879906832,0.08479685197861002,0.0719072752070158
PCF11_S494,PCF11,False,-0.26160573835813233,-0.10726242338730681,-0.3315545398406145
ENSP00000298299:map.10/45499009/G:p.S65G:n.A45499009G:c.Agt/Ggt_S49,ENSP00000298299:map.10/45499009/G:p.S65G:n.A45499009G:c.Agt/Ggt,False,-0.17367457038256273,-0.644361690969791,0.32851087497400994
ENSP00000438309_S375,ENSP00000438309,False,-0.09599946779463914,-0.04435826356764005,-0.3008323974443269
TRIM9_S46,TRIM9,False,-0.004912204851718895,-0.17761057562749358,-0.12654111710129498
SNAPC4_S1224,SNAPC4,False,-0.04305943841252313,,-0.2613550979996483
ENSP00000298694:map.14/21549893/C:p.V956L:n.G21549893C:c.Gtg/Ctg_S262,ENSP00000298694:map.14/21549893/C:p.V956L:n.G21549893C:c.Gtg/Ctg,False,,0.12916898749202987,0.5334636767204042
ENSP00000298694:map.14/21549893/C:p.V956L:n.G21549893C:c.Gtg/Ctg_S961,ENSP00000298694:map.14/21549893/C:p.V956L:n.G21549893C:c.Gtg/Ctg,False,0.002789446633892967,0.240249394855007,0.19061040373608987
ENSP00000298694:map.14/21549893/C:p.V956L:n.G21549893C:c.Gtg/Ctg_S1469,ENSP00000298694:map.14/21549893/C:p.V956L:n.G21549893C:c.Gtg/Ctg,False,0.2867628892495578,,
ENSP00000298694:map.14/21549893/C:p.V956L:n.G21549893C:c.Gtg/Ctg_S1470,ENSP00000298694:map.14/21549893/C:p.V956L:n.G21549893C:c.Gtg/Ctg,False,0.2867628892495578,,
METTL3_S219,METTL3,False,0.0647449200353551,,
WAPL_S221,WAPL,False,-0.10919724369011867,0.3959788462538442,-0.2899115157355121
WAPL_S223,WAPL,False,,,0.7270535257003647
WAPL_S226,WAPL,False,-0.10079117385516628,-0.11598528587149032,-0.15646557171871897
WAPL_S77,WAPL,False,0.15975833805629805,0.0770085159956945,0.11902929267404243
AMBRA1_S639,AMBRA1,False,,-0.0396365703724868,0.03899797879750991
PACSIN3_S341,PACSIN3,False,-0.8328465906490152,-0.39486996123588425,-0.8462483031494235
PACSIN3_S344,PACSIN3,False,-0.4153808639245536,,
PACSIN3_S354,PACSIN3,False,-0.20496224959941944,-0.24803910158653278,-0.2483371413545521
PACSIN3_S276,PACSIN3,False,0.1422684692564925,0.13873367509580284,0.0911211250144384
PACSIN3_S319,PACSIN3,False,0.11029938071416993,0.14906777260050594,0.051701902232267935
CPSF2_S419,CPSF2,False,,,-0.09588204145414125
CPSF2_S420,CPSF2,False,,,-0.09588204145414125
CPSF2_S423,CPSF2,False,,,-0.09588204145414125
CLMN_S419,CLMN,False,0.3159289931533744,0.19355347160966777,0.32054244242845936
SPRED1_S238,SPRED1,False,-0.36460119597194174,-0.5561289471104099,-0.5483694512012012
ZFYVE19_S440,ZFYVE19,False,0.12054894067632259,0.02796945416742112,0.11391577900395276
ZFYVE19_S286,ZFYVE19,False,0.09535641370583643,0.002730070507060212,0.030195436144696768
ZFYVE19_S121,ZFYVE19,False,0.06236242506561385,-0.05558501977690681,0.10125546845662303
LARP6_S447,LARP6,False,-0.19884134390630165,0.3717261219062073,
LARP6_S451,LARP6,False,-0.1736365207961501,0.3717261219062073,
LARP6_S56,LARP6,False,-0.02719204954906744,-0.1572840235766739,0.4951834779083347
LARP6_S58,LARP6,False,-0.02719204954906744,-0.1572840235766739,0.4951834779083347
FRS2_S292,FRS2,True,,0.16233895772459678,
CCT2_S260,CCT2,False,,-1.4520393720736606,
ENSP00000458426_S945,ENSP00000458426,False,-0.12703963321605924,-0.5037115103754494,
ENSP00000458426_S946,ENSP00000458426,False,-0.12703963321605924,-0.5037115103754494,
DNAAF4_S228,DNAAF4,False,,,-0.2660730339587465
RNF169_S417,RNF169,False,-0.022815343317976522,,0.676628488242969
RNF169_S403,RNF169,False,0.4457267033499842,,0.010350188169567268
LEO1_S630,LEO1,False,0.1278499470114134,0.0916668157028992,0.12164061007252772
LEO1_S66,LEO1,False,0.2253983373407441,,
LEO1_S279,LEO1,False,,,1.1540646736747164
LEO1_S608,LEO1,False,,,1.6749125529080067
LEO1_S610,LEO1,False,,,1.7893536636509366
LEO1_S614,LEO1,False,,,1.7893536636509366
LEO1_S658,LEO1,False,0.02752491943815276,0.147990903785625,0.14933221910426292
LEO1_S294,LEO1,False,0.1566554888468597,,
LEO1_S296,LEO1,False,0.1566554888468597,,
LEO1_S300,LEO1,False,0.1566554888468597,,
POLR2M_S179,POLR2M,False,-2.3300780124786016,-2.1152590160524247,-1.966661088418264
POLR2M_S270,POLR2M,False,0.1976138096910743,0.17606740578593494,0.11199576180706482
POLR2M_S274,POLR2M,False,,,0.1086248146816487
POLR2M_S364,POLR2M,False,0.07450543636362976,,
POLR2M_S365,POLR2M,False,0.07450543636362976,,
NCAPH2_S282,NCAPH2,False,-0.02229586220177797,-0.005223463313966956,-0.10076248580477361
NCAPH2_S284,NCAPH2,False,-0.1659446381391899,-0.12423084865413543,-0.10083480738755322
POLR3E_S161,POLR3E,False,0.12660222908573635,0.1105474029377364,0.027332824199848782
POLR3E_S162,POLR3E,False,0.07064273093315378,0.13959195055899484,0.05777661939351428
POLR3E_S503,POLR3E,False,-0.19492436904779342,-0.179996232188998,-0.060860733842943174
POLR3E_S522,POLR3E,False,,-0.23455012054730298,-0.12291541857684386
ZNF592_S691,ZNF592,False,-0.27921372543881273,-0.1804732314976722,
ZNF592_S348,ZNF592,False,0.016310096437940243,0.7797323238495733,0.18594889709516968
ZNF592_S1089,ZNF592,False,-0.259461225396025,-0.25054523647265764,-0.16332665915780678
TERF2IP_S36,TERF2IP,False,-0.02064115894765726,0.04070922518204955,0.026267720067600493
TERF2IP_S154,TERF2IP,False,0.23982561019032494,-0.09605820137758343,0.11076412189980747
TERF2IP_S203,TERF2IP,False,-0.07650746755489353,-0.2986020650892884,-0.13159077185252857
NAB2_S6,NAB2,False,-0.16998630205560927,-0.12422255074037293,0.012892463834377532
NAB2_S159,NAB2,False,0.2731947155534904,0.23215398434345946,0.23739497772536367
NAB2_S162,NAB2,False,-0.30074677950654793,-0.2362356250731772,-0.47237011512571225
NAB2_S171,NAB2,False,-0.299288881110785,-0.270663235574675,0.016567757899347477
PATL1_S177,PATL1,False,0.0007848380473555924,0.16122482155645146,-0.33022017723470015
PATL1_S179,PATL1,False,-0.2134306922020073,-0.2117059345967132,-0.11461277503829376
PATL1_S184,PATL1,False,-0.41247795726808595,-0.16266869338418624,0.02736073228976765
TSC22D4_S62,TSC22D4,False,-0.233837393614141,-0.2306175447729339,
TSC22D4_S165,TSC22D4,False,0.9103419129351421,0.8179181078886287,0.983560733212629
MAP1A_S1762,MAP1A,False,0.02814476771337868,0.05763240743988214,-0.2157808151727107
MAP1A_S612,MAP1A,False,0.1532966767097539,0.15500824504517555,0.047963890610480425
MAP1A_S2018,MAP1A,False,-0.17938106065462728,-0.4287093940903281,-0.5028747745183176
MAP1A_S2019,MAP1A,False,-0.42811190848737446,-0.5122039794078779,-0.4686820820844472
MAP1A_S2022,MAP1A,False,-0.2970615683668198,-0.4852857862323083,-0.4709260658644481
MAP1A_S526,MAP1A,False,0.17515716628266575,0.0668148277052953,0.018793512236613085
MAP1A_S527,MAP1A,False,0.17515716628266575,0.0668148277052953,0.018793512236613085
MAP1A_S1654,MAP1A,False,,0.12855736497375747,-0.18875916140131851
MAP1A_S1600,MAP1A,False,0.1843437779529075,0.26627682332247754,
MAP1A_S2104,MAP1A,False,0.026162654489675658,,
MAP1A_S2106,MAP1A,False,0.0875205236665098,0.07248092846842964,0.030265660839180506
MAP1A_S1791,MAP1A,False,-0.5539343772754874,,-0.6069133449764689
MAP1A_S1797,MAP1A,False,-0.07331144502988095,-0.053975137225681126,-0.03214844588921863
MAP1A_S1801,MAP1A,False,-0.07331144502988095,-0.053975137225681126,-0.03214844588921863
MAPRE2_S9,MAPRE2,False,-0.6898460455976553,-0.12255413416554145,
RUNX1_S249,RUNX1,False,0.19004588689443874,0.2785357594608884,0.10420244938244294
RUNX1_S276,RUNX1,False,0.19004588689443874,0.2904540009699243,0.1917290476268154
RUNX1_S21,RUNX1,False,-0.47876272699293027,0.13347285078621435,-0.08918629080203073
TPX2_S121,TPX2,False,0.5361851862585363,0.6353165783453262,0.4331977560669886
TPX2_S125,TPX2,False,0.5361851862585363,0.6353165783453262,0.4331977560669886
TPX2_S738,TPX2,False,-0.07245095191754844,-0.10859906119001383,0.0012272385594946714
TPX2_S486,TPX2,False,,-0.1894828609604564,
TBC1D2B_S957,TBC1D2B,False,-0.12110129886045849,-0.13452602561465013,-0.1679046380663969
MED1_S1401,MED1,False,0.04732132111127855,,0.22995700858436255
MED1_S1463,MED1,False,-0.3249067261797079,0.08011185986159819,-0.06609505141828119
MED1_S1207,MED1,False,-0.2554484346322821,-0.7562618646888687,-0.10987157585416549
MED1_S770,MED1,False,-0.22674136575975345,-0.39020722193940377,-0.4470327891201549
MED1_S771,MED1,False,0.08072112033304851,-0.39020722193940377,-0.4361194824098459
MED1_S774,MED1,False,0.08072112033304851,-0.39020722193940377,-0.4470327891201549
MED1_S1156,MED1,False,-0.13947469400303134,-0.3970870938832163,-0.06061152401662136
MED1_S1433,MED1,False,-0.05214275152206187,-0.16552175563255353,0.05388987210402498
MED1_S1192,MED1,False,,-0.535561746193019,
MED1_S1479,MED1,False,-0.25031769657928454,-0.1486806530125566,-0.18723071721993648
MED1_S1481,MED1,False,-0.026866334669429035,,-0.10634267857856484
MED1_S1482,MED1,False,-0.27031365679451785,-0.14940887366715497,-0.15757623502061777
STIM1_S519,STIM1,False,0.21317788051852316,-0.04568576156084918,0.19413997041868014
STIM1_S521,STIM1,False,0.35412631688504986,0.1714630560025812,0.2869993966338397
STIM1_S618,STIM1,False,0.19313469083162035,-0.17813178571236707,-0.09412731827665885
ZNF668_S10,ZNF668,False,,-0.09078757292568353,
USP32_S1093,USP32,False,0.06979883186981074,0.12599993028683998,0.2089450587136723
USP32_S1046,USP32,False,-0.310937347928674,0.1134827910542618,0.22103030664618928
RAB8A_S181,RAB8A,False,,0.023523014784997933,
RAB8A_S185,RAB8A,False,-0.18946842786118215,0.049235828732703796,-0.17348456265780793
PIEZO1_S1391,PIEZO1,False,-0.7440160098400893,-0.5815209566892842,-0.4691501730684031
PIEZO1_S1646,PIEZO1,False,-0.1632560037139573,0.1307991108381943,-0.0035448089613445144
CDT1_S31,CDT1,False,,0.15432396466047715,
ANKRD11_S1509,ANKRD11,False,0.022298215154390937,0.012783225092873982,0.10460504322931082
ANKRD11_S408,ANKRD11,False,0.030689204071140407,0.008773707066016134,
ANKRD11_S411,ANKRD11,False,0.030689204071140407,0.008773707066016134,
ANKRD11_S1792,ANKRD11,False,,0.10661632898778424,
ANKRD11_S276,ANKRD11,False,-0.0869210306780343,,
RAB34_S241,RAB34,False,,,-0.4095848113101012
RAB34_S244,RAB34,False,,,-0.4095848113101012
KMT2D_S4738,KMT2D,False,-0.3890303434330222,-0.3306758343553419,-0.2973943146418284
KMT2D_S4849,KMT2D,False,-0.028892690487223673,0.13492140195775504,-0.004291905484377981
KMT2D_S1606,KMT2D,False,-0.08797886668861775,-0.07903221008644068,0.09959977092045193
KMT2D_S2640,KMT2D,False,-0.564823224372194,-0.2652569904507454,
KMT2D_S1307,KMT2D,False,-0.4216119099096899,0.32929584810251517,
TUBA1A_S118,TUBA1A,False,-0.3876758127933077,0.09044698023265137,-0.11893059068043027
LIN37_S99,LIN37,False,-0.1552662982934881,-0.17542109911023515,
DIP2B_S100,DIP2B,False,-0.02718972979325178,0.2196451910313205,-0.33120916617753066
DAPK3_S311,DAPK3,False,-0.0581383119583806,-0.07208260502594911,-0.06118229176625163
DAPK3_S312,DAPK3,False,-0.12186306811722365,-0.09755641053853965,-0.17217226559254775
CHAF1A_S772,CHAF1A,False,0.4097178641813339,0.31588640815298447,0.3148449414799792
CHAF1A_S775,CHAF1A,False,-0.055861207543931465,-0.0727762071145525,0.12085282794646464
CHAF1A_S777,CHAF1A,False,,-0.09366134418353149,-0.0516084705981936
CHAF1A_S141,CHAF1A,False,-0.1272421459910967,-0.2785029194588523,
CHAF1A_S255,CHAF1A,False,0.17570535604817003,0.3839735771426222,0.3762350404970849
ENSP00000468044_S668,ENSP00000468044,False,-0.13954196346042802,-0.1007734564108639,-0.23347331206004052
ENSP00000468044_S656,ENSP00000468044,False,-0.04452334798964717,-0.014080526773973898,0.1662197764340927
ENSP00000468044_S490,ENSP00000468044,False,-0.6224875115149949,3.7413591173188214,1.5834146983330037
ENSP00000468044_S366,ENSP00000468044,False,0.15202297039140947,0.16171494857396818,0.33559758764193715
ENSP00000468044_S369,ENSP00000468044,False,0.15202297039140947,0.16171494857396818,0.33559758764193715
ENSP00000468044_S370,ENSP00000468044,False,0.15202297039140947,0.11709088235190748,0.13330047622977648
ENSP00000468044_S454,ENSP00000468044,False,0.46292804511221247,-0.49259024744355484,0.7547604103449349
RILP_S314,RILP,False,-0.20053134219509133,,
RILP_S315,RILP,False,-0.20053134219509133,,
TNRC6C_S714,TNRC6C,False,0.3850444259596075,-0.18034816441532753,
FAM234A_S21,FAM234A,False,-0.13734121909700106,-0.2530371677629593,-0.47280952833408657
RNPS1_S157,RNPS1,False,0.08160802334941165,0.031292333033944,0.011047648066356377
SRRM2_S1401,SRRM2,False,0.22584383988344306,-0.04273912558650591,
SRRM2_S1404,SRRM2,False,-0.003672599372227451,-0.06476655676367389,-0.11115598770868176
SRRM2_S1415,SRRM2,False,-0.16486821112122077,,
SRRM2_S1497,SRRM2,False,0.08970232622383019,-0.05754207815664399,0.3536195430117418
SRRM2_S1616,SRRM2,False,-1.099120279148751,-0.4263104929539077,-0.5095325561292281
SRRM2_S1618,SRRM2,False,,,-0.09549663417995304
SRRM2_S1620,SRRM2,False,-0.2325774582250741,-0.31779734373789587,0.9146949652177684
SRRM2_S1621,SRRM2,False,-0.2325774582250741,-0.31779734373789587,0.9146949652177684
SRRM2_S1014,SRRM2,False,0.29666296759195726,0.34673213593656654,0.6073895000243986
SRRM2_S2407,SRRM2,False,-0.02628259395785774,-0.04026050733426815,-0.14846310395024576
SRRM2_S2412,SRRM2,False,0.011495638837829437,-0.5543830561025231,-0.34501461666269234
SRRM2_S1463,SRRM2,False,-0.14396134192032387,-0.08664527270335302,-0.136957078699259
SRRM2_S1188,SRRM2,False,-0.03200422754214111,0.030352637408371314,-0.0914473185983083
SRRM2_S472,SRRM2,False,,,0.010779838753242763
SRRM2_S474,SRRM2,False,,,0.010779838753242763
SRRM2_S2690,SRRM2,False,-0.12144715509062633,0.028580384627929944,0.4353378680198049
SRRM2_S2692,SRRM2,False,-0.008783071054986815,0.16426975451882583,0.18810713727174716
SRRM2_S2694,SRRM2,False,-0.11734327708373825,-0.3063724037469053,0.008437333270590305
SRRM2_S454,SRRM2,False,-0.3986077412429513,-0.3234131339814539,-0.7043634500680109
SRRM2_S456,SRRM2,False,-0.17665199129945486,-0.2281157529156644,-0.35300787818903245
SRRM2_S1318,SRRM2,False,0.057085858647675514,0.0697918285388231,0.04560165972937126
SRRM2_S1320,SRRM2,False,-0.0601946061667916,-0.06132464944021223,0.06030581958624131
SRRM2_S1326,SRRM2,False,0.08561788599570781,0.2846961714224174,0.2629335369435931
SRRM2_S1329,SRRM2,False,0.02831039722436825,0.05682888180693239,0.01109400147131348
SRRM2_S2740,SRRM2,False,-0.08177253614203885,0.011465839465927316,
SRRM2_S1122,SRRM2,False,0.13370293737938027,-0.10702618472666622,-0.033510467575645214
SRRM2_S1124,SRRM2,False,-0.01641136109953743,-0.08587571907401766,-0.09929166022710756
SRRM2_S323,SRRM2,False,-0.4241261925971068,-0.2179605438083103,
SRRM2_S1102,SRRM2,False,0.17880513986472502,-0.10985262158153604,0.048654701840346405
SRRM2_S1103,SRRM2,False,-0.03828588849104523,-0.0991743513555069,0.029613046231752132
SRRM2_S1110,SRRM2,False,0.013240899353552332,0.017009291194587547,0.03259247918012156
SRRM2_S1818,SRRM2,False,0.04426850792465237,0.03699567718150689,-0.16486315547367256
SRRM2_S1822,SRRM2,False,0.04426850792465237,0.03699567718150689,0.15238895726974244
SRRM2_S1824,SRRM2,False,0.04426850792465237,0.03699567718150689,-0.15889019480976277
SRRM2_S506,SRRM2,False,-0.03163282444456308,-0.03166385626113224,-0.015453119896711083
SRRM2_S508,SRRM2,False,-0.0015032000445097209,0.19754623265342167,-0.015453119896711083
SRRM2_S510,SRRM2,False,-0.0015032000445097209,0.19754623265342167,-0.015453119896711083
SRRM2_S1064,SRRM2,False,-0.09218180617425116,0.04393818450237244,0.016394247308062507
SRRM2_S1069,SRRM2,False,-0.0826085442613586,0.0677724955348492,
SRRM2_S1073,SRRM2,False,-0.006629158247457245,-0.24026047106813392,1.5762796492192452
SRRM2_S1842,SRRM2,False,-0.011954867343664537,-0.029646959356611012,-0.12980567446308078
SRRM2_S435,SRRM2,False,-0.403159931068615,-0.2892761676002027,-0.2187119617009771
SRRM2_S436,SRRM2,False,-0.35093179629462457,-0.3916125866693662,-0.4234875365128789
SRRM2_S437,SRRM2,False,-0.48194038314288057,-0.32989633864270346,-0.23073604337123016
SRRM2_S440,SRRM2,False,-0.34628218892226187,-0.24383904135047615,-0.19877441305950147
SRRM2_S377,SRRM2,False,0.3697829494092375,0.10985114468090923,0.05491791912895793
SRRM2_S398,SRRM2,False,0.37398561047851514,0.06915220186942299,0.05491791912895793
SRRM2_S1727,SRRM2,False,-0.08302539719497011,-0.10572796157133596,-0.06852873023371746
SRRM2_S1729,SRRM2,False,-0.08302539719497011,-0.15838345679939528,1.1581887975866858
SRRM2_S1731,SRRM2,False,-0.0705869771326156,-0.10572796157133596,1.1581887975866858
SRRM2_S1732,SRRM2,False,-0.0705869771326156,-0.15838345679939528,-0.06852873023371746
SRRM2_S1179,SRRM2,False,-0.16191294873292525,-0.16412858702170638,-0.12817086245654433
SRRM2_S2449,SRRM2,False,,-0.22555571887818926,-0.24980202422141187
SRRM2_S2118,SRRM2,False,0.1301413880602598,,0.4690524098546896
SRRM2_S2121,SRRM2,False,0.17209467904128495,0.31162350337534134,0.07469171596917945
SRRM2_S2123,SRRM2,False,-0.1133571288002504,0.23474151247281397,-0.3072884174726094
SRRM2_S2426,SRRM2,False,0.06678778697127537,0.07574035332683597,-0.34056215550825275
SRRM2_S2100,SRRM2,False,-0.059342806006932924,0.0016137134959065917,0.04732925324477983
SRRM2_S2102,SRRM2,False,0.07439002087199802,-0.01701159151697805,0.007890219163575277
SRRM2_S992,SRRM2,False,-0.1661049278846071,-0.0401425888620691,-0.001043845099156282
SRRM2_S994,SRRM2,False,0.04126296456642076,-0.03439930894131076,0.015786659638475333
SRRM2_S857,SRRM2,False,-0.09947765934077052,0.017844224931554627,-0.19747164694244324
SRRM2_S864,SRRM2,False,-0.19267892270717615,-0.05965690828225298,0.03905380146467525
SRRM2_S1081,SRRM2,False,-0.010526704049699256,-0.195946441032647,-0.010606777804922946
SRRM2_S1083,SRRM2,False,0.022171110926670155,-0.053324241718463054,-0.14680854829943973
SRRM2_S2702,SRRM2,False,-0.2510722982460993,-0.2936709632095023,-0.08432533224150944
SRRM2_S2706,SRRM2,False,-0.37534395779913865,-0.12065495256966957,-0.3404246374999398
SRRM2_S2067,SRRM2,False,0.00311532612000838,-0.08737717678810308,-0.01471817641435885
SRRM2_S2071,SRRM2,False,-0.005907441372226453,-0.0947820795446026,1.1922948296350087
SRRM2_S1690,SRRM2,False,0.0004501650232285742,0.12248784000000269,-0.0008108051718180298
SRRM2_S1691,SRRM2,False,-0.33204615027773726,-0.6808057829142982,-0.3850578822220947
SRRM2_S1693,SRRM2,False,-0.3414311666648057,-0.2567297608726353,-0.8057322113041466
SRRM2_S1694,SRRM2,False,-0.5739937906311572,0.10706675382936366,0.43084844272651257
SRRM2_S2581,SRRM2,False,-0.07437804956468619,-0.12688097964389355,0.260213105486973
SRRM2_S2343,SRRM2,False,-0.5867958878705042,0.5781175316239375,2.45293801433115
SRRM2_S351,SRRM2,False,-0.17206891192335952,-0.06777835478916809,-0.14679406122605476
SRRM2_S353,SRRM2,False,-0.9686557482481292,-0.22736201449082058,-0.20650387375922918
SRRM2_S357,SRRM2,False,-0.5702501491997839,,
SRRM2_S876,SRRM2,False,0.13724095495194177,0.43263877275075274,-0.5393937190178671
SRRM2_S1218,SRRM2,False,0.1855327231181504,0.060095436228522335,
SRRM2_S1219,SRRM2,False,0.1855327231181504,0.060095436228522335,
SRRM2_S1132,SRRM2,False,-0.0807285735491173,-0.02677503985084109,-0.17256852235202813
SRRM2_S1598,SRRM2,False,,-0.19497175309042727,-0.4921191177524423
SRRM2_S1600,SRRM2,False,0.05267858363288302,0.005496095389694783,0.22477554252693346
SRRM2_S1601,SRRM2,False,0.05267858363288302,0.005496095389694783,0.22477554252693346
SRRM2_S1441,SRRM2,False,-0.05569658145840406,-0.08550859118746001,
SRRM2_S1443,SRRM2,False,-0.03550349229693548,-0.009276300043939548,0.5299901534121764
SRRM2_S1444,SRRM2,False,-0.035550325404619616,0.16457296682980826,0.08559009204621408
SRRM2_S1541,SRRM2,False,0.6399286681398436,0.20677459040246635,1.294253136444514
SRRM2_S1542,SRRM2,False,-0.12979013862103747,0.04519064966213732,
SRRM2_S1552,SRRM2,False,-0.05920935939493796,-0.21436787675194027,
SRRM2_S778,SRRM2,False,0.11156554495951766,0.3175356220163544,
SRRM2_S780,SRRM2,False,,0.4069719708167233,
SRRM2_S782,SRRM2,False,0.11156554495951766,0.22811063440518137,
SRRM2_S2132,SRRM2,False,-0.16000483484275688,-0.18789196802592104,-0.0658560798172332
SRRM2_S1866,SRRM2,False,-1.1064821012116912,0.11311009197010956,-0.1429585549651019
SRRM2_S1869,SRRM2,False,-1.1064821012116912,0.11311009197010956,-0.1429585549651019
SRRM2_S1913,SRRM2,False,0.2378559822903014,-0.12786892615295137,-0.11778737810713706
SRRM2_S1916,SRRM2,False,0.2378559822903014,-0.12786892615295137,-0.11778737810713706
SRRM2_S774,SRRM2,False,0.2052458401853177,0.03021956039285345,-0.1382986677997732
SRRM2_S1537,SRRM2,False,0.07004906115521252,0.0688906636535652,-0.3585852760854505
SRRM2_S759,SRRM2,False,,0.18624698614531154,0.06405506441044337
SRRM2_S761,SRRM2,False,1.1371995160450499,0.7723924394085834,0.06405506441044337
SRRM2_S763,SRRM2,False,1.1371995160450499,0.11076412189980747,0.06405506441044337
SRRM2_S704,SRRM2,False,0.22511294278772712,0.18024184320710057,0.1540471133536126
SRRM2_S706,SRRM2,False,0.22511294278772712,0.18024184320710057,0.1540471133536126
SRRM2_S2044,SRRM2,False,0.07774734827290271,0.06018561445010564,0.013546480190410786
SRRM2_S2046,SRRM2,False,0.07774734827290271,0.06018561445010564,0.013546480190410786
SRRM2_S534,SRRM2,False,-0.05128822336781786,-0.5741451762212232,-0.1337755555116718
SRRM2_S536,SRRM2,False,-0.05128822336781786,-0.5741451762212232,-0.1750741933282829
SRRM2_S543,SRRM2,False,-0.9092226137166323,-0.19986836179860765,-1.773454072761808
SRRM2_S1499,SRRM2,False,-0.047878104481837484,0.029118365013742823,0.22046350893308675
SRRM2_S1501,SRRM2,False,-0.0006157582803132527,0.14274017211608214,-0.15949082134466863
SRRM2_S1502,SRRM2,False,0.0032528168451950537,0.20202914946447995,1.5082336642117065
SRRM2_S1911,SRRM2,False,0.004753055399819502,-0.03995063945895489,-0.11778737810713706
SRRM2_S702,SRRM2,False,0.06344282096931839,0.021057814972825644,0.04088667392321202
SRRM2_S2042,SRRM2,False,-0.1351660535136678,0.016989957113470188,0.04459535202789492
SRRM2_S1876,SRRM2,False,-0.18637528861336053,-0.05336199605503845,-0.03210325114828953
SRRM2_S1878,SRRM2,False,0.07065201829048182,0.10646124519578352,0.08854578870858693
SRRM2_S2030,SRRM2,False,-0.09300535885063918,-0.10517044741607008,-0.07220058560044457
SRRM2_S2032,SRRM2,False,0.027003535851433752,0.013122821628879329,-0.04682996410770529
SRRM2_S2018,SRRM2,False,-0.038048647262157634,-0.0666598776826987,-0.009400921633930746
SRRM2_S2020,SRRM2,False,0.08334657831804515,0.0613402833946613,0.02841738917502103
SRRM2_S1923,SRRM2,False,-0.034242250599719685,0.04127122918861687,0.008271273414795709
SRRM2_S1925,SRRM2,False,0.08176115816423914,0.06638595176553712,0.036831776909909665
SRRM2_S1970,SRRM2,False,0.17252399321801015,0.10756424691131343,0.14725616677262013
SRRM2_S1972,SRRM2,False,0.2130406986619712,0.10717340860822629,-0.007287788717125081
SRRM2_S1975,SRRM2,False,0.058586571751010286,0.017048122544632213,0.3936782721345157
SRRM2_S1888,SRRM2,False,-0.6379622129703358,-0.005767867776752237,
SRRM2_S1890,SRRM2,False,-0.36379897288427476,-0.07187606958699486,-0.5166975588575046
SRRM2_S1893,SRRM2,False,-0.36379897288427476,-0.07187606958699486,-0.5166975588575046
SRRM2_S1982,SRRM2,False,-0.012882908668760929,0.16118072775468253,0.1609282215507898
SRRM2_S1984,SRRM2,False,0.028183426323491093,0.1258584805914366,-0.07421814836499761
SRRM2_S1987,SRRM2,False,0.028183426323491093,0.24909705995373957,0.035627714658597716
SRRM2_S1854,SRRM2,False,0.04849495372575974,0.07093455639073239,-0.06351483927642204
SRRM2_S1857,SRRM2,False,-0.0031149599026960065,0.08725525806342348,-1.4890070674512021
SRRM2_S1382,SRRM2,False,0.026478901694272913,-0.23488712875569812,-0.2246272626477047
SRRM2_S1387,SRRM2,False,0.049692703724013666,-0.008687935740386009,-0.11766285426647272
SRRM2_S1112,SRRM2,False,0.020494245126753432,-0.06804181831047165,0.020827617373251745
SRRM2_S901,SRRM2,False,-0.02779261421202858,0.01578299724092746,-0.2148763566510919
SRRM2_S908,SRRM2,False,-0.0510354570977244,-0.052217414479131294,-0.13585633366650035
SRRM2_S952,SRRM2,False,0.44440484506379657,,0.8938281473727947
SRRM2_S954,SRRM2,False,0.44440484506379657,,0.8938281473727947
SRRM2_S295,SRRM2,False,0.039416784199794115,0.05175288212633006,-0.010725068106384714
SRRM2_S297,SRRM2,False,0.03886205294057301,0.05312153407082829,-0.015035161866999984
SRRM2_S2272,SRRM2,False,0.053667449038825296,0.13251103979919546,0.022711056956573748
SRRM2_S2398,SRRM2,False,-0.011474316710449586,-0.11521442589081798,-0.14995957031120052
SRRM2_S525,SRRM2,False,0.010636636108736996,0.0746871280845754,-0.07376603639003688
SRRM2_S527,SRRM2,False,0.010636636108736996,0.0746871280845754,-0.07376603639003688
SRRM2_S974,SRRM2,False,0.11663091203630645,,
HNRNPUL2_S161,HNRNPUL2,False,-0.05646333520287151,-0.16310869050978638,-0.017384020935821264
HNRNPUL2_S168,HNRNPUL2,False,-0.11230317572409865,-0.18342486761403912,
HNRNPUL2_S228,HNRNPUL2,False,-0.050598464662715725,-0.13581115997999574,-0.15050370256028722
HNRNPUL2_S655,HNRNPUL2,False,0.4990009201980595,0.2766056798957947,0.7317046033947345
CTTN_S405,CTTN,False,-0.3722125503072811,-0.3603962156417448,-0.410313540368646
CTTN_S418,CTTN,False,-0.1680354456074564,-0.26960527582450183,-0.33580987679388735
TRIM35_S65,TRIM35,False,-0.3691472505600128,-0.6000086493358188,
NFIC_S300,NFIC,False,-0.19750017680805865,-0.05555523486893956,-0.21043316188329297
NFIC_S304,NFIC,False,-0.25200256494491435,-0.18839313301524507,
NFIC_S306,NFIC,False,-0.14355167224341142,-0.08356227221894362,-0.11512306144457349
NFIC_S310,NFIC,False,0.025095022222297023,-0.12650174898504168,-0.0030473025722583674
NFIC_S289,NFIC,False,-0.14036189561426807,0.10818747991100833,0.08210601550114574
NFIC_S290,NFIC,False,-0.06323508282391148,-0.09082690228408119,0.03496204636239537
ENSP00000470011_S229,ENSP00000470011,False,-0.1692903552362499,-0.0922070138491436,
USP42_S856,USP42,False,0.08692527105623105,-0.20377934102993667,-0.6136967066718595
USP42_S1007,USP42,False,,,-0.0897892583584664
USP42_S1181,USP42,False,-0.10837347301420981,0.3421885316780949,0.37339764919421214
USP42_S611,USP42,False,,0.032241931137493844,
USP42_S612,USP42,False,,0.032241931137493844,
USP42_S615,USP42,False,,0.032241931137493844,
USP42_S75,USP42,False,-0.022013263135868363,-0.07698503940143152,-0.07368628627475979
SETD5_S812,SETD5,False,,0.161307263720935,
SETD5_S259,SETD5,False,,-0.01378568516708422,
MGMT_S232,MGMT,False,,0.051085254367832636,
SYNPO_S589,SYNPO,False,-0.060359197686860565,-0.052664045151356996,-0.056233862803150146
SYNPO_S281,SYNPO,False,-1.21113057147014,-0.30091953211381994,
SYNPO_S441,SYNPO,False,0.36367572180726304,0.5505557093496634,0.3498181719758604
SYNPO_S304,SYNPO,False,-0.09178657878393069,0.1554901977475622,0.3327365724638612
SYNPO_S804,SYNPO,False,-0.3659835167254663,-0.012439290324527058,0.2408242093989135
SYNPO_S854,SYNPO,False,0.47500457858524625,0.40295444723938734,0.43151763546317623
SYNPO_S784,SYNPO,False,,-1.2108194299478439,-1.0138002507086208
ENSP00000302176:map.17/79954544/A:p.L252Q:n.T79954544A:c.cTg/cAg_S500,ENSP00000302176:map.17/79954544/A:p.L252Q:n.T79954544A:c.cTg/cAg,False,,,-0.5444768166529993
ENSP00000302176:map.17/79954544/A:p.L252Q:n.T79954544A:c.cTg/cAg_S538,ENSP00000302176:map.17/79954544/A:p.L252Q:n.T79954544A:c.cTg/cAg,False,0.07409435357387338,0.622742975760372,0.3014705874899018
ENSP00000302176:map.17/79954544/A:p.L252Q:n.T79954544A:c.cTg/cAg_S275,ENSP00000302176:map.17/79954544/A:p.L252Q:n.T79954544A:c.cTg/cAg,False,-0.018759192310689406,0.12251786409375717,-0.04144943686113864
USP8_S612,USP8,False,0.03867573364880018,0.04055486478523488,-0.00720463313377398
HEXIM2_S51,HEXIM2,False,0.2613562986678946,0.14728981288288434,-0.018312278390677745
HEXIM2_S53,HEXIM2,False,0.2613562986678946,0.14728981288288434,-0.018312278390677745
HEXIM2_S29,HEXIM2,False,-0.18241768888383839,-0.2486885610620874,-0.22223508581469859
ENSP00000349620_S97,ENSP00000349620,False,-0.2714396741987542,-0.31490447374274333,-0.30850899679477023
ENSP00000349620_S391,ENSP00000349620,False,0.5158133573619778,0.13311014978295027,-0.1436118231859094
ZEB2_S760,ZEB2,False,-0.15890314619523496,-0.364909720007809,-0.27969951753559563
BUB1_S655,BUB1,False,-0.04235607359925148,-0.03334396421572183,0.21689029532285892
BUB1_S661,BUB1,False,0.4600649168964591,-0.23860722046354543,-0.23043964823679144
ENSP00000446000:map.12/68720627/A:p.T98I:n.G68720627A:c.aCt/aTt_S237,ENSP00000446000:map.12/68720627/A:p.T98I:n.G68720627A:c.aCt/aTt,False,0.07778988864366763,0.1360437230799569,-0.061494188795691254
MACROH2A1_S170,MACROH2A1,False,-0.06072419817144498,0.17106177821892893,-0.0017814829074621358
MACROH2A1_S173,MACROH2A1,False,-0.06072419817144498,0.09504672450704019,-0.0017814829074621358
UBTF_S601,UBTF,False,0.14313215555576805,-0.08097282068765786,-0.46183932059785066
RALGAPA1_S773,RALGAPA1,False,-0.10631931673754867,0.027782899485002954,
RALGAPA1_S860,RALGAPA1,False,-0.08970862312430294,0.03914227475633148,-0.18297146414898002
RALGAPA1_S861,RALGAPA1,False,-0.05705939062316426,-0.18415040966113175,-0.249187716788779
RALGAPA1_S864,RALGAPA1,False,-0.08066754584010269,0.05643723924902772,
RALGAPA1_S797,RALGAPA1,False,-0.30971567956273455,-0.19151662748571166,-0.25495838300507834
XPO6_S208,XPO6,False,-0.10632797581596838,-0.07404375820488843,0.035950087940411296
XPO6_S224,XPO6,False,,-0.0642383657913434,0.09004041547277068
GPS1_S454,GPS1,False,-0.2570182643822159,-0.2762883368678685,-0.1701518399404788
GPS1_S448,GPS1,False,-0.11531903974852453,0.027040226837160997,0.4186757129428916
PA2G4_S361,PA2G4,False,-0.0013345075075675405,-0.7962600875120841,
PA2G4_S2,PA2G4,False,0.09809823566429872,0.05701399980513897,0.10570001113048016
ENSP00000477420_S153,ENSP00000477420,False,0.12927046112552662,1.0345512958072451,
RRM2_S20,RRM2,False,-0.2048520205813447,-0.08388887899181875,-0.0752386802710108
HSPA4_S429,HSPA4,False,-0.2104500811302369,-0.3167976270336324,-0.14244889254002213
SPRY3_S274,SPRY3,False,0.014924502235338555,,
SPRY3_S277,SPRY3,False,0.014924502235338555,,
FIP1L1_S492,FIP1L1,False,0.0013422152038006462,0.012587049100893234,0.07305012084987769
FIP1L1_S496,FIP1L1,False,0.2903950347830112,0.1291446729624833,0.4262654008793775
FIP1L1_S500,FIP1L1,False,0.11579900988735138,0.11795968769017257,0.12839507562535282
ZRSR2_S349,ZRSR2,False,,0.6344074020398196,
ZRSR2_S384,ZRSR2,False,,,-0.03314136536446335
AFAP1L2_S344,AFAP1L2,False,-0.3436011398773275,-0.7847937605396694,-0.7574767568316924
AFAP1L2_S796,AFAP1L2,False,0.36707221326430467,0.4067543369287123,0.5921150067392016
GOT1L1_S201,GOT1L1,False,0.22786415683426836,0.2315552903560406,
EYA1_S309,EYA1,False,-0.09285695348396983,-0.13385960719741652,-0.0378693791787042
JUNB_S259,JUNB,False,-0.3406053743273209,-0.2621398297211279,-0.19972076091165797
JUNB_S251,JUNB,False,-0.04551886898298415,0.17252433089121563,0.1777109617998373
MTBP_S639,MTBP,False,,-0.22681383638190675,
PDS5A_S1305,PDS5A,False,-0.31093551951914394,-0.11575516811629985,-0.25751451922724755
PDS5A_S1232,PDS5A,False,,1.3279172574186482,
PDS5A_S1195,PDS5A,False,,0.06327683037255001,-0.12360682356114938
REEP4_S152,REEP4,False,-0.04762873700045376,-0.0007442581930579931,-0.23780824664956413
REEP4_S224,REEP4,False,0.26945219760299527,0.18223008612370478,0.4173124106935385
BCR_S459,BCR,False,-0.24435756235734774,-0.12640454566501066,-0.1315415336684946
BCR_S463,BCR,False,-0.11996496047183032,,
BCR_S315,BCR,False,0.11128785979070639,0.04635613297948141,-0.09642090483333718
BCR_S317,BCR,False,0.11128785979070639,0.04635613297948141,-0.09642090483333718
FRMD3_S368,FRMD3,False,0.2620139117446431,0.1574037993744766,
FRMD3_S482,FRMD3,False,-0.4211482134106553,-0.5983913760490555,
CLIP1_S195,CLIP1,False,0.11677008880616586,0.14790962974390834,0.2943351855980431
CLIP1_S200,CLIP1,False,0.3969923008721406,0.2829220737336613,0.2341624072851061
CLIP1_S204,CLIP1,False,0.3723443012500522,0.21868947641907657,0.2140206292828078
MARK3_S390,MARK3,False,,0.23008001621890772,
MARK3_S522,MARK3,False,-0.16094338690387877,0.8135824988232243,
MARK3_S464,MARK3,False,0.10362932295995107,0.09680158184916868,0.22519245292209594
PPID_S198,PPID,False,-0.12391663814580815,-0.051476546897798243,-0.030942034879929654
PPID_S201,PPID,False,0.00642214717628338,-0.04393885132976159,-0.06650536893347606
ENSP00000393460_S932,ENSP00000393460,False,0.2911059301237778,-0.07040461635263114,0.8398789877498036
ENSP00000393460_S659,ENSP00000393460,False,0.2403265996123226,0.13321042148374984,0.11378903007511529
ENSP00000393460_S233,ENSP00000393460,False,0.0640542997983513,0.455548781939764,0.15948296826307864
ENSP00000393460_S905,ENSP00000393460,False,0.17802132045668342,0.25918913089810514,0.18563531990235105
ENSP00000393460_S745,ENSP00000393460,False,,0.1495195214900292,
NFRKB_S1022,NFRKB,False,,0.011638756246893662,
NFRKB_S298,NFRKB,False,-0.11110968805832361,-0.36646649096386075,
NFRKB_S228,NFRKB,False,-0.15611659424688135,-0.20382569926585425,-0.21368975138570706
TWF2_S349,TWF2,False,0.22946487314009217,0.34710353469864375,0.10186776403765245
DDX54_S34,DDX54,False,,,0.02076886509457185
DDX54_S39,DDX54,False,0.3138269500176104,0.1935405459257686,0.27954475781602917
DDX54_S41,DDX54,False,0.3021272718978169,0.1935405459257686,0.27954475781602917
DDX54_S782,DDX54,False,0.2736888925515693,0.21214589443158913,0.2694379623065045
SACK1B_S466,SACK1B,False,-0.28996835348981737,0.07327183642451936,0.6876878107322444
FAM171B_S405,FAM171B,False,-0.07591731844752395,-0.13676470181967848,0.013934264099335594
MFF_S129,MFF,False,-0.10766581953519239,0.0930459855150212,0.2833099986995861
MFF_S131,MFF,False,-0.12615205426640486,-0.0908315807350717,-0.16470980594512036
MFF_S146,MFF,False,0.0495680372187851,0.147709826519811,0.1145531777754627
BOP1_S126,BOP1,False,0.20814264733772161,,
BOP1_S127,BOP1,False,0.20814264733772161,,
PITX2_S60,PITX2,False,0.10514166032342348,,
ZNF217_S407,ZNF217,False,,-0.07023929540869937,0.038014690186715924
ZNF217_S795,ZNF217,False,-0.2468263673484461,-0.10211980189045161,-0.21090668831394707
ZNF217_S662,ZNF217,False,-0.2753049621773043,-0.24825931607416027,
ENSP00000304327:map.17/30183857/C:p.S43G:n.T30183857C:c.Agt/Ggt_S31,ENSP00000304327:map.17/30183857/C:p.S43G:n.T30183857C:c.Agt/Ggt,False,-0.11867300796656183,0.09445432950164416,-0.09719874331765188
MADD_S1047,MADD,False,-0.03262478086301713,0.04264433740849372,
MPLKIP_S47,MPLKIP,False,0.03755477561083434,0.2409859040247386,0.345474088872746
MPLKIP_S115,MPLKIP,False,0.1715911532316011,0.31258882442236,0.20378442955045173
ANKS3_S2,ANKS3,False,0.08596845386216505,-0.3154410455098479,-0.39701110357277924
ANKS3_S5,ANKS3,False,0.08596845386216505,-0.3154410455098479,-0.39701110357277924
FASN_S2123,FASN,False,-0.10959222072529128,,
FASN_S1411,FASN,False,-0.23738754715607438,-0.6119537749132606,
MAGI3_S1255,MAGI3,False,0.21785109681113138,-1.9090382021605017,0.15393501070416332
MAGI3_S1257,MAGI3,False,0.21785109681113138,-1.9090382021605017,0.15393501070416332
MAGI3_S699,MAGI3,False,-0.036890132054898044,-0.023662386164320294,0.06460697529739193
CTNNA1_S652,CTNNA1,False,0.03769201490989549,0.3028746703655849,0.31142058168954834
CTNNA1_S641,CTNNA1,False,-0.027083798041063662,-0.01871703527424189,-0.0326268449290585
MSANTD4_S106,MSANTD4,False,-0.05947016120446233,-0.08453305629356801,-0.06063793497635205
DONSON_S34,DONSON,False,,0.22181522787370223,
IRS1_S1101,IRS1,False,-0.17932386810166923,0.32638815635235197,-0.007851820465534606
IRS1_S629,IRS1,False,-1.296403126991474,-1.8881674129220172,
IRS1_S636,IRS1,False,-1.296403126991474,-1.8881674129220172,
MFF_S146.1,MFF,False,,,-0.3311728664834645
MFF_S151,MFF,False,,,0.14221736180382347
CD2BP2_S49,CD2BP2,False,0.04877004535090654,0.11983976919868887,0.14483396818892225
CD2BP2_S195,CD2BP2,False,0.06254187788872809,0.027549996161680076,0.06145305957343046
KIF23_S682,KIF23,False,-0.0630400537657624,3.846373637530811e-05,0.05921681655379864
KIF23_S684.1,KIF23,False,-0.18190516189779823,-0.11935858577698888,-0.0855058098704915
KIF23_S686,KIF23,False,0.07043824046491005,-0.23801695444369605,
TMEM192_S11,TMEM192,False,,0.31533436033437867,
TMEM192_S17,TMEM192,False,-0.5674039839038909,0.31533436033437867,
PWWP2A_S81,PWWP2A,False,0.46106528083112874,0.22773099130356683,0.06872197044573596
TRIM56_S469,TRIM56,False,0.08738339260149666,0.22054691778331886,
TRIM56_S471,TRIM56,False,0.37834729772559816,0.27471526195293244,0.8862961883082915
TRIM56_S475,TRIM56,False,0.40801751304134964,0.3384099415783646,0.8862961883082915
HS1BP3_S249,HS1BP3,False,-0.18840744819379154,-0.21014479570964453,-0.17124420126804718
ENSP00000305193:map.2/20824498/T:p.V260M:n.C20824498T:c.Gtg/Atg_S249,ENSP00000305193:map.2/20824498/T:p.V260M:n.C20824498T:c.Gtg/Atg,False,-0.15009083258932351,-0.5898099201709593,-0.25172770371768377
RTKN_S207,RTKN,False,0.059304583403591314,0.11644867057048962,0.15939605170976737
RTKN_S93,RTKN,False,-0.33056564589297033,-0.36772169464272625,-0.4299343748154511
RTKN_S530,RTKN,False,-0.7490475703872793,-0.13743656686488717,-0.10639467413092146
RTKN_S507,RTKN,False,-0.9879197558815317,0.1431239919328746,0.29504119878883184
RTKN_S516,RTKN,False,-0.4986825117965581,0.2695851996422355,0.29504119878883184
CNNM3_S652,CNNM3,False,-0.038924962963823376,-0.12318251304253837,
PCBP1_S173,PCBP1,False,0.10937999094316542,0.16197273275637122,0.16694172209064062
RREB1_S1167,RREB1,False,-0.008484998202148014,,
RREB1_S1174,RREB1,False,0.46347330445534396,0.6476368634845486,0.5749249780093444
RREB1_S1175,RREB1,False,0.5599797595371092,0.6476368634845486,0.5749249780093444
TVP23C_S6,TVP23C,False,-0.11683421781611567,0.3091761874785146,0.03846827855365162
AFF1_S206,AFF1,False,-0.15014481713554997,,-0.1603144699993791
AFF1_S212,AFF1,False,-0.15014481713554997,,-0.1603144699993791
HOOK3_S707,HOOK3,False,0.07092929905328112,0.15020370527828258,0.4664040137924005
IBTK_S844,IBTK,False,-0.14688487390061566,-0.03601878020872424,-0.124759319316977
IBTK_S789,IBTK,False,-0.9014918859812655,,-0.6356965223335588
IBTK_S803,IBTK,False,-0.7030710132483451,-0.12879520423944096,1.1982426816076135
IBTK_S820,IBTK,False,,0.17708860210596758,
DMRT2_S560,DMRT2,False,,0.5548343958941929,
STX18_S189,STX18,False,,-0.16541821596496314,-0.41663496588540977
GPRIN1_S850,GPRIN1,False,-0.30539611811493,0.6015063629231642,
GPRIN1_S615,GPRIN1,False,,-0.22654373199714598,-0.3376304116641346
FEZ2_S46,FEZ2,False,0.32573179112255435,,
ENSP00000421522_S383,ENSP00000421522,False,-0.06586480161056327,-0.040060305521254884,-0.14605169146852515
ENSP00000421522_S624,ENSP00000421522,False,0.06647626396399285,0.031001721754007075,0.035340563241765516
ENSP00000421522_S979,ENSP00000421522,False,-1.7453425976943688,-1.1411437038086634,-1.6516315907798682
ENSP00000421522_S1070,ENSP00000421522,False,0.6497533994049379,0.46556140600842216,
ENSP00000421522_S226,ENSP00000421522,False,0.017066724189833377,-0.07009503160897625,-0.20692815553513763
ENSP00000421522_S692,ENSP00000421522,False,,0.7871816846035751,0.3582837228528184
ENSP00000421522_S696,ENSP00000421522,False,,0.7871816846035751,0.3582837228528184
ENSP00000421522_S704,ENSP00000421522,False,,,0.6826631820889482
ENSP00000421522_S951,ENSP00000421522,False,,,-1.1715633902753684
BRD3_S563,BRD3,False,,0.6881355884573352,
BRD3_S263,BRD3,False,-0.32797664875186255,-0.05289567886501262,-0.2818593570532161
STIP1_S481,STIP1,False,-0.04812876657926548,0.033511102361323694,-0.035938632949644396
SIK2_S587,SIK2,False,,0.1271049651394007,
ENSP00000306123:map.15/41822163/T:p.V320M:n.C41822163T:c.Gtg/Atg_S72,ENSP00000306123:map.15/41822163/T:p.V320M:n.C41822163T:c.Gtg/Atg,False,,-0.49709915503280183,
ITPR1_S1574,ITPR1,False,0.23020301336642146,-0.1754204477944101,
TPD52L1_S149,TPD52L1,False,-0.17584169501631788,-0.2610274706836916,-0.16684234716920354
ENSP00000343728_S370,ENSP00000343728,False,,0.08106688049188852,
BRPF1_S981,BRPF1,False,-0.08291201171463165,,
BRPF1_S460,BRPF1,False,0.02500620234931013,-0.03685709761263502,-0.03855655887332741
BRPF1_S462,BRPF1,False,0.02500620234931013,-0.03685709761263502,-0.03855655887332741
YWHAG_S71,YWHAG,False,0.09892385958729977,,
ENSP00000306361_S451,ENSP00000306361,False,,,3.394040765628101
DENND5B_S1076,DENND5B,False,0.05955123853084884,0.20454730266922241,-0.2608341812799094
ADCYAP1R1_S143,ADCYAP1R1,False,,-0.6907073769424795,
ELOVL5_S275,ELOVL5,False,-0.23793188335680218,,0.2808375686117713
AVEN_S94,AVEN,False,5.6926500023285476e-05,-0.020779203746438872,-0.023379467384673946
KCND3_S444,KCND3,False,-3.2419527181667664,,-3.098011344368372
YEATS2_S367,YEATS2,False,-0.024637888539901245,-0.14198333269908636,-0.14017353606831767
YEATS2_S118,YEATS2,False,,-0.02212663261191961,
YEATS2_S627,YEATS2,False,0.005725717793799233,-0.10789251600456706,
YEATS2_S447,YEATS2,False,,-0.0653811673293747,-0.11086916257879652
YEATS2_S463,YEATS2,False,0.2696316509404391,,
YEATS2_S473,YEATS2,False,0.13424732261641453,0.11857295975325106,0.13295241173317193
YEATS2_S575,YEATS2,False,-0.22372753183311522,-0.026699331319301578,-0.013599268344187643
ESCO2_S75,ESCO2,False,,-0.4508927396599572,-0.07845823638310334
ENTREP3_S397,ENTREP3,False,-0.3232423128959862,-0.3391201726764626,-0.2560735872277546
ENTREP3_S478,ENTREP3,False,,-0.48606463934519145,
RAMAC_S36,RAMAC,False,-0.2678930164402378,0.5584707920415418,-0.2494449443447571
ENSP00000459251_S1161,ENSP00000459251,False,0.11183938541385725,0.07893113570294552,0.09381412686423302
ENSP00000459251_S1092,ENSP00000459251,False,,,0.2882994946573307
ENSP00000459251_S2231,ENSP00000459251,False,-0.02617568785554687,-0.17691001862136418,
ENSP00000459251_S624,ENSP00000459251,False,-0.0938380920791852,-0.11483570927270238,-0.0333999413601085
ENSP00000459251_S77,ENSP00000459251,False,,,-0.5461611260392052
IRF2BP1_S453,IRF2BP1,False,0.25919908701626804,0.06426894537397272,0.08935896676630845
IRF2BP1_S371,IRF2BP1,False,-0.19514162315296815,0.016573489871091997,-0.014660071433195088
IRF2BP1_S186,IRF2BP1,False,,0.10514166032342348,0.8583789250820709
IRF2BP1_S413,IRF2BP1,False,,0.3409609845188627,
IRF2BP1_S421,IRF2BP1,False,1.142614271614699,0.04500107998145375,0.59579007053066
IRF2BP1_S384,IRF2BP1,False,0.046329437472926886,0.04886464735857654,0.04144826622166929
IRF2BP1_S436,IRF2BP1,False,0.017540830212102888,0.020855517536893298,0.022274121338590462
IRF2BP1_S66,IRF2BP1,False,-0.14514571841168492,-0.15215676745923026,-0.15391766975233664
RPTOR_S719,RPTOR,False,-0.1298477840749531,-0.02798282568147416,
RPTOR_S561,RPTOR,False,,-0.9338763575347063,
RPTOR_S564,RPTOR,False,,-0.9338763575347063,0.42902890207839106
RPTOR_S701,RPTOR,False,-0.12595829080263066,0.01528661572205822,0.056041199598639554
RPTOR_S705,RPTOR,False,-0.44027591172167835,-0.5292508556282635,-0.18989001290221894
SCAMP3_S32,SCAMP3,False,0.07937094345358009,-0.858990950982722,-0.056566216129749984
SCAMP3_S76,SCAMP3,False,-0.13118389414434253,-0.11533804535265306,-0.12709932830274714
MCM7_S500,MCM7,False,,,0.10500752476097375
ENSP00000307292:map.11/6340706/G:p.L158P:n.A6340706G:c.cTg/cCg_S165,ENSP00000307292:map.11/6340706/G:p.L158P:n.A6340706G:c.cTg/cCg,False,0.04456940576298748,0.14270598646371913,0.04818494327954322
ENSP00000307292:map.11/6340706/G:p.L158P:n.A6340706G:c.cTg/cCg_S166,ENSP00000307292:map.11/6340706/G:p.L158P:n.A6340706G:c.cTg/cCg,False,0.04456940576298748,0.14270598646371913,0.04818494327954322
ENSP00000307292:map.11/6340706/G:p.L158P:n.A6340706G:c.cTg/cCg_S188,ENSP00000307292:map.11/6340706/G:p.L158P:n.A6340706G:c.cTg/cCg,False,-0.936237549401995,0.7706176466562031,0.4497462390210092
ENSP00000307292:map.11/6341684/G:p.R8P:n.C6341684G:c.cGg/cCg_S165,ENSP00000307292:map.11/6341684/G:p.R8P:n.C6341684G:c.cGg/cCg,False,0.12154796827559973,0.17861903678099322,0.11319167753315239
ENSP00000307292:map.11/6341684/G:p.R8P:n.C6341684G:c.cGg/cCg_S166,ENSP00000307292:map.11/6341684/G:p.R8P:n.C6341684G:c.cGg/cCg,False,0.12154796827559973,0.17861903678099322,0.11319167753315239
MLLT10_S345,MLLT10,False,0.002593271979528425,-0.1230684856937056,-0.020427448903910593
MLLT10_S348,MLLT10,False,0.002593271979528425,-0.16128808187174137,-0.020427448903910593
NMD3_S468,NMD3,False,-0.10889656529714152,-0.015481607293001217,-0.05464937901978962
AGAP1_S796,AGAP1,False,-0.46873084011700594,-0.5096968698539699,-0.40946983568017936
H1-4_S2,H1-4,False,-0.4386348927250317,-0.22199617343278635,-0.2629625013623108
ZNF608_S200,ZNF608,False,-0.26984265330609053,-0.2841541930010141,
ZNF608_S1026,ZNF608,False,0.03427337400078897,0.2812116637087124,0.06743681897275376
MUS81_S20,MUS81,False,0.039094664456467254,0.03972436552030745,0.046560905757741196
U2AF2_S79,U2AF2,False,0.04943185308419928,0.1596951689574026,0.15368190323420905
U2AF2_S2,U2AF2,False,0.20131360325828465,0.08362224106385825,0.08811159231446802
RPL13_S139,RPL13,False,0.023608574599923222,0.02488699931317951,0.42465351554504943
RPL13_S140,RPL13,False,0.04185124010700849,0.0534541343293409,0.42465351554504943
RPL13_S106,RPL13,False,-0.4265094068090236,-0.2756701551278457,-0.3850044859028123
GCC2_S94,GCC2,False,,0.756937877411255,
HMGA1_S36,HMGA1,False,-0.1488571889158757,-0.18231186701751653,0.05860131189047216
HMGA1_S44,HMGA1,False,-0.02809667734222121,0.02127830523938886,
PTDSS2_S16,PTDSS2,False,-0.36385573891112394,-0.2491284813622647,-0.2066888528344672
LEMD3_S140,LEMD3,False,-0.009914863247851504,-0.19606026298515852,0.09921358854438227
LEMD3_S141,LEMD3,False,-0.16655001291617536,-0.06726067587851241,0.1202367616228503
LEMD3_S144,LEMD3,False,-0.0630283072158833,-0.033457783156045695,0.01494158775574174
ENSP00000308413:map.11/67202156/T:p.A420V:n.C67202156T:c.gCc/gTc_S423,ENSP00000308413:map.11/67202156/T:p.A420V:n.C67202156T:c.gCc/gTc,False,-0.7994705367721537,,
RPS6KB2_S423,RPS6KB2,True,-0.33389035754736945,-0.31977719769816504,-0.38721297380787095
CDC20_S51,CDC20,False,,,0.5935928058645962
ENSP00000308493:map.13/47260054/C:p.S234P:n.T47260054C:c.Tcc/Ccc_S532,ENSP00000308493:map.13/47260054/C:p.S234P:n.T47260054C:c.Tcc/Ccc,False,0.3310172360180966,0.03153635326805325,
ENSP00000308493:map.13/47260054/C:p.S234P:n.T47260054C:c.Tcc/Ccc_S536,ENSP00000308493:map.13/47260054/C:p.S234P:n.T47260054C:c.Tcc/Ccc,False,0.41629930547987937,0.03153635326805325,
DBN1_S141,DBN1,False,0.002882508533121365,0.3263491329296861,0.8506808947024732
DBN1_S142,DBN1,False,-0.008399383022524945,-0.004807139847077954,0.04997855740315208
DBN1_S339,DBN1,False,-0.05057177763491489,-0.2598667066092206,-0.16095063894764947
MEPCE_S60,MEPCE,False,0.6446869428843431,0.40152125010860007,
MEPCE_S69,MEPCE,False,0.27997006095213006,-0.02663980556586822,-0.0680149164145381
MEPCE_S390,MEPCE,False,0.37116851549842755,0.6799642008062253,0.4373587354583839
MEPCE_S216,MEPCE,False,0.05053049745581802,-0.08887232245365186,-0.14548232606755984
MEPCE_S217,MEPCE,False,-0.05916474012540898,-0.03633752542166009,-0.07599143403622477
SUSD5_S105,SUSD5,False,,0.3638999516866216,0.1413736261112503
SUSD5_S325,SUSD5,False,0.012632719702766615,0.09948721184995252,-0.0003728207378864053
ENSP00000438909_S25,ENSP00000438909,False,0.2010764536752878,0.15271372598604133,0.3204771644071889
ZBTB21_S714,ZBTB21,False,,-0.2553557849947931,
ZBTB21_S434,ZBTB21,False,0.1691283821535191,0.0816084850769299,-0.16639205229857748
ZBTB21_S435,ZBTB21,False,0.09497474470779134,-0.009092938625343688,-0.19509625770956246
ZBTB21_S438,ZBTB21,False,-0.2275857200526892,-0.05420772634702362,-0.133185162516136
ZBTB21_S411,ZBTB21,False,-0.18009496929922633,-0.23734272469175732,-0.23080231167070941
ZBTB21_S422,ZBTB21,False,-0.4088438890534552,-0.19644890719509253,-0.16068533654485093
ZBTB21_S345,ZBTB21,False,0.05963848952151159,0.03238300531165298,0.06652883521045028
TLR10_S436,TLR10,False,-4.308573036218295,,
HLTF_S397,HLTF,False,-0.023797691156836415,0.038476757334525664,-0.15920244204115921
HLTF_S398,HLTF,False,-0.023797691156836415,0.038476757334525664,-0.15920244204115921
HLTF_S400,HLTF,False,-0.023797691156836415,0.038476757334525664,-0.15920244204115921
VCPIP1_S994,VCPIP1,False,0.18980740053154443,0.2776635239370671,0.035714805546517854
VCPIP1_S997,VCPIP1,False,0.16753836888634677,0.030809807991488653,-0.04652933156705743
VCPIP1_S998,VCPIP1,False,0.05102163727686726,0.2151343523729595,0.15063773523594115
VCPIP1_S757,VCPIP1,False,-0.16242807286414276,-0.3937283468827857,
VCPIP1_S747,VCPIP1,False,,,0.1457426602776055
ZGRF1_S846,ZGRF1,False,-0.5760533169666763,-0.3944615452368736,-0.5852149944471573
ZGRF1_S849,ZGRF1,False,-0.5760533169666763,-0.3944615452368736,-0.5852149944471573
BAD_S75,BAD,True,-0.18768930601531833,-0.21971113459980773,-0.38492953387794554
BAD_S118,BAD,True,0.38017150037843334,0.18037339530767463,-0.16365468432669728
BAD_S134,BAD,True,0.7156288294589165,0.4797979765880943,0.4031586297428644
BAD_S99,BAD,True,0.10391947418233337,0.16650570602015644,0.020685320141013246
ENSP00000425760_S0,ENSP00000425760,False,,,0.09288396567848443
ENSP00000425760_S86,ENSP00000425760,False,0.26753611542862443,0.2040823262657826,0.04488367823976479
CCNE2_S21,CCNE2,False,-0.315161329510185,-0.18565167946063627,-0.16638594116927732
SH3RF3_S6,SH3RF3,False,,,4.280585202564472
SH3RF3_S11,SH3RF3,False,,,4.280585202564472
PEAK1_S281,PEAK1,False,-0.10673099461824948,-0.039616716591377686,0.22982024028910739
PEAK1_S1374,PEAK1,False,,-0.019272722414015564,
PEAK1_S568,PEAK1,False,-0.08786424598207722,,-0.012891744449285758
PEAK1_S572,PEAK1,False,-0.08786424598207722,,-0.012891744449285758
PEAK1_S1036,PEAK1,False,-0.24334212931469046,-0.06544747303943703,0.07414713567734933
PEAK1_S587,PEAK1,False,,-0.8411201252286652,
FNIP1_S715,FNIP1,False,0.3135777200985114,,
FNIP1_S718,FNIP1,False,0.3135777200985114,,
KDM2A_S150,KDM2A,False,-0.3229822431384662,0.19691692304223155,-0.09811097344961432
RPL15_S34,RPL15,False,0.18913752313071847,0.029134804053022843,
RPL15_S97,RPL15,False,0.04572253573460056,0.08120326041739433,-0.09015778637398053
AKT2_S431,AKT2,False,,-0.5065166179586998,-0.20987857247846106
AKT2_S435,AKT2,False,,-0.5065166179586998,-0.20987857247846106
RETREG3_S258,RETREG3,False,0.7368213174481613,,
RETREG3_S260,RETREG3,False,0.7368213174481613,,
RETREG3_S26,RETREG3,False,-0.03682862570677369,-0.05439722524895352,0.07121348960526455
RETREG3_S313,RETREG3,False,-0.1670705276557929,-0.2078263470128666,-0.02434081768256237
RETREG3_S320,RETREG3,False,-0.023484524258952883,0.04520289380485656,-0.0013733180001208947
PFKM_S667,PFKM,False,,0.4475420735094742,0.37417703298983873
PSMD1_S315,PSMD1,False,-0.2475182555212839,-0.3131531078403698,-0.35423073025042345
DPYSL2_S522,DPYSL2,False,-0.026419230465745753,-0.03970739719491869,0.03995180372114513
DPYSL2_S518,DPYSL2,False,-0.018778969308166023,0.20072106163007544,0.0219060878790152
ENSP00000470486_S2064,ENSP00000470486,False,0.19572554751205637,0.1282130220096718,0.029417546835091738
ENSP00000470486_S2065,ENSP00000470486,False,0.43532957956492335,0.13616896616330706,0.029417546835091738
ENSP00000470486_S666,ENSP00000470486,False,,-0.0630926260562396,
MAP3K11_S789,MAP3K11,False,,-0.05460204966263526,
MAP3K11_S793,MAP3K11,False,,-0.05460204966263526,
MAP3K11_S524,MAP3K11,False,,,0.21785109681113138
CFL1_S3,CFL1,False,-1.764688391543407,0.14635338022604902,0.19077919109507593
MIS18BP1_S824,MIS18BP1,False,0.03219588597792729,0.0670121218487962,-0.12380912495292064
TBC1D16_S383,TBC1D16,False,0.09075526991010636,-0.3388047671914918,-0.2775715114926059
RACGAP1_S154,RACGAP1,False,,0.029700234215419886,
RACGAP1_S157,RACGAP1,False,,0.029700234215419886,0.41608307420835816
RACGAP1_S203,RACGAP1,False,-0.1210314510329746,,0.1028596579220564
RACGAP1_S600,RACGAP1,False,0.2572520532397878,0.5226584206342787,
ADAM17_S791,ADAM17,False,-0.8482412175450607,-1.1127174774267274,0.08664791275518828
EIF3F_S258,EIF3F,False,-0.06626522358653264,0.10089511661017464,-0.20636994237719353
ZNF622_S143,ZNF622,False,-0.04890771695153743,-0.10813176713615064,-0.18719658052658766
PTMS_S2,PTMS,False,0.32140818177492175,0.2587189388402786,0.24517594306598542
PTMS_S5,PTMS,False,0.32140818177492175,0.2587189388402786,0.24517594306598542
PSMD2_S16,PSMD2,False,-0.5294224797353025,-0.4757241641400843,-0.43154654997542036
PSMD2_S361,PSMD2,False,0.289433567163646,0.1675752723669522,0.4510958692166729
PSMD2_S363,PSMD2,False,,0.5813030360026417,
FOSL1_S265,FOSL1,True,-1.480437967273997,-1.2201390464313953,-1.4293936135153422
MOB1B_S38,MOB1B,False,0.32421634915513997,0.29947156500099403,
INTS6_S791,INTS6,False,-0.626780554806989,-0.4476365126048908,-0.24254998376870987
BANF1_S4,BANF1,False,0.49519161739063206,0.4900527722409412,0.6450475724404312
SP3_S495,SP3,False,0.3989680027860125,0.9900398084793944,
SP3_S498,SP3,False,0.3989680027860125,0.9900398084793944,
RESF1_S1356,RESF1,False,-0.41109951230086733,0.3400494728531664,
RESF1_S1358,RESF1,False,,0.09301923313354474,-0.7150832002009334
RESF1_S1740,RESF1,False,-0.06577791750070684,0.013640910669386311,
RESF1_S1744,RESF1,False,-0.06577791750070684,0.013640910669386311,
RIN1_S333,RIN1,False,-0.08086188535632882,-0.105116271615938,0.08825904888625835
RIN1_S337,RIN1,False,-0.5987986556362301,-0.38092426119002626,-0.44673730801426537
RIN1_S3,RIN1,False,-0.07593052722349822,,
RIN1_S11,RIN1,False,-0.07593052722349822,,
SART1_S448,SART1,False,,0.26198095551062994,
SART1_S591,SART1,False,-0.034854797646456444,,
SART1_S332,SART1,False,,-0.016949859083401412,
ARHGAP1_S27,ARHGAP1,False,,0.11519504826052634,
ARHGAP1_S51,ARHGAP1,False,-0.06775370729404091,-0.1191090768847264,-0.17475547504083605
ARHGAP32_S603,ARHGAP32,False,-0.0816601334312847,0.008729751545165228,0.1571816730094326
ARHGAP32_S357,ARHGAP32,False,0.15962918582122781,0.116192181107172,
ARHGAP32_S1447,ARHGAP32,False,,0.1848519789063168,-0.35331351611149525
ARHGAP32_S543,ARHGAP32,False,,0.08488065359129648,
USP36_S442,USP36,False,0.0945184118369791,-0.04196657423676887,0.23878685958711648
USP36_S282,USP36,False,-0.008174341302304173,-0.05691134592114205,
MAP9_S79,MAP9,False,-0.22380792260282775,-0.005333390869891954,
BRSK1_S258,BRSK1,False,-0.5124251239353573,0.2272805061743803,0.19648794993418517
BRSK1_S94,BRSK1,False,-1.281561651379139,,
NUP93_S767,NUP93,False,-0.31439169836623293,-1.4989453735333975,-0.4388062877054897
CCAR2_S922,CCAR2,False,-0.27003400255307203,-0.12734537628681614,-0.324310507736386
CCAR2_S671,CCAR2,False,-0.10918583883935828,-0.363233277376503,0.23229236208914864
CCAR2_S675,CCAR2,False,-0.07884869911336129,-0.28876348165780225,-0.023918562308066105
CCAR2_S678,CCAR2,False,0.0015311158410418284,-0.25991356870526133,0.05125677467044032
CCAR2_S681,CCAR2,False,0.09999195313663088,0.13718360260071158,0.14687919932467997
DDX23_S106,DDX23,False,0.4193317891173537,0.38670060228761355,0.3196691189801182
DDX23_S107,DDX23,False,0.03362643412725367,-0.12125536364744681,0.022686174841199017
DDX23_S109,DDX23,False,-0.18837674403280424,-0.10571241878330591,0.21268390992980044
HPCAL1_S175,HPCAL1,False,-0.018980332631413292,,
FANCI_S407,FANCI,False,0.17657809430131693,0.004033901284489715,0.16233723554492518
ANKRD13D_S202,ANKRD13D,False,-0.5244271257662886,-0.546232028094368,-0.5350386923750774
ENSP00000310966:map.19/45912002/C:p.K259T:n.A45912002C:c.aAa/aCa_S126,ENSP00000310966:map.19/45912002/C:p.K259T:n.A45912002C:c.aAa/aCa,False,-0.9411709451320799,-0.8158829092821629,
ENSP00000310966:map.19/45912002/C:p.K259T:n.A45912002C:c.aAa/aCa_S128,ENSP00000310966:map.19/45912002/C:p.K259T:n.A45912002C:c.aAa/aCa,False,-0.9243715346227236,-0.9515082050587416,-1.018994950713242
ENSP00000310966:map.19/45912002/C:p.K259T:n.A45912002C:c.aAa/aCa_S136,ENSP00000310966:map.19/45912002/C:p.K259T:n.A45912002C:c.aAa/aCa,False,-0.9075760385585322,-0.9777382760906658,-1.018994950713242
ENSP00000310966:map.19/45912002/C:p.K259T:n.A45912002C:c.aAa/aCa_S488,ENSP00000310966:map.19/45912002/C:p.K259T:n.A45912002C:c.aAa/aCa,False,0.5276709162640892,,
ENSP00000310966:map.19/45912002/C:p.K259T:n.A45912002C:c.aAa/aCa_S490,ENSP00000310966:map.19/45912002/C:p.K259T:n.A45912002C:c.aAa/aCa,False,0.5276709162640892,,
ARHGAP12_S240,ARHGAP12,False,-0.13488966561060525,-0.03719856775451991,-0.03566907091398372
ARHGAP12_S303,ARHGAP12,False,-0.00394183922586535,0.18678147078551027,-0.19366347720202007
ARHGAP12_S165,ARHGAP12,False,-1.4115873404834949,-0.01663833215943071,0.104144659378378
ARHGAP12_S213,ARHGAP12,False,0.4415897124195463,0.2589846376135162,0.3948653559019248
ARHGAP12_S215,ARHGAP12,False,-0.31225889077752483,-0.2530984229706999,-0.18361829238756322
ARHGAP12_S176,ARHGAP12,False,-1.1104001922197229,-1.2537982906511604,-0.9587015073039064
ARHGAP12_S103,ARHGAP12,False,0.13325561922265952,-0.08733835434734234,0.07158814660889892
ARHGAP12_S540,ARHGAP12,False,,-0.3263863508046752,
OXR1_S83,OXR1,False,-0.21580162014766013,-0.2550643158789553,-0.18686938649287058
OXR1_S193,OXR1,False,-2.0049257612130544,-1.9521468801681658,-2.041127211546049
OXR1_S196,OXR1,False,-2.0839963216546775,-0.7045868120113317,-0.6659042535445805
ENSP00000471505_S51,ENSP00000471505,False,0.1646925791559385,0.2769700850813677,0.3295856557549742
WAC_S53,WAC,False,-0.002936892058343632,-0.08350862649293135,-0.07080168913914979
WAC_S94,WAC,False,0.37027589672848954,,
WAC_S96,WAC,False,0.2796495785570857,,
WAC_S408,WAC,False,-0.09235780049238729,-0.14061322005814392,-0.1344019270153402
WAC_S64,WAC,False,0.06402122789501107,0.06192641671724106,-0.08800538689575588
WAC_S422,WAC,False,0.03977598108820733,0.0646149689907,-0.04305123478525136
ENSP00000311134:map.9/139732331/C:p.E382Q:n.G139732331C:c.Gag/Cag_S425,ENSP00000311134:map.9/139732331/C:p.E382Q:n.G139732331C:c.Gag/Cag,False,0.1474369588174809,,
ENSP00000311134:map.9/139732331/C:p.E382Q:n.G139732331C:c.Gag/Cag_S427,ENSP00000311134:map.9/139732331/C:p.E382Q:n.G139732331C:c.Gag/Cag,False,0.1474369588174809,,
ENSP00000311134:map.9/139732331/C:p.E382Q:n.G139732331C:c.Gag/Cag_S596,ENSP00000311134:map.9/139732331/C:p.E382Q:n.G139732331C:c.Gag/Cag,False,-0.4084833418077844,-0.5201852769457255,-0.4821901675181051
ENSP00000311134:map.9/139732331/C:p.E382Q:n.G139732331C:c.Gag/Cag_S470,ENSP00000311134:map.9/139732331/C:p.E382Q:n.G139732331C:c.Gag/Cag,False,-0.08825473745042425,0.038857550020362105,-0.23528018213217405
ENSP00000311134:map.9/139732331/C:p.E382Q:n.G139732331C:c.Gag/Cag_S471,ENSP00000311134:map.9/139732331/C:p.E382Q:n.G139732331C:c.Gag/Cag,False,-0.08825473745042425,0.038857550020362105,-0.23528018213217405
ENSP00000311134:map.9/139732331/C:p.E382Q:n.G139732331C:c.Gag/Cag_S640,ENSP00000311134:map.9/139732331/C:p.E382Q:n.G139732331C:c.Gag/Cag,False,0.008773707066016134,0.33113192221720217,
ENSP00000311134:map.9/139732331/C:p.E382Q:n.G139732331C:c.Gag/Cag_S641,ENSP00000311134:map.9/139732331/C:p.E382Q:n.G139732331C:c.Gag/Cag,False,0.008773707066016134,0.33113192221720217,
ATP2A2_S663,ATP2A2,False,0.08070559049003848,0.2513252323279575,0.22724818378073325
ELF4_S151,ELF4,False,-0.05753038809428653,-0.11820551018296523,-0.08126377650839345
RAD9A_S272,RAD9A,False,-0.4035800274813449,-0.0740309542906687,
RAD9A_S277,RAD9A,False,-0.024921805281799724,0.1485627013094,0.04410785211937773
RAD9A_S368,RAD9A,False,-0.14359993942919982,,-0.1693552494197791
RAD9A_S375,RAD9A,False,-0.05310433168539672,-0.07372725459249245,-0.17109115212164983
RAD9A_S380,RAD9A,False,0.10447085776291738,0.21511942451729513,
RAD9A_S387,RAD9A,False,-0.09681084841141356,-0.07372725459249245,-0.17109115212164983
ENSP00000311402_S361,ENSP00000311402,False,-0.0638011781948508,-0.06369562709568193,
ENSP00000311402_S50,ENSP00000311402,False,-0.9801415500751317,,-0.10480597270293107
ENSP00000311402_S91,ENSP00000311402,False,-0.8293570357043787,-0.48759886866583013,-0.4496115091369993
RAPGEF6_S1241,RAPGEF6,False,,-0.31056772729364623,
RAPGEF6_S1094,RAPGEF6,False,-0.2892640088082925,-0.2755138469563634,-0.36429314288594716
RAPGEF6_S1070,RAPGEF6,False,-1.2284005487152783,-0.7949899331793217,-1.0805454981661609
SNX33_S77,SNX33,False,-0.20493129940759766,0.16645837172253314,
RPL4_S365,RPL4,False,0.10774735697175368,0.2937214307403478,-0.0688162055840536
RPL4_S295,RPL4,False,-1.3811781648752735,-0.5477102653867683,-0.7367359152129023
PDE8A_S314,PDE8A,False,,0.2972501211717067,0.2090165918312567
PDE8A_S385,PDE8A,False,0.21638282809226195,0.16132788787542932,0.05549778947460574
SPTBN2_S2171,SPTBN2,False,-0.5254000077023991,-0.18075784415213367,-0.17615283317388444
ENSP00000353511_S573,ENSP00000353511,False,-0.06694744107808354,0.1498221733918505,-0.10000515088927478
ENSP00000353511_S442,ENSP00000353511,False,0.7495233341985654,-0.2649837829212848,
ENSP00000353511_S361,ENSP00000353511,False,-1.2300928822306518,,-1.3035431738997765
ENSP00000353511_S366,ENSP00000353511,False,0.1130336652998915,,-1.3035431738997765
ENSP00000353511_S1314,ENSP00000353511,False,-0.6295697733966324,-0.005025486732560754,0.044867109846455006
ENSP00000353511_S1328,ENSP00000353511,False,0.04092341078604766,0.06188074318867686,0.023115555514806443
ENSP00000353511_S1344,ENSP00000353511,False,-0.00533259709588937,0.10877956534220597,0.06961917428802891
CCPG1_S186,CCPG1,False,,0.856308489717443,
CCPG1_S188,CCPG1,False,,0.856308489717443,
OXSR1_S359,OXSR1,False,-0.8943487382476377,-0.7834209068643556,-0.4009755405423625
OXSR1_S339,OXSR1,False,-0.19657682407610813,-0.08505733819638346,-0.13490752707065745
RBM14_S215,RBM14,False,-1.0597666685114022,-0.2306456955506347,0.08670259875498842
RBM14_S623,RBM14,False,,0.18624698614531154,0.344942090560028
RBM14_S220,RBM14,False,-1.0597666685114022,-0.2306456955506347,-0.07097166303021446
RBM14_S582,RBM14,False,-0.5326825414212181,0.035929791853391534,0.2356106803495286
CARHSP1_S30,CARHSP1,False,0.40487144546872805,0.1368110348707274,0.1193943681044709
CARHSP1_S32,CARHSP1,False,0.12813031434964695,-0.11551795497840167,-0.2946387873545846
CARHSP1_S41,CARHSP1,False,0.049764898342458085,0.06537295869952468,0.24118858797212284
CARHSP1_S26,CARHSP1,False,-0.3623486137796941,-0.2148971890080468,-0.24846772352640378
CARHSP1_S52,CARHSP1,False,0.21157454569985326,0.19759931003690587,0.14750074234334365
PTPN2_S298,PTPN2,False,0.08663176426989268,0.49004942236327936,0.0093471722592526
PTPN2_S304,PTPN2,False,-0.07241789333423287,-0.07760173036268593,-0.05815383792610197
EXO1_S376,EXO1,False,,-0.08401261723049644,0.05587083239322915
DAW1_S78,DAW1,False,-0.13336891930599895,-0.0659742302770854,-0.29238924119940773
DCAF6_S336,DCAF6,False,-0.49776905122321957,-0.8949691532777189,0.1943143902154621
DCAF6_S657,DCAF6,False,0.0876755560528804,0.11262610905959557,0.007027897152204854
CCDC14_S598,CCDC14,False,-0.02823488994244668,0.002270111327349073,-0.013703749426848478
CCDC14_S470,CCDC14,False,-0.7907526732035576,0.5843548413823871,0.8927713631110443
CCDC14_S591,CCDC14,False,0.14990966753492424,,
ENSP00000375837:map.2/242203916/C:p.S61A:n.A242203916C:c.Tct/Gct_S31,ENSP00000375837:map.2/242203916/C:p.S61A:n.A242203916C:c.Tct/Gct,False,-0.00950978036738156,-0.1622292280252668,-0.05262850535781893
AGFG1_S181,AGFG1,False,-0.6377633982989729,0.2481931143634856,0.4237797088961206
AGFG1_S253,AGFG1,False,0.49886356361895196,-0.13387320530210045,-0.26084593413826707
PCDHGC3_S780,PCDHGC3,False,-0.5044480908040379,-0.10423181316888716,0.34895192795883373
SSH3_S9,SSH3,False,0.02400645670609067,-0.023507137280275925,0.020753928673397797
SSH3_S13,SSH3,False,-0.11485492306806606,-0.037875246154157,0.025792952538121056
SSH3_S37,SSH3,False,,0.5807243763087195,
ENSP00000312141_S576,ENSP00000312141,False,,0.37862259552722705,
ENSP00000312141_S580,ENSP00000312141,False,,0.37862259552722705,
ENSP00000381854:map.7/47331594/A:p.T1296M:n.G47331594A:c.aCg/aTg_S1149,ENSP00000381854:map.7/47331594/A:p.T1296M:n.G47331594A:c.aCg/aTg,False,-0.44157561302980813,-0.266853943178335,-0.021772605630525743
ENSP00000381854:map.7/47331594/A:p.T1296M:n.G47331594A:c.aCg/aTg_S1154,ENSP00000381854:map.7/47331594/A:p.T1296M:n.G47331594A:c.aCg/aTg,False,-0.44157561302980813,-0.564478078656072,-0.021772605630525743
ENSP00000381854:map.7/47331594/A:p.T1296M:n.G47331594A:c.aCg/aTg_S1199,ENSP00000381854:map.7/47331594/A:p.T1296M:n.G47331594A:c.aCg/aTg,False,,-0.39037740124256654,-0.35721526479679827
ENSP00000381854:map.7/47331594/A:p.T1296M:n.G47331594A:c.aCg/aTg_S1201,ENSP00000381854:map.7/47331594/A:p.T1296M:n.G47331594A:c.aCg/aTg,False,0.1595000220232196,-0.09734752880391823,
ENSP00000381854:map.7/47331594/A:p.T1296M:n.G47331594A:c.aCg/aTg_S690,ENSP00000381854:map.7/47331594/A:p.T1296M:n.G47331594A:c.aCg/aTg,False,,,0.047505991893432534
ENSP00000381854:map.7/47331594/A:p.T1296M:n.G47331594A:c.aCg/aTg_S660,ENSP00000381854:map.7/47331594/A:p.T1296M:n.G47331594A:c.aCg/aTg,False,-0.22606172313747588,-0.06579740584859382,-0.09592480086484792
ENSP00000381854:map.7/47331594/A:p.T1296M:n.G47331594A:c.aCg/aTg_S776,ENSP00000381854:map.7/47331594/A:p.T1296M:n.G47331594A:c.aCg/aTg,False,-0.9044109943855253,-1.0169139645791434,-1.2130107385908069
ENSP00000381854:map.7/47331594/A:p.T1296M:n.G47331594A:c.aCg/aTg_S1115,ENSP00000381854:map.7/47331594/A:p.T1296M:n.G47331594A:c.aCg/aTg,False,0.26879367512247887,0.09396575036944746,0.3171882775965018
ENSP00000381854:map.7/47331594/A:p.T1296M:n.G47331594A:c.aCg/aTg_S1441,ENSP00000381854:map.7/47331594/A:p.T1296M:n.G47331594A:c.aCg/aTg,False,0.009053750723857862,0.18134456911564645,0.17040975504571587
ENSP00000381854:map.7/47331594/A:p.T1296M:n.G47331594A:c.aCg/aTg_S332,ENSP00000381854:map.7/47331594/A:p.T1296M:n.G47331594A:c.aCg/aTg,False,0.5046712353857394,0.33770381454260867,0.22823379956006803
ELMO1_S344,ELMO1,False,0.010879592597779812,0.04119995929040211,-0.04990004136245884
ZHX3_S680,ZHX3,False,-0.04808401820510478,0.21679225190262336,0.2531421525641866
ZHX3_S723,ZHX3,False,0.28000607830130464,0.28819223808804245,0.2223099792643156
MSL3_S234,MSL3,False,-0.16967976412994215,-0.2797232974957393,-0.2820323387772675
GRK2_S670,GRK2,False,-0.19125920688752399,-0.24295918307685901,-0.2857840441665956
ZNF507_S837,ZNF507,False,,1.31840361737428,
TNK1_S497,TNK1,False,-0.10940681792437296,-0.15816082930679148,-0.08249518296569061
CAMSAP1_S285,CAMSAP1,False,,-0.07631792818445565,0.013497991748977312
CAMSAP1_S584,CAMSAP1,False,-0.1694201465224594,,0.21921499579542364
CAMSAP1_S444,CAMSAP1,False,,-0.8028391478877108,-0.7355716625851175
CAMSAP1_S297,CAMSAP1,False,-0.48804625251214084,-0.618539416724646,
LRFN4_S626,LRFN4,False,0.23057194190465205,0.10581215112923141,0.08503930828062585
HP1BP3_S248,HP1BP3,False,-0.07354548546939758,-0.07801497505230008,-0.048816303943866934
HP1BP3_S249,HP1BP3,False,-0.10809107476803596,0.028207408817580295,-0.04057224254958259
HP1BP3_S156,HP1BP3,False,0.13438905558474384,0.2945473309743132,-0.5492051737365237
ENSP00000312671:map.11/65347636/C:p.V133L:n.G65347636C:c.Gtg/Ctg_S1273,ENSP00000312671:map.11/65347636/C:p.V133L:n.G65347636C:c.Gtg/Ctg,False,0.2018723369552501,0.21088754922081027,0.14947398747833798
ENSP00000312671:map.11/65347636/C:p.V133L:n.G65347636C:c.Gtg/Ctg_S191,ENSP00000312671:map.11/65347636/C:p.V133L:n.G65347636C:c.Gtg/Ctg,False,,-0.0651891393986731,
ENSP00000312671:map.11/65347636/C:p.V133L:n.G65347636C:c.Gtg/Ctg_S310,ENSP00000312671:map.11/65347636/C:p.V133L:n.G65347636C:c.Gtg/Ctg,False,-0.4871299696199296,-0.40642237949842774,-0.6138509437166046
ENSP00000312671:map.11/65347636/C:p.V133L:n.G65347636C:c.Gtg/Ctg_S1257,ENSP00000312671:map.11/65347636/C:p.V133L:n.G65347636C:c.Gtg/Ctg,False,-0.8455723319922436,-0.7962602567589101,-0.5926363708987767
ENSP00000312671:map.11/65347636/C:p.V133L:n.G65347636C:c.Gtg/Ctg_S1218,ENSP00000312671:map.11/65347636/C:p.V133L:n.G65347636C:c.Gtg/Ctg,False,-0.09367247618053469,0.20994192831482905,-0.2357292787387966
ENSP00000387771_S92,ENSP00000387771,False,-0.6487561392956761,0.14623199578452079,0.28242534025604327
ENSP00000387771_S96,ENSP00000387771,False,-0.8124168584817746,0.04272439784867049,0.28242534025604327
CAMKK2_S100,CAMKK2,False,0.5746041160285515,0.2064756909778883,-0.8726572693546456
CAMKK2_S452,CAMKK2,False,-0.13723173451086074,0.045163351603224475,-0.7891373809244462
USP39_S46,USP39,False,-0.2720330823353795,-0.15710782690640201,2.714223533574192
USP39_S82,USP39,False,-0.14419059468373951,-0.06520889857768426,0.005727192075760938
WNK1_S167,WNK1,False,,-0.16698850084163766,
WNK1_S1779,WNK1,False,-0.011214405055857763,-0.1005162704580657,-0.20629045280928082
WNK1_S1781,WNK1,False,0.0070754031366557545,0.0864783206046952,-0.010153287629852514
WNK1_S1784,WNK1,False,-0.27628075560856763,-0.24160832628743176,-0.19248500611124292
WNK1_S1763,WNK1,False,-0.23222182005051215,-0.10610450900328793,-0.3725284675965863
WNK1_S1764,WNK1,False,-0.2155162720905733,-0.1279743272724752,-0.35746497748319594
WNK1_S185,WNK1,False,-0.06245305137595266,0.38868550749531394,-0.18071520155487536
WNK1_S2124,WNK1,False,0.19749586783420434,0.2928847266286644,-0.08049297407010357
ENSP00000458792_S1006,ENSP00000458792,False,0.007908275651078564,0.3471906725290706,-0.026507489547334423
ENSP00000458792_S1013,ENSP00000458792,False,-0.4386166188090619,-0.3916873524107872,
ENSP00000458792_S1016,ENSP00000458792,False,-0.4147042587456801,-0.4076536574682696,-0.4950664205069202
ENSP00000458792_S493,ENSP00000458792,False,,-0.06090566355628044,0.22243364060591522
HNRNPD_S80,HNRNPD,False,0.11144954622778296,0.060339072996102715,0.160792246078615
HNRNPD_S82,HNRNPD,False,0.11390123280482334,0.07173478787680942,0.09009733624329573
HNRNPD_S83,HNRNPD,False,0.07883723467558892,0.04282410254288755,-0.021525041368096652
HNRNPD_S87,HNRNPD,False,0.11769504266975457,0.0342649884380371,-0.11766825755682826
NOP2_S786,NOP2,False,0.07014299763915743,0.026037876640060548,0.17005851926070636
NOP2_S732,NOP2,False,0.25958976454660804,0.3449087726985514,0.297623409842323
NOP2_S58,NOP2,False,,,-1.255395478710745
NOP2_S67,NOP2,False,0.20119674215392344,0.1470945664480945,
ENSP00000453376:map.15/56386577/G:p.N1020H:n.T56386577G:c.Aat/Cat_S1069,ENSP00000453376:map.15/56386577/G:p.N1020H:n.T56386577G:c.Aat/Cat,False,-0.14263456205613428,-0.09725492765446794,0.03365205248999707
ENSP00000453376:map.15/56386577/G:p.N1020H:n.T56386577G:c.Aat/Cat_S1071,ENSP00000453376:map.15/56386577/G:p.N1020H:n.T56386577G:c.Aat/Cat,False,-0.33676896951795116,-0.10084469920815764,0.1679709271916359
ENSP00000453376:map.15/56386577/G:p.N1020H:n.T56386577G:c.Aat/Cat_S1028,ENSP00000453376:map.15/56386577/G:p.N1020H:n.T56386577G:c.Aat/Cat,False,,-0.13127620080955588,
ENSP00000453376:map.15/56386577/G:p.N1020H:n.T56386577G:c.Aat/Cat_S424,ENSP00000453376:map.15/56386577/G:p.N1020H:n.T56386577G:c.Aat/Cat,False,-0.011238977368081793,-0.062308067079764363,0.22478119439558927
ENSP00000453376:map.15/56386577/G:p.N1020H:n.T56386577G:c.Aat/Cat_S1081,ENSP00000453376:map.15/56386577/G:p.N1020H:n.T56386577G:c.Aat/Cat,False,-0.10602579040137498,-0.05788139920451167,-0.11360823593126752
ENSP00000453376:map.15/56386577/G:p.N1020H:n.T56386577G:c.Aat/Cat_S1128,ENSP00000453376:map.15/56386577/G:p.N1020H:n.T56386577G:c.Aat/Cat,False,0.17561831133478134,,-0.019579795475949468
RNASEH1_S74,RNASEH1,False,0.14651761277667866,-0.07110291703857889,0.21163525332714944
RNASEH1_S76,RNASEH1,False,-0.029212998791297542,0.14336214554525553,0.07223330527754777
PANK2_S45,PANK2,False,-0.3359323134783432,-0.4952056868265327,-0.33467912422411406
PANK2_S46,PANK2,False,-0.2887780687530988,-0.24939645978157587,-0.1448880523666071
PANK2_S66,PANK2,False,-0.44684896450948236,-0.4393174519216232,-0.425942821355928
RELL1_S157,RELL1,False,-1.2664547589889308,-0.8401383484795698,-1.037177085353136
RELL1_S161,RELL1,False,-1.2217277345097841,-0.2956803274149287,-1.0533140493537216
RELL1_S109,RELL1,False,0.13946949503879594,,
RELL1_S244,RELL1,False,0.05856493325816819,0.03983746033174532,0.2723815780930465
RELL1_S247,RELL1,False,0.08010366914086793,0.10907630641985178,0.2723815780930465
DAB2_S380,DAB2,False,-0.17845304116566849,-0.2357897462994584,
NSD3_S150,NSD3,False,,,0.3976576601002974
PRKDC_S4025,PRKDC,False,0.03452268994967725,0.2585274105108413,0.3473254916338021
PRKDC_S893,PRKDC,False,-0.9182240846364007,-0.6289430316498007,
ARL6IP4_S271,ARL6IP4,False,-0.09558658196475722,-0.0866813181388681,-0.16974497510358696
ENSP00000313490:map.17/8157310/T:p.P19S:n.C8157310T:c.Cct/Tct_S569,ENSP00000313490:map.17/8157310/T:p.P19S:n.C8157310T:c.Cct/Tct,False,-0.10660134091836289,-0.24352320301979277,-0.5193963330814357
CC2D1A_S455,CC2D1A,False,-0.14041227269432627,-0.12561082263514775,-0.08721213117372507
ABCF1_S228,ABCF1,False,-0.1451486385882622,-0.12378115290985721,-0.18138804785585855
ABCF1_S105,ABCF1,False,-0.21302606928877452,-0.33793909070058564,-0.22239138172397926
ABCF1_S109,ABCF1,False,-0.308259907717706,-0.25182203583160406,-0.1535242823820525
ABCF1_S22,ABCF1,False,-0.21240981351273103,-0.18470855551975907,-0.20484091791767045
SENP7_S377,SENP7,False,-0.03995135519969112,0.047957107396655034,0.07002822484420936
SENP7_S378,SENP7,False,-0.03995135519969112,0.047957107396655034,0.07002822484420936
SENP7_S11,SENP7,False,,0.1215459498469588,
HEPHL1_S551,HEPHL1,False,,3.871153670339761,3.8684892305726115
ENSP00000313731_S496,ENSP00000313731,False,,0.19143631460532143,0.3337671916582242
USP20_S132,USP20,False,-0.07412981485466472,-0.028211295719296276,-0.16753931476128178
USP20_S134,USP20,False,-0.09589420074749028,-0.030040699307267604,-0.16753931476128178
USP20_S333,USP20,False,-0.537465990505844,-0.22904412920887798,
USP20_S408,USP20,False,-0.33910788210766457,-0.3079835285132688,0.10768786931437331
USP20_S413,USP20,False,-0.33910788210766457,-0.5616219733682313,0.10768786931437331
PRIMPOL_S370,PRIMPOL,False,,,-0.33099138171193565
KHDRBS1_S20,KHDRBS1,False,-0.022581447875041228,0.09536114830659138,-0.41469111829638866
PDS5B_S1358,PDS5B,False,-0.1723898028652888,-0.19506215299083665,-0.09370338708005145
PDS5B_S1369,PDS5B,False,-0.33326158391524446,-0.043928474519510693,-0.07672016125626092
PDS5B_S1283,PDS5B,False,-0.22898556887326993,-0.15386267382853072,-0.23875594214401036
PDS5B_S1257,PDS5B,False,-0.6690669619262718,-0.6685163909327527,-0.6977880067922683
PDS5B_S1259,PDS5B,False,-0.13666381205554845,-0.1458574939217597,-0.12140138268419835
PDS5B_S1176,PDS5B,False,-0.4021520407509122,-0.4169262355737649,-0.4370195538697113
PDS5B_S1177,PDS5B,False,-0.4949320465851095,-0.4280606598385196,-0.427468768079577
PDS5B_S1182,PDS5B,False,-0.009111681859430861,0.08559529186548882,-0.23332772399147036
PDS5B_S1379,PDS5B,False,-0.6507706184487988,0.002882508533121365,-0.05661122837707343
PDS5B_S1383,PDS5B,False,-0.3597057497047416,-0.40266452852531887,-0.21031996509463405
PDS5B_S1166,PDS5B,False,0.04851520993393956,-0.07011285884145359,
GORASP1_S168,GORASP1,False,-0.5438246750213298,-0.3847155477338759,
ENSP00000313885:map.17/73484918/A:p.E231K:n.G73484918A:c.Gag/Aag_S221,ENSP00000313885:map.17/73484918/A:p.E231K:n.G73484918A:c.Gag/Aag,False,-0.7962350339813438,-0.5227164239116922,
ENSP00000313885:map.17/73484918/A:p.E231K:n.G73484918A:c.Gag/Aag_S225,ENSP00000313885:map.17/73484918/A:p.E231K:n.G73484918A:c.Gag/Aag,False,-0.7962350339813438,-0.5227164239116922,
RBM15B_S109,RBM15B,False,-0.005088030217749326,0.6444100783306281,0.002521695693937856
RBM15B_S265,RBM15B,False,-0.121906638757258,-0.10781179838982062,-0.3230965506283942
RBM15B_S267,RBM15B,False,-0.3303267909039448,-0.37330805183544885,-0.28808520035304097
RBM15B_S609,RBM15B,False,0.05177777052616189,-0.10227460429927167,-0.011151741331035789
SENP3_S188,SENP3,False,-0.24549034009364779,-0.2027686859432578,-0.0008406468128210262
SENP3_S73,SENP3,False,0.14051691865564683,,
SENP3_S75,SENP3,False,-0.03188712372759302,,
PAK2_S152,PAK2,False,0.04772743610977076,-0.7113461363948307,0.13842131042024963
PAK2_S141,PAK2,False,-0.11235689353677485,-0.020159469573323114,-0.059896913153863224
PAK2_S2,PAK2,False,-0.19493782556197173,-0.24426150811403138,-0.1717511653986125
PAK2_S197,PAK2,False,-0.293718470376213,0.15250645362363688,-0.09952536862314
ANKRD34A_S473,ANKRD34A,False,0.9249359882668029,0.825052902335867,1.1162982101828178
ANKRD34A_S291,ANKRD34A,False,-0.022786029780896302,-0.25777403420453066,
ENSP00000470141_S548,ENSP00000470141,False,,,-0.8295621314918924
ENSP00000470141_S556,ENSP00000470141,False,0.5685962656792307,0.3359852437688128,0.1286564563177298
ENSP00000470141_S560,ENSP00000470141,False,0.5685962656792307,0.3008884615531804,0.13498279527980647
WDR75_S796,WDR75,False,0.21493838191193385,0.1815478564559564,0.06902395362629755
LARP7_S337,LARP7,False,0.12831392645496895,0.1831512381871131,0.20927389593332663
LARP7_S351,LARP7,False,,0.5565371754970532,0.24902051028596492
LARP7_S298,LARP7,False,-0.2527986427298497,0.30080311652254665,-0.1729090066322071
LARP7_S299,LARP7,False,-0.17146851603696533,-0.058720533345160475,-0.19390450927308867
LARP7_S300,LARP7,False,-0.30507230622757964,0.4135715550578159,-0.012642976146092555
LARP7_S258,LARP7,False,-0.012229802769478196,0.03965615375568502,0.00603760820099266
LARP7_S261,LARP7,False,0.1788332409341593,0.1350794000026871,0.20438016587308735
DDX10_S831,DDX10,False,-1.754073383261148,-1.8185292508501358,-1.553664894726606
DDX10_S7,DDX10,False,0.1331689334860438,0.09288396567848443,0.39374567066082494
ENSP00000391852_S67,ENSP00000391852,False,-0.11433681524884316,-0.21934285307228765,-0.04395394232561908
ENSP00000391852_S74,ENSP00000391852,False,-0.39184422984184425,-0.315963011573746,-0.14954098954066133
ENSP00000391852_S4,ENSP00000391852,False,0.1898604271131296,0.2358828120652984,0.10412790361324546
MCM9_S762,MCM9,False,,-0.23495755122416143,
MCM9_S915,MCM9,False,,3.889473542531109,
LYSMD3_S55,LYSMD3,False,0.2763179926522169,,
CCZ1_S266,CCZ1,False,-0.3907052883400033,-0.1817729106837565,
UACA_S1340,UACA,False,-0.2093613967515699,-1.1741655374224254,0.23020301336642146
ENSP00000314776:map.5/89769728/C:p.T128A:n.T89769728C:c.Acg/Gcg_S264,ENSP00000314776:map.5/89769728/C:p.T128A:n.T89769728C:c.Acg/Gcg,False,,-5.845515298328506,
ENSP00000314776:map.5/89769728/C:p.T128A:n.T89769728C:c.Acg/Gcg_S267,ENSP00000314776:map.5/89769728/C:p.T128A:n.T89769728C:c.Acg/Gcg,False,,-5.845515298328506,
ENSP00000357299_S668,ENSP00000357299,False,-0.18080335880043136,-0.17304806202662898,-0.32820362550169646
ENSP00000357299_S904,ENSP00000357299,False,-0.1667688790108498,-0.16756296408820162,0.04290036247229486
ENSP00000357299_S147,ENSP00000357299,False,0.10915993896111068,0.09774562163851885,-0.7044885470683984
ENSP00000357299_S913,ENSP00000357299,False,-0.7708112692777619,-0.5920708299111783,
ENSP00000357299_S928,ENSP00000357299,False,-0.8147341203764203,-0.7005596959010497,-0.6905849998249095
ENSP00000357299_S932,ENSP00000357299,False,-0.8573655965869711,-0.7204262004139371,-0.8115921828006525
ENSP00000357299_S858,ENSP00000357299,False,-0.2936997687251738,,-1.1499939747502212
ENSP00000357299_S617,ENSP00000357299,False,-0.0016969638414271644,-0.008864359651958273,-0.02201410271378018
ENSP00000357299_S620,ENSP00000357299,False,-0.16407592574562507,-0.43292283157622763,
ENSP00000357299_S124,ENSP00000357299,False,0.03717133764464353,0.06614266757268393,0.21747890047053095
KLC2_S581,KLC2,False,0.29849022059264047,0.2651513332944964,0.20987116837401568
KLC2_S582,KLC2,False,0.16619985682776467,0.29083147096403805,0.14259906087907118
KLC2_S589,KLC2,False,0.24232811627952333,0.2730980891784914,
KLC2_S619,KLC2,False,0.1559703956727046,0.10238843924398905,0.35185443913237907
KLC2_S543,KLC2,False,0.4232016497080599,0.5015155773085496,
KLC2_S545,KLC2,False,,0.02114045728782464,0.07368315361643984
KLC2_S608,KLC2,False,-0.0405562497395806,,-1.2800543343720714
KLC2_S610,KLC2,False,0.08044862786625863,-0.08339454676303008,-0.43712158012819025
KLC2_S611,KLC2,False,,,-1.2800543343720714
ENSP00000314949:map.17/7417086/A:p.A1835T:n.G7417086A:c.Gcc/Acc_S1864,ENSP00000314949:map.17/7417086/A:p.A1835T:n.G7417086A:c.Gcc/Acc,False,-0.2303566512411729,-0.6685592263487296,-0.6497391548994541
ENSP00000314949:map.17/7417086/A:p.A1835T:n.G7417086A:c.Gcc/Acc_S1868,ENSP00000314949:map.17/7417086/A:p.A1835T:n.G7417086A:c.Gcc/Acc,False,-0.49339805780898505,-0.9071841751985114,
ENSP00000314949:map.17/7417086/A:p.A1835T:n.G7417086A:c.Gcc/Acc_S1871,ENSP00000314949:map.17/7417086/A:p.A1835T:n.G7417086A:c.Gcc/Acc,False,-0.49724391316443306,-0.3276533478431423,-0.6202055149055534
ENSP00000314949:map.17/7417086/A:p.A1835T:n.G7417086A:c.Gcc/Acc_S1878,ENSP00000314949:map.17/7417086/A:p.A1835T:n.G7417086A:c.Gcc/Acc,False,-0.09704703586609507,0.32341119457489503,-0.1258662136222296
ENSP00000314949:map.17/7417086/A:p.A1835T:n.G7417086A:c.Gcc/Acc_S1882,ENSP00000314949:map.17/7417086/A:p.A1835T:n.G7417086A:c.Gcc/Acc,False,-0.3124444065483368,0.2804599921230843,-0.16734434592959446
ENSP00000314949:map.17/7417086/A:p.A1835T:n.G7417086A:c.Gcc/Acc_S1913,ENSP00000314949:map.17/7417086/A:p.A1835T:n.G7417086A:c.Gcc/Acc,False,-0.24766453369154165,-0.19889586811489704,-0.2100224398904154
ENSP00000314949:map.17/7417086/A:p.A1835T:n.G7417086A:c.Gcc/Acc_S1917,ENSP00000314949:map.17/7417086/A:p.A1835T:n.G7417086A:c.Gcc/Acc,False,-0.19753422111066035,-0.08797134002210161,-0.1305385718948514
ENSP00000314949:map.17/7417086/A:p.A1835T:n.G7417086A:c.Gcc/Acc_S1920,ENSP00000314949:map.17/7417086/A:p.A1835T:n.G7417086A:c.Gcc/Acc,False,-0.27341613841183193,-0.29398301831994345,-0.21788464801719026
ENSP00000314949:map.17/7417086/A:p.A1835T:n.G7417086A:c.Gcc/Acc_S1892,ENSP00000314949:map.17/7417086/A:p.A1835T:n.G7417086A:c.Gcc/Acc,False,-0.19270909545849618,-0.018935262280837098,-0.10850356721289839
ENSP00000314949:map.17/7417086/A:p.A1835T:n.G7417086A:c.Gcc/Acc_S1899,ENSP00000314949:map.17/7417086/A:p.A1835T:n.G7417086A:c.Gcc/Acc,False,-0.24778781996377325,-0.039766781951866836,-0.11947778363575555
ENSP00000314949:map.17/7417086/A:p.A1835T:n.G7417086A:c.Gcc/Acc_S1906,ENSP00000314949:map.17/7417086/A:p.A1835T:n.G7417086A:c.Gcc/Acc,False,-0.34068432114524877,-0.15215555472651163,-0.04671784079253775
RPAIN_S7,RPAIN,False,0.14434636197978143,0.12333770172396025,-0.4264473297421473
ILF3_S816,ILF3,False,0.3044993599741412,0.24447790596917968,0.5181322359450327
ILF3_S62,ILF3,False,-0.16436482134832472,-0.33055632213845354,
ILF3_S382,ILF3,False,0.13547868220290776,-0.1585506619860786,-0.02835460731593176
KIAA1549L_S708,KIAA1549L,False,-0.1327957735427236,-0.06068200157337041,-0.2442065561212811
ENSP00000463536_S619,ENSP00000463536,False,0.16469424173662775,0.05844089268172666,-0.3064714718734725
OSBPL3_S437,OSBPL3,False,,-0.8908134005578471,
OSBPL3_S304,OSBPL3,False,-0.05785952509187787,-0.012109136795723752,-0.026858287929933205
OSBPL3_S320,OSBPL3,False,0.1359634194526862,,
OSBPL3_S323,OSBPL3,False,0.141442728140979,,
OSBPL3_S251,OSBPL3,False,0.05657995856366186,0.19308659263536918,0.12827621521866894
OSBPL3_S262,OSBPL3,False,-0.12926047501106097,-0.06578811051281222,0.2538645819108295
OSBPL3_S265,OSBPL3,False,0.07158070969002843,-0.3630311669592257,0.7217944891765579
ENSP00000386799_S31,ENSP00000386799,False,,0.026020970714370147,
ENSP00000386799_S875,ENSP00000386799,False,-0.19076667578271175,0.1309308698264487,
ENSP00000386799_S173,ENSP00000386799,False,-0.006245943549437657,0.3007680332803088,
ENSP00000386799_S175,ENSP00000386799,False,-0.006245943549437657,0.3007680332803088,
NOP14_S96,NOP14,False,0.12393403476928481,0.06762144132647757,0.34220318873760464
NOP14_S146,NOP14,False,0.08976906454716514,-0.015256964302616527,0.07617168794364437
NOP14_S148,NOP14,False,0.058717790661002446,-0.015256964302616527,0.07617168794364437
CHAF1B_S410,CHAF1B,False,-0.010050257034246094,-0.02513648020837536,-0.07994819599384101
CHAF1B_S429,CHAF1B,False,-0.017136820081051315,0.03478324780115791,0.03532609902814565
SSH1_S576,SSH1,False,0.038553207332491575,0.0989260381296976,0.047942781285140366
SSH1_S515,SSH1,False,-0.76197136583307,-1.0071735726062407,0.17095055331836756
SSH1_S521,SSH1,False,-0.76197136583307,-1.0071735726062407,0.17095055331836756
SSH1_S937,SSH1,False,0.030245701726554095,-0.0049072287963978405,-0.04335365406089947
CSTF3_S691,CSTF3,False,-0.3981713836179124,-0.05780601412072813,-0.5295410356752046
ADAM22_S821,ADAM22,False,0.45712145795009623,,
ADAM22_S798,ADAM22,False,0.232573876624715,0.019230389649787422,0.04850972894358749
ENSP00000316029:map.9/35712003/A:p.S1227L:n.G35712003A:c.tCg/tTg_S425,ENSP00000316029:map.9/35712003/A:p.S1227L:n.G35712003A:c.tCg/tTg,False,0.019776703173899873,-0.0025396627298324794,-0.04826535230470417
NUP98_S606,NUP98,False,-0.4537770795029817,-0.5422295911348631,-0.5189773310437927
NUP98_S591,NUP98,False,0.1694686309255002,0.18193823099328219,0.2053379578686294
NUP98_S595,NUP98,False,-0.11623932462806534,-0.528411044882653,-0.332118619565703
NUP98_S871,NUP98,False,-0.20453095546257125,-0.1939112226691304,-0.06768671576157981
ENSP00000393849_S23,ENSP00000393849,False,,0.04935195913529153,
AGGF1_S7,AGGF1,False,-0.519575935340284,-0.4587269324672237,-0.6359600343732874
AGGF1_S11,AGGF1,False,-0.519575935340284,-0.4587269324672237,-0.6359600343732874
AGGF1_S17,AGGF1,False,-0.3995704158265492,-0.29631454255190015,-0.37456116705530135
CDCA8_S219,CDCA8,False,-0.08185805206160376,0.2207620838417246,0.28502408108118943
RBBP6_S1294,RBBP6,False,0.08069494947906904,0.05640076156603383,0.015050379526258713
RBBP6_S827,RBBP6,False,-0.10132255763848179,-0.05554182112633486,-0.07497789796970794
RBBP6_S839,RBBP6,False,,0.37272927065972367,
RBBP6_S1145,RBBP6,False,0.024926028202015105,0.03481670053084299,-0.0004649589870871773
RBBP6_S360,RBBP6,False,0.1733548077833482,0.07820126284880023,0.20546527943341528
RBBP6_S1661,RBBP6,False,,-0.4106038110844824,0.04820120624143
RBBP6_S1663,RBBP6,False,,-0.03413077195461402,0.04820120624143
RBBP6_S1665,RBBP6,False,-0.052401164309966844,-0.4106038110844824,0.11009592910342043
RBBP6_S1671,RBBP6,False,,-0.0003318580245403242,
RBBP6_S724,RBBP6,False,-0.1361852772531971,-0.11281040632742978,-0.20849429228331395
RBBP6_S726,RBBP6,False,-0.1361852772531971,-0.11281040632742978,-0.20849429228331395
RBBP6_S736,RBBP6,False,-0.012704770167296667,0.039238518329355654,-0.0822205436322128
RBBP6_S738,RBBP6,False,0.08732518869042087,0.06488891713467082,0.15585938401821461
RBBP6_S734,RBBP6,False,-0.012704770167296667,0.04025835326267246,-0.0822205436322128
BAIAP2_S325,BAIAP2,False,-0.11057014320932583,-0.03473150008828257,-0.01260326276026233
BAIAP2_S366,BAIAP2,False,0.19863882703352212,0.0171119800455459,0.17205864291073744
USP9X_S2443,USP9X,False,-0.24528558791919508,-0.12871345416174507,0.14482952083880904
DLGAP1_S95,DLGAP1,False,,,0.5645245038355109
ENSP00000316426_S423,ENSP00000316426,False,,0.06997707041155635,
PACS1_S495,PACS1,False,,0.06135371145702254,
PACS1_S528,PACS1,False,-0.6697908768275237,-0.4922408727317019,
PACS1_S529,PACS1,False,,0.06412333717850728,0.3184081023417232
PACS1_S534,PACS1,False,,-0.5176522095014306,-0.3979042426093562
SLBP_S20,SLBP,False,0.2035144111307585,0.26627682332247754,
SLBP_S23,SLBP,False,0.2035144111307585,0.26627682332247754,
SLBP_S147,SLBP,False,0.03287911161643468,0.1384717090119715,0.2313379864238274
TLK2_S111,TLK2,False,-0.23818355562491567,-0.2650185617681787,-0.14817829386162412
TLK2_S115,TLK2,False,0.538141069069964,0.3853814702741558,
TLK2_S117,TLK2,False,0.36974847917037307,0.39403245251015573,0.7046064133237402
ZNF609_S804,ZNF609,False,,1.6133430530038224,
ZNF609_S758,ZNF609,False,,0.27614262127823763,0.012180618646466496
ZNF609_S1055,ZNF609,False,-0.30067209578218596,-0.0332067328911461,-0.15853468852669633
ZNF609_S743,ZNF609,False,-0.44412960093142306,0.09799002664767043,0.09550873787695002
ZNF609_S560,ZNF609,False,0.03210084316702408,0.003790759500471944,-0.06730595176486044
ZNF609_S413,ZNF609,False,,,1.9524081223264418
ZNF609_S433,ZNF609,False,,,0.3799535974276362
ZNF609_S576,ZNF609,False,-0.2489089663010413,-0.29386193394404664,-0.40628139926464746
ZNF609_S578,ZNF609,False,-0.10594821599951043,-0.14128259719847813,-0.16890566485159192
ZNF609_S446,ZNF609,False,-0.6877298211807941,,
ZNF609_S452,ZNF609,False,,,0.03955955725570582
ZNF609_S1313,ZNF609,False,0.24571217845697343,-0.29584144053852396,-0.03908800866250241
ZNF609_S467,ZNF609,False,-0.24863464190036466,-0.22167571172053147,-0.24656675776628265
ZNF609_S470,ZNF609,False,-0.3409053590099049,-0.23313681478987094,-0.2963456096425617
ZNF609_S842,ZNF609,False,0.13216410083125663,0.011434394232412493,0.08218304713234441
ZNF609_S846,ZNF609,False,0.08058320968666062,-0.04276029697603665,0.13376916172446032
ZNF609_S849,ZNF609,False,0.12466955365845082,0.06009047662625636,0.13376916172446032
RAPH1_S980,RAPH1,False,0.19217823263226066,0.5066544404799659,0.14195121677357378
RAPH1_S965,RAPH1,False,0.24938465863022036,,-0.31267051153992087
SUZ12_S518,SUZ12,False,0.09380504664164213,0.003300440816061586,0.1903484486641304
SUZ12_S523,SUZ12,False,0.09895456846361286,0.14761551001327725,0.1903484486641304
RANBP10_S305,RANBP10,False,-0.2790817737864891,-0.08171684734494633,-0.08908389922020866
RANBP10_S309,RANBP10,False,-0.10897988870401738,0.11614207861341237,0.0011058322188212538
RANBP10_S313,RANBP10,False,-0.1548344000661348,0.02458124015823043,-0.04410854273780515
ENSP00000391935:map.3/184041256/C:p.A677P:n.G184041256C:c.Gcc/Ccc_S1169,ENSP00000391935:map.3/184041256/C:p.A677P:n.G184041256C:c.Gcc/Ccc,False,-0.6039632566633609,-0.20892746829791298,-0.22968959043580825
ENSP00000391935:map.3/184041256/C:p.A677P:n.G184041256C:c.Gcc/Ccc_S1191,ENSP00000391935:map.3/184041256/C:p.A677P:n.G184041256C:c.Gcc/Ccc,False,-0.6828742312988685,-0.7278135543985962,-0.7564222932577318
ENSP00000391935:map.3/184041256/C:p.A677P:n.G184041256C:c.Gcc/Ccc_S664,ENSP00000391935:map.3/184041256/C:p.A677P:n.G184041256C:c.Gcc/Ccc,False,-1.688553433672344,,-0.9823563536670576
ENSP00000391935:map.3/184041256/C:p.A677P:n.G184041256C:c.Gcc/Ccc_S1052,ENSP00000391935:map.3/184041256/C:p.A677P:n.G184041256C:c.Gcc/Ccc,False,,0.14300150624248983,
ENSP00000391935:map.3/184041256/C:p.A677P:n.G184041256C:c.Gcc/Ccc_S1145,ENSP00000391935:map.3/184041256/C:p.A677P:n.G184041256C:c.Gcc/Ccc,False,0.024519854257128198,0.4001732489314358,-0.0178087673512455
ENSP00000391935:map.3/184041256/C:p.A677P:n.G184041256C:c.Gcc/Ccc_S1147,ENSP00000391935:map.3/184041256/C:p.A677P:n.G184041256C:c.Gcc/Ccc,False,0.17543130888819247,0.15503792803171781,0.03363953306410949
ENSP00000391935:map.3/184041256/C:p.A677P:n.G184041256C:c.Gcc/Ccc_S1154,ENSP00000391935:map.3/184041256/C:p.A677P:n.G184041256C:c.Gcc/Ccc,False,,0.4406222446027212,
ENSP00000391935:map.3/184041256/C:p.A677P:n.G184041256C:c.Gcc/Ccc_S1105,ENSP00000391935:map.3/184041256/C:p.A677P:n.G184041256C:c.Gcc/Ccc,False,-0.13732837180426483,0.014614929353068185,0.17368201213965034
ENSP00000391935:map.3/184041256/C:p.A677P:n.G184041256C:c.Gcc/Ccc_S1107,ENSP00000391935:map.3/184041256/C:p.A677P:n.G184041256C:c.Gcc/Ccc,False,-0.13991725302388525,-0.004298413022093384,0.10407700781582396
ENSP00000391935:map.3/184041256/C:p.A677P:n.G184041256C:c.Gcc/Ccc_S1556,ENSP00000391935:map.3/184041256/C:p.A677P:n.G184041256C:c.Gcc/Ccc,False,-0.08123100994776161,-0.07040414818646655,-0.09948295728893475
SNRNP200_S225,SNRNP200,False,-0.05511157642514545,-0.023342455921507237,-0.114094097152872
SNRNP200_S2133,SNRNP200,False,-0.201629837567521,-0.03575664378034296,-0.16149189721934384
SNRNP200_S2135,SNRNP200,False,-0.06604974230457582,-0.03575664378034296,
KCTD12_S185,KCTD12,False,0.058939854556232955,0.23535944739094555,
TCP1_S544,TCP1,False,-0.1437210704939379,-0.044300347228356934,-0.05869833732675608
TCP1_S551,TCP1,False,-0.0013707191840494036,-0.2669632114524881,-0.319117578920981
SLC36A4_S36,SLC36A4,False,-0.3827643247733084,-0.09329408117628166,-0.11874260309706168
EEF1D_S499,EEF1D,False,-0.030997432350806542,-0.048789414831496646,-0.01248773381753254
EEF1D_S528,EEF1D,False,-0.17736663794339333,-0.18569891043184736,-0.21426573355476913
EEF1D_S484,EEF1D,False,0.3486856693343873,0.11676397129772323,0.006621180122379962
EEF1D_S485,EEF1D,False,0.18502804136326312,0.35524184393088254,0.15756646409559735
EEF1D_S426,EEF1D,False,-0.04456622160437042,,0.3163774819197303
CHST13_S312,CHST13,False,-5.430353369790808,,
CEP57_S53,CEP57,False,-0.4431696270824023,-0.12703731731226298,-0.35617226573714733
ZBTB8A_S167,ZBTB8A,False,,-0.5150678959440154,
RECQL5_S700,RECQL5,False,-0.4686678962486137,-1.044345311661524,-0.6013482989422867
RECQL5_S461,RECQL5,False,-0.008651356902467138,,-0.12245337991434646
RECQL5_S464,RECQL5,False,-0.008651356902467138,,-0.12245337991434646
ENSP00000446246_S161,ENSP00000446246,False,-0.19454418642230573,-0.2111421621647086,-0.2648491016606276
NFX1_S150,NFX1,False,-0.3854691789478524,0.20065056773174184,0.17056605679206857
STX4_S117,STX4,False,-0.001854620516591433,0.09274685236984578,
STX4_S14,STX4,False,0.07858464554879815,0.20331241495822736,0.06672923975399159
STX4_S15,STX4,False,0.07858464554879815,0.20331241495822736,0.06672923975399159
SPTBN5_S766,SPTBN5,False,,-0.11567560162728498,
SPTBN5_S767,SPTBN5,False,,-0.11567560162728498,
ZDHHC8_S535,ZDHHC8,False,-0.18355593681166163,,-0.8162149730381547
ZDHHC8_S538,ZDHHC8,False,-0.18355593681166163,,
ZDHHC8_S583,ZDHHC8,False,-0.5400228834712493,,
ZDHHC8_S434,ZDHHC8,False,-0.3401703100062714,0.1465248914774425,0.2032638127210805
TNIP1_S375,TNIP1,False,-0.008717312721829844,,-0.028881385188447482
TNIP1_S382,TNIP1,False,0.07666209417439455,0.0438078814466228,0.0891069699581643
TNIP1_S389,TNIP1,False,0.035940137683930555,0.07675047849090455,0.040808026834004314
ENSP00000317955:map.12/93181768/A:p.A1009S:n.C93181768A:c.Gca/Tca_S356,ENSP00000317955:map.12/93181768/A:p.A1009S:n.C93181768A:c.Gca/Tca,False,,-0.42466830440842285,
WDTC1_S352,WDTC1,False,0.005083584144397468,-0.16315594259147104,-0.3076799367079867
WDTC1_S510,WDTC1,False,0.2589998508767753,0.05894196181487134,-0.7153001037690842
ROCK2_S1132,ROCK2,False,-0.023371529952508907,,
ROCK2_S1133,ROCK2,False,0.2810925591599653,0.043764442310170244,0.08787013294105718
ROCK2_S1134,ROCK2,False,-0.02554625200660829,0.006204099137443565,0.04404433270602122
ROCK2_S1137,ROCK2,False,-0.07928492595249269,-0.07436737596472859,-0.06105143154918638
NOC2L_S672,NOC2L,False,-0.03464087043239928,-0.0226106357421815,0.06047291819369154
NOC2L_S673,NOC2L,False,0.1098705490285275,0.05359580676791706,0.08942951067791476
NOC2L_S49,NOC2L,False,-0.2040637955795357,-0.23897318230860928,-0.16191890656071445
NOC2L_S56,NOC2L,False,-0.07394593248496074,-0.14462806995909494,0.006163387613689138
SET_S148,SET,False,0.32297491159966,0.2428158840268419,
SET_S15,SET,False,,0.21735481368243667,0.2862897581340969
MAP7D3_S415,MAP7D3,False,,0.32624841042068403,0.3968171028690377
MAP7D3_S423,MAP7D3,False,0.1670761984628023,1.3694559328448959,0.3968171028690377
MAP7D3_S167,MAP7D3,False,0.13880120102672303,0.10027350128038755,0.16682877392598985
PDE1C_S3,PDE1C,False,-0.22930922417924426,0.09099292217204052,0.059748902916325765
PDE1C_S469,PDE1C,False,0.12994328504100158,0.07780434709537333,-0.28240788404216344
PNMA8A_S333,PNMA8A,False,-0.04654849863374011,,
PNMA8A_S335,PNMA8A,False,-0.04654849863374011,,0.24804899843720607
PRKRA_S18,PRKRA,False,,-0.08289372463551646,
FUBP3_S539,FUBP3,False,0.0761570092134907,0.06791401408846634,0.17631337229513358
NUCLEOLIN_S563,NUCLEOLIN,False,0.06850242870200261,0.06941332304890749,0.05201364366320936
NUCLEOLIN_S67,NUCLEOLIN,False,-0.0792116266065337,0.006249354444405789,-0.04610476388599531
TBC1D15_S201,TBC1D15,False,0.6468522010448952,0.5610083541380781,0.8531248719676143
TBC1D15_S203,TBC1D15,False,0.3527745378118635,0.42623715156170067,0.28193363203330396
TBC1D15_S205,TBC1D15,False,0.6300623477670896,0.45187270926232936,1.3546214148324462
ZNF513_S34,ZNF513,False,-0.12637088953165707,-0.05285372302357613,-0.29528736035766995
ZNF513_S37,ZNF513,False,-0.12637088953165707,-0.05285372302357613,-0.29528736035766995
ZNF513_S23,ZNF513,False,0.1042779910425689,-0.058187542451168923,-0.20984520070725626
ENSP00000474712_S351,ENSP00000474712,False,,1.17139900312265,0.1129002615325498
KIAA0319L_S1043,KIAA0319L,False,-0.12973193966308413,-0.27230138116607333,-0.19156849455183425
KIAA0319L_S978,KIAA0319L,False,0.11526194407890346,0.10024916564140658,-0.2539968764671995
RBMXL1_S88,RBMXL1,False,0.16648645062045897,0.07414919246931612,-0.05640154602501598
RBMXL1_S215,RBMXL1,False,0.4138643850218072,0.19374300354338125,0.2511518561562163
RBMXL1_S219,RBMXL1,False,,0.07770607537690956,-0.04270561278631296
RBMXL1_S221,RBMXL1,False,0.2143621848322065,-0.04939721430312001,0.2877086862454172
RBMXL1_S222,RBMXL1,False,0.09572192227332565,,
RBMXL1_S323,RBMXL1,False,-0.2736047083495482,,
RBMXL1_S326,RBMXL1,False,0.23054754097627703,0.2962483663697075,-0.07774033517995353
RBMXL1_S73,RBMXL1,False,0.558267634055736,,
RBMXL1_S280,RBMXL1,False,,-0.22212795148794712,0.4819188778347907
RBMXL1_S287,RBMXL1,False,0.3036930880937789,0.184978459693331,0.03899797879750991
RBMXL1_S208,RBMXL1,False,0.1137425731221805,0.06549499326135351,0.15849591909520935
RBMXL1_S249,RBMXL1,False,0.4363003602300623,0.10818577350783161,-0.34002185166316634
RBMXL1_S250,RBMXL1,False,0.4658177832317134,-0.2979631040873164,
RBMXL1_S251,RBMXL1,False,0.4658177832317134,-0.2338377905746287,
RBMXL1_S351,RBMXL1,False,,-0.10652905723366288,
RBMXL1_S316,RBMXL1,False,0.6307782127428617,0.48676585097189995,
MAF1_S75,MAF1,False,-0.37826211141427507,-0.059040721833869304,-0.0718671045478284
INTS3_S994,INTS3,False,-0.04999938887646245,-0.029562879818346478,0.07423139418579203
HSPH1_S765,HSPH1,False,-0.02508567593194365,0.08051994383762841,0.06511238688589614
GCFC2_S174,GCFC2,False,-0.11508173274144,,-0.1296698000875245
GCFC2_S180,GCFC2,False,-0.11508173274144,-0.1527085834877724,-0.1296698000875245
GCFC2_S96,GCFC2,False,0.019334818334231507,0.061012409429845635,0.11487611289596485
GCFC2_S429,GCFC2,False,,,0.6480051798104932
GCFC2_S430,GCFC2,False,,,0.6480051798104932
ANAPC4_S777,ANAPC4,False,-0.0325214861557725,,-0.0018189419257311054
ANAPC4_S779,ANAPC4,False,-0.0325214861557725,,-0.0018189419257311054
SF3B2_S362,SF3B2,False,0.00625909558562307,-0.057357802483439156,0.07898177604251
SF3B2_S343,SF3B2,False,0.2360025331682612,0.05892315580954012,0.1427488011330482
SF3B2_S346,SF3B2,False,0.34787870256947,0.02777136495779141,0.14287417656057236
SF3B2_S307,SF3B2,False,0.29980232048589556,0.13847106344295462,0.14170775919329853
SF3B2_S309,SF3B2,False,0.29980232048589556,0.23971181838152358,0.14170775919329853
FMN2_S482,FMN2,False,,,-1.9788614427884161
SOBP_S629,SOBP,False,-0.25657982165755555,-0.21460847779858483,-0.01333422630308632
TRAF7_S88,TRAF7,False,-0.17119400781576533,0.14208662961752688,
TRAF7_S91,TRAF7,False,-0.17119400781576533,0.14208662961752688,
SUPT6H_S125,SUPT6H,False,0.24968114489564264,0.2331772296817194,0.05507202652924481
SUPT6H_S1701,SUPT6H,False,,,0.30938685159045204
SUPT6H_S1535,SUPT6H,False,0.06458881459205391,-0.06016926446302962,0.3147182127578362
ENSP00000386739:map.2/172411273/A:p.S208N:n.G172411273A:c.aGt/aAt_S202,ENSP00000386739:map.2/172411273/A:p.S208N:n.G172411273A:c.aGt/aAt,False,-0.09347957870546153,-0.2334855581206933,0.14847861593196765
ARHGEF18_S740,ARHGEF18,False,0.1341125012738855,-0.01144254863717844,0.4118125926905576
ARHGEF18_S742,ARHGEF18,False,-0.13066854983792175,-0.08084116803684117,0.12525989890787306
MAGOHB_S108,MAGOHB,False,,0.45806697084525383,
ZEB1_S612,ZEB1,False,0.11074919753095525,0.16974877400575827,0.16653247835888915
ZEB1_S637,ZEB1,False,-0.0315865831904151,,
ENSP00000319417:map.13/21735998/C:p.T254A:n.T21735998C:c.Aca/Gca_S248,ENSP00000319417:map.13/21735998/C:p.T254A:n.T21735998C:c.Aca/Gca,False,,1.3231394500237497,
ENSP00000319417:map.13/21735998/C:p.T254A:n.T21735998C:c.Aca/Gca_S155,ENSP00000319417:map.13/21735998/C:p.T254A:n.T21735998C:c.Aca/Gca,False,-0.10329029203121882,-0.11172925405527301,-0.19543394389152738
SKA3_S248,SKA3,False,0.5614459064728234,0.3029916156127522,-0.3954541836312893
NUDC_S277,NUDC,False,0.13614663965052268,-0.16590368854701484,0.13802804476676123
NUDC_S139,NUDC,False,0.031016090746399116,0.056608461394330005,0.01811442145800334
ENSP00000393362_S822,ENSP00000393362,False,-0.5301556906099966,,
ENSP00000393362_S825,ENSP00000393362,False,-0.5301556906099966,,
ENSP00000393362_S102,ENSP00000393362,False,-0.09986574714567795,,
ENSP00000393362_S120,ENSP00000393362,False,-1.6760420191996366,,-0.1603391155073372
ENSP00000393362_S990,ENSP00000393362,False,-1.848995004080817,,
ENSP00000393362_S993,ENSP00000393362,False,-1.848995004080817,,
HNRNPC_S247,HNRNPC,False,-0.04005183684544815,,0.11963181409454275
HNRNPC_S220,HNRNPC,False,0.3867171104757395,0.18638126151734882,0.4629459743702186
HNRNPC_S225,HNRNPC,False,0.25263279150967544,,
FRMD8_S21,FRMD8,False,-1.0669267847936061,0.11063050809643446,-1.4239671717106441
FRMD8_S23,FRMD8,False,-1.2420056114389104,,-1.4647432890961618
FRMD8_S24,FRMD8,False,-0.8489740779135473,0.11063050809643446,-1.1952671890946065
ZNF687_S266,ZNF687,False,-0.11327038048064411,-0.32508744709199344,
ZNF687_S271,ZNF687,False,-0.11327038048064411,-0.32508744709199344,
ZNF687_S1106,ZNF687,False,-0.1607175903156497,0.030092731694798924,0.2586998155699026
ZNF687_S1057,ZNF687,False,-0.08560707372654419,-0.09274341659620611,-0.04506977627807086
NDRG1_S367,NDRG1,False,0.12181115114198661,-0.4209164210379108,0.2110631307828387
NDRG1_S362,NDRG1,False,0.22995295960622367,0.188415441858639,0.26757981268545095
NDRG1_S2,NDRG1,False,,0.7420106592280047,0.026304324351908496
NDRG1_S330,NDRG1,False,-0.26186807915928784,-0.07827309662392058,-0.17763893596422756
NDRG1_S332,NDRG1,False,0.32648548317792747,0.11783401601756244,0.32827050099607674
NDRG1_S333,NDRG1,False,0.06744445320936701,0.04816327600518225,-0.03000753613423061
NDRG1_S336,NDRG1,False,0.4993623290565212,0.29851134094752535,0.28287966363800493
NDRG1_S342,NDRG1,False,,,2.8833862126521943
MPDZ_S483,MPDZ,False,-0.10721209891211386,-0.076836644880011,-0.0737728054717926
MPDZ_S1562,MPDZ,False,-0.28222146307028734,-0.3002846172987819,-0.11063549117371133
CD276_S379,CD276,False,0.13053555675618825,0.13495775992049389,0.04327507237115513
TRIP10_S296,TRIP10,False,0.06217771830509248,-0.05774630327491334,0.15460308800137051
TRIP10_S299,TRIP10,False,0.017487036458323835,-0.0995741339887339,-0.08359682722478698
TRIP10_S351,TRIP10,False,-1.1334005681129604,-0.693769831420247,-0.48308215324374826
TRIP10_S477,TRIP10,False,,0.3681537110961903,
TRIP10_S482,TRIP10,False,0.753558230541577,-0.6127111971713135,
PKM_S37,PKM,False,-0.06749088338037715,-0.1397582221323703,-0.2553770171977887
IGF2BP2_S162,IGF2BP2,False,0.17103547736047633,0.3691502333872565,0.5050867088535352
IGF2BP2_S164,IGF2BP2,False,0.1051307336630431,0.14524392324275062,0.3710923052608528
TRPM7_S1255,TRPM7,False,0.045442970761167115,0.35512905848417,0.4113177683369715
OSBPL1A_S117,OSBPL1A,False,,0.17030966883317647,0.009490502947452436
FARSA_S301,FARSA,False,,-0.2804039299786338,0.02692532775320558
ARID1A_S696,ARID1A,False,-0.18235200134470145,-0.16885369902155997,-0.2183302795275341
ARID1A_S698,ARID1A,False,-0.04549467167087975,-0.11533452917850072,-0.20219012733510694
ARID1A_S702,ARID1A,False,-0.2862295898292439,-0.1929482562162552,-0.17611550732358772
ARID1A_S772,ARID1A,False,-0.18203299228573333,0.06345362324571724,0.015069321717648201
ARID1A_S363,ARID1A,False,-0.1766339404532785,-0.030637143868000358,-0.13752439209811532
ARID1A_S382,ARID1A,False,,-0.10703868427696497,-0.38964010253240405
ARID1A_S1184,ARID1A,False,0.07502450618088924,0.43616093300385117,-0.03509385604858829
ARID1A_S1751,ARID1A,False,,,0.5297709821988874
EDC3_S161,EDC3,False,-0.10929823574495763,0.21087186113914932,-0.13843052483916599
EDC3_S131,EDC3,False,0.5503096787550961,0.38377007036809613,0.8130170509570789
EDC3_S140,EDC3,False,,-0.25890192217776825,-0.1792101963805613
EHD1_S456,EHD1,False,-0.12433177435332854,0.015725289059510008,0.10416130667858133
EML4_S144,EML4,False,-0.08272901146861669,-0.12130695782571427,-0.04818337790782314
EML4_S146,EML4,False,-0.13336416972603105,-0.028238173535364935,0.06286733620462531
RCAN3_S15,RCAN3,False,-0.023552180066943717,0.030637232632785946,0.03338357536839306
RCAN3_S19,RCAN3,False,-0.023552180066943717,0.030637232632785946,0.03338357536839306
KIF1C_S674,KIF1C,False,0.04920948578896024,-0.06558563170285957,0.15179922510122398
KIF1C_S676,KIF1C,False,0.04920948578896024,-0.06558563170285957,0.15032607685337138
KIF1C_S915,KIF1C,False,,-0.09503428131597359,
KIF1C_S1092,KIF1C,False,0.09067765556358037,0.05217192657068928,-0.12798810985078612
RNF168_S411,RNF168,False,0.10849100259224341,,
RNF168_S414,RNF168,False,0.10849100259224341,,
RNF168_S415,RNF168,False,0.10849100259224341,,
RNF168_S470,RNF168,False,-0.6709567949256126,,
ENSP00000320917:map.19/10670992/T:p.E272K:n.C10670992T:c.Gag/Aag_S177,ENSP00000320917:map.19/10670992/T:p.E272K:n.C10670992T:c.Gag/Aag,False,0.26976603187862463,0.18400960405390301,0.2025527632879582
ENSP00000320917:map.19/10670992/T:p.E272K:n.C10670992T:c.Gag/Aag_S142,ENSP00000320917:map.19/10670992/T:p.E272K:n.C10670992T:c.Gag/Aag,False,0.13332711064503072,0.1179601241777933,0.08633080728923027
ENSP00000320917:map.19/10670992/T:p.E272K:n.C10670992T:c.Gag/Aag_S286,ENSP00000320917:map.19/10670992/T:p.E272K:n.C10670992T:c.Gag/Aag,False,0.17092921661879454,0.10060499375652655,0.2664887264875253
ENSP00000320917:map.19/10670992/T:p.E272K:n.C10670992T:c.Gag/Aag_S287,ENSP00000320917:map.19/10670992/T:p.E272K:n.C10670992T:c.Gag/Aag,False,0.17092921661879454,0.10060499375652655,0.2664887264875253
ENSP00000320917:map.19/10670992/T:p.E272K:n.C10670992T:c.Gag/Aag_S634,ENSP00000320917:map.19/10670992/T:p.E272K:n.C10670992T:c.Gag/Aag,False,-0.2547793889379082,-0.36039365264825696,-0.19993464612987627
ENSP00000320917:map.19/10670992/T:p.E272K:n.C10670992T:c.Gag/Aag_S645,ENSP00000320917:map.19/10670992/T:p.E272K:n.C10670992T:c.Gag/Aag,False,-0.2547793889379082,-0.3597374943434806,-0.19993464612987627
ENSP00000320917:map.19/10670992/T:p.E272K:n.C10670992T:c.Gag/Aag_S103,ENSP00000320917:map.19/10670992/T:p.E272K:n.C10670992T:c.Gag/Aag,False,0.16838530541475208,,
ENSP00000320917:map.19/10672493/T:p.G144R:n.C10672493T:c.Ggg/Agg_S142,ENSP00000320917:map.19/10672493/T:p.G144R:n.C10672493T:c.Ggg/Agg,False,0.18535659078303968,0.2095728780696957,0.27135813552549937
WIPF2_S235,WIPF2,False,,-0.9949306303216036,-1.427207322741571
WIPF2_S385,WIPF2,False,-0.3048435491967612,0.5020818172104579,
AMOTL1_S670,AMOTL1,False,0.17800539364786158,0.1394117023160869,0.09126509059530753
AMOTL1_S856,AMOTL1,False,,0.966847708479561,
AMOTL1_S874,AMOTL1,False,,,0.597221268400312
AMOTL1_S674,AMOTL1,False,0.0464454402689268,-0.11951574521235933,-0.2342785640055058
AMOTL1_S759,AMOTL1,False,0.07339097020872085,0.30427738806567517,0.29313139226966256
AMOTL1_S743,AMOTL1,False,-1.0892346732717626,0.07505336460450727,-0.3557376044928442
AMOTL1_S755,AMOTL1,False,-1.0830495414955124,-0.3467931978627241,
DLG1_S571,DLG1,False,,0.1868989966515185,
ATP11B_S1154,ATP11B,False,0.15087798282103354,0.1156569720332925,-0.2760330435012607
RCHY1_S208,RCHY1,False,0.3596303962324677,0.07405684917978175,-0.1204196909151377
TALDO1_S4,TALDO1,False,0.10872645258608318,,0.10782175591285359
VCX2_S27,VCX2,False,-0.2753426705632312,1.328421361583565e-05,-0.03667632506323304
LLGL1_S659,LLGL1,False,0.054780124005929215,0.507419360965413,-2.40499291827896
LLGL1_S663,LLGL1,False,0.054780124005929215,0.507419360965413,-2.40499291827896
DOCK6_S167,DOCK6,False,-0.012665139993789265,0.2992174198173702,0.4481028802138809
IMPDH2_S416,IMPDH2,False,0.09837445653055062,0.08563246976166983,0.0843313392364076
IMPDH2_S122,IMPDH2,False,0.5486339028367692,,
ANKZF1_S361,ANKZF1,False,0.11329637713170874,-0.12624736587970298,-0.11506991613118542
ANKZF1_S533,ANKZF1,False,-0.1780442132859891,0.13251103979919546,-0.056821304102364786
CDC25C_S186,CDC25C,False,-0.03694567054326,0.06020724573866868,0.024492491090614514
TACC1_S276,TACC1,False,,-1.840060868236398,
ENSP00000321746:map.4/95496882/T:p.S136F:n.C95496882T:c.tCt/tTt_S137,ENSP00000321746:map.4/95496882/T:p.S136F:n.C95496882T:c.tCt/tTt,False,,-0.713591944539701,
TRIT1_S429,TRIT1,False,0.19909509911198375,0.2913434665440217,0.20369503654140472
TRIT1_S417,TRIT1,False,0.20075543159558676,0.24683368791054236,
ETV4_S101,ETV4,True,-0.01829344980835261,0.1712068274181424,
ETV4_S110,ETV4,True,-0.01829344980835261,0.1712068274181424,
ING5_S118,ING5,False,0.47565047109042485,0.1431962525191339,0.006210672950357127
RTN4_S7,RTN4,False,-0.6593815021441848,-0.635978370025553,-0.5254026304271145
RTN4_S15,RTN4,False,-0.19877667162955281,-0.16127455459316467,-0.10590201402043761
RTN4_S181,RTN4,False,0.18245860236770678,,
SORBS2_S26,SORBS2,False,0.07976560161145378,0.10747790907718564,-0.175575899986933
SORBS2_S436,SORBS2,False,0.12705352713399057,0.08758481844031732,0.059912212882312056
SORBS2_S344,SORBS2,False,-0.0702307494680955,0.009490502947452436,0.04851520993393956
SORBS2_S346,SORBS2,False,-0.0702307494680955,0.009490502947452436,0.04851520993393956
SORBS2_S417,SORBS2,False,0.0015860923540263689,0.011585642635454335,-0.11024612291767093
SORBS2_S456,SORBS2,False,0.2529471139330451,0.2320281862598569,0.10180997784114287
SORBS2_S457,SORBS2,False,-0.028484035700270336,0.05771173856926506,
SORBS2_S460,SORBS2,False,0.1125579168624266,0.22830093872596147,0.10010450923164102
SORBS2_S240,SORBS2,False,0.18810022608639118,0.038173920053427,-0.06656125085360445
ENSP00000437611_S319,ENSP00000437611,False,-0.0025774351885698606,0.0553345017510994,
ENSP00000437611_S324,ENSP00000437611,False,-0.0025774351885698606,0.0553345017510994,
ENSP00000437611_S644,ENSP00000437611,False,-0.16926281860503667,-0.1589124887040658,-0.32623910669129336
ENSP00000437611_S894,ENSP00000437611,False,,0.1419558855836444,
ENSP00000322226_S639,ENSP00000322226,False,-0.01650374122807766,0.02869342209841414,0.09395375267529343
ENSP00000322226_S642,ENSP00000322226,False,-0.01650374122807766,0.02869342209841414,0.09395375267529343
ENSP00000322226_S646,ENSP00000322226,False,-0.2702924546538903,-0.3869398931038845,
SYNJ1_S1245,SYNJ1,False,,-1.0126063644033385,
PLEKHF2_S226,PLEKHF2,False,0.2879450386445189,-0.16792825124123154,-0.24624144755977212
RPLP2_S102,RPLP2,False,0.0878547203545375,-0.0720862943538098,0.45697808440336585
RPLP2_S105,RPLP2,False,0.014989291394109469,-0.03768682490840111,0.4504718365846061
RPLP2_S16,RPLP2,False,0.11636475669178462,0.09378588013468629,0.2037649660186562
RPLP2_S17,RPLP2,False,0.10335618933080454,0.015662672608169222,0.06297462986777923
ENSP00000387651_S633,ENSP00000387651,False,-0.2478757196843014,-0.23044963239850036,
PHF23_S396,PHF23,False,-1.0557390013082601,-0.7269735459187645,
GAS7_S53,GAS7,False,,-0.08240784798924515,
SNX16_S29,SNX16,False,,0.21250708529447856,
HMGCS1_S495,HMGCS1,False,0.019072563723824137,0.07173880248357185,-0.01817521639045814
ENSP00000371413_S523,ENSP00000371413,False,,,0.5344600819267281
ENSP00000371413_S158,ENSP00000371413,False,,0.2720231890610485,
ENSP00000371413_S130,ENSP00000371413,False,0.6713839627325168,0.13790756787552055,-0.34653635998599736
RHBDF2_S296,RHBDF2,False,-1.8480371763676229,-1.7700109181568304,-1.685152687968339
RHBDF2_S299,RHBDF2,False,-1.8480371763676229,-1.7700109181568304,-1.685152687968339
RHBDF2_S356,RHBDF2,False,-0.6249327579323896,-0.3659829953732628,-1.237693710997118
RHBDF2_S359,RHBDF2,False,-0.6249327579323896,-0.3659829953732628,-0.4438305751228853
KIF1A_S1370,KIF1A,False,,0.8142632913997817,
ENSP00000322807_S703,ENSP00000322807,False,0.19111242814054352,-0.00627439582164499,
ENSP00000322807_S706,ENSP00000322807,False,0.1805973641867978,0.19821412092293056,
ENSP00000322807_S707,ENSP00000322807,False,0.22014166608054483,0.209647995904621,
ENSP00000322807_S764,ENSP00000322807,False,0.11954951128708313,,
ZMYM3_S464,ZMYM3,False,-0.21128742176423188,-0.13603752399042324,-0.21185328779172552
ZMYM4_S1539,ZMYM4,False,-0.12040400816881694,,-0.20741114406107514
ZMYM4_S1542,ZMYM4,False,-0.15889191663319505,-0.14709027469089028,-0.08194752037355707
ZMYM4_S1547,ZMYM4,False,-0.15306819463977736,-0.14709027469089028,-0.1237687282693964
ZMYM4_S110,ZMYM4,False,-0.08693998325174078,-0.2949205457961269,0.23094077612394048
ZMYM4_S122,ZMYM4,False,-0.08491370857273817,-0.06124178181108936,-0.2794308281597665
FARP1_S336,FARP1,False,0.1551806477484354,0.38917789133368696,
FARP1_S340,FARP1,False,0.1551806477484354,0.3655286142477641,
FARP1_S20,FARP1,False,,0.03726434870362965,
FARP1_S23,FARP1,False,0.07860085932554803,0.13623526246197923,-0.010157813453882489
FARP1_S427,FARP1,False,-0.5306080862186403,-0.21922097179236788,-0.06601175028133714
FARP1_S433,FARP1,False,-0.2164790032608165,-0.035296969272541834,0.1455939609215166
ENSP00000455629_S1348,ENSP00000455629,False,-0.6424845888868336,-0.5745981458763165,-0.6200464025723638
ENSP00000455629_S1486,ENSP00000455629,False,,0.02772025835592744,
ENSP00000455629_S1547,ENSP00000455629,False,-0.33556298345930313,-0.19227840222142376,-0.06797551058731091
ENSP00000455629_S1566,ENSP00000455629,False,-0.09119452676938916,-0.06124549750187039,-0.050281647844310044
ENSP00000455629_S1475,ENSP00000455629,False,0.03675498898670471,-0.0680342891891501,-0.6882802183642829
ENSP00000455629_S1508,ENSP00000455629,False,-0.14843283705925386,-0.715628011200511,0.11129845340254099
ENSP00000455629_S835,ENSP00000455629,False,,0.9409560223853404,
ENSP00000455629_S1223,ENSP00000455629,False,-2.584102904129612,-2.550354799650999,-1.775910319263653
ENSP00000455629_S1226,ENSP00000455629,False,-2.8572001790147747,-2.7088914508122683,-3.276065796978674
ENSP00000455629_S1232,ENSP00000455629,False,,2.0154150111914317,
ENSP00000455629_S1448,ENSP00000455629,False,-0.2798709563384804,-0.26274108947418334,-0.25041331515013526
ENSP00000455629_S1378,ENSP00000455629,False,,0.04446406651324603,0.09107510104869736
ENSP00000323074:map.17/17696531/C:p.G90A:n.G17696531C:c.gGc/gCc_S1352,ENSP00000323074:map.17/17696531/C:p.G90A:n.G17696531C:c.gGc/gCc,False,0.6100385571753333,0.10191895971107164,0.13395801010054917
ENSP00000323074:map.17/17696531/C:p.G90A:n.G17696531C:c.gGc/gCc_S1358,ENSP00000323074:map.17/17696531/C:p.G90A:n.G17696531C:c.gGc/gCc,False,0.5833265191100258,0.10191895971107164,0.13395801010054917
ENSP00000323074:map.17/17696531/C:p.G90A:n.G17696531C:c.gGc/gCc_S683,ENSP00000323074:map.17/17696531/C:p.G90A:n.G17696531C:c.gGc/gCc,False,-0.307782792747894,-0.41257428285817155,
ENSP00000323074:map.17/17696531/C:p.G90A:n.G17696531C:c.gGc/gCc_S1374,ENSP00000323074:map.17/17696531/C:p.G90A:n.G17696531C:c.gGc/gCc,False,0.15403793073759975,,0.26483664846777927
ENSP00000323106_S49,ENSP00000323106,False,-0.13005461850355227,0.04171448656159777,0.07172374573448087
ENSP00000323106_S51,ENSP00000323106,False,-0.13005461850355227,0.04171448656159777,0.07172374573448087
ENSP00000323106_S9,ENSP00000323106,False,-0.4292920876125071,-0.3126583269944712,-0.20498186059155057
ZKSCAN1_S208,ZKSCAN1,False,-0.3872161071254814,-0.16035427797533397,
ZKSCAN1_S13,ZKSCAN1,False,0.04440613426737591,-0.012713004134627108,-0.009418879293697755
E2F7_S410,E2F7,False,0.25382780157295104,0.6836413949488424,0.1027061653857489
RPUSD2_S68,RPUSD2,False,0.06436315411866136,-0.10777429278194973,-0.18761178812063234
CRTC1_S64,CRTC1,False,0.6505807646022402,0.6323098637029044,0.7278769008479431
CRTC1_S151,CRTC1,False,0.22522633926439797,0.268609384820245,0.19710292924234848
CRTC1_S172,CRTC1,False,0.12006626273995558,0.2584893486651235,0.2371689722210899
ZNRF1_S123,ZNRF1,False,,0.3059121701566207,
SMC6_S669,SMC6,False,,,-1.2695817634084756
ENSP00000438324_S393,ENSP00000438324,False,,,-0.9923452061279465
ZBTB7A_S337,ZBTB7A,False,0.22902004765966194,0.020195598972063383,0.24710933166076945
ZBTB7A_S549,ZBTB7A,False,-0.1261008226358327,-0.12979375223393913,0.09125976619267828
UBE2O_S515,UBE2O,False,0.6406209280356976,0.46327395143369676,
UBE2O_S87,UBE2O,False,-0.15109991228016442,-0.11251619324856744,0.019847650039442336
UBE2O_S89,UBE2O,False,-0.15109991228016442,-0.11251619324856744,0.019847650039442336
UBE2O_S836,UBE2O,False,-0.04654222835050779,0.09849377765258581,0.10675031506086766
UBE2O_S839,UBE2O,False,-0.13009674469587934,-0.591795782048744,0.10675031506086766
MED14_S1112,MED14,False,0.0404015152842066,0.015212085068503288,
MED14_S1119,MED14,False,0.0404015152842066,0.015212085068503288,
MED14_S1128,MED14,False,-0.20585734279987414,-0.2427036063263173,-0.21815406361824435
MED14_S1136,MED14,False,-0.36866065221033434,-0.4162306204040178,-0.07046090990080914
MED14_S1144,MED14,False,-0.31167422396875577,-0.5062706970442905,-0.18355003000253087
MED14_S977,MED14,False,-0.4995439892426643,,1.2738142445870366
MED14_S986,MED14,False,-0.4995439892426643,,1.2738142445870366
SLC4A1AP_S466,SLC4A1AP,False,0.06883231877930455,0.19265622898718715,0.20587730565239612
SLC4A1AP_S312,SLC4A1AP,False,0.0970733472559789,0.20513383124421922,0.09373380396060273
ENSP00000323856:map.8/144995494/T:p.R2969H:n.C144995494T:c.cGc/cAc_S4382,ENSP00000323856:map.8/144995494/T:p.R2969H:n.C144995494T:c.cGc/cAc,False,0.04358857078437988,0.04712831120837816,0.34883877979423616
ENSP00000323856:map.8/144995494/T:p.R2969H:n.C144995494T:c.cGc/cAc_S1435,ENSP00000323856:map.8/144995494/T:p.R2969H:n.C144995494T:c.cGc/cAc,False,-0.27488970557689657,-0.20307395929689495,-0.2518789878122475
ENSP00000323856:map.8/144995494/T:p.R2969H:n.C144995494T:c.cGc/cAc_S720,ENSP00000323856:map.8/144995494/T:p.R2969H:n.C144995494T:c.cGc/cAc,False,-0.16241814466370305,-0.16307471077155455,-0.2869287978933364
ENSP00000323856:map.8/144995494/T:p.R2969H:n.C144995494T:c.cGc/cAc_S4613,ENSP00000323856:map.8/144995494/T:p.R2969H:n.C144995494T:c.cGc/cAc,False,-0.01455802843784536,0.019042038849179918,0.15003737774626513
ENSP00000323856:map.8/144995494/T:p.R2969H:n.C144995494T:c.cGc/cAc_S4616,ENSP00000323856:map.8/144995494/T:p.R2969H:n.C144995494T:c.cGc/cAc,False,0.01535483429346404,-0.1079278615304683,0.16838530541475208
ENSP00000323856:map.8/144995494/T:p.R2969H:n.C144995494T:c.cGc/cAc_S4618,ENSP00000323856:map.8/144995494/T:p.R2969H:n.C144995494T:c.cGc/cAc,False,-0.06531260953414304,-0.06159287332638929,0.0012209218058552157
ENSP00000323856:map.8/144995494/T:p.R2969H:n.C144995494T:c.cGc/cAc_S4620,ENSP00000323856:map.8/144995494/T:p.R2969H:n.C144995494T:c.cGc/cAc,False,0.05033076172266567,-0.18652078486825957,0.1364643522497689
ENSP00000323856:map.8/144995494/T:p.R2969H:n.C144995494T:c.cGc/cAc_S4622,ENSP00000323856:map.8/144995494/T:p.R2969H:n.C144995494T:c.cGc/cAc,False,-0.12641926277755441,-0.15274322498754347,0.08081029235439371
ENSP00000323856:map.8/144995494/T:p.R2969H:n.C144995494T:c.cGc/cAc_S4626,ENSP00000323856:map.8/144995494/T:p.R2969H:n.C144995494T:c.cGc/cAc,False,-0.13271455766042664,-0.21447619976297702,0.0027989737805948073
ENSP00000323856:map.8/144995494/T:p.R2969H:n.C144995494T:c.cGc/cAc_S2039,ENSP00000323856:map.8/144995494/T:p.R2969H:n.C144995494T:c.cGc/cAc,False,-0.3108988762931534,-0.1906678802264988,-0.8767840953015569
ENSP00000323856:map.8/144995494/T:p.R2969H:n.C144995494T:c.cGc/cAc_S1721,ENSP00000323856:map.8/144995494/T:p.R2969H:n.C144995494T:c.cGc/cAc,False,-0.771388106265389,0.08338358771008282,0.010876666121867778
ENSP00000323856:map.8/144995494/T:p.R2969H:n.C144995494T:c.cGc/cAc_S4642,ENSP00000323856:map.8/144995494/T:p.R2969H:n.C144995494T:c.cGc/cAc,False,,0.24208417055001266,
ENSP00000323856:map.8/144995494/T:p.R2969H:n.C144995494T:c.cGc/cAc_S125,ENSP00000323856:map.8/144995494/T:p.R2969H:n.C144995494T:c.cGc/cAc,False,-0.49825523854885145,-0.4071791562434323,-0.4317542653448997
ENSP00000323856:map.8/144995494/T:p.R2969H:n.C144995494T:c.cGc/cAc_S4386,ENSP00000323856:map.8/144995494/T:p.R2969H:n.C144995494T:c.cGc/cAc,False,-0.12104422368820637,-0.20951850470782485,-0.18222476679243105
ENSP00000323856:map.8/144995494/T:p.R2969H:n.C144995494T:c.cGc/cAc_S4389,ENSP00000323856:map.8/144995494/T:p.R2969H:n.C144995494T:c.cGc/cAc,False,-0.08355971022696129,-0.08093440159244551,-0.08868177877048988
ENSP00000323856:map.8/144995494/T:p.R2969H:n.C144995494T:c.cGc/cAc_S4396,ENSP00000323856:map.8/144995494/T:p.R2969H:n.C144995494T:c.cGc/cAc,False,0.21762864325325293,0.45498517193654126,0.24389170468757926
ENSP00000323856:map.8/144995494/T:p.R2969H:n.C144995494T:c.cGc/cAc_S1047,ENSP00000323856:map.8/144995494/T:p.R2969H:n.C144995494T:c.cGc/cAc,False,-0.08139932573415432,0.12694242927759603,0.23242180326065606
ENSP00000323856:map.8/144995494/T:p.R2969H:n.C144995494T:c.cGc/cAc_S4406,ENSP00000323856:map.8/144995494/T:p.R2969H:n.C144995494T:c.cGc/cAc,False,-0.7123951650546496,-0.8538282617650694,-1.0014339240593422
ZNRF2_S135,ZNRF2,False,0.04000377321815467,0.17084866000130527,0.21368206354250746
ZNRF2_S145,ZNRF2,False,0.04430707399656397,0.19484351199951963,0.3176513849083635
ZNRF2_S151,ZNRF2,False,0.04430707399656397,0.19484351199951963,0.3176513849083635
ZNRF2_S82,ZNRF2,False,,3.0358174290126425,3.5178857154757326
ENSP00000445961:map.17/54978794/A:p.P358L:n.G54978794A:c.cCc/cTc_S100,ENSP00000445961:map.17/54978794/A:p.P358L:n.G54978794A:c.cCc/cTc,False,-0.10272632482352852,-0.03166927933844159,-0.035840889153290985
ENSP00000445961:map.17/54978794/A:p.P358L:n.G54978794A:c.cCc/cTc_S435,ENSP00000445961:map.17/54978794/A:p.P358L:n.G54978794A:c.cCc/cTc,False,,-0.06423854360556494,-0.3361726652689695
KIF15_S568,KIF15,False,0.03820938478599542,0.010680741258875895,-0.016609075624460103
ENSP00000477190_S439,ENSP00000477190,False,0.2998106414258975,0.20986803162955525,0.2902500941305911
CCDC93_S300,CCDC93,False,-0.10613668560132888,-0.8112193022078583,-0.12577747285465876
CCDC93_S304,CCDC93,False,0.03436941155275871,-0.13537227963017653,-0.14921657579927827
IFT43_S78,IFT43,False,,0.7512938231983675,5.842199465454992
WRAP53_S85,WRAP53,False,0.13647386150327592,0.34506674517964153,0.20399785766693815
WRAP53_S90,WRAP53,False,0.13647386150327592,0.34506674517964153,0.20399785766693815
WRAP53_S114,WRAP53,False,0.18878069779214163,0.08733270141416984,0.025170575734906053
WRAP53_S491,WRAP53,False,0.0877994787818852,,0.14658680720829434
ATAT1_S249,ATAT1,False,-0.33473512519567605,-0.22337378766663288,-0.045572053944255744
ATAT1_S253,ATAT1,False,-0.3546536297031911,-0.18080598117153393,-0.04840361623223932
SHROOM1_S166,SHROOM1,False,,-0.5847172634087859,
SHROOM1_S344,SHROOM1,False,,-0.20479827388564928,
SHROOM1_S188,SHROOM1,False,-1.0876392921376015,-1.1546251847829279,-0.9955762507427524
ACAP2_S540,ACAP2,False,0.541955018944726,0.3234067649545649,
ENSP00000465132:map.17/73922941/C:p.R151G:n.T73922941C:c.Aga/Gga_S142,ENSP00000465132:map.17/73922941/C:p.R151G:n.T73922941C:c.Aga/Gga,False,-0.7166280766807789,,-0.9685765712210473
ENSP00000465132:map.17/73922941/C:p.R151G:n.T73922941C:c.Aga/Gga_S143,ENSP00000465132:map.17/73922941/C:p.R151G:n.T73922941C:c.Aga/Gga,False,-0.7166280766807789,,-0.9685765712210473
ENSP00000324294_S161,ENSP00000324294,False,,-0.7286221356368712,
ENSP00000324294_S66,ENSP00000324294,False,-0.16811964602741272,-0.10037490074629214,-0.2167512373316745
ENSP00000324294_S67,ENSP00000324294,False,0.7283289966681745,0.2733368471502219,-0.29655249735120004
ENSP00000324294_S69,ENSP00000324294,False,0.14553939418049172,0.3384617478566534,-0.10007431338108046
ENSP00000324294_S145,ENSP00000324294,False,-0.8187841080570978,-0.36445880172597417,-0.5348707706193483
TRAPPC12_S184,TRAPPC12,False,0.26415451818964186,-0.1565246321661548,-0.16634425336425765
ZYX_S142,ZYX,False,-0.7112268508214227,-0.8568876009032821,-0.9416853116001662
ZYX_S143,ZYX,False,-0.7314442254770505,-0.9054636616763619,-0.022834317804961923
ZYX_S267,ZYX,False,-0.34008288050355656,-0.27783378672246273,-0.10674964450039433
ZYX_S258,ZYX,False,-0.7678795876362658,-0.175932844325418,-0.34530914869580864
ZYX_S259,ZYX,False,-0.6664852013669615,-0.5331566051183171,-0.38590295409283826
ZYX_S308,ZYX,False,-0.6242209859547007,-0.2534120512286044,0.34698524674227055
ZYX_S344,ZYX,False,-0.6078295898942164,-0.6718927111388303,-0.6896649641397553
ENSP00000474583:map.14/36789775/T:p.L7H:n.A36789775T:c.cTt/cAt_S51,ENSP00000474583:map.14/36789775/T:p.L7H:n.A36789775T:c.cTt/cAt,False,-0.13204029596696812,0.17415071221201325,0.33628338786443235
ARHGAP19_S393,ARHGAP19,False,-0.12401896248245362,0.17352064404742118,
CHMP7_S441,CHMP7,False,-0.024857560248460104,-0.05231360269372328,-0.4723006498392847
ENSP00000324560:map.12/132401566/T:p.P714L:n.C132401566T:c.cCg/cTg_S477,ENSP00000324560:map.12/132401566/T:p.P714L:n.C132401566T:c.cCg/cTg,False,-0.2638678323514164,-0.15099046706573244,-0.13987563542841497
ENSP00000324560:map.12/132401566/T:p.P714L:n.C132401566T:c.cCg/cTg_S479,ENSP00000324560:map.12/132401566/T:p.P714L:n.C132401566T:c.cCg/cTg,False,-0.2638678323514164,-0.15099046706573244,-0.13987563542841497
ENSP00000324560:map.12/132401566/T:p.P714L:n.C132401566T:c.cCg/cTg_S638,ENSP00000324560:map.12/132401566/T:p.P714L:n.C132401566T:c.cCg/cTg,False,-0.22996371888738512,-0.05178553215210577,0.12234470731359454
ENSP00000324560:map.12/132401566/T:p.P714L:n.C132401566T:c.cCg/cTg_S556,ENSP00000324560:map.12/132401566/T:p.P714L:n.C132401566T:c.cCg/cTg,False,0.18333599386101054,-0.04412883483767851,-0.04939451342536319
ENSP00000324560:map.12/132401566/T:p.P714L:n.C132401566T:c.cCg/cTg_S450,ENSP00000324560:map.12/132401566/T:p.P714L:n.C132401566T:c.cCg/cTg,False,-0.32816721805972754,-0.1483012556617687,-0.09346744628128428
ENSP00000324560:map.12/132401566/T:p.P714L:n.C132401566T:c.cCg/cTg_S605,ENSP00000324560:map.12/132401566/T:p.P714L:n.C132401566T:c.cCg/cTg,False,-0.40628121805268913,0.3704316624845537,-0.03324992246180932
ENSP00000324560:map.12/132401566/T:p.P714L:n.C132401566T:c.cCg/cTg_S623,ENSP00000324560:map.12/132401566/T:p.P714L:n.C132401566T:c.cCg/cTg,False,-0.8053560173059957,-1.1454653560520829,-0.7758306383855906
ENSP00000324560:map.12/132401566/T:p.P714L:n.C132401566T:c.cCg/cTg_S467,ENSP00000324560:map.12/132401566/T:p.P714L:n.C132401566T:c.cCg/cTg,False,-0.12409547957846019,-0.30264428374258523,-0.018335834047602383
ENSP00000324560:map.12/132401566/T:p.P714L:n.C132401566T:c.cCg/cTg_S469,ENSP00000324560:map.12/132401566/T:p.P714L:n.C132401566T:c.cCg/cTg,False,-0.12409547957846019,-0.30264428374258523,-0.018335834047602383
ENSP00000324560:map.12/132401566/T:p.P714L:n.C132401566T:c.cCg/cTg_S544,ENSP00000324560:map.12/132401566/T:p.P714L:n.C132401566T:c.cCg/cTg,False,-0.5773148821695409,,
FLII_S856,FLII,False,-0.17461821545794753,-0.21323840920944148,-0.21051937127475118
FAM193A_S998,FAM193A,False,,0.29517123093651954,-0.908821491800578
FAM193A_S496,FAM193A,False,-2.963414251637758,-3.0730868376232783,-2.977510271408749
FAM193A_S983,FAM193A,False,-0.087021801633002,-0.14248497436302293,0.019224544998172506
VRK3_S55,VRK3,False,0.027427628759239837,,0.37640152659359805
VRK3_S59,VRK3,False,-0.019776378468072415,-0.0840039024542682,0.37640152659359805
VRK3_S82,VRK3,False,0.3566469013808635,0.06452515884255769,-0.1568315035176514
VRK3_S83,VRK3,False,0.3566469013808635,0.06452515884255769,-0.1568315035176514
SAV1_S22,SAV1,False,,0.28688114778816154,0.1807843910786988
TRAPPC14_S248,TRAPPC14,False,0.014355292977070054,,
NFATC2IP_S369,NFATC2IP,False,0.10764617805097389,0.08182297590002696,0.25255625450056585
NFATC2IP_S198,NFATC2IP,False,0.05962704634821712,-0.22052203304743986,0.09745755364357524
NFATC2IP_S201,NFATC2IP,False,0.17261625400364256,0.018301303733281035,0.18575982030151525
NFATC2IP_S204,NFATC2IP,False,-0.115879024961201,-0.14349129519357637,-0.11321294021288256
NFATC2IP_S170,NFATC2IP,False,,0.06695024392462703,
ENSP00000444653_S170,ENSP00000444653,False,0.4785059269367176,0.09747595901326854,-0.35569145555939014
ENSP00000444653_S202,ENSP00000444653,False,0.13420889892047738,0.4083625345684563,
AKAP17A_S537,AKAP17A,False,0.08108536091387832,-0.08119790157886995,0.1480286136637201
SOX6_S138,SOX6,False,-0.4035939380898011,-0.8984794949946995,-1.5997775576504476
ENSP00000325017:map.12/6619284/G:p.Q83E:n.C6619284G:c.Caa/Gaa_S1330,ENSP00000325017:map.12/6619284/G:p.Q83E:n.C6619284G:c.Caa/Gaa,False,-2.438417461545544,-2.3157045501755786,-2.2496097274513547
ENSP00000325017:map.12/6619284/G:p.Q83E:n.C6619284G:c.Caa/Gaa_S1333,ENSP00000325017:map.12/6619284/G:p.Q83E:n.C6619284G:c.Caa/Gaa,False,-0.6521102539516491,-0.44986428047888144,-1.6738400532137412
FMN1_S530,FMN1,False,,,0.10527578341568686
ENSP00000392853_S146,ENSP00000392853,False,,0.2843514192582135,-0.05688133135713297
METAP2_S45,METAP2,False,-0.0655816314336894,0.10913162181572272,
MAP1S_S606,MAP1S,False,-0.48711576859159206,-0.25025122113550413,-0.5170691321015457
MAP1S_S614,MAP1S,False,-0.34722390661737235,-0.30349250246199055,-0.4030781285960766
MAP1S_S733,MAP1S,False,-0.2688900340525664,-0.2157642967550303,-0.20771041693931838
MAP1S_S446,MAP1S,False,0.07220143810996464,0.017528710155050087,-0.3168350850955591
MAP1S_S556,MAP1S,False,-0.2121609918776115,-0.066408488168805,0.11703005301018696
MAP1S_S631,MAP1S,False,-0.2108973883760582,-0.31903354174337134,-0.17932022169905487
MAP1S_S295,MAP1S,False,,-0.18526092086542728,
CASKIN2_S613,CASKIN2,False,-0.1692294245575625,-0.38322828164802614,0.02043195301131051
CASKIN2_S615,CASKIN2,False,-0.17779390015787574,-0.26081905124536076,0.02043195301131051
CASKIN2_S618,CASKIN2,False,-0.1863623057755075,-0.26081905124536076,0.02043195301131051
CASKIN2_S389,CASKIN2,False,0.05890157981824054,-0.107930261736936,-0.3571783048377633
CASKIN2_S718,CASKIN2,False,-0.2989948906299387,-0.3047713499092537,-0.07291665580571856
CASKIN2_S321,CASKIN2,False,-0.07419801637943907,0.22609848512375394,
CASKIN2_S324,CASKIN2,False,-0.07419801637943907,0.24305244967283496,
HNRNPM_S575,HNRNPM,False,0.14156358237500305,0.02658762234808418,-0.033583403892000756
WDR33_S7,WDR33,False,-0.10384442411497254,-0.14837815349144934,-0.013975048678288781
WDR33_S1210,WDR33,False,-0.23018651418717634,-0.373289872358943,-0.1414488323654318
GLIS3_S618,GLIS3,False,,0.3609717409430975,
GLIS3_S623,GLIS3,False,,0.3609717409430975,
TMC8_S299,TMC8,False,0.42341219238043226,0.9149471504795769,0.27395273559759853
GRAMD1B_S30,GRAMD1B,False,-0.5373663323017203,-0.28625049467641783,-0.3804278633991297
GRAMD1B_S274,GRAMD1B,False,-0.3737281025129981,-0.10093159009058124,-0.1704450623588566
SPECC1L_S220,SPECC1L,False,-0.3060915862115186,0.0560285389227513,
SPECC1L_S832,SPECC1L,False,-0.24076052459088412,-0.33894357473130604,-0.741507961378721
SPECC1L_S868,SPECC1L,False,0.4045761904579163,-0.5047960512182281,
SPECC1L_S870,SPECC1L,False,0.4045761904579163,-0.5047960512182281,
SPECC1L_S881,SPECC1L,False,0.4045761904579163,-0.5047960512182281,
SPECC1L_S922,SPECC1L,False,-0.05080126810484688,0.07683269555739859,
SEC16A_S1069,SEC16A,False,-0.08437481854906709,-0.09359477415192165,-0.10391580520620265
SEC16A_S592,SEC16A,False,-0.10350342749131433,-0.2480735937119139,0.1059462119053246
SEC16A_S595,SEC16A,False,-0.15728710519299768,-0.13514324213232715,-0.031531905195060855
SEC16A_S1389,SEC16A,False,-0.27636280778432176,0.08949815083910263,-0.004508245052660476
SEC16A_S1398,SEC16A,False,0.7069946157086512,0.4634132038178201,0.1591137664637176
SEC16A_S1356,SEC16A,False,-0.429590293298517,-0.11461306150213549,0.5592563862140453
SEC16A_S1359,SEC16A,False,0.39099778395737544,,4.521741758030622
SEC16A_S1441,SEC16A,False,,-0.16367186607602138,-0.2980517898129253
SEC16A_S1371,SEC16A,False,-0.74424549569903,-0.2468747302828549,
SEC16A_S1372,SEC16A,False,-0.5253647725996957,-0.33071570567332687,
MRE11_S649,MRE11,False,0.2260152164029879,0.11995371750556835,0.3427453778714759
HSP90AB1_S532,HSP90AB1,False,,0.04404433270602122,
HSP90AB1_S226,HSP90AB1,False,-0.08427776455048436,-0.13816654125747005,-0.090153461180807
HSP90AB1_S255,HSP90AB1,False,0.017248460239457634,0.0053887001417718015,-0.024111750660624404
HSP90AB1_S261,HSP90AB1,False,0.20425982051722918,0.13741696304887474,0.05588975819628299
HSP90AB1_S206,HSP90AB1,False,0.7083196885516009,0.05199846779700237,
HSP90AB1_S452,HSP90AB1,False,0.16412236595348717,0.06319537867578343,0.18817867408721345
SRSF7_S219,SRSF7,False,0.18460410661815738,0.29865831556451516,
SRSF7_S221,SRSF7,False,0.04016930175708554,0.29865831556451516,
SRSF7_S173,SRSF7,False,0.14490480442353731,0.3287748475492265,0.3164773662893127
SRSF7_S175,SRSF7,False,0.15236830155213318,0.07955264975479028,0.1319477789667923
SRSF7_S179,SRSF7,False,,0.4339208835135514,
SRSF7_S165,SRSF7,False,0.13834029161406494,0.16623154136428073,0.4211469542389252
SRSF7_S167,SRSF7,False,0.215154211566159,0.18702370517743935,0.45336588749838536
SRSF7_S171,SRSF7,False,0.24694237099703661,0.3770107047915472,0.31240840067031084
SRSF7_S163,SRSF7,False,0.02996038081172342,0.165665394705824,0.38731580534225385
SRSF7_S192,SRSF7,False,-0.1496357784465886,0.042010491644010946,0.14617637078345425
SRSF7_S194,SRSF7,False,0.24110797493405445,-0.008967425777279455,0.08618987615550582
SRSF7_S196,SRSF7,False,,-0.04596074879426988,0.07286040193124495
ENSP00000461572_S167,ENSP00000461572,False,-0.26698917237993325,-0.04400730801219274,-0.34795038824869384
ENSP00000461572_S25,ENSP00000461572,False,-0.0038269274716717276,-0.028567648938380614,-0.011282781692696378
LARP4B_S736,LARP4B,False,,-0.15505200240216277,
LARP4B_S516,LARP4B,False,0.019915367707685924,-0.06534008523733772,-0.049186500520050996
LARP4B_S524,LARP4B,False,0.008263948083239834,0.08692941855256826,0.04751728815149669
LARP4B_S424,LARP4B,False,-0.01673091396879777,,
LARP4B_S498,LARP4B,False,0.20428104341926656,0.3261299155782698,0.101246656683439
LARP4B_S718,LARP4B,False,,0.18485154568041529,
LARP4B_S601,LARP4B,False,-0.20012137914969527,-0.22318658576776484,-0.20635541052154005
RFFL_S103,RFFL,False,-0.09648752365040471,-0.11190125481336204,-0.1915809944000956
RFFL_S89,RFFL,False,0.09630433404405603,0.18641457840007303,0.13801229897200504
RFFL_S92,RFFL,False,0.09630433404405603,0.18641457840007303,0.13801229897200504
RFFL_S95,RFFL,False,0.21088754922081027,,
PSEN1_S361,PSEN1,False,,,0.06350294230615795
PSEN1_S362,PSEN1,False,0.0020891353705333646,0.024654397128046956,0.15877659771068842
PSEN1_S363,PSEN1,False,0.0020891353705333646,0.024654397128046956,0.20958462767929223
PSEN1_S353,PSEN1,False,-0.07586970213612625,0.06218482348104342,-0.4989328824528759
PSEN1_S39,PSEN1,False,-0.2796858392040485,-0.18142505170675086,-0.12943734352216182
ENSP00000326371_S232,ENSP00000326371,False,-0.2841417640060203,-0.3500596251525351,0.48429283551160135
ENSP00000326371_S240,ENSP00000326371,False,-0.2841417640060203,-0.3500596251525351,0.48429283551160135
ENSP00000457363_S67,ENSP00000457363,False,-0.3790007797893092,-0.26904640849331285,-0.11262045283972914
ENSP00000326550:map.4/1729698/T:p.S190F:n.C1729698T:c.tCc/tTc_S71,ENSP00000326550:map.4/1729698/T:p.S190F:n.C1729698T:c.tCc/tTc,False,,,-0.6154638492750792
ENSP00000326563:map.5/137717265/A:p.A256T:n.G137717265A:c.Gcg/Acg_S744,ENSP00000326563:map.5/137717265/A:p.A256T:n.G137717265A:c.Gcg/Acg,False,-0.11919542231932519,-0.08446826896842154,0.08188496672922738
ZFPM1_S901,ZFPM1,False,-0.36702457191194,,
ZFPM1_S909,ZFPM1,False,-0.36702457191194,,
LRIG3_S1019,LRIG3,False,-0.12738810592536856,-0.17699194063509366,-0.20477210829224174
LRIG3_S1021,LRIG3,False,-0.12738810592536856,-0.17699194063509366,-0.20477210829224174
LMNB2_S17,LMNB2,False,0.030030366424539583,0.024038758901414697,0.05835811492575204
LMNB2_S402,LMNB2,False,,0.17836408184680327,
LMNB2_S296,LMNB2,False,0.19873744400684157,0.15107947302881158,
PCM1_S1283,PCM1,False,-2.4417810443657073,-2.6282623904123614,-3.3768483377752174
PCM1_S1287,PCM1,False,0.555619856668128,,0.426103700685049
PCM1_S431,PCM1,False,-0.35041135826865927,-0.04719266928282855,-0.3037614430194929
PCM1_S110,PCM1,False,-0.351847519983555,0.4781952579391659,0.717736733997482
PCM1_S116,PCM1,False,0.7786180113039464,0.7882364955632986,0.29454723389551485
PCM1_S119,PCM1,False,0.7786180113039464,0.7882364955632986,0.29454723389551485
PCM1_S1494,PCM1,False,0.30557996263503123,0.27208014298560074,0.29301727204950834
PCM1_S1497,PCM1,False,0.23395059660389153,0.30365947316383185,0.3192635981504236
PCM1_S1499,PCM1,False,0.17873832408760396,0.2919234619793393,0.40276274852056454
PCM1_S1500,PCM1,False,0.15799418199848048,0.2919234619793393,0.486400460034746
PCM1_S1335,PCM1,False,,,0.654252213436691
PCM1_S977,PCM1,False,0.15730246631897368,0.5280711645787354,
PCM1_S1257,PCM1,False,0.13552595474914603,0.1548204756484184,-0.08062177675242059
PCM1_S1260,PCM1,False,0.13552595474914603,0.1548204756484184,-0.08062177675242059
PCM1_S1262,PCM1,False,0.13552595474914603,0.1548204756484184,-0.08062177675242059
PCM1_S861,PCM1,False,,0.4140272591249018,
PCM1_S65,PCM1,False,-0.09082087905864024,0.0049795045233705275,-0.17928181482837646
PCM1_S68,PCM1,False,0.212691726822512,0.33554594825887846,0.2126016231693041
PCM1_S69,PCM1,False,-0.06772747495923019,0.016419305137813367,0.1669768608288348
DDHD1_S746,DDHD1,False,,,-1.2183968850093694
DDHD1_S752,DDHD1,False,,,-1.2183968850093694
DDHD1_S341,DDHD1,False,,-2.074061327777009,
MIEF1_S55,MIEF1,False,-0.004142955959731483,0.014051222792220035,0.11985856117778207
MIEF1_S59,MIEF1,False,-0.4450151015015869,-0.03364065477784276,0.098736175606209
NRIP1_S564,NRIP1,False,-0.4103929757619817,-0.2460053676222934,-0.21017895316172816
NRIP1_S518,NRIP1,False,0.0994972011701899,,
TMCC1_S58,TMCC1,False,0.047833682926242925,0.36626527241659795,-0.048284613866223416
FMNL1_S184,FMNL1,False,0.08610437124329078,0.39025158693951884,-0.3382868784011807
HNRNPH1_S104,HNRNPH1,False,0.05109502791973699,0.013832217557799014,0.09522165488583174
RANBP1_S14,RANBP1,False,0.1446255367996668,0.22612380340532384,
NKX2-5_S78,NKX2-5,False,,0.029134804053022843,0.01831667928627516
YAF2_S125,YAF2,False,0.03889687841379281,0.005095176601225195,-0.05401343777597701
EIF4ENIF1_S577,EIF4ENIF1,False,0.24823973872682992,0.25507805349718704,
EIF4ENIF1_S564,EIF4ENIF1,False,-0.020042091268057147,0.00921386864651505,-0.02826325962748618
EIF4ENIF1_S78,EIF4ENIF1,False,0.11812501014543382,0.01126392169486091,0.1793834673122634
EIF4ENIF1_S951,EIF4ENIF1,False,0.02666894786441369,-0.02738178388634484,-0.023871606065809188
EIF4ENIF1_S345,EIF4ENIF1,False,,-0.24280603045336258,
EIF4ENIF1_S74,EIF4ENIF1,False,0.28352774310630097,0.22427061844584215,0.26771636637231033
PPP1R2_S95,PPP1R2,False,0.17457941015126366,0.13582923462245955,0.14981296903739194
PPP1R2_S96,PPP1R2,False,0.17457941015126366,0.19168871877912952,0.14981296903739194
TASOR2_S685,TASOR2,False,0.06003531770454823,-0.018592553710348545,-0.06411787783452881
DENND5A_S22,DENND5A,False,,-0.2470288140681855,
SMTN_S357,SMTN,False,0.8074373594188956,0.17453425469490197,0.19912264201360064
DDX24_S39,DDX24,False,-0.041453592458436654,-0.06892684196938353,0.07464665697239802
DDX24_S51,DDX24,False,0.19119554599737987,0.0711198507209917,
DDX24_S244,DDX24,False,-0.18681975925848246,0.01692078884782309,
DDX24_S252,DDX24,False,-0.10153041168240938,-0.23105773149523423,-0.11852190690950595
FOXK1_S213,FOXK1,False,-0.12241076511035354,-0.09676441002307444,-0.09492947334563635
FOXK1_S223,FOXK1,False,-0.13497459916255858,-0.4368313363685321,-0.09492947334563635
FOXK1_S445,FOXK1,False,-0.2332276602392197,-0.5044190332319448,-0.4325395391752946
FOXK1_S101,FOXK1,False,-0.08489925266338871,-0.07899250525247628,-0.14691792027307546
FOXK1_S416,FOXK1,False,0.031650864915413475,0.11028647693258063,-0.11009935004896268
FOXK1_S420,FOXK1,False,-0.07838170902489978,-0.09139114925196833,0.21403908074490685
FOXK1_S428,FOXK1,False,0.17433028500199318,0.025192407659905127,-0.036433886321629194
PAXBP1_S262,PAXBP1,False,-0.01942464280062978,-0.048578408545833264,-0.4818161534949752
PAXBP1_S557,PAXBP1,False,0.0018965861861170972,0.050828509649856725,0.12581320893367923
PAXBP1_S558,PAXBP1,False,0.0018965861861170972,0.050828509649856725,0.12581320893367923
ENSP00000385626_S315,ENSP00000385626,False,-0.4660380346548486,-0.13767526191199858,-0.23904112088747065
BRF1_S315,BRF1,False,-0.1674127510918513,-0.01032891024922783,-0.06606201951174497
ENSP00000394480_S104,ENSP00000394480,False,-0.8421815995896594,-0.8646124338924278,-1.0692702306932451
ENSP00000394480_S111,ENSP00000394480,False,0.028393390895299866,0.00950185084985957,0.04324088566420745
ENSP00000394480_S121,ENSP00000394480,False,0.03547107593147967,-0.008593954799997775,0.10001643628168326
ENSP00000394480_S165,ENSP00000394480,False,,0.2853430301592557,0.2121335075337561
LIN9_S290,LIN9,False,-0.03609407399528446,0.13923045340408308,0.0017301961388826133
LIN9_S302,LIN9,False,-0.03609407399528446,0.13923045340408308,0.0017301961388826133
ENSP00000468406:map.17/75494705/G:p.M557V:n.A75494705G:c.Atg/Gtg_S66,ENSP00000468406:map.17/75494705/G:p.M557V:n.A75494705G:c.Atg/Gtg,False,-0.3928937870169386,0.1285098805044952,0.077105030844816
ENSP00000468406:map.17/75494705/G:p.M557V:n.A75494705G:c.Atg/Gtg_S11,ENSP00000468406:map.17/75494705/G:p.M557V:n.A75494705G:c.Atg/Gtg,False,0.020313863696953482,-0.014303221499233978,0.11408208163668188
CLN3_S12,CLN3,False,-0.20950499897061958,-0.2522462066917918,-0.4142599382461393
CLN3_S14,CLN3,False,-0.2604741022790497,-0.2352210442094703,-0.3092861876039374
SP1_S2,SP1,False,0.12229614090192142,-0.08025567631397211,0.15317225624974393
SP1_S7,SP1,False,0.22115524267358144,0.2228921414464389,0.2548686700631388
CCDC137_S19,CCDC137,False,0.11843651452721142,0.1569416999792508,-0.035248243971781675
COPB2_S859,COPB2,False,-0.27558934676521313,-0.2371095252047372,-0.28449868613160806
TMCC2_S198,TMCC2,False,-0.07830179814123325,-0.11494647188920157,0.07601173467441966
RMP24_S38,RMP24,False,-0.05258070261887422,,0.7337014134586813
H1-10_S27,H1-10,False,-0.845287186217842,,
H1-10_S31,H1-10,False,0.0909486936176963,0.048880864010499014,0.03761404145806528
EEF1A1_S316,EEF1A1,False,0.10835717809041852,0.4942619878398889,0.2920749499775421
H1-5_S2,H1-5,False,-0.3310119045941205,-0.1611229424938638,0.09223670894354775
H1-5_S18,H1-5,False,-0.35753979097729616,-0.28125439911608763,-0.3158998366923613
RSRC2_S4,RSRC2,False,-0.3999586595649436,,0.13152913330510302
RSRC2_S17,RSRC2,False,0.14896068206428303,-0.011922508884457068,
RSRC2_S30,RSRC2,False,0.47122847138501534,0.9183661984124468,0.8753672797162538
RSRC2_S32,RSRC2,False,0.05421219729368299,0.07248812403241328,0.014217907848027303
RSRC2_S104,RSRC2,False,-0.5291976565940356,-0.16366151434886958,-0.17626694142270763
RSRC2_S218,RSRC2,False,-0.38509607719915023,-0.5444338467006741,-0.32349787946948944
RSRC2_S222,RSRC2,False,-0.38509607719915023,-0.5444338467006741,-0.32349787946948944
SYN3_S484,SYN3,False,-0.09511982904646755,0.08169254048455597,-0.06631923553729753
DDX59_S156,DDX59,False,-0.07886838881483471,-0.19350362433963164,-0.2219765042248275
DDX59_S160,DDX59,False,-0.07886838881483471,-0.19350362433963164,-0.2219765042248275
NSMCE3_S60,NSMCE3,False,0.24439999124554931,0.3346025158394463,0.4095810199025518
NSMCE3_S64,NSMCE3,False,-0.0947463319518652,0.21880401589297843,0.1455770348310908
BRWD1_S2018,BRWD1,False,,-0.04185276669811118,
BRWD1_S2020,BRWD1,False,,-0.04185276669811118,
GLRX3_S117,GLRX3,False,-0.08336331036063575,-0.04903327680865845,-0.07242023694992555
TSSC4_S79,TSSC4,False,-0.25805725088282183,-0.16490976993699955,-0.1497680627876895
TSSC4_S82,TSSC4,False,-0.2740613719716458,-0.2595822398128346,-0.1468304877089103
TOB2_S222,TOB2,False,-0.04726756870194556,0.03773362744651491,-0.4904358939179042
RGS7_S72,RGS7,False,-0.25249304470489276,-0.2656567218122801,-0.09027877686676199
NPLOC4_S63,NPLOC4,False,0.3079837053648308,0.3771723365703203,0.2617607968295252
ENSP00000477082_S645,ENSP00000477082,False,0.0568125952935587,0.22259966116785215,0.08640383827702049
ENSP00000477082_S647,ENSP00000477082,False,0.06295060882280785,0.06606622560779628,0.02786177535450958
ENSP00000477082_S658,ENSP00000477082,False,-0.08112564231908292,0.1992411678539978,0.16888852608942345
ENSP00000477082_S664,ENSP00000477082,False,0.049779669755807915,0.1878580191066581,0.1746579500854019
ENSP00000477082_S299,ENSP00000477082,False,-0.2081560132239187,,
ENSP00000477082_S302,ENSP00000477082,False,-0.6978506018284565,-0.3813854467888467,-0.6352975670712798
ENSP00000477082_S304,ENSP00000477082,False,-1.5920877387202992,-1.152011813755117,-1.5059202267241376
ENSP00000477082_S503,ENSP00000477082,False,,,-0.02429645199223327
PKP3_S313,PKP3,False,0.08035133533344467,,0.04292444517384094
PKP3_S314,PKP3,False,0.08035133533344467,,0.04292444517384094
HAPSTR1_S167,HAPSTR1,False,-0.02894026108793698,0.11322312914710404,0.280632387848719
HAPSTR1_S212,HAPSTR1,False,,0.1276332797258737,-0.008791097811367806
EP400_S663,EP400,False,0.011638756246893662,0.029162477284365853,-0.24006641216892669
EP400_S868,EP400,False,-0.28335154759796466,-0.26789960253759265,-0.1467716665671838
ENSP00000331748_S21,ENSP00000331748,False,-2.5011160176586427,0.6961719126152048,0.8067777285948586
SGK3_S59,SGK3,False,-0.27866514298118533,,
SGK3_S62,SGK3,False,-0.27866514298118533,,
EEF1G_S298,EEF1G,False,0.11069649827980385,0.06000945240980015,0.13264264253961866
DHX34_S749,DHX34,False,-0.1916813775256112,-0.09361024884828739,-0.07304416393058659
DHX34_S750,DHX34,False,-0.1916813775256112,-0.09361024884828739,-0.07304416393058659
CARMIL1_S968,CARMIL1,False,0.3569904474421225,-0.09901375548980187,
CARMIL1_S1331,CARMIL1,False,0.15468996511234667,-0.042890089337906466,-0.010715135805877324
CRELD2_S70,CRELD2,False,1.456911259794135,-0.02353370170272153,-0.11072895519410061
ENSP00000460119_S62,ENSP00000460119,False,-0.029380673959411036,0.04381402477168406,0.14132727101856207
EIF3C_S9,EIF3C,False,0.08232668495716207,-0.06524951583897864,0.16742160407532028
EIF3C_S11,EIF3C,False,0.08232668495716207,0.033499141229730564,0.16742160407532028
EIF3C_S39,EIF3C,False,0.009921257988232844,-0.06330512335084493,-0.05719728533703298
CHD3_S597,CHD3,False,-0.3861666384929274,-0.8924815998654487,-0.40438176866287834
CHD3_S1601,CHD3,False,-0.40765608023155037,-0.15691444847403957,-0.21543633857540564
CHD3_S1605,CHD3,False,-0.40765608023155037,-0.15691444847403957,-0.21543633857540564
RBM8A_S42,RBM8A,False,0.18891647524313346,0.23277212003172557,0.17109857094550923
RBM8A_S56,RBM8A,False,-0.024357645205936224,-0.03091150826698851,0.12180730587838047
CREM_S163,CREM,False,0.28048127430062353,0.2785795504584233,
CREM_S169,CREM,False,0.4358419158092276,,
MED12_S700,MED12,False,-0.1850119720273603,-0.4989588293207853,-0.6038624365500026
ENSP00000438527_S290,ENSP00000438527,False,-1.1652643987711186,-2.867436317664049,-2.856528211590757
ENSP00000438527_S132,ENSP00000438527,False,-0.009538860313470574,0.01767608946098298,0.09044698023265137
ENSP00000438527_S758,ENSP00000438527,False,-0.33089080089912987,-0.014440220173527196,-1.2865572339492217
ENSP00000438527_S759,ENSP00000438527,False,-2.9241570298399786,-2.601145067858358,-1.9539192131597318
ENSP00000438527_S761,ENSP00000438527,False,-1.3152665976966784,-1.4605008184525206,-1.2534795922462119
ENSP00000389989_S460,ENSP00000389989,False,,-0.22761264731601083,
ENSP00000389989_S461,ENSP00000389989,False,,-0.22761264731601083,
BET1L_S9,BET1L,False,0.1907790796586665,0.16791626222710457,0.21377224647619344
PRKD1_S549,PRKD1,False,-1.3114346756389097,,
PRKD1_S205,PRKD1,False,0.004471156121921879,-0.02217840270201871,-0.14125516825369372
PRKD1_S208,PRKD1,False,0.13703928518815253,0.2403194926630039,0.08174865123416789
PRKD1_S249,PRKD1,False,0.21395908814035297,0.46951411792412084,-0.4113070694703413
PRKD1_S235,PRKD1,False,,-1.1685767118063062,
PRKD1_S237,PRKD1,False,,0.31579806304335706,0.38670060228761355
ENSP00000384180:map.14/105930406/A:p.V355I:n.G105930406A:c.Gtc/Atc_S432,ENSP00000384180:map.14/105930406/A:p.V355I:n.G105930406A:c.Gtc/Atc,False,-0.1260196392385647,-0.1432773041828371,-0.04836947915115699
ENSP00000384180:map.14/105930406/A:p.V355I:n.G105930406A:c.Gtc/Atc_S559,ENSP00000384180:map.14/105930406/A:p.V355I:n.G105930406A:c.Gtc/Atc,False,-0.009492515366111837,0.05711713497269325,0.013179349746948121
BSG_S246,BSG,False,,0.3050950106666974,
EVI2B_S271,EVI2B,False,,-0.09744013589746815,
TTF1_S65,TTF1,False,0.016353683577834812,0.3474118955632557,0.26143966460056295
TTF1_S478,TTF1,False,0.035532651411334944,0.15380533607903546,0.3114394125885899
TTF1_S481,TTF1,False,0.035532651411334944,0.15380533607903546,0.3114394125885899
FMN1_S231,FMN1,False,,0.0550012522283677,
ENSP00000344688_S209,ENSP00000344688,False,-0.18916493160408918,-0.2753522877003261,0.039324502167982577
RFTN1_S184,RFTN1,False,-0.3828869662111089,-0.08215555087490577,-0.5039160783300898
SPTBN1_S2138,SPTBN1,False,-0.1485523188145871,-0.06068540120062499,-0.124541492058219
SPTBN1_S2102,SPTBN1,False,-0.22393418221586736,-0.1812855142942532,-0.2169122531301999
PFDN5_S56,PFDN5,False,-0.07135623691875526,0.12079017774879132,-0.4786275829971688
C2CD5_S280,C2CD5,False,0.26288352322672315,1.5210507369009632,
C2CD5_S281,C2CD5,False,1.3317052164988923,1.5210507369009632,
C2CD5_S293,C2CD5,False,0.4511338598448142,0.5322170981010585,0.4997821201473117
C2CD5_S295,C2CD5,False,0.31408753611609247,0.3521382212329783,0.38068813215590513
C2CD5_S659,C2CD5,False,-0.7647006430421448,-0.9328444926306103,-0.8660061233513313
C2CD5_S661,C2CD5,False,-0.8397124006413296,-0.8621900446842367,-0.850830593192284
C2CD5_S662,C2CD5,False,-0.7483665349384182,-1.0443160170330572,-0.38997161475016884
C2CD5_S321,C2CD5,False,-0.6516898987628071,-0.05907681330936868,-0.6332329796427028
C2CD5_S323,C2CD5,False,-0.6836969243858041,-0.013582891071410383,-0.34457070178133486
C9orf85_S137,C9orf85,False,0.3402774047662543,,
LRCH3_S415,LRCH3,False,0.6869200122468552,0.7346816411236115,
LRCH3_S419,LRCH3,False,0.2978587593505214,0.4923206620433909,0.47071906135081854
LRCH3_S324,LRCH3,False,,2.1434587270855343,
C2CD3_S2018,C2CD3,False,-0.2829301160898526,,
C2CD3_S2020,C2CD3,False,-0.2829301160898526,,
GMPR2_S28,GMPR2,False,,0.09369538023355704,
EXOC1_S448,EXOC1,False,0.4783836732119408,-0.5933903733162229,0.0826453413903498
EXOC1_S449,EXOC1,False,-0.063269775890624,0.08209942981920966,0.4322111491712192
EXOC1_S455,EXOC1,False,0.08497004551800447,0.10007141592561201,0.09623788791391305
EXOC1_S458,EXOC1,False,0.22454007958192532,0.3225482806673962,0.41614880123348197
EXOC1_S486,EXOC1,False,0.41820951991779787,-0.09286962108986066,
PDZD8_S521,PDZD8,False,-0.2619336698968465,0.21548823840652895,0.015135648173075989
ERCC6L_S1028,ERCC6L,False,-0.4016538528608996,,
ERCC6L_S1069,ERCC6L,False,-0.24362395692717567,-0.23975100594360363,-0.2614377323396285
USP16_S414,USP16,False,0.08332020460155996,0.2757795166462968,0.10898128166792506
CARMIL2_S1362,CARMIL2,False,,0.5835190838514874,
CARMIL2_S1246,CARMIL2,False,1.5169187995550584,-0.2368817016998804,-0.606232367334914
CARMIL2_S1381,CARMIL2,False,-0.035871376295094334,0.21481238591586702,0.29926150755469344
CARMIL2_S1423,CARMIL2,False,,-0.7026794364542702,
RASA3_S809,RASA3,False,0.09747595901326854,-0.10840878684694624,0.12213175606182522
ARID2_S689,ARID2,False,0.11649784050174834,0.171847313573341,
ARID2_S1300,ARID2,False,-0.5689868716027235,,
FAM91A1_S671,FAM91A1,False,-0.13601398898501554,2.513942630705386,3.0116566449248094
KATNA1_S170,KATNA1,False,-0.020091800331680558,0.10340018185287424,0.04572839891100387
BCDIN3D_S288,BCDIN3D,False,0.12139824920294762,0.43957219870156333,0.22692634928492228
BCL9L_S88,BCL9L,False,0.0010095332331987292,0.10661632898778424,
BCL9L_S116,BCL9L,False,-0.4005298505141211,-0.04745768665999002,-0.10430960953631446
BCL9L_S118,BCL9L,False,-2.1578498247642006,-1.1808692450793454,-2.531322852220749
BCL9L_S121,BCL9L,False,,-1.353984846360972,
BCL9L_S21,BCL9L,False,-0.44102683946435633,-0.3907460607658992,-0.4313561235601337
BCL9L_S25,BCL9L,False,-0.5053790102762464,-0.5623181196823249,-0.5154882185517526
BCL9L_S750,BCL9L,False,-0.3117211520181055,,
BCL9L_S1004,BCL9L,False,-0.428662815728724,-0.4032008049508357,-0.55806859046659
BCL9L_S1010,BCL9L,False,-0.1687329338448922,-0.28427775547522777,-0.55806859046659
SF3B1_S332,SF3B1,False,,-0.31545053081615754,-0.32673304856800106
SF3B1_S129,SF3B1,False,-0.12239848261586074,-0.06444998867914513,-0.12632752062842656
SF3B1_S194,SF3B1,False,-0.09800398241295417,-0.12372233922925069,-0.19912530083368177
ENSP00000355729:map.1/227182033/A:p.A1618V:n.G227182033A:c.gCt/gTt_S1557,ENSP00000355729:map.1/227182033/A:p.A1618V:n.G227182033A:c.gCt/gTt,False,-0.32049629172105576,-0.012362214368488408,-0.1978439023268209
ENSP00000355729:map.1/227182033/A:p.A1618V:n.G227182033A:c.gCt/gTt_S1560,ENSP00000355729:map.1/227182033/A:p.A1618V:n.G227182033A:c.gCt/gTt,False,-0.011643669041988481,0.060133700278443135,0.02941582479858679
ENSP00000355729:map.1/227182033/A:p.A1618V:n.G227182033A:c.gCt/gTt_S1616,ENSP00000355729:map.1/227182033/A:p.A1618V:n.G227182033A:c.gCt/gTt,False,-0.7864225276116846,-0.7935068040987082,
ENSP00000355729:map.1/227182033/A:p.A1618V:n.G227182033A:c.gCt/gTt_S1619,ENSP00000355729:map.1/227182033/A:p.A1618V:n.G227182033A:c.gCt/gTt,False,-0.7864225276116846,-0.7935068040987082,
ENSP00000355729:map.1/227182033/A:p.A1618V:n.G227182033A:c.gCt/gTt_S1451,ENSP00000355729:map.1/227182033/A:p.A1618V:n.G227182033A:c.gCt/gTt,False,,-0.37630166525638353,
ENSP00000355729:map.1/227182033/A:p.A1618V:n.G227182033A:c.gCt/gTt_S1625,ENSP00000355729:map.1/227182033/A:p.A1618V:n.G227182033A:c.gCt/gTt,False,-0.2977103695454831,-0.2384230615543799,-0.5271609443633006
ENSP00000355729:map.1/227182033/A:p.A1618V:n.G227182033A:c.gCt/gTt_S1627,ENSP00000355729:map.1/227182033/A:p.A1618V:n.G227182033A:c.gCt/gTt,False,-0.017653351824551595,-0.07342976126850095,-0.29253622676993707
ENSP00000355729:map.1/227182033/A:p.A1618V:n.G227182033A:c.gCt/gTt_S1630,ENSP00000355729:map.1/227182033/A:p.A1618V:n.G227182033A:c.gCt/gTt,False,-0.03611632780212859,0.010373166817851673,0.056589952172192086
ENSP00000355729:map.1/227182033/A:p.A1618V:n.G227182033A:c.gCt/gTt_S1535,ENSP00000355729:map.1/227182033/A:p.A1618V:n.G227182033A:c.gCt/gTt,False,-0.3977711868541354,-0.722253242644834,
ENSP00000355729:map.1/227182033/A:p.A1618V:n.G227182033A:c.gCt/gTt_S1538,ENSP00000355729:map.1/227182033/A:p.A1618V:n.G227182033A:c.gCt/gTt,False,0.02174990179223188,-0.722253242644834,
ENSP00000355729:map.1/227182033/A:p.A1618V:n.G227182033A:c.gCt/gTt_S1541,ENSP00000355729:map.1/227182033/A:p.A1618V:n.G227182033A:c.gCt/gTt,False,0.44127099043859913,,
CDKN3_S14,CDKN3,False,0.11196608960349229,0.10605473224588333,
CDKN3_S15,CDKN3,False,0.11196608960349229,0.10605473224588333,
ENSP00000443641_S90,ENSP00000443641,False,0.05686094304675096,-1.0850526048177553,-0.3646449295431693
ENSP00000443641_S96,ENSP00000443641,False,0.05686094304675096,-1.0850526048177553,-0.3646449295431693
ENSP00000443641_S100,ENSP00000443641,False,0.4998841458919099,0.1762431256925039,
ENSP00000443641_S103,ENSP00000443641,False,0.4998841458919099,0.2894332029156619,
ENSP00000443641_S177,ENSP00000443641,False,-0.0031350429148282962,-0.060046088536307655,-0.10059750149446528
ENSP00000443641_S234,ENSP00000443641,False,0.18841811121963456,0.02529167139747446,1.1330154476254335
ENSP00000382576:map.15/40898643/C:p.R43T:n.G40898643C:c.aGa/aCa_S32,ENSP00000382576:map.15/40898643/C:p.R43T:n.G40898643C:c.aGa/aCa,False,-0.1041964775587873,-0.2064474743158046,-0.3120019073108911
ENSP00000382576:map.15/40898643/C:p.R43T:n.G40898643C:c.aGa/aCa_S60,ENSP00000382576:map.15/40898643/C:p.R43T:n.G40898643C:c.aGa/aCa,False,,,-0.7803636961597171
SLX4IP_S396,SLX4IP,False,0.26654616534128944,-0.03803594701204794,-0.18501897297068648
TCF20_S1322,TCF20,False,-0.1719371602046407,-0.3140150132440975,-0.38674879361563086
TCF20_S966,TCF20,False,,0.054640130538345405,
TCF20_S1005,TCF20,False,0.158854029516618,,
TCF20_S1019,TCF20,False,0.27346886650203983,0.11967350105075229,0.5874610073779383
TCF20_S574,TCF20,False,0.15510155812570256,0.34720074087979474,0.10527578341568686
TCF20_S583,TCF20,False,,0.34720074087979474,0.10527578341568686
PPFIA3_S17,PPFIA3,False,,0.0012978415956467913,
PPFIA3_S1155,PPFIA3,False,,0.549619889097734,1.1816750614148968
PPFIA3_S508,PPFIA3,False,0.05302885464674694,0.11401285232730685,-0.015765296437914744
PPFIA3_S512,PPFIA3,False,0.03509841576170084,0.11401285232730685,-0.015765296437914744
PITPNC1_S299,PITPNC1,False,-0.05134685179733469,-0.101879801221751,-0.1800370070462767
PITPNC1_S270,PITPNC1,False,,,0.030547964162966627
PITPNC1_S274,PITPNC1,False,,,0.05255500943410528
FOXK2_S30,FOXK2,False,0.17738491613234295,0.24623109782367514,0.2610748073846893
FOXK2_S195,FOXK2,False,0.2887719672474021,,
FOXK2_S170,FOXK2,False,,-0.8129417418882001,0.26159098896412525
FOXK2_S424,FOXK2,False,0.8247575702818261,0.5556914632268686,0.535470289693295
FOXK2_S428,FOXK2,False,0.8247575702818261,0.5556914632268686,0.535470289693295
FOXK2_S373,FOXK2,False,-0.030256552360572394,0.3027377175200118,0.1779815563133707
FOXK2_S398,FOXK2,False,,-0.35437211486586584,-0.2685908118384377
TTC7B_S673,TTC7B,False,-0.057166494930063275,,
TTC7B_S677,TTC7B,False,-0.08141613036434035,0.017066724189833377,-0.11256831251244644
TTC7B_S678,TTC7B,False,-0.08141613036434035,0.017066724189833377,-0.11256831251244644
ZNF446_S137,ZNF446,False,-0.2342615934186923,0.0449024756703739,0.0046092245824704645
CBX3_S93,CBX3,False,0.2383098386472169,0.2541654465505863,0.12770951861052685
CBX3_S95,CBX3,False,0.0069265795938802804,-0.017815295410171808,0.05242013356706872
CBX3_S97,CBX3,False,0.21670562635867452,0.39768865363628386,0.19965371883051616
CBX3_S99,CBX3,False,0.3091761874785146,-0.046012197382538915,
LARP1_S440,LARP1,False,-0.1555469032537721,-0.05620941973076963,-0.1254421813917772
LARP1_S444,LARP1,False,-0.12776249246714255,-0.3622760870619904,-0.05432697250230481
LARP1_S469,LARP1,False,0.025228628962051095,0.06227909173264911,0.06734708892192051
LARP1_S471,LARP1,False,0.06554206535281067,-0.17207169593088992,-0.019895118037719272
LARP1_S88,LARP1,False,0.5153129086553233,-0.4263660435577338,-0.4574228641149868
LARP1_S747,LARP1,False,0.06708546539551934,-0.011788900917671425,-0.02416037726891283
LARP1_S550,LARP1,False,0.07585232931542853,0.003258419672076638,0.048173369504907776
LARP1_S554,LARP1,False,0.023736312816211982,0.14316265813900422,0.05410878496935428
LARP1_S689,LARP1,False,-0.320561862307673,-0.151442958333617,0.01902961452999661
LARP1_S697,LARP1,False,-0.37998344666164274,-0.3001920613072012,-0.23549761117906612
SUPT7L_S321,SUPT7L,False,,0.09677305579231871,0.1646575752536617
SUPT7L_S332,SUPT7L,False,,0.09677305579231871,0.1646575752536617
FIP1L1_S304,FIP1L1,False,0.12959683310576992,0.05267321990003204,0.10694281546086219
FIP1L1_S62,FIP1L1,False,,-0.24083106945328228,-0.30181708942612023
ENSP00000336775:map.15/99669628/T:p.R354W:n.A99669628T:c.Agg/Tgg_S1037,ENSP00000336775:map.15/99669628/T:p.R354W:n.A99669628T:c.Agg/Tgg,False,-0.01802378991915518,-0.006825641809693943,
ENSP00000336775:map.15/99669628/T:p.R354W:n.A99669628T:c.Agg/Tgg_S1039,ENSP00000336775:map.15/99669628/T:p.R354W:n.A99669628T:c.Agg/Tgg,False,-0.01802378991915518,-0.006825641809693943,
ENSP00000336775:map.15/99669628/T:p.R354W:n.A99669628T:c.Agg/Tgg_S1043,ENSP00000336775:map.15/99669628/T:p.R354W:n.A99669628T:c.Agg/Tgg,False,-0.20320504782141088,-0.09560100663803561,-0.163687315982482
ENSP00000336775:map.15/99669628/T:p.R354W:n.A99669628T:c.Agg/Tgg_S1048,ENSP00000336775:map.15/99669628/T:p.R354W:n.A99669628T:c.Agg/Tgg,False,-0.04739612593074565,0.04837287643930141,-0.3363747623682763
ENSP00000336775:map.15/99669628/T:p.R354W:n.A99669628T:c.Agg/Tgg_S652,ENSP00000336775:map.15/99669628/T:p.R354W:n.A99669628T:c.Agg/Tgg,False,-0.0795237540258301,,0.07547399111109435
TUBA1B_S340,TUBA1B,False,0.0946414541150623,0.43861223210088557,0.3350609117707103
SLK_S779,SLK,False,,0.44847812141147714,-0.510621973500201
SLK_S14,SLK,False,0.03435659664664159,,
SLK_S189,SLK,False,0.293069389657872,0.18636765333280217,0.22687840419626878
SLK_S372,SLK,False,,-0.002050082861621105,-0.5864059175908248
ACTR8_S412,ACTR8,False,0.022392905534512703,0.17938365435629777,0.1294939367941765
HMG20A_S105,HMG20A,False,0.08634536651002006,0.1368500744914875,0.1435598224051255
ENSP00000455917_S39,ENSP00000455917,False,0.22565928388915502,0.03572253635232548,-0.0939080767454618
ZNF644_S1000,ZNF644,False,0.7114068004458474,,0.12880935486960116
ZNF644_S1189,ZNF644,False,-0.03922314610868015,0.19154388367312547,0.17194587620836677
MIER3_S52,MIER3,False,,0.4817122620033042,
MIER3_S53,MIER3,False,,0.4817122620033042,
ENSP00000433547:map.6/4031998/G:p.I83V:n.A4031998G:c.Att/Gtt_S20,ENSP00000433547:map.6/4031998/G:p.I83V:n.A4031998G:c.Att/Gtt,False,-0.1442494432353531,-0.7475601186213162,0.14563588763242963
ENSP00000433547:map.6/4031998/G:p.I83V:n.A4031998G:c.Att/Gtt_S23,ENSP00000433547:map.6/4031998/G:p.I83V:n.A4031998G:c.Att/Gtt,False,-0.1442494432353531,-0.7475601186213162,0.14563588763242963
ENSP00000433547:map.6/4031998/G:p.I83V:n.A4031998G:c.Att/Gtt_S32,ENSP00000433547:map.6/4031998/G:p.I83V:n.A4031998G:c.Att/Gtt,False,0.14611603830550143,0.020997802787451888,0.23110159976338412
ENSP00000433547:map.6/4031998/G:p.I83V:n.A4031998G:c.Att/Gtt_S431,ENSP00000433547:map.6/4031998/G:p.I83V:n.A4031998G:c.Att/Gtt,False,0.10497090409006506,0.07016792932415368,0.16603961748151325
ENSP00000433547:map.6/4031998/G:p.I83V:n.A4031998G:c.Att/Gtt_S437,ENSP00000433547:map.6/4031998/G:p.I83V:n.A4031998G:c.Att/Gtt,False,0.08390295838876888,0.07016792932415368,0.16603961748151325
ENSP00000433547:map.6/4031998/G:p.I83V:n.A4031998G:c.Att/Gtt_S87,ENSP00000433547:map.6/4031998/G:p.I83V:n.A4031998G:c.Att/Gtt,False,0.15122948303616593,0.11980398847636026,0.1120748733098694
ENSP00000433547:map.6/4031998/G:p.I83V:n.A4031998G:c.Att/Gtt_S93,ENSP00000433547:map.6/4031998/G:p.I83V:n.A4031998G:c.Att/Gtt,False,0.25211372782081076,0.11980398847636026,0.1120748733098694
ENSP00000433547:map.6/4031998/G:p.I83V:n.A4031998G:c.Att/Gtt_S277,ENSP00000433547:map.6/4031998/G:p.I83V:n.A4031998G:c.Att/Gtt,False,0.24037539449809223,0.1596508025036539,-0.04826341699107058
ENSP00000433547:map.6/4031998/G:p.I83V:n.A4031998G:c.Att/Gtt_S328,ENSP00000433547:map.6/4031998/G:p.I83V:n.A4031998G:c.Att/Gtt,False,,0.11529964402554728,
ENSP00000433547:map.6/4031998/G:p.I83V:n.A4031998G:c.Att/Gtt_S292,ENSP00000433547:map.6/4031998/G:p.I83V:n.A4031998G:c.Att/Gtt,False,0.1251534445759502,0.04252303059147766,0.20545131988313625
ENSP00000433547:map.6/4031998/G:p.I83V:n.A4031998G:c.Att/Gtt_S294,ENSP00000433547:map.6/4031998/G:p.I83V:n.A4031998G:c.Att/Gtt,False,-1.2728633506556053,-0.0011449440860084408,-0.6570328143190896
ENSP00000433547:map.6/4031998/G:p.I83V:n.A4031998G:c.Att/Gtt_S410,ENSP00000433547:map.6/4031998/G:p.I83V:n.A4031998G:c.Att/Gtt,False,-0.028658167050866146,,
ENSP00000433547:map.6/4031998/G:p.I83V:n.A4031998G:c.Att/Gtt_S411,ENSP00000433547:map.6/4031998/G:p.I83V:n.A4031998G:c.Att/Gtt,False,-0.028658167050866146,,
ENSP00000433547:map.6/4031998/G:p.I83V:n.A4031998G:c.Att/Gtt_S354,ENSP00000433547:map.6/4031998/G:p.I83V:n.A4031998G:c.Att/Gtt,False,-0.03697219591531702,0.016355554606271777,-0.06732567739558024
ENSP00000433547:map.6/4031998/G:p.I83V:n.A4031998G:c.Att/Gtt_S356,ENSP00000433547:map.6/4031998/G:p.I83V:n.A4031998G:c.Att/Gtt,False,-0.03697219591531702,0.016355554606271777,-0.06732567739558024
ENSP00000433547:map.6/4031998/G:p.I83V:n.A4031998G:c.Att/Gtt_S427,ENSP00000433547:map.6/4031998/G:p.I83V:n.A4031998G:c.Att/Gtt,False,0.06616633123122279,0.0066539444668406176,-0.009989346505194474
ENSP00000433547:map.6/4031998/G:p.I83V:n.A4031998G:c.Att/Gtt_S239,ENSP00000433547:map.6/4031998/G:p.I83V:n.A4031998G:c.Att/Gtt,False,,0.04614178164472063,0.04236417524800773
ENSP00000433547:map.6/4031998/G:p.I83V:n.A4031998G:c.Att/Gtt_S241,ENSP00000433547:map.6/4031998/G:p.I83V:n.A4031998G:c.Att/Gtt,False,,0.04614178164472063,0.04236417524800773
ENSP00000433547:map.6/4031998/G:p.I83V:n.A4031998G:c.Att/Gtt_S366,ENSP00000433547:map.6/4031998/G:p.I83V:n.A4031998G:c.Att/Gtt,False,0.04143577637426468,0.029359938890125,0.07539832431828924
ENSP00000433547:map.6/4031998/G:p.I83V:n.A4031998G:c.Att/Gtt_S368,ENSP00000433547:map.6/4031998/G:p.I83V:n.A4031998G:c.Att/Gtt,False,0.04143577637426468,0.029359938890125,0.07539832431828924
ENSP00000433547:map.6/4031998/G:p.I83V:n.A4031998G:c.Att/Gtt_S451,ENSP00000433547:map.6/4031998/G:p.I83V:n.A4031998G:c.Att/Gtt,False,0.06598582949858534,,0.014069582501655862
ENSP00000433547:map.6/4031998/G:p.I83V:n.A4031998G:c.Att/Gtt_S453,ENSP00000433547:map.6/4031998/G:p.I83V:n.A4031998G:c.Att/Gtt,False,0.06598582949858534,,0.014069582501655862
ENSP00000433547:map.6/4031998/G:p.I83V:n.A4031998G:c.Att/Gtt_S387,ENSP00000433547:map.6/4031998/G:p.I83V:n.A4031998G:c.Att/Gtt,False,-0.8945437804759621,-0.9090594197392659,0.2501126796923753
ENSP00000433547:map.6/4031998/G:p.I83V:n.A4031998G:c.Att/Gtt_S578,ENSP00000433547:map.6/4031998/G:p.I83V:n.A4031998G:c.Att/Gtt,False,-0.08996198632129931,-0.12573411605729315,-0.22046597626460818
ENSP00000433547:map.6/4031998/G:p.I83V:n.A4031998G:c.Att/Gtt_S580,ENSP00000433547:map.6/4031998/G:p.I83V:n.A4031998G:c.Att/Gtt,False,-0.08996198632129931,-0.17934335917538355,-0.1842785923994872
ENSP00000433547:map.6/4031998/G:p.I83V:n.A4031998G:c.Att/Gtt_S142,ENSP00000433547:map.6/4031998/G:p.I83V:n.A4031998G:c.Att/Gtt,False,0.18592385919508375,0.20721367994555315,0.2582355690379447
ENSP00000433547:map.6/4031998/G:p.I83V:n.A4031998G:c.Att/Gtt_S144,ENSP00000433547:map.6/4031998/G:p.I83V:n.A4031998G:c.Att/Gtt,False,0.18592385919508375,0.20721367994555315,0.2582355690379447
MEF2A_S233,MEF2A,False,,0.10259094958809113,
MEF2A_S398,MEF2A,False,,0.03354251987319026,0.11593922465282724
MEF2A_S253,MEF2A,False,,-0.08629292937978424,
ASXL2_S806,ASXL2,False,0.48532377384394415,,
ASXL2_S686,ASXL2,False,1.2755434872328781,,
ASXL2_S367,ASXL2,False,0.3202183806051121,0.0900614007976647,
ENSP00000476895_S919,ENSP00000476895,False,-0.2137884080917085,-0.26448741803977965,-0.2960941013429935
ENSP00000337313_S658,ENSP00000337313,False,-0.8511830073778656,-0.4977910508146411,
SIRT6_S303,SIRT6,False,0.4681843112534903,0.4516305400323363,-0.12727366067683213
TDP1_S148,TDP1,False,0.17286922415139608,,
ZFP36L1_S192,ZFP36L1,False,,0.8242383266037139,
ZFP36L1_S92,ZFP36L1,False,-1.037341486165329,-1.2418856826222975,
ZFP36L1_S54,ZFP36L1,False,-0.8761192901925184,-0.6943223942888492,-0.8215307196531197
ELAC2_S208,ELAC2,False,-0.3489597930064086,-0.30896857494113183,-0.13511063553025032
STARD3_S203,STARD3,False,-0.25189948584792204,-0.0570614281084765,
PPP2R5E_S32,PPP2R5E,False,-0.012868615972722033,0.25113254538611096,0.1988283733777934
PPP2R5E_S33,PPP2R5E,False,0.011998452869813001,0.23798883300945062,0.3184313397559896
PPP2R5E_S34,PPP2R5E,False,-0.11442940800485173,0.2248028298596259,0.6117389574989458
SLC26A6_S644,SLC26A6,False,0.09679265023146663,-0.09552858695429528,-0.20143221687003204
SLC26A6_S647,SLC26A6,False,0.09679265023146663,-0.07806950564334425,-0.20143221687003204
EBAG9_S36,EBAG9,False,-0.1687378650493069,-0.10605078420978947,-0.19813438384561252
ENSP00000337701:map.11/824789/C:p.L481P:n.T824789C:c.cTg/cCg_S428,ENSP00000337701:map.11/824789/C:p.L481P:n.T824789C:c.cTg/cCg,False,0.40031932286448507,0.26300415368780106,1.426264754702098
AKAP1_S441,AKAP1,False,0.24957558637906865,0.22751332667128682,0.18017777786380756
AKAP1_S445,AKAP1,False,-0.04300099690029374,-0.0346142256114772,-0.020270039170602966
ZFYVE19_S331,ZFYVE19,False,0.14250761976547385,-0.25539038286451415,0.014959875855621122
RTN4_S181.1,RTN4,False,-0.23271000920510046,-0.16490744945553903,-0.25448689101187527
RTN4_S182,RTN4,False,-0.23946453391095768,-0.07592121866244696,-0.24060445390975319
RTN4_S184,RTN4,False,-0.27814994912533136,-0.12199764052002433,-0.17360823472742035
ENSP00000471677_S391,ENSP00000471677,False,-0.10286802269215284,-0.011892717773246662,0.29231058820442585
NCKAP5L_S286,NCKAP5L,False,-1.5466641257909508,-1.3445942390437755,-0.7369643823033898
NCKAP5L_S292,NCKAP5L,False,-1.6600493738113435,-1.3445942390437755,-0.7369643823033898
NCKAP5L_S208,NCKAP5L,False,-0.6424325296291656,0.08866178881118314,0.03626328382275073
NCKAP5L_S211,NCKAP5L,False,0.3105796042607165,0.08208142515003951,0.0038900274333718426
NCKAP5L_S213,NCKAP5L,False,-0.7329004658290366,0.10132549744700216,0.32239624406041334
NCKAP5L_S192,NCKAP5L,False,-0.8204379945121211,-0.21185269941312648,-0.07301728755349055
TESK1_S437,TESK1,False,-0.3234591396186568,-0.38478048977697993,-0.14782419786672651
TESK1_S441,TESK1,False,-0.3234591396186568,-0.3845765545283753,-0.14782419786672651
ENSP00000440093_S122,ENSP00000440093,False,0.10467053000553983,0.5768909040193644,0.18040192519210474
ENSP00000440093_S126,ENSP00000440093,False,0.013403966976247591,-0.09430562793393815,-0.021970921754590002
ENSP00000440093_S80,ENSP00000440093,False,-0.00659887680760373,0.011981882108794695,-0.06043243753989662
ENSP00000440093_S531,ENSP00000440093,False,-0.17859515305303877,-0.2314053231418172,
ENSP00000440093_S26,ENSP00000440093,False,-0.2107682111644657,-0.13127687974612245,-0.08569431784004551
ENSP00000440093_S644,ENSP00000440093,False,0.005040616700530137,,
ENSP00000458999_S222,ENSP00000458999,False,-1.3565634538519162,-1.049929357184075,-0.720231578406405
ENSP00000458999_S95,ENSP00000458999,False,-0.8981594842193235,-0.5910974474911719,-0.5045317781925229
ENSP00000458999_S110,ENSP00000458999,False,-0.3701592087723011,-0.29963122234580825,-0.3125829688248866
ENSP00000458999_S393,ENSP00000458999,False,,-0.3728788108652272,-0.016307714275430894
ENSP00000458999_S395,ENSP00000458999,False,-0.049764492667628835,-0.1912071512493405,0.022790421161311275
ZNF532_S314,ZNF532,False,-0.39117506271014146,0.14302129680913375,
ZNF532_S307,ZNF532,False,0.19333019538430424,-0.04493701955208206,
MTDH_S457,MTDH,False,0.4281423909783303,-0.3542798986494232,
MTDH_S298,MTDH,False,-0.3796148531226029,-0.3445912900512282,-0.5140078988939524
MTDH_S568,MTDH,False,0.20862461314815417,0.34747860209427267,0.42286289632050855
MTDH_S426,MTDH,False,-0.23750182980909929,-0.18169865385408115,-0.19700234845880316
MTDH_S308,MTDH,False,0.20631104021913524,-0.05793491417890323,0.0997664862929298
MTDH_S311,MTDH,False,-0.25135640853230545,0.08738341944157503,0.0997664862929298
CDC42EP4_S64,CDC42EP4,False,0.14143279092929553,0.09957972146093746,0.09378289046838861
CDC42EP4_S292,CDC42EP4,False,-0.09644120174170928,0.3038797312723987,0.3881344188141454
CDC42EP4_S295,CDC42EP4,False,0.17796348068639548,0.12966592829285117,0.3881344188141454
CDC42EP4_S138,CDC42EP4,False,0.22021353466688062,0.20893367653663417,-0.11263224688883436
CDC42EP4_S140,CDC42EP4,False,0.11299398289375864,-0.022303207999829582,-0.3115215471915565
CDC42EP4_S142,CDC42EP4,False,-0.21582252338273292,0.09032727020952865,-0.08008554151761993
CDC42EP4_S118,CDC42EP4,False,0.6784325337961525,0.5022580780968541,0.23637561853366185
CDC42EP4_S174,CDC42EP4,False,-1.990309225067229,-1.8281584724055435,-1.8828202838790375
ENSP00000445118_S122,ENSP00000445118,False,,0.26651671275450495,
TNRC6B_S958,TNRC6B,False,0.06791401408846634,-0.15854990189067147,-0.3709185383037205
TNRC6B_S1322,TNRC6B,False,,-0.19050323599911453,
HLCS_S124,HLCS,False,-0.29010946906100515,,
ENSP00000474757_S835,ENSP00000474757,False,-0.17762062762432007,-0.10522832862074748,-0.4708598009914693
ENSP00000474757_S816,ENSP00000474757,False,,-0.06402738512891515,-0.10457328120492573
ENSP00000474757_S820,ENSP00000474757,False,,-0.06402738512891515,-0.10457328120492573
ENSP00000474757_S46,ENSP00000474757,False,-0.10214376271365731,-0.15279912416952376,-0.17664583761327776
ENSP00000474757_S4,ENSP00000474757,False,0.08751133813514764,0.13553486976118947,0.10722539909634936
HNRNPF_S104,HNRNPF,False,-0.12212325149889094,-0.023340273297798003,-0.2198828855790429
EPB41L2_S715,EPB41L2,False,-0.555438939627216,-0.09004786213516028,-0.32140604131285255
EPB41L2_S718,EPB41L2,False,0.130667339815507,0.4170558598131493,0.03604610015685955
EPB41L2_S39,EPB41L2,False,1.1623389577245968,-0.0628991241079039,-0.48119912965989187
EPB41L2_S58,EPB41L2,False,0.02270279550108234,0.22487058438516971,0.049073096654305606
EPB41L2_S598,EPB41L2,False,-0.5270695554711338,0.35553154173429496,0.201262264682525
EPB41L2_S548,EPB41L2,False,0.1654296204241852,-0.013567219688749285,
EPB41L2_S550,EPB41L2,False,0.03241091614693711,-0.013567219688749285,
EPB41L2_S87,EPB41L2,False,-0.06845308834550974,-0.03626731865234976,0.06198123553718569
RGS12_S876,RGS12,False,-0.22838482012487932,,
RGS12_S879,RGS12,False,-0.22838482012487932,,
RGS12_S172,RGS12,False,,,-0.5497468258769793
FNDC3B_S208,FNDC3B,False,0.02644598030380087,-0.2564535948090493,-0.15542916216466898
TTC33_S197,TTC33,False,-0.0846666355276391,-0.1910676304469997,-0.0488844035215961
GRB10_S46,GRB10,False,-0.3379586076938092,0.06737539336723582,0.6188024652975002
SSX2B_S108,SSX2B,False,0.07434176926246457,0.6075484271333542,0.837862529421237
GNL3L_S465,GNL3L,False,0.07276081590199991,0.00960966979762979,
RERE_S1106,RERE,False,,0.1426094872986651,
RERE_S1113,RERE,False,,0.1426094872986651,
RERE_S1115,RERE,False,,0.1426094872986651,
RERE_S656,RERE,False,0.25779734553021794,0.25450096224091956,0.11562684919788366
RERE_S594,RERE,False,0.05884264172394607,0.03970232931181085,-0.060430841838566694
RERE_S641,RERE,False,0.1926154700766391,0.10279412914328889,0.23099369148331234
RERE_S642,RERE,False,0.21227485600024726,0.1796097928527891,0.1842232610991111
RERE_S1266,RERE,False,,0.014212444812104711,
RERE_S675,RERE,False,0.29972444554986016,0.014538346009477015,
RERE_S679,RERE,False,0.29972444554986016,0.014538346009477015,
ATXN2L_S306,ATXN2L,False,0.3297550857447468,1.01895436938721,0.5594428659780781
ATXN2L_S594,ATXN2L,False,-0.004617559796521169,0.07470654827243077,0.03396946476643889
ATXN2L_S409,ATXN2L,False,0.19331573919553582,0.5347282329392016,0.4662627707849677
ATXN2L_S111,ATXN2L,False,-0.07725986822409733,-0.10917613915134745,-0.06968497375290668
ATXN2L_S449,ATXN2L,False,-0.2603785110453397,-0.31297356498663037,-0.29726552762064345
ATXN2L_S335,ATXN2L,False,0.4521659361485431,0.7475117568493937,0.44223849565694373
ATXN2L_S339,ATXN2L,False,0.36735049711883233,0.4825379988065304,0.5356251210282269
ATXN2L_S680,ATXN2L,False,-0.07066285652050033,-0.1705125295981029,0.06987543460707668
ATXN2L_S684,ATXN2L,False,-0.3138556204457674,-0.32234924499422496,-0.003506699391995244
LRRFIP2_S18,LRRFIP2,False,-0.008479060923436702,0.5792767108286277,
LRRFIP2_S88,LRRFIP2,False,0.22914210415645941,0.1865455025452771,0.18682481109521998
LRRFIP2_S96,LRRFIP2,False,0.09828006764999081,-0.0024733969466494746,0.07339351364457515
NPHP3_S1304,NPHP3,False,-0.3257563113758429,,
PAX3_S201,PAX3,False,0.004033901284489715,,
PAX3_S205,PAX3,False,0.004033901284489715,,
PAX3_S209,PAX3,False,0.004033901284489715,,
STARD13_S258,STARD13,False,0.2272543221648328,0.7096735891549044,1.0826585152513357
STARD13_S411,STARD13,False,0.03365634851979762,0.10518481834812211,-0.2139797215840549
STARD13_S133,STARD13,False,-0.2934102709338644,-0.01816544533855548,0.267835392097615
STARD13_S389,STARD13,False,0.08979503658372041,-0.023196473510433926,0.25195462852462797
STARD13_S589,STARD13,False,,-0.011995244065435767,-0.28583226363185277
ZC3H15_S381,ZC3H15,False,0.048668334193116725,0.016679340857060087,-0.07592375999892696
IL6ST_S606,IL6ST,False,,-0.7731215958037312,
PCGF6_S115,PCGF6,False,0.34255474547732023,,
ENSP00000472063_S717,ENSP00000472063,False,-0.15991195596710048,-0.17911474273434239,-0.14476465510259245
ENSP00000472063_S720,ENSP00000472063,False,-0.1197616397723727,-0.1285155538751266,-0.14346021870014786
ENSP00000472063_S743,ENSP00000472063,False,-0.277592402542765,-0.21919680638321024,-0.1648451036971351
ENSP00000472063_S884,ENSP00000472063,False,-0.5966220804252701,-0.670916325510788,-0.4677560097055626
ENSP00000472063_S84,ENSP00000472063,False,,,0.10849100259224341
C2CD2L_S661,C2CD2L,False,0.03758544467876091,0.1646530912785989,0.02623821957279347
C2CD2L_S663,C2CD2L,False,0.19656967170560552,-0.07781737801686889,
C2CD2L_S464,C2CD2L,False,0.024384859116868756,-0.03547596237437395,0.08156418663528016
C2CD2L_S620,C2CD2L,False,-0.21606994417675124,-0.05615567305103936,0.09895848008816877
C2CD2L_S624,C2CD2L,False,-0.21606994417675124,0.09193023549101226,0.09895848008816877
LRRC8D_S656,LRRC8D,False,-0.12098438335142489,,
LRRC8D_S658,LRRC8D,False,-0.12098438335142489,,
GGT7_S72,GGT7,False,-0.9517696706692363,-1.6626866795556219,-2.2875912279463
ATAD1_S317,ATAD1,False,-0.13602054247644055,,-0.27586990292754504
ATAD1_S322,ATAD1,False,-0.06865166701133817,-0.027819980794652182,-0.17807972026863378
RPLP0_S304,RPLP0,False,0.07737974079701358,,
RPLP0_S307,RPLP0,False,0.07737974079701358,,
ZFP91-CNTF_S83,ZFP91-CNTF,False,-0.02690019447412196,-0.1338342784507801,-0.06413237413198916
ZFP91-CNTF_S103,ZFP91-CNTF,False,-0.0006060591985159599,-0.04914975225357664,
ZFP91-CNTF_S110,ZFP91-CNTF,False,-0.027763199370175635,,
RPL32_S131,RPL32,False,0.11598737131496746,0.03300759041236511,0.029841557136715123
MRTFB_S808,MRTFB,False,,-0.4143451718045214,
RBMX2_S314,RBMX2,False,,0.05935527761642124,-0.2809877586184831
RBMX2_S272,RBMX2,False,0.3423271731066474,0.3231073888039231,
ANAPC1_S355,ANAPC1,False,-0.24298237165701778,-0.694582477204026,-0.4143895291635623
ANAPC1_S362,ANAPC1,False,-0.24298237165701778,-0.694582477204026,-0.4143895291635623
ANAPC1_S377,ANAPC1,False,-0.7116387704073742,-0.09470714696969043,
ANAPC1_S1347,ANAPC1,False,0.4389751908111307,0.7301591076950107,0.36446037396026143
ANAPC1_S547,ANAPC1,False,-0.42420362467091827,,
ANAPC1_S686,ANAPC1,False,-0.24854564236206678,-0.23112793396022524,0.009801117590461938
ANAPC1_S688,ANAPC1,False,-0.29681241488400784,-0.37724863153447724,-0.27139758321671337
ANAPC1_S60,ANAPC1,False,-0.21723919207893208,-0.37183300071367614,0.13343200698073496
VIPAS39_S121,VIPAS39,False,0.15079832988054442,-0.04906871641354933,
RRP1B_S513,RRP1B,False,0.10083731702303737,0.0036567911265592,-0.23390856279712746
RRP1B_S731,RRP1B,False,-0.04456815494449299,-0.19010816649821644,-0.20777089985381034
RRP1B_S732,RRP1B,False,-0.19038625578715654,-0.19514280408738227,-0.0694427614186319
RRP1B_S735,RRP1B,False,-0.22299704022663822,-0.35799164274287676,-0.08177266020242735
RRP1B_S736,RRP1B,False,-0.2300081192385164,-0.23285673539077323,-0.08591060752567031
RRP1B_S245,RRP1B,False,-0.07761394740378931,0.07282219754659731,-0.05579251283492703
CAV1_S37,CAV1,False,-0.5111205953809645,-0.09740832479623884,-0.20426629442180258
CAV1_S2,CAV1,False,-0.1327507839317652,0.03944792240813199,-0.17660043313372525
ENSP00000339197_S33,ENSP00000339197,False,,0.0174943794592725,
TRIO_S2455,TRIO,False,-2.521715572772371,,-1.9378127745710054
TRIO_S1785,TRIO,False,,,0.8451086272301235
TRIO_S1786,TRIO,False,,,0.8451086272301235
TRIO_S2631,TRIO,False,0.40551352802807006,,
TRIO_S2417,TRIO,False,-0.18463544017686195,-0.15456233241980516,-0.08355392955598819
NELFB_S557,NELFB,False,-0.3576718580348088,-0.24743395950946478,-0.16591839089373553
FOXO3_S7,FOXO3,False,-1.8521983756350082,-1.4699692221799905,-0.2856006030695974
FOXO3_S12,FOXO3,False,-1.8521983756350082,-1.4699692221799905,-0.2856006030695974
POP1_S729,POP1,False,-0.07177050176928051,0.024074978117505724,0.07954337865584217
POP1_S730,POP1,False,-0.049604054842344945,-0.053977093248198105,-0.09600325496690328
H1-2_S36,H1-2,False,-0.06541307441667107,-0.10453024044077491,-0.18645678219226772
H1-2_S2,H1-2,False,,-0.2816493345493662,-0.2375175910836233
BRAT1_S742,BRAT1,False,-0.18889071614001274,-0.026557237376617266,-0.017344697914009017
TRIM2_S456,TRIM2,False,,0.5430008774024256,
TRIM2_S459,TRIM2,False,,0.5430008774024256,
TRIM2_S424,TRIM2,False,0.15968961939318468,0.011913706838788401,-0.02863990601760513
TRIM2_S428,TRIM2,False,0.03871758531330825,-0.06938157762972706,-0.04818398171596574
TRIM2_S375,TRIM2,False,,0.07546417426251252,
TRIM2_S440,TRIM2,False,,0.10688428869154283,
CIRSR_S202,CIRSR,False,-0.11706775849739857,0.11063050809643446,0.10831792333150096
CIRSR_S392,CIRSR,False,-0.07230715707901714,-0.006383848398453962,
CIRSR_S394,CIRSR,False,-0.07230715707901714,-0.006383848398453962,
CIRSR_S390,CIRSR,False,0.12406339602707796,0.12416073818433629,
DROSHA_S300,DROSHA,False,-0.19545721973926866,-0.06489219452149364,-0.014362091795330465
DROSHA_S302,DROSHA,False,-0.19545721973926866,-0.06489219452149364,-0.014362091795330465
DROSHA_S355,DROSHA,False,-0.35284328940253945,-0.18142305486088098,0.13737236369339767
DROSHA_S357,DROSHA,False,-0.005498982278467147,0.003746139232894637,-0.2293823533437969
MIOS_S766,MIOS,False,0.2725983414796229,1.152122729687044,0.7918575825083318
ECPAS_S827,ECPAS,False,0.6924497818322838,1.8784899403524935,0.7330564816142361
EME1_S12,EME1,False,0.014355292977070054,-0.02144476582916897,
EME1_S15,EME1,False,0.014355292977070054,-0.02144476582916897,-0.00895803611684346
EME1_S84,EME1,False,0.08317533179405084,0.12149356870922541,0.38660702205368497
EME1_S85,EME1,False,0.1721490424005423,0.12149356870922541,0.38660702205368497
EME1_S87,EME1,False,0.1721490424005423,0.12149356870922541,0.38660702205368497
EME1_S111,EME1,False,0.15376038913542048,-0.04224782150544024,0.1658154881323355
EME1_S117,EME1,False,-0.14088917045569402,,
LIMK2_S211,LIMK2,False,0.04265210028815677,-0.3251778160381778,
LIMK2_S215,LIMK2,False,-0.6802433517916661,-0.3466647732088688,
ENSP00000472882_S147,ENSP00000472882,False,-0.14619592670974152,,
NISCH_S1284,NISCH,False,,-0.49881056141946256,
HSPD1_S70,HSPD1,False,0.0028455961532328176,0.008131312659210242,-0.07810862762634789
LIMA1_S369,LIMA1,False,0.19307782154636707,-0.3315177504586711,
LIMA1_S374,LIMA1,False,-0.02747678695387167,-0.03447659907000327,0.016939277328576252
LIMA1_S362,LIMA1,False,-0.03833134184398277,-0.03999785921841535,-0.002815993641867187
LIMA1_S686,LIMA1,False,0.03652477383656146,0.1540336757201863,0.006642762629964692
LIMA1_S692,LIMA1,False,-0.07592752342695415,0.12446048627433613,-0.04526591561313379
LIMA1_S698,LIMA1,False,-0.1579465920819431,-0.19914003246620157,-0.1484966700301766
LIMA1_S490,LIMA1,False,-0.14945723563050092,-0.13778519711605178,-0.15041061446923026
LIMA1_S132,LIMA1,False,-0.1429426252886664,-0.057655770346742755,0.0043216059500934675
LIMA1_S604,LIMA1,False,,-0.7004505383944747,-1.0452825519917386
LIMA1_S609,LIMA1,False,0.15817821036269455,0.1515764496836135,0.3850250895104107
KLC4_S590,KLC4,False,0.0669226977499306,0.011565802963463908,0.29346358039957793
KLC4_S565,KLC4,False,-0.07852340534710371,0.2173502266567945,0.1603288204317826
KLC4_S566,KLC4,False,0.3755112898287141,0.40614200642890164,0.1603288204317826
SH3BP4_S131,SH3BP4,False,-0.8643075390238758,-1.4969973495948692,
SH3BP4_S279,SH3BP4,False,,2.086919606737326,
TAF3_S229,TAF3,False,-0.06749535319487468,0.04096254777849784,
TAF3_S243,TAF3,False,-0.06749535319487468,-0.023258597009121435,-0.15556613744233294
TAF3_S183,TAF3,False,-0.7287894891702926,-0.7611124033189632,-0.7574767568316924
TAF3_S297,TAF3,False,-0.039772450913768104,-0.03630245979525009,-0.3228869250409765
TAF3_S301,TAF3,False,-0.039772450913768104,-0.06764241262493623,-0.3228869250409765
FERMT2_S666,FERMT2,False,-0.03948828988097554,,
FERMT2_S159,FERMT2,False,-0.16064501715245574,-0.19920831784487644,-0.23126366252043687
SLC20A2_S316,SLC20A2,False,-0.5393517844751319,,
SLC20A2_S253,SLC20A2,False,-0.10634758390821393,-0.0569008165001544,0.05156377039558005
SLC20A2_S256,SLC20A2,False,0.0075981467100775775,0.052337388274582515,0.02687506660003426
SLC20A2_S259,SLC20A2,False,0.003959985556994433,0.0541534563037323,0.022768736705337758
ZNF395_S449,ZNF395,False,-0.26149694836508125,,-0.30505941948668636
TRIM24_S1008,TRIM24,False,-1.638343243200782,-1.784433220473246,
TRIM24_S991,TRIM24,False,-0.06363531564887961,,
TRIM24_S994,TRIM24,False,-0.06363531564887961,,
TRIM24_S777,TRIM24,False,,-0.05817252180991438,-0.1767723864686769
TRIM24_S728,TRIM24,False,0.20138293586405415,0.10923857295264955,0.3597460469054708
ENSP00000340557:map.7/40027484/G:p.T500A:n.A40027484G:c.Acg/Gcg_S383,ENSP00000340557:map.7/40027484/G:p.T500A:n.A40027484G:c.Acg/Gcg,False,-0.10800267387286386,-0.025895448821382644,-0.0398514822071653
ENSP00000340557:map.7/40027484/G:p.T500A:n.A40027484G:c.Acg/Gcg_S385,ENSP00000340557:map.7/40027484/G:p.T500A:n.A40027484G:c.Acg/Gcg,False,-0.20717795699844901,,
ENSP00000340557:map.7/40027484/G:p.T500A:n.A40027484G:c.Acg/Gcg_S436,ENSP00000340557:map.7/40027484/G:p.T500A:n.A40027484G:c.Acg/Gcg,False,0.04012091720087747,,0.2075096577179768
ENSP00000340557:map.7/40027484/G:p.T500A:n.A40027484G:c.Acg/Gcg_S437,ENSP00000340557:map.7/40027484/G:p.T500A:n.A40027484G:c.Acg/Gcg,False,0.5231466991808759,0.3580253818019011,0.5240758550880067
ENSP00000340557:map.7/40027484/G:p.T500A:n.A40027484G:c.Acg/Gcg_S439,ENSP00000340557:map.7/40027484/G:p.T500A:n.A40027484G:c.Acg/Gcg,False,0.032683335278924974,-0.16091598525742534,0.3435664431488469
ENSP00000340557:map.7/40027484/G:p.T500A:n.A40027484G:c.Acg/Gcg_S525,ENSP00000340557:map.7/40027484/G:p.T500A:n.A40027484G:c.Acg/Gcg,False,0.07722316690931903,-0.055698276964494246,-0.03526868981156019
ENSP00000340557:map.7/40027484/G:p.T500A:n.A40027484G:c.Acg/Gcg_S358,ENSP00000340557:map.7/40027484/G:p.T500A:n.A40027484G:c.Acg/Gcg,False,-0.11324555260365277,-0.08092255265808503,-0.13760367786161964
ENSP00000340557:map.7/40027484/G:p.T500A:n.A40027484G:c.Acg/Gcg_S360,ENSP00000340557:map.7/40027484/G:p.T500A:n.A40027484G:c.Acg/Gcg,False,-0.1247123389271018,-0.08092255265808503,0.5365212478709239
ENSP00000340557:map.7/40027484/G:p.T500A:n.A40027484G:c.Acg/Gcg_S363,ENSP00000340557:map.7/40027484/G:p.T500A:n.A40027484G:c.Acg/Gcg,False,-0.1087830379520179,-0.08643078185142794,-0.14955976071429378
ENSP00000340557:map.7/40027484/G:p.T500A:n.A40027484G:c.Acg/Gcg_S315,ENSP00000340557:map.7/40027484/G:p.T500A:n.A40027484G:c.Acg/Gcg,False,0.20847768946569278,-0.07825686407353871,-0.07316152740679226
ENSP00000340557:map.7/40027484/G:p.T500A:n.A40027484G:c.Acg/Gcg_S317,ENSP00000340557:map.7/40027484/G:p.T500A:n.A40027484G:c.Acg/Gcg,False,-0.0857829526559921,-0.07774431376557463,0.3393067677078825
ENSP00000340557:map.7/40027484/G:p.T500A:n.A40027484G:c.Acg/Gcg_S325,ENSP00000340557:map.7/40027484/G:p.T500A:n.A40027484G:c.Acg/Gcg,False,-0.05233879895865481,-0.08240332946975189,0.3393067677078825
ENSP00000340557:map.7/40027484/G:p.T500A:n.A40027484G:c.Acg/Gcg_S340,ENSP00000340557:map.7/40027484/G:p.T500A:n.A40027484G:c.Acg/Gcg,False,0.05241843623890868,-0.31337992229479883,-0.09140569253792091
ENSP00000340557:map.7/40027484/G:p.T500A:n.A40027484G:c.Acg/Gcg_S342,ENSP00000340557:map.7/40027484/G:p.T500A:n.A40027484G:c.Acg/Gcg,False,0.05241843623890868,-0.31337992229479883,-0.09140569253792091
ENSP00000340557:map.7/40027484/G:p.T500A:n.A40027484G:c.Acg/Gcg_S349,ENSP00000340557:map.7/40027484/G:p.T500A:n.A40027484G:c.Acg/Gcg,False,0.012828049639911234,,-0.038661745331419584
ENSP00000340557:map.7/40027484/G:p.T500A:n.A40027484G:c.Acg/Gcg_S395,ENSP00000340557:map.7/40027484/G:p.T500A:n.A40027484G:c.Acg/Gcg,False,0.12736256806842908,-0.1095809357882775,-0.24267119454984
ENSP00000340557:map.7/40027484/G:p.T500A:n.A40027484G:c.Acg/Gcg_S397,ENSP00000340557:map.7/40027484/G:p.T500A:n.A40027484G:c.Acg/Gcg,False,0.024172478448891994,-0.08635123027927362,0.3203483973172687
ENSP00000340557:map.7/40027484/G:p.T500A:n.A40027484G:c.Acg/Gcg_S400,ENSP00000340557:map.7/40027484/G:p.T500A:n.A40027484G:c.Acg/Gcg,False,-0.08195440257208217,0.01401489690900973,0.17380764551314978
PARD3_S870,PARD3,False,0.14350614849826765,0.04172899479408234,0.06801722285717395
PARD3_S824,PARD3,False,0.3494461242010569,0.22216028002904367,
PARD3_S728,PARD3,False,0.33959350096539836,0.11889125217842651,1.2802436958660168
PARD3_S383,PARD3,False,0.08840092063374903,0.23572705983805847,0.46746701789884854
PARD3_S144,PARD3,False,-0.10328488036231315,-0.0010421896684948972,0.005065482759733335
PARD3_S849,PARD3,False,0.01873668780482664,0.0382906792712873,-0.017002694943981433
PARD3_S695,PARD3,False,,-0.5460347346035916,-0.050920825164738816
SYDE2_S1085,SYDE2,False,-1.7957090103129267,,
ENSP00000340667_S406,ENSP00000340667,False,0.09639680418715713,0.254027653118762,0.3018011940585026
ENSP00000340667_S409,ENSP00000340667,False,,-1.3871445149652706,0.6281669992863238
ENSP00000472666_S61,ENSP00000472666,False,-0.011428006879593198,,
EIF4EBP1_S101,EIF4EBP1,True,-0.06589088394696088,-0.11816518301844536,-0.24581371114276787
EIF4EBP1_S65,EIF4EBP1,True,-0.5907000010533129,-0.3172415411074081,-0.4379095449696093
GIPC1_S232,GIPC1,False,0.2630514254791194,0.3265535278889105,0.3469345057661358
INTS12_S128,INTS12,False,-0.05440727815332729,-0.03132129340984079,-0.2217914236019123
SMG7_S735,SMG7,False,-0.36252886011524094,-0.006109797822718936,-0.16977063846133814
SMG7_S851,SMG7,False,,,-0.7966359426914669
ZNF326_S270,ZNF326,False,0.24933086256077255,0.18622019163358086,0.26568223584433276
ENSP00000441091_S7,ENSP00000441091,False,-0.008746720743391728,-0.08325565464868175,-0.022868819844552024
SLC3A2_S64,SLC3A2,False,-0.3504489176097776,0.19496955009341788,-0.11810049694523843
SLC3A2_S2,SLC3A2,False,0.3345682756661327,,
HNRNPUL1_S194,HNRNPUL1,False,-0.24718988859485758,-0.25222592825729506,-0.12140740352997359
HNRNPUL1_S512,HNRNPUL1,False,-0.3117441646457171,0.0873699852184098,-0.1389852874371532
MEF2C_S240,MEF2C,False,-0.25475406121409816,-0.1583327567960997,0.19648114898230806
MEF2C_S222,MEF2C,False,,0.22929624519989053,-0.02185132291023195
MEF2C_S228,MEF2C,False,0.09396575036944746,,
MIA3_S1745,MIA3,False,0.11939172855206448,-0.19934332332172922,-0.27258775665673995
MIA3_S876,MIA3,False,-0.029219954427148424,-0.2641952077344085,
ENSP00000340900:map.1/222803204/G:p.E881G:n.A222803204G:c.gAg/gGg_S876,ENSP00000340900:map.1/222803204/G:p.E881G:n.A222803204G:c.gAg/gGg,False,0.0052246592410431746,0.023637926506716627,-0.12427860128165652
ENSP00000344340:map.1/1686040/T:p.N262K:n.G1686040T:c.aaC/aaA_S48,ENSP00000344340:map.1/1686040/T:p.N262K:n.G1686040T:c.aaC/aaA,False,-0.010337792587027212,,
DOCK9_S1286,DOCK9,False,0.7840013601022011,1.1502424226284444,
MTSS2_S456,MTSS2,False,-0.4036521267737461,,-0.21626677702327265
ENSP00000438009_S794,ENSP00000438009,False,,0.011209361420303354,
ENSP00000438009_S864,ENSP00000438009,False,,-0.05126460691159522,-0.3116853393596149
SRFBP1_S203,SRFBP1,False,0.18314068040613987,0.046604395907513564,0.1397243560041713
SRFBP1_S264,SRFBP1,False,,0.19105723992631402,0.2763179926522169
SMC4_S22,SMC4,False,-0.7890799981286373,-0.7106660278056012,-0.796455586281282
SMC4_S27,SMC4,False,-0.6599212616016811,-0.60725825177083,-0.72448335518521
SMC4_S28,SMC4,False,-0.7080244292570445,-0.5604445159748986,-0.7707414142266034
SMC4_S41,SMC4,False,-0.07845130156854065,-0.11392303292901011,-0.099989647742637
KIF18B_S404,KIF18B,False,-0.7118193862967093,-0.6855934924451804,-0.48584863797151345
SYDE1_S231,SYDE1,False,-0.7747777132658419,-0.5644407124185502,-0.9541848919619905
SYDE1_S235,SYDE1,False,-0.6678632285885803,-0.5644407124185502,-0.6496567579971821
SYDE1_S244,SYDE1,False,-0.7865611041755803,-0.5613952570972479,-0.8181435285432205
ENSP00000341541_S2173,ENSP00000341541,False,,0.1779815563133707,
DTNBP1_S311,DTNBP1,False,,0.11143200536198733,
DTNBP1_S321,DTNBP1,False,,0.11143200536198733,
AKT1S1_S88,AKT1S1,False,-0.7421564422446894,-0.7933626869973708,-0.7839264119718412
AKT1S1_S92,AKT1S1,False,-0.7969325010346862,-0.7962676864394931,-0.7555730206112068
AKT1S1_S247,AKT1S1,False,,,0.048654701840346405
AKT1S1_S202,AKT1S1,False,0.32890635441454824,-0.022188921112016948,0.016382890863481554
AKT1S1_S203,AKT1S1,False,0.2391800829178051,-0.08074816870955846,-0.055195924339147745
AKT1S1_S211,AKT1S1,False,-0.1769583069715208,-0.24339885759331994,-0.06325126495892772
AKT1S1_S212,AKT1S1,False,-0.0742748822557909,-0.04495903163715973,-0.09454392202037197
AKT1S1_S183,AKT1S1,False,-0.09352427182038774,-0.040409876029047866,0.011289846106286375
ENSA_S124,ENSA,False,,,-0.9228117014425634
ENSA_S125,ENSA,False,,0.005615567406909804,-0.4938185269084418
ENSA_S2,ENSA,False,0.4275045882230974,0.23976462651094677,0.42093887873429764
PHF10_S325,PHF10,False,-0.06993125400277064,-0.10096569196561349,-0.11857030266148416
PHF10_S268,PHF10,False,-0.020633113878218808,0.0714881055841824,0.2807188136180105
PHF10_S295,PHF10,False,-0.07847441703599943,-0.11497384551038876,-0.13377083860183406
PHF10_S299,PHF10,False,-0.07847441703599943,-0.11497384551038876,-0.13377083860183406
HNRNPA1_S364,HNRNPA1,False,0.17912882877215228,0.16331423487330826,0.35049724708413316
HNRNPA1_S365,HNRNPA1,False,0.1319845087565303,0.4182945950080255,0.1086248146816487
HNRNPA1_S4,HNRNPA1,False,0.05767419875261154,0.4261060364876084,-0.1912712341640439
HNRNPA1_S6,HNRNPA1,False,0.10015775969889289,0.025575116435040752,0.07622271149529633
HNRNPA1_S199,HNRNPA1,False,0.12311112138881086,0.03689011054026592,-0.1786489729951061
HNRNPA1_S2,HNRNPA1,False,0.001816792878126472,-0.17932783318954057,0.16215724056205924
RPS2_S264,RPS2,False,0.026054966922161228,-0.062174881260916165,0.10318828477285708
TP53BP2_S575,TP53BP2,False,-0.1427503252965856,-0.16660188812667295,-0.12321344533574391
TP53BP2_S357,TP53BP2,False,0.45049068576338164,0.42924279392930953,0.6044193243365544
TP53BP2_S83,TP53BP2,False,-0.028107920399950526,,0.39429462049465747
FBXO38_S740,FBXO38,False,0.038576651452323155,,0.2914794256337039
ENSP00000342112:map.13/76423248/C:p.M1113T:n.T76423248C:c.aTg/aCg_S654,ENSP00000342112:map.13/76423248/C:p.M1113T:n.T76423248C:c.aTg/aCg,False,0.31162771826877406,0.09878652053256924,-0.09516516766712434
ENSP00000342112:map.13/76423248/C:p.M1113T:n.T76423248C:c.aTg/aCg_S657,ENSP00000342112:map.13/76423248/C:p.M1113T:n.T76423248C:c.aTg/aCg,False,0.3269108228664511,-0.013212719320683372,-0.1939796481788733
ENSP00000342112:map.13/76423248/C:p.M1113T:n.T76423248C:c.aTg/aCg_S592,ENSP00000342112:map.13/76423248/C:p.M1113T:n.T76423248C:c.aTg/aCg,False,0.5444853862360906,0.244133766049856,0.47726031822558473
ENSP00000342112:map.13/76423248/C:p.M1113T:n.T76423248C:c.aTg/aCg_S1176,ENSP00000342112:map.13/76423248/C:p.M1113T:n.T76423248C:c.aTg/aCg,False,0.970090783613125,0.3850196733744374,0.30976305449659525
ENSP00000342112:map.13/76423248/C:p.M1113T:n.T76423248C:c.aTg/aCg_S1159,ENSP00000342112:map.13/76423248/C:p.M1113T:n.T76423248C:c.aTg/aCg,False,-0.21331678065275236,-0.38772646744724576,-0.5274302090425483
ENSP00000342112:map.13/76423248/C:p.M1113T:n.T76423248C:c.aTg/aCg_S1259,ENSP00000342112:map.13/76423248/C:p.M1113T:n.T76423248C:c.aTg/aCg,False,-0.0090765990240139,0.002018610406638449,0.07925273478402453
ENSP00000342112:map.13/76423248/C:p.M1113T:n.T76423248C:c.aTg/aCg_S1089,ENSP00000342112:map.13/76423248/C:p.M1113T:n.T76423248C:c.aTg/aCg,False,-0.15686232628029756,-0.10787899150691678,-0.10998557550134583
ENSP00000342181_S621,ENSP00000342181,False,-0.6081923248599012,-0.45254776361708204,-0.5477047023938415
ENSP00000342181_S625,ENSP00000342181,False,-0.6152201127209316,-0.5729115254562691,-0.5148946894321428
FOXM1_S689,FOXM1,False,,,-0.5609620371572899
ENSP00000379149_S977,ENSP00000379149,False,,0.05450121618256057,-0.6606573450144129
ENSP00000379149_S289,ENSP00000379149,False,-0.14309815004690618,0.17654979928037925,-0.19741404416684133
ENSP00000379149_S292,ENSP00000379149,False,0.05608923739481711,0.13725111447061303,-0.19741404416684133
ENSP00000379149_S619,ENSP00000379149,False,-0.042516170172162894,-0.3228846080193123,-0.3262445973127756
ENSP00000379149_S993,ENSP00000379149,False,0.21447280206696076,0.22555302666660001,0.16835910200659435
ENSP00000379149_S1016,ENSP00000379149,False,0.33863817036835425,0.05641406078269386,0.026552190484675373
ENSP00000379149_S301,ENSP00000379149,False,0.6229303509201767,-0.6525837899456882,
ENSP00000379149_S224,ENSP00000379149,False,,,-0.29408400839853865
ENSP00000461849_S947,ENSP00000461849,False,0.15018166604899072,0.5609747237683014,0.060167772240044125
ENSP00000461849_S345,ENSP00000461849,False,,0.18289853558627497,
ENSP00000461849_S347,ENSP00000461849,False,-0.061751852313287614,0.16346129530730147,0.33548325590348615
ENSP00000461849_S349,ENSP00000461849,False,-0.10036191702749174,-0.05555600136086819,-0.014652485330463226
ENSP00000461849_S1468,ENSP00000461849,False,-0.0775754861656358,-0.061222879628994316,-0.01475507044520454
ENSP00000461849_S361,ENSP00000461849,False,0.006830450519645837,-0.05008713028379563,-0.043791966145065135
ENSP00000461849_S1342,ENSP00000461849,False,0.1966347554442586,0.09765742860922122,0.2166952166821805
ENSP00000461849_S1315,ENSP00000461849,False,-0.05353295940998257,-0.22344116082100524,
ENSP00000472984_S7,ENSP00000472984,False,0.22877956998910612,0.4148423674016135,0.18493139461114907
ENSP00000472984_S926,ENSP00000472984,False,,-0.5192592289666446,
PARVB_S3,PARVB,False,,2.258549074762835,
PARVB_S7,PARVB,False,,2.113500481366378,
MCOLN3_S422,MCOLN3,False,0.22848009832991745,-0.01883119447006472,0.1232651419829951
RPL28_S115,RPL28,False,0.21412480535284734,0.3743996367614405,0.3634514570717129
RPL28_S68,RPL28,False,-0.40194481027233053,0.13827167760056716,
IKZF2_S84,IKZF2,False,0.07860983469636647,,
IKZF2_S85,IKZF2,False,0.07860983469636647,,
ADNP_S736,ADNP,False,0.03382305051611433,1.0684644509669057,
ADNP_S953,ADNP,False,-0.17692108114062882,0.0279421528448158,0.06156804784461156
ADNP_S955,ADNP,False,-0.17692108114062882,0.0279421528448158,0.06156804784461156
ADNP_S709,ADNP,False,0.2372832806684005,-0.05723545079432305,0.11843364787423517
ADNP_S98,ADNP,False,-0.028315780578425154,0.016912828834333173,0.012627997591331631
SERINC1_S364,SERINC1,False,-0.14935438711591253,-0.1257060057422056,-0.19693677483472025
B3GLCT_S39,B3GLCT,False,0.9951588581653732,,
ENSP00000469649_S1354,ENSP00000469649,False,-0.643202616648303,0.16979675618324852,
ENSP00000469649_S1357,ENSP00000469649,False,-0.643202616648303,0.16979675618324852,
ENSP00000469649_S357,ENSP00000469649,False,-0.07249792417614075,-0.058956809723176934,-0.12264837355073759
HMGB1_S35,HMGB1,False,-0.30584189242213977,0.12696448409087527,
RBM5_S59,RBM5,False,,0.10433665981473553,
RBM5_S621,RBM5,False,0.21902597513664512,0.1262103959632316,0.21669407414545772
RBM5_S624,RBM5,False,0.043090166096014626,0.11550372386209158,0.11083499204512853
PARD6G_S4,PARD6G,False,0.305702986584183,0.31420851911666386,-0.08807330645180572
PARD6G_S8,PARD6G,False,0.305702986584183,0.31420851911666386,-0.08807330645180572
NSD1_S2202,NSD1,False,-0.1997426473119347,-0.33732564973523194,-0.1482425353345827
NSD1_S214,NSD1,False,0.02850088560560769,0.10782175591285359,0.358104350876956
NSD1_S217,NSD1,False,0.02850088560560769,0.10782175591285359,0.358104350876956
ENSP00000463562_S356,ENSP00000463562,False,-0.1853232721329816,-0.1346875644172504,-0.15262823770579156
ENSP00000463562_S610,ENSP00000463562,False,-0.12908691391642146,,
ENSP00000463562_S613,ENSP00000463562,False,-0.12908691391642146,,
ENSP00000463562_S614,ENSP00000463562,False,-0.12908691391642146,,
ENSP00000463562_S616,ENSP00000463562,False,-0.12908691391642146,,
LRRC41_S276,LRRC41,False,-2.76219157045438,-3.3069342610598227,-1.6507253183454622
MASTL_S370,MASTL,False,0.3019875862167475,0.07807198213521073,-0.6005116848975555
MAP3K2_S239,MAP3K2,False,0.055268689455082294,0.08617610166060423,0.20993631194941273
MAP3K2_S164,MAP3K2,False,-0.03608210638918974,0.02184150949791272,-0.09547673065257632
MAP3K2_S331,MAP3K2,False,,-0.18033476921285674,
MAP3K2_S344,MAP3K2,False,,-0.18033476921285674,
USP1_S313,USP1,False,,-2.8818263544998546,
USP1_S16,USP1,False,-0.16625980562913134,0.13855237515264854,
USP7_S18,USP7,False,0.08431533400917297,0.14659215254086425,0.05972656122054631
ZCCHC17_S106,ZCCHC17,False,0.8001721041091998,0.10305481923682229,0.3075000771899999
ENSP00000343629:map.1/171486912/A:p.A235T:n.G171486912A:c.Gct/Act_S187,ENSP00000343629:map.1/171486912/A:p.A235T:n.G171486912A:c.Gct/Act,False,0.1185667382635307,-0.03865820065157971,0.05172011644732764
ENSP00000343629:map.1/171486912/A:p.A235T:n.G171486912A:c.Gct/Act_S2105,ENSP00000343629:map.1/171486912/A:p.A235T:n.G171486912A:c.Gct/Act,False,-0.053688826513973796,-0.05649643864940376,-0.10021628322528903
ENSP00000343629:map.1/171486912/A:p.A235T:n.G171486912A:c.Gct/Act_S779,ENSP00000343629:map.1/171486912/A:p.A235T:n.G171486912A:c.Gct/Act,False,0.17156957676887805,0.38983438376224605,0.1495649161410148
ENSP00000343629:map.1/171486912/A:p.A235T:n.G171486912A:c.Gct/Act_S2013,ENSP00000343629:map.1/171486912/A:p.A235T:n.G171486912A:c.Gct/Act,False,-0.3438979205790964,-0.2923589952018404,-0.3372111586911423
ENSP00000343629:map.1/171486912/A:p.A235T:n.G171486912A:c.Gct/Act_S1568,ENSP00000343629:map.1/171486912/A:p.A235T:n.G171486912A:c.Gct/Act,False,0.07491216149994645,0.16218016787305062,0.13532135009998814
ENSP00000343629:map.1/171486912/A:p.A235T:n.G171486912A:c.Gct/Act_S1242,ENSP00000343629:map.1/171486912/A:p.A235T:n.G171486912A:c.Gct/Act,False,0.10282966580026472,0.24940281196034278,0.12303754052309733
ENSP00000343629:map.1/171486912/A:p.A235T:n.G171486912A:c.Gct/Act_S1246,ENSP00000343629:map.1/171486912/A:p.A235T:n.G171486912A:c.Gct/Act,False,0.1357762659870311,0.17976580835814965,0.08344250248646744
ENSP00000343629:map.1/171486912/A:p.A235T:n.G171486912A:c.Gct/Act_S1248,ENSP00000343629:map.1/171486912/A:p.A235T:n.G171486912A:c.Gct/Act,False,0.11349116461518893,0.24319123561953193,0.162678552750952
ENSP00000343629:map.1/171486912/A:p.A235T:n.G171486912A:c.Gct/Act_S1263,ENSP00000343629:map.1/171486912/A:p.A235T:n.G171486912A:c.Gct/Act,False,,0.9377481558465198,-0.042590525887047086
ENSP00000343629:map.1/171486912/A:p.A235T:n.G171486912A:c.Gct/Act_S1544,ENSP00000343629:map.1/171486912/A:p.A235T:n.G171486912A:c.Gct/Act,False,0.216427231327627,0.29388412548158155,0.16766036933485307
ENSP00000343629:map.1/171486912/A:p.A235T:n.G171486912A:c.Gct/Act_S1013,ENSP00000343629:map.1/171486912/A:p.A235T:n.G171486912A:c.Gct/Act,False,0.326690485363098,0.5027797742679988,0.20714320494174884
ENSP00000343629:map.1/171486912/A:p.A235T:n.G171486912A:c.Gct/Act_S2686,ENSP00000343629:map.1/171486912/A:p.A235T:n.G171486912A:c.Gct/Act,False,0.020193349833584832,0.28917122042561266,0.4386804625044997
ENSP00000343629:map.1/171486912/A:p.A235T:n.G171486912A:c.Gct/Act_S878,ENSP00000343629:map.1/171486912/A:p.A235T:n.G171486912A:c.Gct/Act,False,0.3706661089140378,0.33620017883581427,0.6429325693584863
ENSP00000343629:map.1/171486912/A:p.A235T:n.G171486912A:c.Gct/Act_S926,ENSP00000343629:map.1/171486912/A:p.A235T:n.G171486912A:c.Gct/Act,False,-0.1372998675396693,-0.38025283073918786,-0.4733063151333601
ENSP00000343629:map.1/171486912/A:p.A235T:n.G171486912A:c.Gct/Act_S929,ENSP00000343629:map.1/171486912/A:p.A235T:n.G171486912A:c.Gct/Act,False,,-0.5333050207293717,0.2924949673746059
MEAK7_S446,MEAK7,False,,0.16208110338237527,
RPGR_S418,RPGR,False,0.05041645868777211,0.10253221761538277,0.09991444498123381
RPGR_S961,RPGR,False,0.07647941847205536,0.3081431896162673,0.3113667127058077
RPGR_S518,RPGR,False,0.2179457860922589,0.059867242186635354,0.18638077350699078
DPYSL3_S102,DPYSL3,False,,-1.2685268058975923,-0.589197540896696
DPYSL3_S632,DPYSL3,False,-0.21025723085201667,-0.21412655541433112,-0.1888271329441393
DPYSL3_S636,DPYSL3,False,-0.1670475065021928,-0.20066016547528864,-0.17718863062235116
ENSP00000372581_S435,ENSP00000372581,False,-1.0218232231747006,-1.6208889866992156,-1.5416266508006566
ENSP00000372581_S436,ENSP00000372581,False,-1.659474795647677,-2.0604899002465085,-1.5718361644387098
ENSP00000352258_S1197,ENSP00000352258,False,-0.009570483020361337,-0.1254359936160965,0.06571016406526571
PPA2_S317,PPA2,False,0.01287123030812442,-0.04251276691736447,0.013926706042921724
SMARCA4_S610,SMARCA4,False,-0.1707590302522605,-0.24071582595052712,-0.16669865129114933
SMARCA4_S613,SMARCA4,False,-0.1939731007962547,-0.21532269339204782,0.011495638837829437
SMARCA4_S1349,SMARCA4,False,0.05507706381748764,0.02022898941435482,0.03324898392230252
SMARCA4_S1419,SMARCA4,False,-0.2834026910009267,-0.24793631478260283,-0.35306601457071946
SMARCA4_S695,SMARCA4,False,-0.22227436257499733,-0.26215835105073076,-0.21751516361008508
SMARCA4_S699,SMARCA4,False,0.07398282803492646,-0.13243486636302734,0.027806320805854427
ENSP00000451977_S433,ENSP00000451977,False,-0.1440103026915193,,-0.03486957746503409
ENSP00000451977_S465,ENSP00000451977,False,0.040758061449993395,0.21667521222811867,0.13397981074227935
ENSP00000451977_S467,ENSP00000451977,False,-0.1159986886680738,-0.0055287785733979695,-0.15577634203338434
ENSP00000451977_S445,ENSP00000451977,False,0.7763560713713464,0.39769345523669136,
ENSP00000451977_S448,ENSP00000451977,False,0.7763560713713464,0.39769345523669136,
ENSP00000441746_S286,ENSP00000441746,False,0.27166471097723394,0.1728699541531297,0.3380882189841803
GAB2_S505,GAB2,True,-2.283916919211343,-2.017725156214502,-2.5190629665889435
GAB2_S172,GAB2,True,0.16104922490055676,,
AP3D1_S658,AP3D1,False,-1.5156178534267415,-1.3907687718623996,-2.187878135652221
AP3D1_S686,AP3D1,False,0.11801414258370038,0.05006097727163057,
AP3D1_S688,AP3D1,False,-0.37812205690337397,-0.12272051530888238,
AP3D1_S632,AP3D1,False,-0.39552316279508676,-0.2862541073111585,-0.19631005261105403
AP3D1_S634,AP3D1,False,-0.39552316279508676,-0.2862541073111585,-0.19631005261105403
AP3D1_S636,AP3D1,False,-0.39552316279508676,-0.2862541073111585,-0.19631005261105403
AP3D1_S829,AP3D1,False,-0.16524025027520556,-0.06581749711425966,-0.1818278661561778
RTN3_S448,RTN3,False,,0.14925936549962288,
SRSF10_S106,SRSF10,False,0.3858679778904577,0.25705709109558983,-0.16061887110852952
SRSF10_S141,SRSF10,False,0.14619005555092954,0.13147609022962453,0.41316996214385665
SRSF10_S143,SRSF10,False,0.14619005555092954,0.13147609022962453,0.41316996214385665
SRSF10_S133,SRSF10,False,0.16753623247158647,0.027128914382290925,0.7048255399466574
SRSF10_S157,SRSF10,False,0.12008647067252551,0.20393549742593392,0.14482952083880904
SRSF10_S159,SRSF10,False,0.12008647067252551,0.20393549742593392,0.14482952083880904
SRSF10_S131,SRSF10,False,0.18315538239554507,0.15077702346772745,0.24162927299652262
SRSF10_S155,SRSF10,False,0.12008647067252551,0.20393549742593392,0.14482952083880904
SRSF10_S129,SRSF10,False,0.11184823395952921,0.14533888244542262,0.16056892934827505
SRSF10_S119,SRSF10,False,,-0.002126682311641384,
SRSF10_S121,SRSF10,False,,-0.002126682311641384,
SRSF10_S123,SRSF10,False,,-0.002126682311641384,
SRSF10_S252,SRSF10,False,0.29235256972192625,0.04781754802136954,0.4628201739124769
SRSF10_S255,SRSF10,False,0.14189913631280587,0.026557955860860124,0.2914153720612063
SRSF10_S258,SRSF10,False,0.17827079719689018,0.13188941236084722,0.18060738065041443
PDPK1_S214,PDPK1,False,0.02333140555419122,-0.016744579252508846,0.037074982607873425
OFD1_S789,OFD1,False,0.4578954088121811,-0.44344780397962186,1.1665175946983593
OFD1_S686,OFD1,False,0.11383382895927714,0.07121348960526455,0.14247763020894222
OFD1_S663,OFD1,False,0.045363039312396825,-0.26181729277991794,0.09651942224681383
OFD1_S669,OFD1,False,0.026187085797403625,-0.12664011182279988,-0.06987541099714153
OFD1_S899,OFD1,False,0.07460058851763572,0.1823120163896763,-0.0555539017553448
SLC23A2_S78,SLC23A2,False,-0.13757595360766772,0.026701971164047617,-0.23312339070708418
SLC23A2_S81,SLC23A2,False,-0.3727812697644508,0.026701971164047617,-0.24032286186836235
TCF3_S379,TCF3,False,,-0.23053239928005137,-0.2918215945804006
TCF3_S530,TCF3,False,-0.2307699019013924,-0.551969200594052,-0.4706630388039104
IFT38_S237,IFT38,False,-1.3567533333508957,-1.0041452037558238,-1.0378389389121825
IFT38_S243,IFT38,False,-0.6768634252304986,-0.4224630754171154,0.156770030953614
CTNNB1_S191,CTNNB1,False,0.14391580307144475,0.1706358847356595,0.20826048687932444
CTNNB1_S675,CTNNB1,False,0.16722496889254052,-0.37172099457714325,0.14099723495176172
CTNNB1_S681,CTNNB1,False,0.5875570174296084,,
CTNNB1_S552,CTNNB1,False,0.17573668316267196,0.11940725105555033,-0.058890141900164575
CBS_S32,CBS,False,0.0007881348580267705,-0.0632708540599579,
JPH1_S475,JPH1,False,,,-0.2736047083495482
JPH1_S465,JPH1,False,-0.122817288410476,0.06076177177405304,-0.05552436201516203
JPH1_S216,JPH1,False,-0.04106083905447561,0.42205023258322,
JPH1_S220,JPH1,False,0.06446901736844254,-0.023064532433840147,
JPH1_S162,JPH1,False,,0.0665778103460234,
JPH1_S452,JPH1,False,-0.23662703208386163,-0.21908354414854886,-0.3271130694656517
TMEM201_S477,TMEM201,False,-0.1354592312430421,0.1142064807270129,0.22479232913439512
TMEM201_S480,TMEM201,False,,-0.0036863133767075403,0.32300562229532603
TMEM201_S454,TMEM201,False,-0.08699024782567637,0.19962871980544675,0.0006190347466779982
TMEM201_S441,TMEM201,False,0.09041957246254866,0.04736948754746235,0.14537689934701753
TMEM201_S443,TMEM201,False,,-0.303131252390326,-0.14183600512500255
TMEM201_S444,TMEM201,False,0.19685880136635622,,0.1215459498469588
TAF6_S653,TAF6,False,-0.3775381326172697,0.2603870374289375,-0.23900414582233862
PTMA_S2,PTMA,False,0.07777895114029065,-0.005084033839959533,0.005477964255814478
PTMA_S9,PTMA,False,-0.04043754848553236,1.0005048549198532,0.08365589708063247
ARID4A_S542,ARID4A,False,0.0667388829941943,0.14990333637749156,0.10467405325110606
ENSP00000437710_S846,ENSP00000437710,False,-0.7571353482673464,-1.1894463290827875,-0.49642737186501346
ENSP00000437710_S851,ENSP00000437710,False,-0.49521851422119206,-1.1774807965465715,-0.48040069852594375
ENSP00000437710_S855,ENSP00000437710,False,-0.49521851422119206,-1.1774807965465715,-0.48040069852594375
ENSP00000437710_S878,ENSP00000437710,False,-0.03759622104001835,0.08052123183149242,0.36558755341752974
NF2_S584,NF2,False,-0.10699510923925207,,
NF2_S518,NF2,False,-0.1455436998131732,0.06302283975664609,0.12398971526127034
NHSL1_S1229,NHSL1,False,-0.1515580806749536,-0.3278777493269376,-0.22773585672135893
NHSL1_S1382,NHSL1,False,-0.28963383543037885,-0.4753539617552928,-0.5252171357354808
NHSL1_S1384,NHSL1,False,-0.9935065183141578,-0.708060085051235,-0.7853863233886194
NHSL1_S1398,NHSL1,False,,0.4854226610082458,0.3001823099801158
NHSL1_S1163,NHSL1,False,-0.5640301062752368,-0.5273764613817844,
NHSL1_S384,NHSL1,False,-0.06448788739006978,0.05343699746685484,0.12322813681469214
NHSL1_S1085,NHSL1,False,0.24859542024829762,-0.12257992620499843,-0.7437857107580987
NHSL1_S324,NHSL1,False,,0.6440408429224092,
NHSL1_S150,NHSL1,False,0.052454503830327924,0.06942721045601417,-0.11692337929967549
ENSP00000409114_S326,ENSP00000409114,False,-0.2527243249146725,,-0.722300845345234
ENSP00000409114_S331,ENSP00000409114,False,-0.44296739068322255,,
S100A13_S32,S100A13,False,0.44380506013905946,-0.042756612614255916,0.37689650608036607
ENSP00000361888:map.1/40533347/G:p.S255A:n.T40533347G:c.Tca/Gca_S34,ENSP00000361888:map.1/40533347/G:p.S255A:n.T40533347G:c.Tca/Gca,False,-0.28014192597663784,,
ENSP00000361888:map.1/40533347/G:p.S255A:n.T40533347G:c.Tca/Gca_S308,ENSP00000361888:map.1/40533347/G:p.S255A:n.T40533347G:c.Tca/Gca,False,-0.40473537512481467,-0.04723370413179891,-0.07470167612117463
ENSP00000361888:map.1/40533347/G:p.S255A:n.T40533347G:c.Tca/Gca_S310,ENSP00000361888:map.1/40533347/G:p.S255A:n.T40533347G:c.Tca/Gca,False,-0.16453470227594716,-0.1651479287739729,-0.14415702483655274
ENSP00000344848:map.8/145001031/C:p.H1322R:n.T145001031C:c.cAc/cGc_S21,ENSP00000344848:map.8/145001031/C:p.H1322R:n.T145001031C:c.cAc/cGc,False,-0.17954042958404548,-0.09105945977285006,-0.1509973793188142
SEPTIN7_S333,SEPTIN7,False,0.45985125070566846,-0.33682239610819786,0.6010308693488097
PTTG1_S165,PTTG1,False,-0.225919309224589,-0.14520640200631282,
KAT5_S86,KAT5,False,-0.10300850216262251,0.8097137502648745,0.10356199317590538
KAT5_S90,KAT5,False,-0.10300850216262251,1.2265556364481514,0.10356199317590538
ENSP00000344996_S143,ENSP00000344996,False,-0.5877132366149052,-0.7782837427678189,
ENSP00000344996_S155,ENSP00000344996,False,-0.7105472758544346,-0.7782837427678189,
RPL14_S139,RPL14,False,0.12221294904593101,0.163317383099718,0.11162551635484125
RBPJ_S7,RBPJ,False,-0.033921877386451214,-0.018348986956632132,-0.5185770498818767
RBPJ_S18,RBPJ,False,-0.06983894177013596,0.11735164186542148,-0.31295723344895
ENSP00000348397_S188,ENSP00000348397,False,-0.007451700167335725,-0.09128122817811447,0.022191419252209868
ENSP00000348397_S191,ENSP00000348397,False,0.23168600962310876,0.3899136466484725,-0.14023019189455116
ENSP00000348397_S641,ENSP00000348397,False,-0.06933077817162497,,
ENSP00000348397_S84,ENSP00000348397,False,0.07506431234486179,0.18653987885628145,0.36258336042801553
ENSP00000348397_S85,ENSP00000348397,False,0.07506431234486179,0.18653987885628145,0.3247695080213308
ENSP00000348397_S676,ENSP00000348397,False,0.02315235345298358,0.13141742066798215,0.2523481550226864
ENSP00000348397_S679,ENSP00000348397,False,0.45341925411867495,0.07830246385655043,0.41808104786795947
ENSP00000348397_S92,ENSP00000348397,False,,-0.08948222357376945,
NDRG3_S315,NDRG3,False,0.5417831241584586,0.2541304270222996,0.9409560223853404
NDRG3_S319,NDRG3,False,-0.6760199225384785,-0.5138877163902448,-0.3805690922448199
NDRG3_S322,NDRG3,False,-0.8130204288662028,-0.05124812055748943,-0.06355992988578532
NDRG3_S323,NDRG3,False,-0.7755025023457092,-0.6011177164747836,
UBAP2L_S416,UBAP2L,False,-0.13060541156277158,-0.026178181179695226,0.2006221083548622
UBAP2L_S439,UBAP2L,False,-0.23320798939321413,-1.42561749052154,
UBAP2L_S454,UBAP2L,False,-0.5016335972676541,-0.44532479083061305,-0.3610641877937881
UBAP2L_S604,UBAP2L,False,-0.6790639629905487,-0.19533442080733052,-0.28034944773554693
UBAP2L_S605,UBAP2L,False,-0.12471437406230683,0.02877623996789908,-0.0820210680244956
UBAP2L_S608,UBAP2L,False,-0.23242553359004442,-0.504496121675758,0.10331742038519376
UBAP2L_S609,UBAP2L,False,0.21650877023840862,0.2261997900128382,0.24400400378390705
UBAP2L_S462,UBAP2L,False,0.11431813961143056,0.18485154568041529,0.10527578341568686
UBAP2L_S467,UBAP2L,False,0.03813962726995545,0.030807483623553695,0.08736070744612928
UBAP2L_S470,UBAP2L,False,0.060600829554117094,0.10178452416693216,
UBAP2L_S477,UBAP2L,False,0.10838598495167351,0.15700046603463566,0.07473202150621579
MCRS1_S282,MCRS1,False,-0.15406194897745518,0.04990875705137839,0.022680917992052102
CPSF7_S185,CPSF7,False,-0.11876394825085568,-0.06971711617662583,-0.10251172327994623
CPSF7_S188,CPSF7,False,-0.12912169179722824,-0.06971711617662583,-0.10251172327994623
CPSF7_S60,CPSF7,False,-0.17481435917581736,-0.2303561264190959,-0.2778662708344055
BRPF3_S713,BRPF3,False,0.08571137649060367,-0.18463703208326018,-0.16053886879995025
BRPF3_S17,BRPF3,False,-0.10703262223661023,-0.30094593431781075,-0.11493598809965458
BRPF3_S19,BRPF3,False,-0.10703262223661023,-0.30094593431781075,-0.11493598809965458
PARN_S558,PARN,False,0.014575303966996586,-0.12898988174570405,-0.04941668709273782
PARN_S562,PARN,False,0.04138068790302592,0.048734877039922346,0.1598439127042877
PARN_S496,PARN,False,0.1344153525889439,0.12131433662296949,0.13679519181157015
SH2B3_S150,SH2B3,False,-0.22872712909089962,-0.2679698307105722,-0.37245443438885123
PDE4D_S212,PDE4D,False,,0.5418121695288947,
PDE4D_S130,PDE4D,False,-0.3255935861149254,-0.14920057687451668,-0.06123997536936985
DNM1_S774,DNM1,False,-0.27119629182216054,1.4032131770722425,-0.0645405554337535
DNM1_S778,DNM1,False,-0.27119629182216054,-0.16836593015045762,1.2058929275076706
DNMT1_S714,DNMT1,False,-0.2911572851019481,-0.21815945842309073,-0.25080672495563755
DNMT1_S954,DNMT1,False,-0.006444416583510378,0.074143542791175,-0.08570956048751016
DNMT1_S732,DNMT1,False,0.08066412657457225,0.06832622561822793,0.5779242445067019
DNMT1_S143,DNMT1,False,-0.743569864103235,-1.193582044978839,-0.9464634509061843
DNMT1_S152,DNMT1,False,0.17562701277904166,0.06258970503167799,0.15180403454413657
DNMT1_S154,DNMT1,False,-1.0476177725354867,-0.34317433387273055,-0.13328931951734793
DNMT1_S1105,DNMT1,False,-0.21052807232376836,-0.1782332668783014,-0.1960357176363193
DNMT1_S127,DNMT1,False,,-1.0662158826787123,-0.7202553462305372
MTMR2_S58,MTMR2,False,,0.16954023145979727,
ENSP00000473122_S328,ENSP00000473122,False,-0.15659002552886114,0.007870997585394232,0.06664209420862865
ENSP00000345886_S501,ENSP00000345886,False,-0.09234017214671059,0.013122800524372126,-0.02260302778967192
NDE1_S306,NDE1,False,-0.22888347543760515,-0.6848777076991995,-1.6633738342364643
NDE1_S309,NDE1,False,0.14821827215414504,,-0.85741665108543
NDE1_S282,NDE1,False,0.24845075899958521,0.310967316421574,0.4023925075472898
NDE1_S211,NDE1,False,,0.8755441808365722,0.41543418587318126
NUP50_S296,NUP50,False,0.6732015046817431,0.2149030397333129,
ENSP00000397367:map.4/4276132/C:p.H265R:n.T4276132C:c.cAc/cGc_S258,ENSP00000397367:map.4/4276132/C:p.H265R:n.T4276132C:c.cAc/cGc,False,0.2039221842814798,0.17338891405753798,0.027998060404280926
ENSP00000397367:map.4/4276132/C:p.H265R:n.T4276132C:c.cAc/cGc_S260,ENSP00000397367:map.4/4276132/C:p.H265R:n.T4276132C:c.cAc/cGc,False,0.2963729696015988,0.1353315482229582,0.027998060404280926
ENSP00000397367:map.4/4276132/C:p.H265R:n.T4276132C:c.cAc/cGc_S276,ENSP00000397367:map.4/4276132/C:p.H265R:n.T4276132C:c.cAc/cGc,False,-1.1611692188371243,-0.43444181643056196,
BCOR_S422,BCOR,False,-0.1872241022847682,-0.17018066367125242,-0.27387725285857245
BCOR_S423,BCOR,False,-0.26105765160292704,-0.23081136364661473,-0.2885324398306055
BCOR_S1121,BCOR,False,-0.16302560589795392,-0.0523712434305894,
RPLP1_S101,RPLP1,False,0.0878547203545375,-0.0720862943538098,0.45697808440336585
RPLP1_S104,RPLP1,False,0.014989291394109469,-0.03768682490840111,0.4504718365846061
ENSP00000346046_S113,ENSP00000346046,False,0.18615216483268637,0.23249506629949204,0.2470469917868412
RPS3A_S236,RPS3A,False,0.9193720584191748,0.08810050968112661,0.4567010310082053
RPSA_S43,RPSA,False,0.0775877653949766,0.8049841272222502,
DDX21_S89,DDX21,False,0.10069704500327963,0.1293970227566361,0.11669734684115438
DDX21_S71,DDX21,False,0.2661097248781203,0.2084163904579622,0.28658463593657657
DDX21_S121,DDX21,False,0.004697468861233501,-0.10481468726552627,0.021759699695280965
PRKAA1_S496,PRKAA1,False,-0.5863907106724496,-0.4962437208514347,-0.5203461945972447
PRKAA1_S486,PRKAA1,False,-0.014076800555459073,-0.06603269068343515,-0.08465340310789383
ENSP00000358908_S56,ENSP00000358908,False,-0.2578040300684171,0.08072049612202915,0.46121421258397927
NDUFV3_S164,NDUFV3,False,0.09052730110898433,-0.5815046981222731,-0.2990809428387778
SMARCAD1_S57,SMARCAD1,False,-0.6318462889038098,,-0.501095599225223
SMARCAD1_S124,SMARCAD1,False,-0.07849820039712398,-0.012932915544957352,0.02526588191973922
SMARCAD1_S127,SMARCAD1,False,-0.07849820039712398,-0.012932915544957352,0.02526588191973922
SMARCAD1_S132,SMARCAD1,False,0.10379131809959101,0.12160829188580564,
SMARCAD1_S79,SMARCAD1,False,-0.6626224747833346,-1.1039702597243644,-1.2567986786578311
SMARCAD1_S211,SMARCAD1,False,-0.3653355620404173,-0.16702008870340648,0.04520462837945288
SMARCAD1_S212,SMARCAD1,False,-0.3653355620404173,-0.4443937779855596,-0.34002141071007275
SMARCAD1_S213,SMARCAD1,False,0.19142910919640857,-0.22468813202549293,-0.154045840232435
SMARCAD1_S214,SMARCAD1,False,0.140875421393726,0.21277871791622757,0.06554848690759836
SMARCAD1_S239,SMARCAD1,False,0.026111470431103515,0.055212895997228416,0.05726527174313672
SMARCAD1_S242,SMARCAD1,False,0.026111470431103515,0.055212895997228416,0.05726527174313672
SMARCAD1_S146,SMARCAD1,False,-0.0065796928255724045,-0.010008078643220009,-0.07401201982909066
SMARCAD1_S152,SMARCAD1,False,0.27603462241293014,0.05830899171487758,0.03317633151309897
DDX46_S804,DDX46,False,0.13478044835602235,0.06381358164818497,0.06782174258867991
DDX46_S295,DDX46,False,-0.2605493410941327,,
DDX46_S296,DDX46,False,-0.2605493410941327,,
MYO18A_S1998,MYO18A,False,-0.09351422707562909,-0.1573841750407853,-0.1653587319426846
MYO18A_S2002,MYO18A,False,-0.09351422707562909,-0.1573841750407853,-0.1653587319426846
MYO18A_S101,MYO18A,False,-0.253549751787409,-0.4450545625712966,
MYO18A_S102,MYO18A,False,-0.253549751787409,-0.4450545625712966,
MYO18A_S1640,MYO18A,False,,-0.1640274326096768,
MYO18A_S1970,MYO18A,False,-0.0908612511067412,-0.16234345360928795,-0.21777747247336865
MYO18A_S1974,MYO18A,False,0.10141741749862258,0.046318379453199894,0.05330924110404595
MYO18A_S140,MYO18A,False,0.18805112066728755,0.17079045032626514,0.010923027184791876
MYO18A_S2020,MYO18A,False,-0.38229118254125627,-0.2603885521460305,-0.4974046144578066
MYO18A_S728,MYO18A,False,0.23051038414344893,0.36058893304482587,-0.01194816395794671
MYO18A_S72,MYO18A,False,,-0.23977053580193644,
MYO18A_S74,MYO18A,False,-0.04364591535463163,-0.16255864043498758,0.11490002395719036
MYO18A_S2041,MYO18A,False,-0.014472940977409915,0.02513996285588054,-0.04015326449339632
MYO18A_S2043,MYO18A,False,-0.009087891015170426,0.014054049491564366,-0.04015326449339632
LRRFIP2_S96.1,LRRFIP2,False,0.007893600283261618,-0.038377913287468264,0.12563024896653738
VPS72_S127,VPS72,False,,0.5931146964846151,
ENSP00000471365_S3470,ENSP00000471365,False,-0.04884492939414429,,
ENSP00000471365_S3473,ENSP00000471365,False,0.03159306064450295,0.03444622014123482,0.08110779235887076
ENSP00000471365_S3480,ENSP00000471365,False,-0.006274403293054749,0.025921571258159738,0.08293243691472472
ENSP00000471365_S1799,ENSP00000471365,False,-0.10696952192764786,-0.13511521366089668,-0.019472380538648963
ENSP00000471365_S2158,ENSP00000471365,False,-0.9963426737643402,-1.350314132944412,-1.4413323153991884
ENSP00000471365_S2161,ENSP00000471365,False,,,0.0756010848240282
ENSP00000471365_S2163,ENSP00000471365,False,0.22786427254650743,-0.9111167358353297,-0.3514333417799267
ENSP00000471365_S2111,ENSP00000471365,False,-0.24690896970189485,-0.4332335453778195,-0.6318015791281495
ENSP00000471365_S2113,ENSP00000471365,False,-0.24690896970189485,-0.4332335453778195,-0.6318015791281495
ENSP00000471365_S680,ENSP00000471365,False,-0.15267650827314874,1.2872949763519115,
ENSP00000471365_S2353,ENSP00000471365,False,-0.17808811924814083,-0.4941497101393642,
ENSP00000471365_S2354,ENSP00000471365,False,-0.17808811924814083,-0.4941497101393642,
ENSP00000471365_S2998,ENSP00000471365,False,0.17937030654759986,-0.13087823790695183,-0.27866183197568417
ENSP00000471365_S3489,ENSP00000471365,False,0.027843589798898477,-0.739781871376351,-0.0761745132484003
ENSP00000471365_S167,ENSP00000471365,False,,-0.3161329023646298,-0.431500858778855
ENSP00000471365_S171,ENSP00000471365,False,-0.23242994404825987,-0.26134455730379474,
ENSP00000471365_S1820,ENSP00000471365,False,-0.7717662004399319,-0.775077357758044,
ENSP00000471365_S2060,ENSP00000471365,False,-0.4213022414258729,-0.37639529993523857,-0.16266718687679327
ATL1_S10,ATL1,False,-0.7513054233090649,-0.7410794763861009,-0.7692313347773266
RMDN2_S121,RMDN2,False,0.14635187328121185,0.23464311086770168,-0.02172403200538622
TP53I11_S14,TP53I11,False,-0.1430100697162671,0.20035499674740806,0.12961080824379317
ENSP00000433825:map.1/36752433/T:p.A201V:n.C36752433T:c.gCc/gTc_S240,ENSP00000433825:map.1/36752433/T:p.A201V:n.C36752433T:c.gCc/gTc,False,0.00791308164326493,0.016211033155917154,1.733050583366492
ENSP00000433825:map.1/36752433/T:p.A201V:n.C36752433T:c.gCc/gTc_S243,ENSP00000433825:map.1/36752433/T:p.A201V:n.C36752433T:c.gCc/gTc,False,0.04707913454358149,-0.04344118894070279,-0.0889396101317263
ENSP00000433825:map.1/36752433/T:p.A201V:n.C36752433T:c.gCc/gTc_S248,ENSP00000433825:map.1/36752433/T:p.A201V:n.C36752433T:c.gCc/gTc,False,0.08985111433806896,0.0814291351933496,0.02121342431056253
ENSP00000433825:map.1/36752433/T:p.A201V:n.C36752433T:c.gCc/gTc_S379,ENSP00000433825:map.1/36752433/T:p.A201V:n.C36752433T:c.gCc/gTc,False,0.08127986889444162,-0.2687963605133733,0.022955551920675738
ENSP00000433825:map.1/36752433/T:p.A201V:n.C36752433T:c.gCc/gTc_S253,ENSP00000433825:map.1/36752433/T:p.A201V:n.C36752433T:c.gCc/gTc,False,-0.09388282760617404,0.11939550961564104,0.14599558009319574
ENSP00000433825:map.1/36752433/T:p.A201V:n.C36752433T:c.gCc/gTc_S928,ENSP00000433825:map.1/36752433/T:p.A201V:n.C36752433T:c.gCc/gTc,False,0.13259182103455106,0.01424531406239385,0.1610071307868329
ENSP00000433825:map.1/36752433/T:p.A201V:n.C36752433T:c.gCc/gTc_S939,ENSP00000433825:map.1/36752433/T:p.A201V:n.C36752433T:c.gCc/gTc,False,0.34528638185129507,0.15490127007065568,0.1115889673840685
ENSP00000433825:map.1/36752433/T:p.A201V:n.C36752433T:c.gCc/gTc_S698,ENSP00000433825:map.1/36752433/T:p.A201V:n.C36752433T:c.gCc/gTc,False,1.003530280020868,0.40358653722516896,0.21302184904921972
ENSP00000433825:map.1/36752433/T:p.A201V:n.C36752433T:c.gCc/gTc_S682,ENSP00000433825:map.1/36752433/T:p.A201V:n.C36752433T:c.gCc/gTc,False,0.052620269309203854,0.10058430152573267,0.02966416672435594
ENSP00000433825:map.1/36752433/T:p.A201V:n.C36752433T:c.gCc/gTc_S684,ENSP00000433825:map.1/36752433/T:p.A201V:n.C36752433T:c.gCc/gTc,False,,,0.1253866053658139
ENSP00000433825:map.1/36752433/T:p.A201V:n.C36752433T:c.gCc/gTc_S320,ENSP00000433825:map.1/36752433/T:p.A201V:n.C36752433T:c.gCc/gTc,False,,0.07348047776513078,-0.13317904104290712
ENSP00000433825:map.1/36752433/T:p.A201V:n.C36752433T:c.gCc/gTc_S917,ENSP00000433825:map.1/36752433/T:p.A201V:n.C36752433T:c.gCc/gTc,False,-0.19783935920982276,-0.3043966589836698,-0.5445820284002283
ENSP00000433825:map.1/36752433/T:p.A201V:n.C36752433T:c.gCc/gTc_S919,ENSP00000433825:map.1/36752433/T:p.A201V:n.C36752433T:c.gCc/gTc,False,-0.13233509275403693,-0.12844037306881767,-0.19458762685084396
ENSP00000433825:map.1/36752433/T:p.A201V:n.C36752433T:c.gCc/gTc_S575,ENSP00000433825:map.1/36752433/T:p.A201V:n.C36752433T:c.gCc/gTc,False,0.33027509732134025,-0.19475707984336554,-0.3116608519460412
ENSP00000433825:map.1/36752433/T:p.A201V:n.C36752433T:c.gCc/gTc_S672,ENSP00000433825:map.1/36752433/T:p.A201V:n.C36752433T:c.gCc/gTc,False,0.07185933096338105,0.11502327959034317,-0.023768007478663006
ENSP00000433825:map.1/36752433/T:p.A201V:n.C36752433T:c.gCc/gTc_S119,ENSP00000433825:map.1/36752433/T:p.A201V:n.C36752433T:c.gCc/gTc,False,,0.024035935455509406,-0.10257368207448378
ENSP00000433825:map.1/36752433/T:p.A201V:n.C36752433T:c.gCc/gTc_S55,ENSP00000433825:map.1/36752433/T:p.A201V:n.C36752433T:c.gCc/gTc,False,,,0.19025784387883996
ENSP00000433825:map.1/36752433/T:p.A201V:n.C36752433T:c.gCc/gTc_S406,ENSP00000433825:map.1/36752433/T:p.A201V:n.C36752433T:c.gCc/gTc,False,0.10368900901588222,0.9163291078907653,0.008045944973383984
ENSP00000433825:map.1/36752433/T:p.A201V:n.C36752433T:c.gCc/gTc_S408,ENSP00000433825:map.1/36752433/T:p.A201V:n.C36752433T:c.gCc/gTc,False,0.13340262453342108,1.0054889865122438,0.20100196328819542
FYN_S21,FYN,False,,,0.29242839288671796
HNRNPA2B1_S189,HNRNPA2B1,False,,0.9835317763161395,
HNRNPA2B1_S259,HNRNPA2B1,False,0.28135984341193027,0.20330057525500864,0.2768264901253469
HNRNPA2B1_S341,HNRNPA2B1,False,0.23739051195869842,0.18128221608820252,0.2516125389589328
HNRNPA2B1_S344,HNRNPA2B1,False,0.2494161430626467,0.17417082781159976,0.19941172922529857
HNRNPA2B1_S201,HNRNPA2B1,False,0.8298323153687668,,0.763921420761409
ENSP00000346702:map.6/151669875/G:p.K19E:n.A151669875G:c.Aaa/Gaa_S18,ENSP00000346702:map.6/151669875/G:p.K19E:n.A151669875G:c.Aaa/Gaa,False,0.15566305964718222,0.20019985966822695,
ENSP00000346702:map.6/151669875/G:p.K19E:n.A151669875G:c.Aaa/Gaa_S22,ENSP00000346702:map.6/151669875/G:p.K19E:n.A151669875G:c.Aaa/Gaa,False,0.31519904832536155,0.36331974356023755,0.17708860210596758
LUC7L2_S383,LUC7L2,False,0.3400838860231402,0.06832686143450555,
LUC7L2_S384,LUC7L2,False,0.15606247886541966,0.10272988000657905,0.06328846711748647
ENSP00000469871_S102,ENSP00000469871,False,-0.5026891054790092,,
ENSP00000347995_S662,ENSP00000347995,False,,0.22650852980867975,0.31649333777531463
ENSP00000347995_S582,ENSP00000347995,False,-0.20876894065147156,-0.032142399257680296,-0.044704886446882974
NUMB_S294,NUMB,False,-0.08733313422804345,0.16490458675105302,0.001485473241991709
HTT_S1199,HTT,False,,-0.12820365374288378,-0.3385604943939763
HTT_S1870,HTT,False,,,-0.1354592312430421
HTT_S1874,HTT,False,,,-0.1354592312430421
ENSP00000437948_S772,ENSP00000437948,False,,-0.4763978999438502,
ENSP00000437948_S843,ENSP00000437948,False,,,0.4155423541986969
ZNF736_S168,ZNF736,False,4.348940559949944,3.765655557186522,3.430951880662252
BLM_S328,BLM,False,-0.01070110581979155,0.2201714586576961,0.1231318231637189
BLM_S419,BLM,False,0.5421094383319428,0.7369078852103839,
BLM_S422,BLM,False,0.5421094383319428,0.7369078852103839,
BLM_S28,BLM,False,0.18052981281072059,,0.009060468156383597
ITSN2_S857,ITSN2,False,0.07798946912805732,0.13786047984541225,-0.10040396845147194
ITSN2_S862,ITSN2,False,0.0016017801983024434,0.04057360013687578,0.15749091927449757
ENSP00000347271_S146,ENSP00000347271,False,-0.04088591015138509,1.5815523884124911,1.3722277834728576
KANK2_S375,KANK2,False,-0.49209309909768856,-0.2708074040292333,-0.1169110067271949
KANK2_S540,KANK2,False,-0.9511649130896558,-1.0880656277497411,-1.0779749161745142
KANK2_S72,KANK2,False,,-1.8678406508866714,
KANK2_S323,KANK2,False,0.11723622092357824,-0.7230967365520721,-0.4940277939656416
KANK2_S171,KANK2,False,-0.0035389398238411625,0.019915367707685924,
SEC31A_S799,SEC31A,False,-0.16128950609851614,-0.13436226111140726,-0.17511520135027425
SEC31A_S1163,SEC31A,False,-0.4316580421288923,-0.14782533265593983,0.1290851480566105
TBC1D9B_S411,TBC1D9B,False,-1.3677095001454118,-1.4308531003889549,-1.10112611905094
TBC1D9B_S432,TBC1D9B,False,,,0.35817117496955436
TBC1D9B_S435,TBC1D9B,False,-1.3677095001454118,-0.9257188214048142,-1.10481552720091
TBC1D9B_S978,TBC1D9B,False,,,-0.4918350627543733
TBC1D9B_S275,TBC1D9B,False,0.023508504639709136,-0.0067191766980803464,0.04702337029262158
TBC1D9B_S407,TBC1D9B,False,-0.29166427495190855,-0.3243466351742754,
MINK1_S641,MINK1,False,,-1.033687670184833,
MINK1_S763,MINK1,False,-0.0031786370227153207,0.035073066794434775,-0.10251378415360772
MINK1_S701,MINK1,False,0.11389299975258146,0.1007456668161214,0.06012392451252155
MINK1_S601,MINK1,False,0.08868847958472707,0.08272969316167446,0.04684025420297235
MINK1_S777,MINK1,False,-0.7256842071478706,-0.04453839607649845,-0.7755892181292466
MINK1_S782,MINK1,False,0.02019992294349774,0.2657969247597524,
EYA4_S338,EYA4,False,-0.11724153823052234,-0.1092281954726367,-0.07194405165791234
DNM3_S759,DNM3,False,,-0.787592525983478,-0.25095896009983226
DNM3_S763,DNM3,False,,-0.787592525983478,-0.25095896009983226
GIT2_S415,GIT2,False,0.3724376767299599,0.07767406809841429,0.010206942869257081
GIT2_S418,GIT2,False,0.07805437637394617,0.06024055134155954,0.4699858029835493
GIT2_S421,GIT2,False,0.07805437637394617,0.06024055134155954,0.4699858029835493
WARS1_S467,WARS1,False,0.19249429124042086,0.10773222038456791,0.08297723134484851
WARS1_S4,WARS1,False,0.6069159418252051,0.11356715704707816,
SHTN1_S464,SHTN1,False,0.3345682756661327,0.3862591411333461,
SHTN1_S467,SHTN1,False,0.3345682756661327,0.3862591411333461,
SHTN1_S506,SHTN1,False,,,0.2918110958521767
ABI1_S290,ABI1,False,0.2067682354683216,,
ABI1_S220,ABI1,False,,,0.5369480883393927
ABI1_S226,ABI1,False,,0.20889177502615322,
ABI1_S178,ABI1,False,-0.28036107490204787,-0.22275453039040918,-0.13812401603292088
SAP30BP_S43,SAP30BP,False,-0.24463381623685052,,
SAP30BP_S18,SAP30BP,False,0.07286672407973267,0.22983639471965442,
SAP30BP_S22,SAP30BP,False,0.07286672407973267,0.16053846596421886,
SAP30BP_S97,SAP30BP,False,-0.253292982493312,-0.3321697556783221,-0.37736946101791174
RIC8B_S428,RIC8B,False,-0.05115510028364345,0.06794748883844524,0.1686420355588392
ENSP00000454503_S2059,ENSP00000454503,False,-0.9088573846092252,-1.056701550328288,-1.3934251163544475
CLK2_S140,CLK2,False,-0.10289900940866961,0.3176745631211602,
ENSP00000356088_S1124,ENSP00000356088,False,0.8152475063606746,0.2216800496430709,0.27679440478925943
RAB11FIP2_S277,RAB11FIP2,False,-0.007093700093746558,0.12789736448606356,0.003415223817406648
TASOR_S1103,TASOR,False,-0.14936057410667472,-0.15508413047487152,-0.28479190763293794
TASOR_S1107,TASOR,False,-0.14936057410667472,0.014069582501655862,
TASOR_S694,TASOR,False,-0.5646757507627812,-0.6135427167167505,-1.057872141821553
TASOR_S699,TASOR,False,0.7968395444977961,-0.3175650387476312,-0.1668728939578769
TASOR_S633,TASOR,False,0.09125294018770631,-0.027007983430894725,0.038576651452323155
TASOR_S636,TASOR,False,0.09125294018770631,0.002622059657754739,0.03955955725570582
TASOR_S99,TASOR,False,,,0.043204498565167566
ENSP00000379861_S454,ENSP00000379861,False,0.30987466003676634,,-1.280404732703012
PLEKHA7_S534,PLEKHA7,False,0.24610400988391654,0.06308871201928423,
PLEKHA7_S538,PLEKHA7,False,0.24610400988391654,0.06308871201928423,
FNBP1_S296,FNBP1,False,-0.00618906171305274,-0.06790810254924652,-0.05974430857814457
FNBP1_S299,FNBP1,False,0.2534508903930544,0.22590400136566433,0.21236852827405062
STRN3_S229,STRN3,False,0.058397515565795026,0.04152859961643585,0.003159065627776552
STRN3_S257,STRN3,False,,0.08033301475732642,
PCNX3_S127,PCNX3,False,,1.1441116484584135,
PCNX3_S1491,PCNX3,False,,0.06832686143450555,
PCNX3_S1497,PCNX3,False,,0.06832686143450555,
ENSP00000347978_S156,ENSP00000347978,False,0.04273516151179361,-0.11301483029258848,-0.2009355571957692
ENSP00000347978_S157,ENSP00000347978,False,0.04273516151179361,-0.11301483029258848,-0.2009355571957692
ENSP00000347978_S559,ENSP00000347978,False,-0.04675711408342553,,
ENSP00000347978_S562,ENSP00000347978,False,-0.045805038923500185,0.029776715987404584,0.038547830985616684
ENSP00000347978_S563,ENSP00000347978,False,-0.021067457289738783,0.3398127165561986,0.14903194274737697
ENSP00000347978_S382,ENSP00000347978,False,-0.0811403292909929,-0.028158413692361616,-0.16848454396554022
ENSP00000347978_S384,ENSP00000347978,False,-0.14468986729922775,-0.09885392819405549,-0.14394464791474917
ENSP00000347978_S341,ENSP00000347978,False,0.5432117893017535,0.8809233762183669,0.07983500903299583
ENSP00000347978_S355,ENSP00000347978,False,0.0001442622910945383,,
ENSP00000347978_S356,ENSP00000347978,False,0.0001442622910945383,,
ENSP00000347978_S357,ENSP00000347978,False,0.0001442622910945383,,
MIB2_S186,MIB2,False,-0.06619489236444932,-0.18105441551209056,-0.14901472349655476
ERCC6_S429,ERCC6,False,-0.16824450023148446,-0.08383072286415441,0.05018822331147818
ERCC6_S430,ERCC6,False,-0.16824450023148446,-0.08383072286415441,0.05018822331147818
ERCC6_S486,ERCC6,False,-0.2867247232991518,-0.365011936947262,
ERCC6_S489,ERCC6,False,-0.2867247232991518,-0.365011936947262,
ENSP00000348104_S276,ENSP00000348104,False,-0.24851913970202244,,
ENSP00000348104_S280,ENSP00000348104,False,-0.24851913970202244,,
WWOX_S14,WWOX,False,0.18552741328028224,,0.06281249240502118
SVIL_S50,SVIL,False,0.3059121701566207,0.4730439424525109,0.8793921028304842
SVIL_S238,SVIL,False,0.0315795188618021,-0.10746623173972517,-0.2666620376393065
SVIL_S245,SVIL,False,-0.1789823050483459,-0.06669120841296558,-0.11793337101089388
SVIL_S270,SVIL,False,-0.338396318571223,0.15911246123085832,
SVIL_S221,SVIL,False,-0.02963534072749634,-0.06668308973992916,-0.11951244662932653
SVIL_S313,SVIL,False,-0.25522413427388363,-0.3577821190732399,-0.14681437739854183
SVIL_S694,SVIL,False,,0.09135584716264439,0.21309413351133624
ENSP00000375721_S100,ENSP00000375721,False,-0.036982970996192965,,
ENSP00000348196_S77,ENSP00000348196,False,-0.059237110346866954,-0.009379661564625242,-0.10225530426332112
SLC25A46_S34,SLC25A46,False,-0.8300744311121102,-0.8172822807687425,
SLC25A46_S37,SLC25A46,False,-0.5665113272771645,-0.4553959190204608,
ENSP00000396871_S211,ENSP00000396871,False,-0.6607941884798836,0.27328318535249874,0.02644598030380087
PHLDB1_S470,PHLDB1,False,,-0.11409769892866826,
PHLDB1_S578,PHLDB1,False,-0.17415749241619075,-0.1463933059483331,-0.24846331238765335
PHLDB1_S583,PHLDB1,False,0.02764286030607299,-0.17967969946837,-0.3000574872586014
PHLDB1_S404,PHLDB1,False,-0.4569595158649016,-0.2302113377408232,-0.8234984974525554
PHLDB1_S324,PHLDB1,False,-0.1810460055657876,-0.04580368961312479,
PHLDB1_S563,PHLDB1,False,-0.12330509934918028,-0.06850404302394437,-0.17399395011563812
PHLDB1_S564,PHLDB1,False,0.024289665022688273,-0.07555733345357568,0.07338739592248382
PHLDB1_S223,PHLDB1,False,,-0.8098529458925269,
PHLDB1_S518,PHLDB1,False,-0.194855383314788,-0.17109537907171327,-0.2897903308436036
PHLDB1_S520,PHLDB1,False,-0.1265381211269084,-0.14936239797543827,-0.40072970132048696
PHLDB1_S970,PHLDB1,False,-0.014307613463942562,0.20660953224738723,0.25497411502931994
PHLDB1_S430,PHLDB1,False,,0.45196276620527703,
PHLDB1_S443,PHLDB1,False,-0.3303127562619113,-0.04649395459677555,-0.1668103413536759
PHLDB1_S419,PHLDB1,False,-0.07168675644571597,-0.09533688700747861,0.058620277589515574
PHLDB1_S501,PHLDB1,False,,0.13290581201150653,
UVRAG_S470,UVRAG,False,,-0.460480216622477,
UVRAG_S397,UVRAG,False,-0.21432391100709625,-0.47422447068441215,-0.20028243022514605
FBRS_S179,FBRS,False,-0.40298855179388166,-0.5887053089989658,-0.10005101381032824
FBRS_S189,FBRS,False,-0.15944233419858309,-0.03766829888576051,-0.03439849416991372
FBRS_S190,FBRS,False,-0.0376692254009338,-0.03766829888576051,-0.03439849416991372
NF1_S876,NF1,False,-0.3711567003735596,-0.4528910445053383,0.7093071525433903
NF1_S879,NF1,False,-0.45344665092226294,-0.5160394853099967,1.4836223303234939
NF1_S882,NF1,False,-0.3711567003735596,-0.5160394853099967,0.677939274869409
NF1_S2808,NF1,False,0.34922541894590897,1.9985565831303314,
NF1_S2813,NF1,False,0.34922541894590897,1.9985565831303314,
NF1_S2522,NF1,False,0.02270594621757564,-0.12718636730197808,-0.052191731184625494
NF1_S657,NF1,False,,-0.3584374934903977,-0.6326297478122515
GTF3C1_S1653,GTF3C1,False,,,-1.1435321404905265
GTF3C1_S1062,GTF3C1,False,-0.516276548398631,-0.6007328895393788,-0.6027697907926656
GTF3C1_S1063,GTF3C1,False,-0.6486430497187639,-0.7732448767301799,
GTF3C1_S1068,GTF3C1,False,0.9020289505792042,0.7024103520668136,0.5931297064283172
GTF3C1_S1865,GTF3C1,False,-0.3110589684098594,-0.3815686780544705,-0.3618909572451502
GTF3C1_S1868,GTF3C1,False,-0.3110589684098594,-0.3402483992969682,-0.3618909572451502
GTF3C1_S1611,GTF3C1,False,-0.11569123305755344,0.04903828315628003,-0.21820823528413513
GTF3C1_S1632,GTF3C1,False,-0.010123727166374977,0.15632816421948997,
GTF3C1_S1253,GTF3C1,False,-0.3424205296145458,,-0.782272957966957
CDCA7L_S45,CDCA7L,False,0.11886705905011284,0.197033784020617,0.09700277886118838
NCOR2_S938,NCOR2,False,0.051710299721145554,0.0016022479772368273,0.070673899400469
NCOR2_S149,NCOR2,False,-0.32366747388187744,-0.408782493001505,0.02294007588463398
NCOR2_S152,NCOR2,False,-0.32366747388187744,-0.41434193794728963,0.02294007588463398
NCOR2_S54,NCOR2,False,-0.16749055230417736,-0.24013675630512102,-0.07595786323940944
NCOR2_S553,NCOR2,False,0.2946192258854032,0.2530155134518078,0.3033141642831768
NCOR2_S1765,NCOR2,False,0.11724820410070465,,0.1288674788945543
NCOR2_S1768,NCOR2,False,0.11724820410070465,-0.2513162795042183,0.01695780289107655
NCOR2_S1241,NCOR2,False,,0.6831125218131676,1.3194445229323415
NCOR2_S1163,NCOR2,False,0.3581534861029272,0.41832898237120036,-0.017043333842689745
NCOR2_S921,NCOR2,False,,-0.037739730059444886,-0.4791478895207729
NCOR2_S925,NCOR2,False,-0.12355967178484302,,
NCOR2_S2248,NCOR2,False,-0.14760855563888176,-0.11254175838671561,-0.17132665122871352
NCOR2_S1995,NCOR2,False,-0.6781411561366382,-0.11680149772648384,
NCOR2_S1848,NCOR2,False,,,-0.28261420130974313
NCOR2_S1851,NCOR2,False,,,-0.28261420130974313
NCOR2_S215,NCOR2,False,,-0.24397495533842012,
NCOR2_S1529,NCOR2,False,,0.7924389300646378,
NCOR2_S2383,NCOR2,False,,-0.04426152058070755,
NCOR2_S2036,NCOR2,False,0.135402498153281,0.1331065229382258,0.16697432871734186
NCOR2_S2044,NCOR2,False,0.18045012996954177,0.10034575276982623,0.2010640412362129
NCOR2_S2048,NCOR2,False,0.10446446705895687,0.46819312910822686,0.34380780065466104
NCOR2_S1469,NCOR2,False,0.18544481107915645,0.15712892243851675,0.11870568230693983
UBA5_S358,UBA5,False,0.10900747841079028,-0.09646058924178139,0.01690282917676059
ENSP00000350813:map.7/91712698/G:p.N2804S:n.A91712698G:c.aAt/aGt_S3640,ENSP00000350813:map.7/91712698/G:p.N2804S:n.A91712698G:c.aAt/aGt,False,-0.42757972523393273,,
ENSP00000350813:map.7/91712698/G:p.N2804S:n.A91712698G:c.aAt/aGt_S1053,ENSP00000350813:map.7/91712698/G:p.N2804S:n.A91712698G:c.aAt/aGt,False,,0.6188024652975002,
RANGAP1_S428,RANGAP1,False,-0.05460954141913509,-0.09367837665548229,-0.06506934932186714
RANGAP1_S442,RANGAP1,False,-0.1465644185133197,-0.09620507004155672,-0.1018478161097991
G3BP1_S232,G3BP1,False,0.004536207534592461,-0.028043644843243093,0.016779106966856257
G3BP1_S149,G3BP1,False,-0.04001240594199914,0.07536821102014021,0.11198204811198739
SDAD1_S585,SDAD1,False,-0.4181449003055107,-0.14238409316179132,-0.12725300297404418
PHLPP2_S1143,PHLPP2,False,,-0.6699923958491573,
ENSP00000348666_S1042,ENSP00000348666,False,-0.19212222153887862,-0.6199538775410457,-0.31081535559095813
ENSP00000348666_S1765,ENSP00000348666,False,-0.7190493605132293,-0.8769775852672419,-0.4207039774066306
ENSP00000348666_S1699,ENSP00000348666,False,0.040261223064434574,0.24804899843720607,
ENSP00000348666_S2434,ENSP00000348666,False,-0.4548421393009341,,
ENSP00000348666_S2435,ENSP00000348666,False,-0.03471963121617926,-0.056271967524901836,-0.027042723022975525
ENSP00000348666_S1038,ENSP00000348666,False,0.028993411879548688,-0.13295359427882086,
SH3BP2_S120,SH3BP2,False,,-0.3649050118340454,
MYO5A_S1119,MYO5A,False,-0.2809304898209485,-0.22894267742859706,
MYO5A_S1625,MYO5A,False,,,-0.4938043077351864
PAK1_S174,PAK1,False,,-0.18349040072439188,0.8097436951167453
PAK1_S204,PAK1,False,0.17274351676018718,,
PAK1_S144,PAK1,False,0.19429296085178724,0.16313039584078284,0.15508917338957665
SPRED2_S88,SPRED2,False,-1.1614237052191467,-0.36314074383494593,-1.0471898854650958
LSS_S720,LSS,False,0.437866900870151,,
STOML2_S330,STOML2,False,0.009046162728016748,-0.07381835778933736,-0.06315457005969755
DYNC1H1_S4368,DYNC1H1,False,-0.3527193564064636,-0.32118495648477324,-0.36733890339033354
SON_S1782,SON,False,0.22389658390789138,0.2403050691438457,0.36673756571827243
SON_S1783,SON,False,0.32041077031562,0.2403050691438457,0.1721034284401398
SON_S1697,SON,False,0.11061161643503069,0.13287136510108957,0.11858903251993466
SON_S2129,SON,False,-0.19708203592706408,-0.19708291626551003,-0.02525044554318624
SON_S2029,SON,False,-0.23617313350746916,0.15155766691605999,0.1423588323688381
SON_S2031,SON,False,-0.23617313350746916,0.15155766691605999,0.1423588323688381
SON_S1948,SON,False,-0.08277034944077283,0.12419577158719183,
SON_S1950,SON,False,-0.08277034944077283,-0.007766329976415992,
SON_S1952,SON,False,-0.08277034944077283,-0.007766329976415992,
SON_S2009,SON,False,0.03594824039955804,0.06026734180678834,0.5083065158633893
SON_S2011,SON,False,0.05470150970075129,0.04506382430805742,0.3814144772818625
SON_S2013,SON,False,0.04405761977651592,0.039907299320317176,0.1971837282144527
SON_S1769,SON,False,-0.36021217040380127,-0.12658049656514306,-1.5755293283402192
SON_S2001,SON,False,0.27819655366137797,0.16947078783794856,
SON_S2003,SON,False,0.27819655366137797,0.16947078783794856,
SON_S2020,SON,False,-0.7538320142814682,0.07385683139647115,0.14625511895833065
SON_S283,SON,False,-0.028116940829604087,-0.047063861579893354,-0.1154358264604525
KDM1A_S131,KDM1A,False,0.02654687503682232,,
KDM1A_S137,KDM1A,False,0.02654687503682232,,
KDM1A_S166,KDM1A,False,,-0.3055010648656649,-0.24610455810813636
ARHGEF12_S1370,ARHGEF12,False,-0.03365891079586603,0.004670105162551996,0.1548856170197674
ARHGEF12_S1375,ARHGEF12,False,,-0.05545635836308617,
ARHGEF12_S618,ARHGEF12,False,-0.2774739264530666,-0.09261128921655999,-0.30915388174153485
ARHGEF12_S41,ARHGEF12,False,-0.8187648219261421,-1.1359058490455596,-0.6696591532467874
ARHGEF12_S318,ARHGEF12,False,-0.6039848148566258,-0.5154390496433199,
ARHGEF12_S322,ARHGEF12,False,-0.6039848148566258,-0.5154390496433199,
ARHGEF12_S1522,ARHGEF12,False,-0.4767993902106485,0.7407980680414706,0.30847737659496083
ARHGEF12_S1269,ARHGEF12,False,-0.7839465340421435,-0.5633374375029577,-0.3449540384281531
ENSP00000469977_S645,ENSP00000469977,False,0.03673009775118003,0.020303869002633434,0.015141888406111581
ENSP00000469977_S34,ENSP00000469977,False,0.19900906790474818,0.1448212561511307,0.25910035503340895
ENSP00000469977_S77,ENSP00000469977,False,-0.20490447250872812,-0.0470551508767492,-0.013641152327676648
ENSP00000469977_S79,ENSP00000469977,False,-0.14934075897351498,0.011268176111365292,0.009571913430312327
ENSP00000469977_S632,ENSP00000469977,False,-0.35884244110451147,-0.36020580045066586,-0.43690850411118076
ENSP00000469977_S661,ENSP00000469977,False,0.16334937715165976,0.7027180154393571,-0.19811366183142537
ENSP00000469977_S101,ENSP00000469977,False,-0.1414272082386013,-0.11769403960693317,-0.2860164502082082
ENSP00000469977_S103,ENSP00000469977,False,,-0.16242807286414276,
ENSP00000469977_S107,ENSP00000469977,False,-0.1414272082386013,-0.11769403960693317,-0.2860164502082082
PPP4R2_S226,PPP4R2,False,0.01693361441948086,0.09544891750417273,0.055782085818215144
PCYT1B_S315,PCYT1B,False,,-0.7084671640479753,0.1924466937350469
NACA_S87,NACA,False,0.1918152897068982,0.35479064923107084,
ENSP00000349259:map.2/54857045/A:p.P896T:n.C54857045A:c.Cca/Aca_S2340,ENSP00000349259:map.2/54857045/A:p.P896T:n.C54857045A:c.Cca/Aca,False,-0.01756626196068565,0.22637623111032898,0.3460775345355969
ENSP00000349259:map.2/54857045/A:p.P896T:n.C54857045A:c.Cca/Aca_S2164,ENSP00000349259:map.2/54857045/A:p.P896T:n.C54857045A:c.Cca/Aca,False,-0.1423620755883655,-0.2669809879823872,-0.27464775171231726
ENSP00000349259:map.2/54857045/A:p.P896T:n.C54857045A:c.Cca/Aca_S2165,ENSP00000349259:map.2/54857045/A:p.P896T:n.C54857045A:c.Cca/Aca,False,-0.3805190002573704,-0.28464261124714113,-0.1546985336189623
ENSP00000349259:map.2/54857045/A:p.P896T:n.C54857045A:c.Cca/Aca_S2169,ENSP00000349259:map.2/54857045/A:p.P896T:n.C54857045A:c.Cca/Aca,False,-0.32445560628909925,-0.0823198076416566,-0.21046863798846752
ENSP00000349259:map.2/54857045/A:p.P896T:n.C54857045A:c.Cca/Aca_S2358,ENSP00000349259:map.2/54857045/A:p.P896T:n.C54857045A:c.Cca/Aca,False,0.1302719545188591,0.2916942061104417,0.08338358771008282
ENSP00000349259:map.2/54857045/A:p.P896T:n.C54857045A:c.Cca/Aca_S2161,ENSP00000349259:map.2/54857045/A:p.P896T:n.C54857045A:c.Cca/Aca,False,-0.0216667951270015,-0.36717934239582223,-0.5151490148323281
GOLGA4_S140,GOLGA4,False,-0.19862609413364354,,
GOLGA4_S144,GOLGA4,False,-0.19862609413364354,,
GOLGA4_S93,GOLGA4,False,-0.06596585683587443,-0.1720399319696451,-0.10143134152687341
GOLGA4_S96,GOLGA4,False,,-0.008588069370540574,0.292192773901891
GOLGA4_S100,GOLGA4,False,0.00028240735996999206,0.22529219546289161,0.36233361698662625
GOLGA4_S41,GOLGA4,False,-0.08377700870133827,-0.07245107568987429,-0.1225449650561375
GOLGA4_S111,GOLGA4,False,0.1419089705928532,0.14808444023253836,0.053801725699253594
GOLGA4_S114,GOLGA4,False,0.2733227332892016,0.5499155536219554,
ENSP00000349437:map.6/160494409/G:p.R1619G:n.A160494409G:c.Agg/Ggg_S2409,ENSP00000349437:map.6/160494409/G:p.R1619G:n.A160494409G:c.Agg/Ggg,False,-0.015634443491289143,0.03581812447041883,0.009326956839344973
ENSP00000349437:map.6/160494409/G:p.R1619G:n.A160494409G:c.Agg/Ggg_S2347,ENSP00000349437:map.6/160494409/G:p.R1619G:n.A160494409G:c.Agg/Ggg,False,,0.6500292405276461,0.34573699516404316
ENSP00000349437:map.6/160494409/G:p.R1619G:n.A160494409G:c.Agg/Ggg_S2350,ENSP00000349437:map.6/160494409/G:p.R1619G:n.A160494409G:c.Agg/Ggg,False,,0.6500292405276461,0.34573699516404316
ENSP00000349470_S73,ENSP00000349470,False,0.1220763036957359,,0.3189241640300768
ENSP00000349470_S78,ENSP00000349470,False,0.15977495804011943,0.15905660025937243,0.3189241640300768
ENSP00000349470_S80,ENSP00000349470,False,0.1786242852123112,0.15905660025937243,
ENSP00000349470_S15,ENSP00000349470,False,-0.014928840887814605,-0.15172618727622222,-0.14575128018821942
ENSP00000349470_S17,ENSP00000349470,False,-0.014928840887814605,-0.15172618727622222,-0.14575128018821942
CAVIN1_S167,CAVIN1,False,0.028374006318377554,-0.012289034132476834,-0.1499411093080975
CAVIN1_S171,CAVIN1,False,0.5413165853665247,0.7261336731818974,0.017636903049498446
CAVIN1_S300,CAVIN1,False,-0.08716487602773926,0.2612299089870458,
SPAG9_S251.1,SPAG9,False,,0.16414264884830632,-0.17304278583245813
SPAG9_S254,SPAG9,False,,0.16414264884830632,-0.17304278583245813
VPS13B_S999,VPS13B,False,0.10399036110435068,0.24811104307168516,0.33230434078709736
VPS13B_S1002,VPS13B,False,0.10399036110435068,0.24811104307168516,0.33230434078709736
SFPQ_S521,SFPQ,False,0.2603870374289375,-0.3241921290635841,0.28249911293597063
SFPQ_S273,SFPQ,False,0.1112188729903325,0.1662901002286142,0.010779838753242763
CDC42SE1_S74,CDC42SE1,False,-0.30424222147395985,-0.10971051978751065,0.005985914255230096
RC3H2_S803,RC3H2,False,-0.5142846626716346,,
RC3H2_S808,RC3H2,False,-0.5155427133599635,-0.3393258381833412,
RC3H2_S1119,RC3H2,False,-0.22955998863120672,-0.04682000219348003,-0.2963461026358943
FKBP5_S13,FKBP5,False,-0.02712346665913871,-0.19354422465547397,-0.003432178279732051
ENSP00000349856_S613,ENSP00000349856,False,-0.6140941250778129,-0.5088900322309744,-0.10971618484050354
ENSP00000349856_S556,ENSP00000349856,False,,-0.0730509662965557,-0.1429585549651019
ENSP00000349856_S563,ENSP00000349856,False,,-0.18728112874216493,-0.1429585549651019
ENSP00000349856_S226,ENSP00000349856,False,0.16639361637477146,0.17802195825624834,0.1605684674327692
ENSP00000349856_S388,ENSP00000349856,False,-0.2517225827288491,0.140063788525853,0.14173503258859996
ENSP00000349856_S907,ENSP00000349856,False,-0.20467773547450407,-0.01516121137003122,-0.119071597444781
ENSP00000349856_S416,ENSP00000349856,False,-0.9181968210221984,-0.7469690554388093,-1.3130110001513093
ENSP00000349856_S419,ENSP00000349856,False,-1.2639233798110856,-0.4667356869282084,
ENSP00000349856_S480,ENSP00000349856,False,-0.02426574615305331,-0.19733178674270466,-0.17607451748176534
ENSP00000349856_S1395,ENSP00000349856,False,0.011377273639163049,0.10255422183301126,-0.05925071508894955
ENSP00000349856_S1132,ENSP00000349856,False,-0.6496024229318942,-0.6720169507133945,-0.7388312407678729
ENSP00000349856_S1136,ENSP00000349856,False,-0.29784873818662333,0.7611188301331165,-0.4034725913074448
ENSP00000349856_S1139,ENSP00000349856,False,0.9758953303815184,1.0439179646298162,0.3665742148516345
GFPT1_S218,GFPT1,False,0.39407506562573746,0.2899524722153964,
GFPT1_S243,GFPT1,False,0.3878135835117393,0.6642719950962137,0.42817657724817604
SRPK2_S494,SRPK2,False,-0.5353388893357829,-0.5297048057937014,-0.5928809906768646
SRPK2_S497,SRPK2,False,-0.5353388893357829,-0.008061372042187093,-0.26391008413412287
ATP13A1_S935,ATP13A1,False,0.23596354811124529,0.09539381660802387,
ATP13A1_S899,ATP13A1,False,-0.043913601604752724,,
ATP13A1_S903,ATP13A1,False,-0.6304609297456096,-0.06802956704717673,
ENSP00000443120:map.1/156713558/A:p.P201L:n.G156713558A:c.cCc/cTc_S165,ENSP00000443120:map.1/156713558/A:p.P201L:n.G156713558A:c.cCc/cTc,False,0.04970701093021825,0.02598493511407877,0.07578319200841244
ENSP00000443120:map.1/156713558/A:p.P201L:n.G156713558A:c.cCc/cTc_S132,ENSP00000443120:map.1/156713558/A:p.P201L:n.G156713558A:c.cCc/cTc,False,0.012185132852517109,0.12237251062413339,-0.01882622396643872
ENSP00000443120:map.1/156713558/A:p.P201L:n.G156713558A:c.cCc/cTc_S133,ENSP00000443120:map.1/156713558/A:p.P201L:n.G156713558A:c.cCc/cTc,False,0.15085519576887158,-0.24972064407359598,0.03322826056879078
ENSP00000443120:map.1/156713558/A:p.P201L:n.G156713558A:c.cCc/cTc_S202,ENSP00000443120:map.1/156713558/A:p.P201L:n.G156713558A:c.cCc/cTc,False,-0.18583516703543204,-0.1404756495115768,-0.3649377605079541
ENSP00000443120_S202,ENSP00000443120,False,,-0.2697904715521871,
MYCBP2_S3893,MYCBP2,False,-0.3156866100841556,-0.3503573718886812,-0.1885293775435644
MYCBP2_S3894,MYCBP2,False,-0.3156866100841556,-0.3503573718886812,-0.1885293775435644
MYCBP2_S2649,MYCBP2,False,2.5192902790365257,-0.6506103058636287,-1.138695682282993
MYCBP2_S2749,MYCBP2,False,0.444561060372784,0.4579619444526847,
MYCBP2_S2751,MYCBP2,False,-0.20396658912825252,-0.09386575176173628,-0.15535597001322
MYCBP2_S140,MYCBP2,False,,-0.15685227721494813,
MYCBP2_S143,MYCBP2,False,,-0.15685227721494813,
MYCBP2_S145,MYCBP2,False,,-0.15685227721494813,
MYCBP2_S3467,MYCBP2,False,-1.8832094183225712,-1.2092695914709202,
MYCBP2_S2833,MYCBP2,False,-0.5030003605748777,-0.4212310988763166,-0.31381633401899217
CHLSN_S175,CHLSN,False,-0.23795034678880325,-0.26554225723404423,-0.22913166949946037
ACSL3_S683,ACSL3,False,,-0.3348983443383809,
ENSP00000350018_S262,ENSP00000350018,False,0.15315678806142052,,
ENSP00000350018_S544,ENSP00000350018,False,,0.012139539443791324,-0.11494111538253073
ENSP00000350018_S550,ENSP00000350018,False,-0.07442585949988412,0.6627665358031054,0.14197729654917177
ENSP00000351438_S785,ENSP00000351438,False,0.38316512484753,,0.3336527147654136
ENSP00000351438_S589,ENSP00000351438,False,-0.0359242084276775,0.07605825767739058,0.35984911403834136
ENSP00000351438_S696,ENSP00000351438,False,0.0675010485665715,-0.127830244053757,
ENSP00000351438_S675,ENSP00000351438,False,0.20155125464898413,0.2677334737903753,-0.20325275162060474
ENSP00000351438_S679,ENSP00000351438,False,-0.08406966825659938,0.08508243145636289,-0.09183455274572593
ENSP00000351438_S893,ENSP00000351438,False,-0.012898764110915532,0.07764049912116701,0.04446406651324603
FXR1_S420,FXR1,False,,3.821506141897494,
FXR1_S423,FXR1,False,,3.821506141897494,
FXR1_S406,FXR1,False,-0.22457737332529784,-0.208153689835093,-0.2628193941441885
FXR1_S409,FXR1,False,-0.22457737332529784,-0.208153689835093,-0.2628193941441885
ENSP00000356539_S593,ENSP00000356539,False,,,-0.11617589141988237
MAP3K6_S1121,MAP3K6,False,,0.06860202737867153,
IPO5_S827,IPO5,False,,-0.2673053279120186,
FAM219B_S125,FAM219B,False,0.11576633429141067,0.14607771237978076,0.1059462119053246
FAM219B_S127,FAM219B,False,0.11576633429141067,0.22180184060903063,0.1059462119053246
ENSP00000429900:map.8/131124559/C:p.I728V:n.T131124559C:c.Atc/Gtc_S717,ENSP00000429900:map.8/131124559/C:p.I728V:n.T131124559C:c.Atc/Gtc,False,0.24269395754961837,-0.3346750861674888,0.11209957977623511
ENSP00000429900:map.8/131124559/C:p.I728V:n.T131124559C:c.Atc/Gtc_S726,ENSP00000429900:map.8/131124559/C:p.I728V:n.T131124559C:c.Atc/Gtc,False,0.24269395754961837,-0.09479661480092194,0.11209957977623511
ENSP00000429900:map.8/131124559/C:p.I728V:n.T131124559C:c.Atc/Gtc_S839,ENSP00000429900:map.8/131124559/C:p.I728V:n.T131124559C:c.Atc/Gtc,False,0.0920890217434875,-0.1436597292147702,0.33020923953731485
ENSP00000429900:map.8/131124559/C:p.I728V:n.T131124559C:c.Atc/Gtc_S843,ENSP00000429900:map.8/131124559/C:p.I728V:n.T131124559C:c.Atc/Gtc,False,-1.36606229829668,-0.9517242600989322,-1.4298180637139353
ENSP00000429900:map.8/131124559/C:p.I728V:n.T131124559C:c.Atc/Gtc_S1027,ENSP00000429900:map.8/131124559/C:p.I728V:n.T131124559C:c.Atc/Gtc,False,-0.2342615934186923,,-0.18131998884737446
WDR47_S394,WDR47,False,-0.8510008374122356,-0.6307959753135519,-0.06896753141161406
CDK11A_S224,CDK11A,False,-0.21720410229883533,-0.22696463720747415,-0.2567558055487531
CDK11A_S254,CDK11A,False,0.15904409520127072,,0.1714630560025812
CDK11A_S260,CDK11A,False,0.017672546302161356,-0.049711754553505315,0.023960362598679036
CDK11A_S564,CDK11A,False,-0.017504627978521852,-0.042443349499395544,-0.015067842655943985
CDK11A_S729,CDK11A,False,0.1195132918984137,-0.07350977175928,-0.10111835341995663
STMN1_S16,STMN1,True,0.24725386986886455,0.19919745000151512,0.2680737399926185
STMN1_S25,STMN1,True,-1.6349242979802971,-1.6016113164324726,-1.4529487334061049
STMN1_S38,STMN1,True,-0.2126870175425595,-0.04604897791932236,-0.04594107768256601
STMN1_S63,STMN1,True,-0.005657978236767475,0.055808644991268586,0.24590540882625606
NEDD4L_S447,NEDD4L,False,-0.8037542010337625,-0.2907044447044302,-0.07877911035053489
NEDD4L_S451,NEDD4L,False,-1.1541140964224854,-0.051594577243901395,-0.04343239623920722
NEDD4L_S455,NEDD4L,False,-0.5934014311158575,0.26878496132579904,-0.003641993942795997
NEDD4L_S459,NEDD4L,False,-0.542462668491136,-0.2536839637931807,-0.2325596224044701
NEDD4L_S420,NEDD4L,False,-0.2743228273201015,-0.16005786679917458,-0.20923765751712314
NEDD4L_S421,NEDD4L,False,-0.352347201947925,0.08772456739044182,0.19396093689782176
NEDD4L_S436,NEDD4L,False,0.279768421593595,0.02715405150372665,0.4686417682616406
ZBTB44_S45,ZBTB44,False,-0.1591334731821904,-0.1994638177517774,-0.19274400899430302
ZBTB44_S48,ZBTB44,False,-0.1591334731821904,-0.1994638177517774,-0.19274400899430302
ENSP00000446268_S600,ENSP00000446268,False,-0.07928331496237613,-0.057791979383257995,-0.07054949697152305
DDX47_S9,DDX47,False,-0.020106358547999213,,0.11995371750556835
ENSP00000350716:map.9/25677953/C:p.N123D:n.T25677953C:c.Aac/Gac_S153,ENSP00000350716:map.9/25677953/C:p.N123D:n.T25677953C:c.Aac/Gac,False,0.027643848180209582,0.1327698227018856,0.20075543159558676
RABEP2_S193,RABEP2,False,-0.16478222652247582,-0.45059697007019783,0.024708463696950372
ENSP00000408503_S17,ENSP00000408503,False,-0.3387064441446935,-0.37317887619697704,-0.32880385511022114
PPP1CA_S2,PPP1CA,False,,,0.2979543901829535
CNOT12_S672,CNOT12,False,-0.2951629337166213,-0.35958364807867227,-0.29926092755225475
CNOT12_S1620,CNOT12,False,0.10763797463330176,0.06037770564007178,0.07576523971019798
CNOT12_S1621,CNOT12,False,0.10763797463330176,0.06037770564007178,0.07576523971019798
CNOT12_S872,CNOT12,False,0.518486539118407,0.47259806544613064,0.5027355796470578
CNOT12_S1024,CNOT12,False,-0.13322650826586657,-0.18926842283939996,
CNOT12_S919,CNOT12,False,0.4228849879365558,0.19723635491870656,0.26611402782761595
CNOT12_S920,CNOT12,False,-0.29570794747620627,-0.32927779074325203,-0.4738241809822947
CNOT12_S893,CNOT12,False,,1.9014172209116915,
CNOT12_S1103,CNOT12,False,-0.10091720006897713,-0.03938450260415014,0.17005323530230423
CNOT12_S178,CNOT12,False,,0.9850040341284536,
CNOT12_S1383,CNOT12,False,0.26884834634157934,0.02596258044301088,0.16889872002546932
CNOT12_S1385,CNOT12,False,-0.01738568612516322,-0.005654894581492222,-0.191705944339147
CNOT12_S494,CNOT12,False,-0.22575131536916207,-0.2122931766451752,-0.20921493669300487
CNOT12_S498,CNOT12,False,-0.22579381257199663,-0.1844167600831191,-0.19904636796268432
CNOT12_S1666,CNOT12,False,-0.13769249275983067,-0.16552875452725485,-0.22027101416274028
CNOT12_S1073,CNOT12,False,,-0.08981996543111995,
CNOT12_S1473,CNOT12,False,-0.7709043386446203,,-0.662757039178434
CNOT12_S1476,CNOT12,False,-0.7709043386446203,,-0.662757039178434
CNOT12_S429,CNOT12,False,0.5863231521904578,0.4962911678294964,0.007885278214404597
CNOT12_S435,CNOT12,False,0.5709486051733275,0.2583333910981423,-0.006941609418846889
CNOT12_S1545,CNOT12,False,-0.08314665297316817,-0.3361699729486092,-0.7921045455774923
CNOT12_S1552,CNOT12,False,-0.10381674718363605,-0.44724050298550955,
CNOT12_S1554,CNOT12,False,0.1376190928451967,0.08882003329858511,
CNOT12_S983,CNOT12,False,-0.1250465277394646,0.02060417643402568,-0.259118220394555
CNOT12_S987,CNOT12,False,0.06093080744400514,-0.042010546811035956,-0.259118220394555
CNOT12_S836,CNOT12,False,-0.07772203463166717,-0.07398791136159183,-0.09359478539042351
CNOT12_S1715,CNOT12,False,,,0.33559758764193715
CNOT12_S1138,CNOT12,False,-0.21856304172122396,-0.19097652800881745,-0.03412828376406585
CNOT12_S691,CNOT12,False,-0.3373022902781885,,-0.14054722355480298
CNOT12_S695,CNOT12,False,-0.3373022902781885,,-0.14054722355480298
TPM1_S252,TPM1,False,-0.2704341784625881,,
PAK4_S181,PAK4,False,-0.1531961702173714,-0.07754503129018447,-0.1972532647827787
PAK4_S104,PAK4,False,-0.3244165039450005,-0.35791586981302254,-1.2913790860950665
PAK4_S474,PAK4,False,-0.022641165154404796,0.010804821026403094,0.029409319551471975
ENSP00000418533:map.7/129663496/T:p.R320H:n.C129663496T:c.cGt/cAt_S53,ENSP00000418533:map.7/129663496/T:p.R320H:n.C129663496T:c.cGt/cAt,False,,0.11516644963493532,
ENSP00000418533:map.7/129663496/T:p.R320H:n.C129663496T:c.cGt/cAt_S58,ENSP00000418533:map.7/129663496/T:p.R320H:n.C129663496T:c.cGt/cAt,False,0.18688115627955915,0.16016624619046516,0.17916193956663343
ENSP00000418533:map.7/129663496/T:p.R320H:n.C129663496T:c.cGt/cAt_S62,ENSP00000418533:map.7/129663496/T:p.R320H:n.C129663496T:c.cGt/cAt,False,-0.08453816225953213,-0.045661016674020914,0.15588699777475795
ENSP00000418533:map.7/129663496/T:p.R320H:n.C129663496T:c.cGt/cAt_S278,ENSP00000418533:map.7/129663496/T:p.R320H:n.C129663496T:c.cGt/cAt,False,-0.31572246563055856,-0.17179176434521182,-0.1941146377451619
ENSP00000418533:map.7/129663496/T:p.R320H:n.C129663496T:c.cGt/cAt_S24,ENSP00000418533:map.7/129663496/T:p.R320H:n.C129663496T:c.cGt/cAt,False,-0.04976748941710565,-0.057258204219327063,0.027335875071354317
ENSP00000418533:map.7/129663496/T:p.R320H:n.C129663496T:c.cGt/cAt_S338,ENSP00000418533:map.7/129663496/T:p.R320H:n.C129663496T:c.cGt/cAt,False,0.6380274847881978,,
ENSP00000418533:map.7/129663496/T:p.R320H:n.C129663496T:c.cGt/cAt_S352,ENSP00000418533:map.7/129663496/T:p.R320H:n.C129663496T:c.cGt/cAt,False,-0.32284387637522677,-0.09323491977663813,-0.13816618813498185
ENSP00000418533:map.7/129663496/T:p.R320H:n.C129663496T:c.cGt/cAt_S286,ENSP00000418533:map.7/129663496/T:p.R320H:n.C129663496T:c.cGt/cAt,False,,-0.13667111748816305,
ENSP00000418533:map.7/129663496/T:p.R320H:n.C129663496T:c.cGt/cAt_S292,ENSP00000418533:map.7/129663496/T:p.R320H:n.C129663496T:c.cGt/cAt,False,-0.10447406745557482,0.018549066735863828,0.12731149136836062
ENSP00000418533:map.7/129663496/T:p.R320H:n.C129663496T:c.cGt/cAt_S295,ENSP00000418533:map.7/129663496/T:p.R320H:n.C129663496T:c.cGt/cAt,False,-0.10992129570936926,-0.115014908296263,3.015212764435411
ENSP00000418533:map.7/129663496/T:p.R320H:n.C129663496T:c.cGt/cAt_S301,ENSP00000418533:map.7/129663496/T:p.R320H:n.C129663496T:c.cGt/cAt,False,-0.2809092703904867,-0.2965984623593743,-0.22435796105359432
ENSP00000418533:map.7/129663496/T:p.R320H:n.C129663496T:c.cGt/cAt_S311,ENSP00000418533:map.7/129663496/T:p.R320H:n.C129663496T:c.cGt/cAt,False,-0.8177783273060298,-0.6470722300661205,-0.4170779505287423
ENSP00000418533:map.7/129663496/T:p.R320H:n.C129663496T:c.cGt/cAt_S314,ENSP00000418533:map.7/129663496/T:p.R320H:n.C129663496T:c.cGt/cAt,False,0.10017031975697704,,0.3715031052044355
ENSP00000418533:map.7/129663496/T:p.R320H:n.C129663496T:c.cGt/cAt_S316,ENSP00000418533:map.7/129663496/T:p.R320H:n.C129663496T:c.cGt/cAt,False,-0.3501181759789865,-0.5008099117142577,0.14292524721940972
ENSP00000418533:map.7/129663496/T:p.R320H:n.C129663496T:c.cGt/cAt_S327,ENSP00000418533:map.7/129663496/T:p.R320H:n.C129663496T:c.cGt/cAt,False,-0.3891542748396484,-0.15220486574918327,-0.2569509923266022
PPHLN1_S92,PPHLN1,False,-0.2277027769822985,-0.12654806186272288,-0.5635058623013298
PPHLN1_S133,PPHLN1,False,0.2046640278511451,0.2009539250948663,0.09301698769936184
PPHLN1_S186,PPHLN1,False,0.01481823733714649,-0.12078044114060217,-0.1828515798412506
PPHLN1_S148,PPHLN1,False,0.45122430212668996,,
PPHLN1_S155,PPHLN1,False,0.04200571406229309,-0.016045385437636717,0.0940319006836995
MYOF_S174,MYOF,False,-0.17737589148895738,0.1159654315868071,-0.22409821401421126
MYOF_S1902,MYOF,False,-0.30311899325074865,0.28024369586601683,-0.3472053579808165
MYOF_S716,MYOF,False,-0.08476212086545167,,
MYOF_S718,MYOF,False,0.20075543159558676,1.3617683594191534,
ENSP00000441114_S1935,ENSP00000441114,False,0.28868106720180686,0.287640847439103,0.2485348361386787
ENSP00000441114_S1957,ENSP00000441114,False,0.5774409133886134,0.827168649292031,0.21101219348551165
ENSP00000441114_S1978,ENSP00000441114,False,-0.4598734369210768,0.51308661350174,0.13773695720352563
ENSP00000441114_S1941,ENSP00000441114,False,0.54527353283861,0.35909951982699706,0.20581357300252962
MIGA2_S220,MIGA2,False,-0.15389586803332103,-0.3000753049292416,0.11756206925697886
MIGA2_S224,MIGA2,False,-0.15389586803332103,-0.3000753049292416,0.11756206925697886
MIGA2_S228,MIGA2,False,,-0.09005028931141876,
MIGA2_S276,MIGA2,False,-0.07538115175084703,0.21674327433542923,
WTAP_S306,WTAP,False,0.14055547638864477,0.10518618389901259,0.1681162195665486
MAX_S2,MAX,False,0.25662351970826286,0.2570510785778321,0.2274890367622302
MAX_S11,MAX,False,0.2323316409608789,0.275267761325862,0.2814471947495243
KIAA1671_S1701,KIAA1671,False,,0.19861987321921495,
EPHA2_S570,EPHA2,False,-0.5893115614191106,,
EPHA2_S897,EPHA2,False,-0.35416237733761546,-0.6298613615251881,-0.4385017162518548
EPHA2_S899,EPHA2,False,0.09425513437235228,-0.05272314577684767,0.05404649879000371
EPHA2_S901,EPHA2,False,0.725503599786021,0.7013967928159648,0.7148006039962014
EPHA2_S892,EPHA2,False,-0.22108497045425052,,
AFAP1_S548,AFAP1,False,0.2188527589471094,0.6898541952331586,0.1716780631001903
AFAP1_S664,AFAP1,False,-0.09116243259619466,1.230845690237246,1.0624802647795215
AFAP1_S665,AFAP1,False,0.1331819035211211,-0.3347340983710026,-0.17161640918830673
AFAP1_S668,AFAP1,False,-0.2880708019440545,-0.15077980049247838,-0.0216504759331016
SIPA1L1_S1507,SIPA1L1,False,0.06492015694734916,0.06922082622365297,0.16092660565028225
SIPA1L1_S1249,SIPA1L1,False,,-0.4518790764506998,
SIPA1L1_S1629,SIPA1L1,False,-0.14934152100564918,-0.11825708185241866,
ARNT_S68,ARNT,False,-0.2753723296809603,0.29054236266025435,0.0005769626315205146
PRKAR1A_S77,PRKAR1A,False,-0.32420609540199086,-0.3063196238770055,-0.4074319898284901
PRKAR1A_S83,PRKAR1A,False,-0.3012329873083193,-0.33018402548961046,-0.35142342224907097
ANKRD17_S2401,ANKRD17,False,-0.3274545402102466,-0.31948414817056303,-0.2376881948776248
ANKRD17_S1940,ANKRD17,False,-0.08062177675242059,,
ANKRD17_S2041,ANKRD17,False,0.16597560829511973,0.06939371151528344,-0.2549349098943062
ANKRD17_S2045,ANKRD17,False,-0.13592270058737613,-0.1476857145643863,-0.045830782900284334
ANKRD17_S2047,ANKRD17,False,-0.12454783883499959,-0.15548858334483315,-0.08521841437969445
ANKRD17_S1709,ANKRD17,False,0.04685119885902616,-0.09727910545674495,0.039807948274205515
ANKRD17_S1457,ANKRD17,False,0.19413552004810078,,0.38852954700382614
ANKRD17_S2067,ANKRD17,False,,0.37642803240054423,0.08928623547673595
ANKRD17_S49,ANKRD17,False,0.1714630560025812,0.02856915219677092,
ANKRD17_S50,ANKRD17,False,0.1714630560025812,0.02856915219677092,
ANKRD17_S1696,ANKRD17,False,-1.183101513882087,-0.33545288345722296,-0.28008002734790627
ANKRD17_S1700,ANKRD17,False,-0.2985495756755259,-0.3158858365317821,-0.28774256529758746
MAX_S2.1,MAX,False,0.10083820688660719,-2.703407506898562,
MAX_S11.1,MAX,False,0.10083820688660719,-2.703407506898562,
SPATS2L_S120,SPATS2L,False,0.22762050373739262,0.1861201836806385,-0.14783630514065627
SPATS2L_S135,SPATS2L,False,-0.8452353475860874,-0.6255113313462258,
SPATS2L_S526,SPATS2L,False,0.16315212599732884,0.47665988956057553,0.0578314745605733
SPATS2L_S455,SPATS2L,False,0.1546406005714622,0.15088902395029283,0.08460445334406204
HELZ_S1317,HELZ,False,-0.43426635944756803,-0.13589543664685402,-0.1912172228987916
HELZ_S1614,HELZ,False,-0.026638996323589247,0.06706196543386206,-0.41851030128948136
HELZ_S1620,HELZ,False,-0.4245495996964472,-0.4278735764028934,-0.41851030128948136
HELZ_S1738,HELZ,False,0.1575033902365225,0.11926825433731918,-0.29865106198243363
HELZ_S1741,HELZ,False,0.4817122620033042,0.15075297273082958,-0.2912585942805401
CTNND1_S252,CTNND1,False,,,-0.9469022172023492
CTNND1_S288,CTNND1,False,0.16845486160448753,0.4619475821423603,
CTNND1_S914,CTNND1,False,0.22305178836844153,0.10005033793313327,0.5725016646420336
CTNND1_S346,CTNND1,False,0.12470316511262118,0.21701437864068965,-0.08073292235768167
CTNND1_S349,CTNND1,False,0.11142313447089129,-0.08226974043475278,-0.02231365131019148
CTNND1_S352,CTNND1,False,0.11165557046918284,0.5937103105072498,0.4132159726850239
CTNND1_S230,CTNND1,False,0.10486785833846478,0.4556996224832736,0.37638534463722934
CTNND1_S320,CTNND1,False,-3.171731181268239,-2.0636781768378327,-2.3919938671230683
CTNND1_S893,CTNND1,False,0.21472461240563714,0.12551885957509096,0.10023145403347626
CTNND1_S855,CTNND1,False,0.02864517256189339,-0.08623752020851388,
CTNND1_S856,CTNND1,False,0.02864517256189339,0.058108649401173953,
CTNND1_S858,CTNND1,False,-0.017287776281927243,-0.004394965729889551,0.22748720986854215
CTNND1_S268,CTNND1,False,-0.02613727247352064,0.363430557235841,0.29170995965338226
CTNND1_S269,CTNND1,False,-0.013797164862749319,0.19882169742249434,0.5483047172800941
CTNND1_S47,CTNND1,False,-0.09772948854148446,-0.1024716509234081,-0.12553423128074842
ENSP00000455224_S578,ENSP00000455224,False,0.10988746393054886,0.01882766535663356,-0.020190628724627707
GATAD2A_S546,GATAD2A,False,1.4782470407514285,,0.46121421258397927
GATAD2A_S548,GATAD2A,False,1.4782470407514285,0.7338749185750526,0.46121421258397927
GATAD2A_S100,GATAD2A,False,-0.18502382229163672,-0.20957763677161576,-0.06756399761549568
GATAD2A_S107,GATAD2A,False,-0.1368716073294399,-0.029325676733720357,-0.10022462218230606
GATAD2A_S114,GATAD2A,False,-0.33091391418380084,-0.29922949406034977,-0.2389733363290044
BAZ1A_S1381,BAZ1A,False,-0.2659209724653761,-0.2036194792771809,-0.05800204971928838
BAZ1A_S1385,BAZ1A,False,0.2937236099049341,0.12102159181007116,0.022865365881100427
FAM76B_S193,FAM76B,False,0.09311469727326666,0.034558390397711074,-0.001558350407191808
FAM76B_S148,FAM76B,False,,0.04600204654452046,
MICAL1_S872,MICAL1,False,-0.14947029829909697,-0.18225204241533371,0.12682214843523615
MICAL1_S875,MICAL1,False,-0.2801437947403579,-0.36107681262417146,0.12682214843523615
MICAL1_S876,MICAL1,False,-0.34025508446732466,-0.36107681262417146,0.02701246506258167
MICAL1_S617,MICAL1,False,,-0.22993213636419588,-0.3517002348155254
NOL8_S822,NOL8,False,0.3612242218168837,0.18695379041432755,0.32088213565118856
NOL8_S1014,NOL8,False,0.1928254035523912,,
NOL8_S1015,NOL8,False,0.1928254035523912,,
NOL8_S1016,NOL8,False,0.1928254035523912,,
NOL8_S1031,NOL8,False,0.27190951535920627,-0.21863189263770266,0.14905875661353407
NOL8_S310,NOL8,False,0.7051170870218958,0.634759443869599,
NOL8_S655,NOL8,False,0.9124199350153097,1.0436034778724002,0.9536872688497486
EDC4_S879,EDC4,False,0.0308168843402864,0.033981776154951196,0.08519595449729793
EDC4_S723,EDC4,False,-0.3287158453227413,0.08557540632336978,-0.06862653529142511
EDC4_S729,EDC4,False,0.0303339948010004,-0.14299731056741247,0.008048782322422513
EDC4_S741,EDC4,False,-0.17845304116566849,-0.23119320058846055,
NUMA1_S2063,NUMA1,False,-2.059074037205674,,
NUMA1_S1816,NUMA1,False,0.48724013000929745,0.7210663687310501,
NUMA1_S1225,NUMA1,False,0.15517120731513961,0.10458096109966987,0.2222915184739232
NUMA1_S1977,NUMA1,False,-0.10037577271659967,0.3964312371987803,0.6048432147014434
NUMA1_S1848,NUMA1,False,0.18161733603519625,0.29527696789753205,0.24987004682249817
NUMA1_S1778,NUMA1,False,0.36504261420164674,0.5489297694763999,
NUMA1_S1786,NUMA1,False,0.7350888704781762,0.6537020913934612,0.17887395816979515
NUMA1_S1743,NUMA1,False,-0.19392827886904535,-0.21826261212166584,-0.1612337487401135
NCOA6_S1481,NCOA6,False,,-0.9071701448548987,
NCOA6_S2018,NCOA6,False,-0.6253274089012562,-0.5795790029533959,-0.8429304121485532
ENSP00000477208_S127,ENSP00000477208,False,-0.10892945186171356,-0.17905740826493713,
ENSP00000477208_S132,ENSP00000477208,False,-0.08000406437088184,-0.11708310909589033,
GULP1_S213,GULP1,False,,-0.3367009281576648,-0.3060559130242144
ENSP00000352098_S197,ENSP00000352098,False,0.7359553540122641,0.3896978013452376,-0.3385057670438232
ENSP00000352098_S11,ENSP00000352098,False,-0.2670171761766578,-0.018420586372440418,0.00908361767796759
SUPT5H_S662,SUPT5H,False,-0.15679913121065694,-0.04087136523253259,0.03486752354544827
SUPT5H_S667,SUPT5H,False,,-0.09938625930192671,
KIRREL1_S560,KIRREL1,False,,-0.011535080836671902,
PHF2_S879,PHF2,False,0.6505807646022402,,
PHF2_S882,PHF2,False,-0.12033498768004396,-0.09758340532243681,-0.15478185877811543
PHF2_S539,PHF2,False,0.2393655083026653,-0.0325793372030226,-0.09893810937800837
PHF2_S899,PHF2,False,-0.8156559192457996,-0.44609845088920086,-0.534378911135079
PHF2_S905,PHF2,False,-0.8156559192457996,-0.44609845088920086,-0.534378911135079
CTPS2_S568,CTPS2,False,0.004449352323416912,-0.08126267615073061,0.13907651504611174
CTPS2_S571,CTPS2,False,0.0022047705301465556,-0.01026089429819002,0.13907651504611174
XRCC6_S520,XRCC6,False,-0.2759734754280309,-0.03804474676644006,0.3141744510896436
CD2AP_S510,CD2AP,False,0.09138851663295716,0.24660652556127627,-0.016851339575263136
CD2AP_S514,CD2AP,False,0.09138851663295716,0.24660652556127627,0.274624130421976
CD2AP_S458,CD2AP,False,0.2959580677208221,-0.5767553143154166,0.8786861106260904
DDX42_S185,DDX42,False,-0.12147996744420952,-0.01853247417892263,-0.017422050395490524
NUP214_S1081,NUP214,False,-0.5729946283027678,-0.3449775298403323,-0.36756425544885035
NUP214_S678,NUP214,False,-0.2545969936129984,-0.2470360888208505,-0.19973801712067413
NUP214_S430,NUP214,False,-1.03342187443239,-1.0029171913387933,-1.1873128504622539
NUP214_S433,NUP214,False,-0.17543493580165095,0.20527487322377325,0.20593700752302388
NUP214_S792,NUP214,False,-0.11904026141721905,0.35058192459649395,
NUP214_S666,NUP214,False,-0.060521913475169005,-0.22894371657026855,-0.35482620662813924
NUP214_S1023,NUP214,False,-0.44523902637706264,0.10597857260989592,-0.17350246364154517
NUP214_S940,NUP214,False,-0.04052284207685121,0.018026208297419886,0.01304147387171504
BABAM1_S7,BABAM1,False,-0.05068172095190406,,
BABAM1_S8,BABAM1,False,-0.012668004980354669,-0.31112363793679176,-0.3242382555745634
BABAM1_S29,BABAM1,False,0.2249948267338409,-0.11615871063704725,0.08648691393222127
PCBP2_S189,PCBP2,False,,0.14686370456993272,0.09043594408298654
PCBP2_S272,PCBP2,False,,0.13027563371646667,
TECPR2_S448,TECPR2,False,-0.08833142474364807,0.3387952032266608,0.10634831950514671
TECPR2_S449,TECPR2,False,-0.08833142474364807,0.3387952032266608,0.10634831950514671
MPZL1_S221,MPZL1,False,0.4262223983665764,-0.24487481126461622,-0.5689840681151876
PCNT_S2177,PCNT,False,-0.32964910348915555,,-0.1239526503502659
ENSP00000352581_S593,ENSP00000352581,False,0.43406595027698885,0.2037617845867415,0.18404119822024487
ENSP00000352581_S597,ENSP00000352581,False,0.5023392142398216,0.42376469881058204,0.30135035998965853
ENSP00000352581_S241,ENSP00000352581,False,0.2747685657998658,0.13843793966556647,
ENSP00000352581_S1240,ENSP00000352581,False,,-1.1130348288378646,-0.533532222421015
ENSP00000352581_S740,ENSP00000352581,False,-0.2727155602548019,0.10634831950514671,-0.31771437146340203
ENSP00000352581_S688,ENSP00000352581,False,,,0.1294808586988783
ENSP00000352581_S692,ENSP00000352581,False,-0.3439338707032462,,0.03485763899048493
ENSP00000352581_S603,ENSP00000352581,False,-0.027776846340101705,0.03907133834462716,0.06164544110632326
ENSP00000352581_S560,ENSP00000352581,False,0.30184694861932243,-0.03854672458657581,0.04813557579805034
ENSP00000352581_S808,ENSP00000352581,False,0.19413022046959547,-0.0950805099351027,-0.5897114765241293
RBM12_S422,RBM12,False,0.18364370160190524,0.2698753769080817,0.27140899870378893
RBM12_S424,RBM12,False,0.18364370160190524,0.2698753769080817,0.27140899870378893
RBM12_S420,RBM12,False,0.1380763716620351,-0.19728564543678845,0.3328511220721542
ENSP00000437685:map.17/1373518/C:p.Q802R:n.T1373518C:c.cAg/cGg_S373,ENSP00000437685:map.17/1373518/C:p.Q802R:n.T1373518C:c.cAg/cGg,False,-0.24864056455200942,-0.3045324837395462,-0.12816634052889492
ENSP00000437685:map.17/1373518/C:p.Q802R:n.T1373518C:c.cAg/cGg_S501,ENSP00000437685:map.17/1373518/C:p.Q802R:n.T1373518C:c.cAg/cGg,False,-0.22489044517137055,0.19034863336874738,
DDA1_S95,DDA1,False,0.1141004515881803,0.048652960344463765,0.29786474809221547
RBM23_S133,RBM23,False,-0.08830776204739121,-0.1604874140731523,-0.17520815642552445
RBM23_S124,RBM23,False,0.15245784189899372,0.12742602613901013,0.007525172988516311
RBM23_S126,RBM23,False,0.15165442601113233,0.12742602613901013,-0.00401215916806314
ENSP00000353010:map.14/96781912/C:p.N1124D:n.T96781912C:c.Aat/Gat_S497,ENSP00000353010:map.14/96781912/C:p.N1124D:n.T96781912C:c.Aat/Gat,False,-0.7747580510291426,-1.0327003546657747,-1.2233121647604035
ENSP00000353010:map.14/96781912/C:p.N1124D:n.T96781912C:c.Aat/Gat_S1579,ENSP00000353010:map.14/96781912/C:p.N1124D:n.T96781912C:c.Aat/Gat,False,-0.1341141012843109,-0.010048162678215058,-0.0799973725422773
ENSP00000353010:map.14/96781912/C:p.N1124D:n.T96781912C:c.Aat/Gat_S1582,ENSP00000353010:map.14/96781912/C:p.N1124D:n.T96781912C:c.Aat/Gat,False,-0.1277262516984942,0.02587342025368549,-0.06858924659991669
ENSP00000353010:map.14/96781912/C:p.N1124D:n.T96781912C:c.Aat/Gat_S1583,ENSP00000353010:map.14/96781912/C:p.N1124D:n.T96781912C:c.Aat/Gat,False,-0.11909638061606898,-0.10072071952124982,-0.08380008118973083
ENSP00000353010:map.14/96781912/C:p.N1124D:n.T96781912C:c.Aat/Gat_S493,ENSP00000353010:map.14/96781912/C:p.N1124D:n.T96781912C:c.Aat/Gat,False,-1.06425362753659,-1.2692796972787441,-1.3099599272550804
SRSF2_S189,SRSF2,False,-0.40199694324084934,-0.18686938649287058,-0.4121165961790242
SRSF2_S191,SRSF2,False,-0.40199694324084934,-0.18686938649287058,-0.4121165961790242
SRSF2_S187,SRSF2,False,,-0.10830085637541492,-0.4121165961790242
SRSF2_S26,SRSF2,False,0.10573776829677234,0.0736612303989348,-0.05123239148913754
MCMBP_S154,MCMBP,False,-0.18521315764699917,-0.12402668872666385,-0.2282482383040293
MCMBP_S298,MCMBP,False,-0.5970775904620228,-0.10408244550936699,-0.5743688281777195
AHNAK2_S280,AHNAK2,False,-0.4447531838790869,,
ARRB1_S404,ARRB1,False,,,0.32722746776128603
ENSP00000408845_S109,ENSP00000408845,False,-0.5171104239256101,-0.5483325740684987,
SEPTIN2_S218,SEPTIN2,False,0.06828136355843865,0.00978378194807973,-0.020635840361482236
CDK18_S132,CDK18,False,-0.012375843268700941,0.1215459498469588,0.13520792728884118
CDK18_S89,CDK18,False,-0.35589275908414536,1.6445023724189358,
CUEDC1_S122,CUEDC1,False,,,-0.1239054872700908
CUEDC1_S123,CUEDC1,False,,,-0.1239054872700908
ENSP00000455398_S1281,ENSP00000455398,False,-0.09350928744695657,,-0.10079342733032122
MSN_S576,MSN,False,0.22884946766179784,0.07674657191983404,0.056496001095464175
PRKAR1B_S73,PRKAR1B,False,0.01735184178777496,-0.22342431723744477,
PRKAR1B_S75,PRKAR1B,False,-0.10475632239828302,-0.02635199178352982,
PRKAR1B_S83,PRKAR1B,False,-0.1224492267337239,-0.1257621172622214,
ENSP00000471999_S1084,ENSP00000471999,False,,0.0889556823082184,
ENSP00000471999_S2144,ENSP00000471999,False,-0.2778915262120103,-0.26184528575951493,-0.5261710894412643
ENSP00000471999_S1459,ENSP00000471999,False,-0.007623107443226136,0.07929276727285353,0.10768786931437331
ENSP00000471999_S2319,ENSP00000471999,False,,0.08324741374793612,
ENSP00000471999_S968,ENSP00000471999,False,-0.13287763391471707,-0.10964387765231477,-0.4122583749653712
ENSP00000353518:map.6/35027927/C:p.L694S:n.T35027927C:c.tTa/tCa_S620,ENSP00000353518:map.6/35027927/C:p.L694S:n.T35027927C:c.tTa/tCa,False,,0.26159098896412525,
ENSP00000353518:map.6/35027927/C:p.L694S:n.T35027927C:c.tTa/tCa_S647,ENSP00000353518:map.6/35027927/C:p.L694S:n.T35027927C:c.tTa/tCa,False,0.3760680711336855,,
ENSP00000353518:map.6/35027927/C:p.L694S:n.T35027927C:c.tTa/tCa_S663,ENSP00000353518:map.6/35027927/C:p.L694S:n.T35027927C:c.tTa/tCa,False,-0.1605386078510567,-0.12527446858639327,-0.1165365977154274
ENSP00000353518:map.6/35027927/C:p.L694S:n.T35027927C:c.tTa/tCa_S666,ENSP00000353518:map.6/35027927/C:p.L694S:n.T35027927C:c.tTa/tCa,False,0.11311289873504826,0.14008053500029385,0.12934180789651595
MYH10_S214,MYH10,False,0.3772919883968758,0.11478686638368259,0.3200131777461702
SIN3A_S940,SIN3A,False,-0.17782989971024837,0.19303978311352252,0.0011861590852193932
SIN3A_S832,SIN3A,False,0.01332316520561934,-0.013365507436196142,-0.02856845885435955
SIN3A_S277,SIN3A,False,,-0.0565362087450638,
ENSP00000416120_S15,ENSP00000416120,False,0.19799116573513395,0.3939652756602426,
PEA15_S116,PEA15,False,-0.005681141932609333,-0.16009286465942063,-0.0730013723493872
PEA15_S61,PEA15,False,0.24974871508356883,,
PEA15_S104,PEA15,False,0.38388792270423117,0.4996970455792975,0.5134863761793798
PFKFB3_S441,PFKFB3,False,-0.8002273713777052,-0.4038200264966009,-0.4256275583023763
PFKFB3_S447,PFKFB3,False,-1.5960560876245442,-0.6206230193030168,-0.3564023643437436
TOPORS_S669,TOPORS,False,0.11370049916472831,,0.5009372159833471
TOPORS_S670,TOPORS,False,0.09802070346063195,0.2603303319417585,0.6127897846922772
TOPORS_S671,TOPORS,False,0.06637939879878359,0.2603303319417585,0.863602232498971
TOPORS_S520,TOPORS,False,0.4748118609307438,0.20247798784137364,-0.904017122940256
TOPORS_S33,TOPORS,False,-0.4256245469587534,-0.27181589749645235,-0.2898299982166069
TOPORS_S16,TOPORS,False,-0.1712384516400416,0.10218779322361488,0.16137176477346105
TOPORS_S799,TOPORS,False,,0.10889240163240911,
TOPORS_S801,TOPORS,False,,0.10889240163240911,
ENSP00000353769:map.19/50154904/C:p.T420P:n.A50154904C:c.Aca/Cca_S548,ENSP00000353769:map.19/50154904/C:p.T420P:n.A50154904C:c.Aca/Cca,False,,-0.05044415528088951,0.10621429609096804
ENSP00000353769:map.19/50154904/C:p.T420P:n.A50154904C:c.Aca/Cca_S734,ENSP00000353769:map.19/50154904/C:p.T420P:n.A50154904C:c.Aca/Cca,False,0.1877745394620792,0.042600255687663936,0.17703476235141422
ENSP00000353769:map.19/50154904/C:p.T420P:n.A50154904C:c.Aca/Cca_S738,ENSP00000353769:map.19/50154904/C:p.T420P:n.A50154904C:c.Aca/Cca,False,0.1877745394620792,0.25973971655746025,0.17703476235141422
ENSP00000353769:map.19/50154904/C:p.T420P:n.A50154904C:c.Aca/Cca_S239,ENSP00000353769:map.19/50154904/C:p.T420P:n.A50154904C:c.Aca/Cca,False,-0.2842998800868182,0.028183250891759937,-0.048546485016027714
ENSP00000353769:map.19/50154904/C:p.T420P:n.A50154904C:c.Aca/Cca_S963,ENSP00000353769:map.19/50154904/C:p.T420P:n.A50154904C:c.Aca/Cca,False,0.00604663011841478,-0.0064343199354723974,
ENSP00000353769:map.19/50154904/C:p.T420P:n.A50154904C:c.Aca/Cca_S965,ENSP00000353769:map.19/50154904/C:p.T420P:n.A50154904C:c.Aca/Cca,False,0.08814645639594333,0.03055380367179289,-0.0710170657797426
ENSP00000353769:map.19/50154904/C:p.T420P:n.A50154904C:c.Aca/Cca_S719,ENSP00000353769:map.19/50154904/C:p.T420P:n.A50154904C:c.Aca/Cca,False,-0.4983750453112725,-0.5246714370609251,-0.2645991354948973
ENSP00000353769:map.19/50154904/C:p.T420P:n.A50154904C:c.Aca/Cca_S498,ENSP00000353769:map.19/50154904/C:p.T420P:n.A50154904C:c.Aca/Cca,False,-0.1950238172485154,-0.35776405022394275,-0.3880525012978119
ENSP00000353769:map.19/50154904/C:p.T420P:n.A50154904C:c.Aca/Cca_S500,ENSP00000353769:map.19/50154904/C:p.T420P:n.A50154904C:c.Aca/Cca,False,-0.2070749740437228,-0.33243369933250183,-0.3880525012978119
ENSP00000353769:map.19/50154904/C:p.T420P:n.A50154904C:c.Aca/Cca_S612,ENSP00000353769:map.19/50154904/C:p.T420P:n.A50154904C:c.Aca/Cca,False,,,-0.1740678721557733
ENSP00000353769:map.19/50154904/C:p.T420P:n.A50154904C:c.Aca/Cca_S614,ENSP00000353769:map.19/50154904/C:p.T420P:n.A50154904C:c.Aca/Cca,False,,,-0.1740678721557733
ENSP00000353769:map.19/50154904/C:p.T420P:n.A50154904C:c.Aca/Cca_S874,ENSP00000353769:map.19/50154904/C:p.T420P:n.A50154904C:c.Aca/Cca,False,-0.03638274756033949,-0.11977683806737077,-0.09835108908365284
WDHD1_S333,WDHD1,False,0.519203129911287,0.08506856370990645,0.10342970232440678
WDHD1_S868,WDHD1,False,-0.2885931995541527,-0.08924095680597866,
WDHD1_S383,WDHD1,False,0.4180420736205532,0.4556039374526907,0.25624948544126797
MEF2D_S230,MEF2D,False,,0.04348449760357947,0.2899524722153964
MEF2D_S179,MEF2D,False,,-0.07098167579340951,0.19610339771480698
MEF2D_S436,MEF2D,False,-0.3752159468663391,0.0076260923761779465,-0.06081738280917263
MEF2D_S250,MEF2D,False,-0.291467378517629,-0.2385829486202761,-0.29688269381703963
URI1_S354,URI1,False,-0.7636622406268714,-0.8839185280874123,-0.7817194742485494
URI1_S357,URI1,False,-0.30460371136619663,,
WWTR1_S66,WWTR1,False,-0.17398648948377746,-0.07620427185596057,
WWTR1_S69,WWTR1,False,-0.4554552651715145,-0.1720991898510379,-0.34223196414639967
WWTR1_S117,WWTR1,False,0.4861994181209097,0.7343242415628326,0.3641611895181022
WWTR1_S89,WWTR1,False,0.15595756222853036,0.22815025090536786,0.030518637321187196
WWTR1_S90,WWTR1,False,,0.20793411898490854,0.28924428515664247
WWTR1_S105,WWTR1,False,0.23073683098267592,0.16659644202509158,0.39065041466785444
ZNF148_S665,ZNF148,False,0.696082865610832,0.004519893709949263,
PPP3CB_S462,PPP3CB,False,,-0.3305740533569154,-0.24571107327031577
ENSP00000416932_S473,ENSP00000416932,False,,-0.12525810735583426,
GTPBP4_S578,GTPBP4,False,0.20329874043092347,0.3282380249800051,0.16191898075447778
GTPBP4_S468,GTPBP4,False,0.5326660567742331,0.16053300876090848,0.33936546096794434
GTPBP4_S470,GTPBP4,False,0.5086257434097385,0.16053300876090848,0.35027092422840367
GTPBP4_S472,GTPBP4,False,0.08147598159795859,,
TLK1_S111,TLK1,False,-0.12401553685562715,0.17683337078449007,
DNAJC5_S10,DNAJC5,False,-0.08648803357611044,-0.0665361806735437,-0.10060619847086201
DNAJC5_S12,DNAJC5,False,-0.1966942679497266,0.2037649660186562,0.16156525639703184
DNAJC5_S15,DNAJC5,False,0.038849934784588834,0.0230348484404295,0.07370165240668415
ENSP00000354117:map.2/179644855/C:p.K1201E:n.T179644855C:c.Aaa/Gaa_S1406,ENSP00000354117:map.2/179644855/C:p.K1201E:n.T179644855C:c.Aaa/Gaa,False,4.978104085213783,4.743944220829219,5.013283586818423
ENSP00000354117:map.2/179644855/C:p.K1201E:n.T179644855C:c.Aaa/Gaa_S1409,ENSP00000354117:map.2/179644855/C:p.K1201E:n.T179644855C:c.Aaa/Gaa,False,4.978104085213783,4.743944220829219,5.013283586818423
EIF3B_S152,EIF3B,False,-0.053713139628694964,0.15768466627764896,0.1263121303287039
EIF3B_S154,EIF3B,False,-0.008948784207854736,0.13299118117510508,0.2621196382960065
EIF3B_S164,EIF3B,False,-0.013373041438594205,0.04702060757372013,0.03493333767352761
EIF3B_S117,EIF3B,False,0.23210901704346298,0.2871567253346918,0.3232194112559316
EIF3B_S119,EIF3B,False,-0.4469698158792605,0.34696102153040326,0.4329474592437124
SOX10_S8,SOX10,False,0.10005082684838695,0.09328845534693435,0.1570027378660626
SOX10_S13,SOX10,False,0.10538449424375622,0.09943182562458508,0.1570027378660626
SOX10_S17,SOX10,False,0.25439867011704226,0.03564029979604152,0.13933241256530593
SOX10_S45,SOX10,False,-0.2555990666556711,-0.2998917133472346,-0.30075888203970474
SOX10_S24,SOX10,False,0.4306064309298115,0.595503660502742,0.6918914445250105
SOX10_S221,SOX10,False,-0.09721717890919788,-0.09776420933496162,-0.35231124932860153
SOX10_S224,SOX10,False,-0.19291590549180393,-0.3407760025252406,-0.43958528685981496
ENSP00000438546:map.12/1553797/G:p.T1004A:n.A1553797G:c.Acc/Gcc_S7,ENSP00000438546:map.12/1553797/G:p.T1004A:n.A1553797G:c.Acc/Gcc,False,-0.33581278310597085,0.5916794169357368,
ENSP00000438546:map.12/1553797/G:p.T1004A:n.A1553797G:c.Acc/Gcc_S17,ENSP00000438546:map.12/1553797/G:p.T1004A:n.A1553797G:c.Acc/Gcc,False,0.3717647567051976,0.6379559201202392,
ENSP00000438546:map.12/1553797/G:p.T1004A:n.A1553797G:c.Acc/Gcc_S21,ENSP00000438546:map.12/1553797/G:p.T1004A:n.A1553797G:c.Acc/Gcc,False,-0.8210813189940128,0.37184990179922744,0.06486398624614122
MATR3_S164,MATR3,False,-0.18748077322335222,,
MATR3_S188,MATR3,False,-0.18070343681656661,-0.6070817621560601,-0.4768480937176779
MATR3_S206,MATR3,False,0.5616256354653177,0.41236582756529067,0.14535138557262012
MATR3_S208,MATR3,False,,0.038576651452323155,
MATR3_S596,MATR3,False,0.40271865039420507,0.20814185542921482,0.2507155568040896
MATR3_S598,MATR3,False,0.1657793791622025,0.08655932430794559,0.20830318571948003
MATR3_S604,MATR3,False,0.30939879223966454,0.22741079847020643,0.5171116878562529
MATR3_S4,MATR3,False,0.4000045300069561,0.3325074459580371,0.2946630220345378
RFWD3_S266,RFWD3,False,,-0.09158672226304133,0.06032413315110383
RBM39_S136,RBM39,False,0.09648308338263845,0.04650632447177281,0.08638180197949082
RBM39_S97,RBM39,False,0.15504342048906322,0.1904102955396851,0.04578998740328842
RBM39_S100,RBM39,False,0.1744342463893494,-0.08868973555147537,-0.2412427793133778
RBM39_S127,RBM39,False,-0.08736934778231947,0.14592753888195403,0.28456712650786686
RBM39_S129,RBM39,False,-0.08736934778231947,0.14592753888195403,0.28456712650786686
RBM39_S125,RBM39,False,0.17435951145808445,0.2391669226442566,
RBM39_S333,RBM39,False,0.29242839288671796,0.38216920876824906,0.35783347862949055
RBM39_S337,RBM39,False,0.3951864073822304,0.35464083975766725,0.2774090710793543
IQGAP3_S1424,IQGAP3,False,-0.23525381084535582,-0.15261208760043773,-0.23419496340844423
PHETA1_S213,PHETA1,False,0.7142235335741918,,
MAP3K3_S250,MAP3K3,False,,-0.3094492984381091,-0.010439511070046962
MAP3K3_S337,MAP3K3,False,-1.4320880561027634,-1.90220576583666,-1.138008366592166
MAP3K3_S340,MAP3K3,False,-1.5030185838922154,-1.5642715726246166,-1.138008366592166
MAP3K3_S166,MAP3K3,False,-1.374758360535524,-0.9278665018031477,-1.2308714822598847
MAP3K3_S355,MAP3K3,False,-0.10087989979428497,-0.1328389095048698,-0.08837743907631015
MAP3K3_S237,MAP3K3,False,0.15743182700418823,0.08488065359129648,-0.13436619039555142
GOLGA4_S41.1,GOLGA4,False,-0.35925100767916257,-0.28853229943268244,-0.14252526800288662
ENSP00000393645_S3644,ENSP00000393645,False,0.025536620885440748,-0.1458175889679129,-0.060525819416071644
ZNF830_S351,ZNF830,False,0.19026001060905662,0.18627872117585734,0.05550766513848118
ENSP00000354519_S1069,ENSP00000354519,False,0.10673231362952042,0.318606617132281,0.32437566531283657
ENSP00000354519_S935,ENSP00000354519,False,-0.14608268899293597,-0.0591440783763835,0.025778449602826936
ENSP00000354519_S940,ENSP00000354519,False,-0.23831464786966436,-0.0850957277176978,-0.020038403087966252
ENSP00000354519_S942,ENSP00000354519,False,-0.11370497773967758,-0.17012334683803074,-0.1641569685358888
ENSP00000354519_S123,ENSP00000354519,False,,-0.09017981384077976,
ENSP00000354519_S668,ENSP00000354519,False,0.05519565424212462,,0.07642227545860236
ENSP00000354519_S827,ENSP00000354519,False,0.10797317595318384,0.17646213062534075,0.3211899463993547
ENSP00000354519_S829,ENSP00000354519,False,0.2082730981503449,0.1482635986000267,0.3680708949223932
ENSP00000354519_S830,ENSP00000354519,False,0.1958679026878882,-0.034795472733416995,0.4087405137820235
ENSP00000354519_S907,ENSP00000354519,False,-0.7727925840401234,-0.8041521949911937,-0.873460262891097
ENSP00000354519_S909,ENSP00000354519,False,-0.058673901745774096,-0.2714705649113647,-0.12200452707490278
ENSP00000354519_S910,ENSP00000354519,False,-0.39614732622047977,-0.5795790850574195,-0.6566600751281244
ENSP00000354519_S1103,ENSP00000354519,False,0.03582744291711224,-0.002952681943316724,0.06793883793390096
TOP1_S394,TOP1,False,,-0.34150057834031733,
TOP1_S10,TOP1,False,0.12199404036895979,0.28691539068451805,0.2006198057772598
MTOR_S2478,MTOR,False,-0.32621441155100167,-0.08953373373175107,0.08501667348871386
MTOR_S2481,MTOR,False,-0.4533668787848166,-0.2909510615870362,0.08501667348871386
MTOR_S2454,MTOR,False,,2.7677183516851174,
KIFAP3_S16,KIFAP3,False,0.10410922838614539,0.40210014993295806,0.04389164772386689
ENSP00000439537:map.1/39914363/C:p.S4670T:n.G39914363C:c.aGt/aCt_S4516,ENSP00000439537:map.1/39914363/C:p.S4670T:n.G39914363C:c.aGt/aCt,False,-0.2747118569163643,0.03505160393475784,-0.08733554091765636
ENSP00000439537:map.1/39914363/C:p.S4670T:n.G39914363C:c.aGt/aCt_S1362,ENSP00000439537:map.1/39914363/C:p.S4670T:n.G39914363C:c.aGt/aCt,False,0.9409827883933348,0.5052048010734942,-0.12658566002111465
ENSP00000439537:map.1/39914363/C:p.S4670T:n.G39914363C:c.aGt/aCt_S1371,ENSP00000439537:map.1/39914363/C:p.S4670T:n.G39914363C:c.aGt/aCt,False,-0.6473750399187761,-0.4120636632465691,-0.5647554646158189
ENSP00000439537:map.1/39914363/C:p.S4670T:n.G39914363C:c.aGt/aCt_S3922,ENSP00000439537:map.1/39914363/C:p.S4670T:n.G39914363C:c.aGt/aCt,False,0.03461623005293002,-0.029809737739003948,0.06423416568354388
ENSP00000439537:map.1/39914363/C:p.S4670T:n.G39914363C:c.aGt/aCt_S4491,ENSP00000439537:map.1/39914363/C:p.S4670T:n.G39914363C:c.aGt/aCt,False,-0.030255643815575186,-0.25965699070167064,0.38593740289444795
SERBP1_S330,SERBP1,False,0.11902546094744614,0.014564095243731154,-0.22778425336385036
DENND4B_S1103,DENND4B,False,,0.38647988859623394,
RUNDC1_S71,RUNDC1,False,-0.16932833896516183,0.12077749090637115,-0.10372510828723364
RUNDC1_S75,RUNDC1,False,-0.16932833896516183,0.12077749090637115,-0.10372510828723364
WHRN_S245,WHRN,False,,-0.31667184481958405,
ENSP00000354644:map.1/156907081/C:p.H1427R:n.T156907081C:c.cAt/cGt_S592,ENSP00000354644:map.1/156907081/C:p.H1427R:n.T156907081C:c.cAt/cGt,False,-0.7779071541979284,-0.5384085793676224,
ENSP00000354644:map.1/156907081/C:p.H1427R:n.T156907081C:c.cAt/cGt_S1295,ENSP00000354644:map.1/156907081/C:p.H1427R:n.T156907081C:c.cAt/cGt,False,0.014316918373522532,-0.5289616160217088,
ENSP00000354644:map.1/156907081/C:p.H1427R:n.T156907081C:c.cAt/cGt_S1300,ENSP00000354644:map.1/156907081/C:p.H1427R:n.T156907081C:c.cAt/cGt,False,-0.06069818590031645,,
ENSP00000354644:map.1/156907081/C:p.H1427R:n.T156907081C:c.cAt/cGt_S245,ENSP00000354644:map.1/156907081/C:p.H1427R:n.T156907081C:c.cAt/cGt,False,-0.08984752268590122,0.015050971141371772,0.014450184842023692
ENSP00000354644:map.1/156907081/C:p.H1427R:n.T156907081C:c.cAt/cGt_S251,ENSP00000354644:map.1/156907081/C:p.H1427R:n.T156907081C:c.cAt/cGt,False,-0.05034770378072586,0.16522425715505332,0.2243236287598185
ENSP00000354644:map.1/156907081/C:p.H1427R:n.T156907081C:c.cAt/cGt_S255,ENSP00000354644:map.1/156907081/C:p.H1427R:n.T156907081C:c.cAt/cGt,False,-0.02988379821400824,0.15346995967429525,0.23255027209573031
ENSP00000354644:map.1/156907081/C:p.H1427R:n.T156907081C:c.cAt/cGt_S663,ENSP00000354644:map.1/156907081/C:p.H1427R:n.T156907081C:c.cAt/cGt,False,-0.07101498858542815,-0.3354281845408978,-0.27187760324757476
ENSP00000354644:map.1/156907081/C:p.H1427R:n.T156907081C:c.cAt/cGt_S1457,ENSP00000354644:map.1/156907081/C:p.H1427R:n.T156907081C:c.cAt/cGt,False,0.2025179394246679,0.16000471273025255,0.20689323612177143
ENSP00000354644:map.1/156907081/C:p.H1427R:n.T156907081C:c.cAt/cGt_S1458,ENSP00000354644:map.1/156907081/C:p.H1427R:n.T156907081C:c.cAt/cGt,False,0.23891153519629352,-1.0142481750206878e-05,0.35954047809954065
ENSP00000354644:map.1/156907081/C:p.H1427R:n.T156907081C:c.cAt/cGt_S635,ENSP00000354644:map.1/156907081/C:p.H1427R:n.T156907081C:c.cAt/cGt,False,0.16249943427668992,0.21152752095241248,-0.2071073305265338
ENSP00000354644:map.1/156907081/C:p.H1427R:n.T156907081C:c.cAt/cGt_S556,ENSP00000354644:map.1/156907081/C:p.H1427R:n.T156907081C:c.cAt/cGt,False,-1.5066315438505626,-1.6252891547059851,-1.7894900370578195
ENSP00000354644:map.1/156907081/C:p.H1427R:n.T156907081C:c.cAt/cGt_S1478,ENSP00000354644:map.1/156907081/C:p.H1427R:n.T156907081C:c.cAt/cGt,False,-0.15318706369753568,-0.10183555841674574,-0.16002899765505976
ENSP00000354644:map.1/156907081/C:p.H1427R:n.T156907081C:c.cAt/cGt_S1480,ENSP00000354644:map.1/156907081/C:p.H1427R:n.T156907081C:c.cAt/cGt,False,-0.15318706369753568,-0.02972898453381463,-0.16002899765505976
MAGEC2_S292,MAGEC2,False,-0.043823095804038446,-0.12633843266200445,-0.008333948314971001
MAGEC2_S293,MAGEC2,False,-0.047093650499830275,-0.012291307321426671,0.033838895127335136
MAST2_S74,MAST2,False,0.020643218763387927,0.06744080588518632,-0.05692160004850919
MAST2_S1381,MAST2,False,0.23878685958711648,1.584577730738641,
MAST2_S209,MAST2,False,,-1.336291301501669,
MAST2_S148,MAST2,False,,0.04963076772460043,-0.661683987532257
MAST2_S1364,MAST2,False,0.19706517144916477,0.3185540561050032,0.6414108556507725
CNOT4_S429,CNOT4,False,,-0.3936899801209337,-0.563369067837688
CNOT4_S298,CNOT4,False,,0.004896843214847462,0.0709388213434375
ENSP00000378026:map.15/86123988/A:p.V897M:n.G86123988A:c.Gtg/Atg_S983,ENSP00000378026:map.15/86123988/A:p.V897M:n.G86123988A:c.Gtg/Atg,False,-0.06866489562755666,-0.26654552048774716,0.23032600002869183
ENSP00000378026:map.15/86123988/A:p.V897M:n.G86123988A:c.Gtg/Atg_S1507,ENSP00000378026:map.15/86123988/A:p.V897M:n.G86123988A:c.Gtg/Atg,False,,-1.3855634105362418,
ENSP00000378026:map.15/86123988/A:p.V897M:n.G86123988A:c.Gtg/Atg_S1929,ENSP00000378026:map.15/86123988/A:p.V897M:n.G86123988A:c.Gtg/Atg,False,-0.1255883528079332,0.07091683595793327,0.022347304651462837
ENSP00000378026:map.15/86123988/A:p.V897M:n.G86123988A:c.Gtg/Atg_S1932,ENSP00000378026:map.15/86123988/A:p.V897M:n.G86123988A:c.Gtg/Atg,False,0.12346298216453794,0.15285728016837224,0.3515362594610558
ENSP00000378026:map.15/86123988/A:p.V897M:n.G86123988A:c.Gtg/Atg_S1565,ENSP00000378026:map.15/86123988/A:p.V897M:n.G86123988A:c.Gtg/Atg,False,-0.14229388131375323,-0.10427730394125802,-0.15318056811191103
ENSP00000378026:map.15/86123988/A:p.V897M:n.G86123988A:c.Gtg/Atg_S2345,ENSP00000378026:map.15/86123988/A:p.V897M:n.G86123988A:c.Gtg/Atg,False,0.021204158920588207,-0.13584888794979516,0.11196608960349229
ENSP00000378026:map.15/86123988/A:p.V897M:n.G86123988A:c.Gtg/Atg_S2728,ENSP00000378026:map.15/86123988/A:p.V897M:n.G86123988A:c.Gtg/Atg,False,0.18205660901025042,-0.02276487063453997,0.2761531879150649
ENSP00000378026:map.15/86123988/A:p.V897M:n.G86123988A:c.Gtg/Atg_S1559,ENSP00000378026:map.15/86123988/A:p.V897M:n.G86123988A:c.Gtg/Atg,False,-0.21895203205780225,-0.10555469175992195,0.013262086742146698
ENSP00000378026:map.15/86123988/A:p.V897M:n.G86123988A:c.Gtg/Atg_S1645,ENSP00000378026:map.15/86123988/A:p.V897M:n.G86123988A:c.Gtg/Atg,False,0.27166471097723394,0.24427819857814434,
ENSP00000378026:map.15/86123988/A:p.V897M:n.G86123988A:c.Gtg/Atg_S1647,ENSP00000378026:map.15/86123988/A:p.V897M:n.G86123988A:c.Gtg/Atg,False,0.27166471097723394,0.24427819857814434,
SMC3_S1067,SMC3,False,0.08375817683847298,0.07546105780750624,0.06887921927842547
ENSP00000454941_S416,ENSP00000454941,False,-0.21003638942150013,-0.29338630278268746,-0.296007694040518
ENSP00000454941_S427,ENSP00000454941,False,-0.4129635688670079,-0.43560612018913963,-0.34270901424402145
ENSP00000454941_S627,ENSP00000454941,False,0.06879042677919227,0.0059724637453933025,0.06452064931835125
ENSP00000454941_S632,ENSP00000454941,False,0.17507752642706917,0.17345383621584923,0.09639269562265489
ENSP00000454941_S476,ENSP00000454941,False,-0.09309181454853103,-0.05005381342032259,-0.057983311296074286
ENSP00000454941_S651,ENSP00000454941,False,0.16035111968966984,0.15953966126358637,0.053169308314012925
ENSP00000454941_S653,ENSP00000454941,False,0.1344425789318072,0.14565568083515804,0.0501361147297993
ENSP00000454941_S87,ENSP00000454941,False,-0.0848587801181262,0.06419062876933657,0.10643721344195083
ENSP00000454941_S432,ENSP00000454941,False,-0.49632422634516765,-0.3073618906048053,-0.3633015032715651
ENSP00000454941_S436,ENSP00000454941,False,-0.31803932382394,0.2086075551582088,-0.2809821570267571
ENSP00000454941_S507,ENSP00000454941,False,-0.23448798987077168,-0.06429703818944149,-0.15030412164571827
ENSP00000454941_S445,ENSP00000454941,False,-0.07212193720654984,0.02181144305547848,-0.020780830825591817
ENSP00000454941_S452,ENSP00000454941,False,0.01973334000764864,-0.030965022435918022,0.03369406109333463
ENSP00000454941_S282,ENSP00000454941,False,-0.26161608251608554,-0.25971889852197455,-0.38252133084434115
ENSP00000454941_S284,ENSP00000454941,False,-0.2619721086520708,-0.2518258600133887,-0.4264055828433049
ENSP00000454941_S286,ENSP00000454941,False,-0.2893240349731434,-0.41663897712423914,-0.45484832505234846
ENSP00000454941_S297,ENSP00000454941,False,-0.39874427264920476,-0.31776987679569596,-0.30911737024668384
ENSP00000454941_S405,ENSP00000454941,False,-0.058075099623389,-0.06510338014538085,-0.022584602777809524
ENSP00000454941_S459,ENSP00000454941,False,-0.14200514021475932,-0.030109761288360588,-0.016419266003325286
ENSP00000454941_S462,ENSP00000454941,False,-0.09258628184380835,0.0504668703506619,
ENSP00000454941_S468,ENSP00000454941,False,0.44424299422248475,,
ENSP00000454941_S204,ENSP00000454941,False,-0.37555755950915004,-0.32048216974821037,-0.3015841624183163
ENSP00000454941_S214,ENSP00000454941,False,-0.24799243101026816,-0.23452757846412028,-0.3155907002655173
ENSP00000454941_S108,ENSP00000454941,False,0.247250124206679,-0.30384395966238364,
ENSP00000454941_S247,ENSP00000454941,False,-0.1072659682676185,-0.18328408019615605,
ENSP00000454941_S253,ENSP00000454941,False,-0.109039765098451,-0.1811246471389103,
ENSP00000454941_S260,ENSP00000454941,False,-0.1072659682676185,-0.1811246471389103,0.5041627249152498
ENSP00000454941_S264,ENSP00000454941,False,-0.1072659682676185,-0.1811246471389103,0.5041627249152498
ENSP00000454941_S308,ENSP00000454941,False,,-0.3510008355347006,
ENSP00000454941_S319,ENSP00000454941,False,,-0.3510008355347006,
ENSP00000454941_S382,ENSP00000454941,False,-0.01093519611603141,-0.12517411340277118,0.03720586651442778
ENSP00000454941_S386,ENSP00000454941,False,-0.02364854114489484,-0.203563695951974,-0.01520889654407409
ENSP00000454941_S374,ENSP00000454941,False,-0.03516520563780453,0.14205356817160436,0.1456122471664759
ENSP00000454941_S376,ENSP00000454941,False,0.05639370261843429,-0.09043015774594661,0.06478737239432866
ENSP00000454941_S542,ENSP00000454941,False,-0.0024402171839060247,-0.21130645824168878,-0.24791829901822854
RPL12_S38,RPL12,False,0.38767572529743977,0.032316765342299915,0.2580712798308133
PJA2_S308,PJA2,False,0.15713187628210282,0.2832426285162564,-0.12155731866833208
PJA2_S309,PJA2,False,0.2530135395196473,0.30231244172123356,0.2501227483186275
PJA2_S253,PJA2,False,,0.48800077083406823,1.2603268134703018
ZNF521_S605,ZNF521,False,-0.21206191989197834,-0.524128948086811,-0.5249358754025855
ZNF521_S608,ZNF521,False,-0.21206191989197834,-0.524128948086811,-0.5249358754025855
OGA_S364,OGA,False,0.009740726898339038,0.2309700623013095,0.04846690457373882
KIF21A_S1176,KIF21A,False,-0.5638381606855499,,
KIF21A_S1235,KIF21A,False,,-0.22797924116704382,
KIF21A_S1192,KIF21A,False,0.12446048627433613,0.42668139092605195,0.6170163114983772
KIF21A_S1193,KIF21A,False,0.12446048627433613,0.42668139092605195,0.6170163114983772
KIF21A_S1203,KIF21A,False,-0.9328793907067273,0.03463831799900894,0.08174865123416789
QKI_S211,QKI,False,-0.6683806141814151,-0.42517187641255694,-0.8598811636278965
UBL7_S230,UBL7,False,0.165788404919131,0.15582541853690482,0.22948643325452714
TOGARAM1_S1332,TOGARAM1,False,,0.03280614508324148,
ZNF318_S464,ZNF318,False,0.197667341449522,0.1674801621256955,0.057662711457452984
ZNF318_S1945,ZNF318,False,0.8088380743234741,,
ZNF318_S501,ZNF318,False,,,-0.18028277387964464
ZNF318_S2101,ZNF318,False,-0.03739834611703997,-0.020320237621953858,-0.33042781644824487
ZNF318_S1896,ZNF318,False,,-0.06339983921778895,
ZNF318_S709,ZNF318,False,,-0.13798113485746882,-0.12027799335427615
ZNF318_S69,ZNF318,False,-0.3533730868447941,-0.299782687179247,0.2704691403105779
ZNF318_S71,ZNF318,False,-0.3533730868447941,-0.299782687179247,0.2704691403105779
ZNF318_S89,ZNF318,False,-0.7427962305347408,,-0.9463221951066083
ZNF318_S91,ZNF318,False,-0.7427962305347408,,-0.9463221951066083
ZNF318_S40,ZNF318,False,-0.22226432759236192,-0.22754491360882434,-0.3482058642831442
ZNF318_S79,ZNF318,False,-0.16438600296949388,-0.1046044015555216,-0.1289233109331561
ZNF318_S81,ZNF318,False,-0.16438600296949388,-0.1046044015555216,-0.1289233109331561
ZNF318_S527,ZNF318,False,-0.5812936083295568,-0.5303552594896747,-0.7260865126748688
ZNF318_S1010,ZNF318,False,0.022758397578157615,0.023148156452431116,0.05650974920262243
ZNF318_S1037,ZNF318,False,-0.3027294582503782,-0.08741144615497745,0.978978679480205
ZNF318_S2243,ZNF318,False,,0.46425003391140407,
CTR9_S970,CTR9,False,-0.29293580903531036,-0.3738326364877693,-0.37839310517614744
CTR9_S941,CTR9,False,0.004753055399819502,,-0.10355407688885071
CTR9_S943,CTR9,False,0.004753055399819502,,-0.10355407688885071
ARHGAP11A_S675,ARHGAP11A,False,,,0.41964675253143324
ARHGAP11A_S585,ARHGAP11A,False,0.07131368284032409,,
NOS1AP_S371,NOS1AP,False,0.1318581904470698,0.0468980967733806,0.1349406989653277
NOS1AP_S374,NOS1AP,False,0.1318581904470698,0.0468980967733806,0.1349406989653277
ENSP00000476071_S254,ENSP00000476071,False,0.8721589572289401,,
ATG9A_S675,ATG9A,False,-0.7581110157371248,-0.28692010108013744,-0.23117626625613574
ATG9A_S828,ATG9A,False,-0.5145610714585047,-0.25337937509080827,-0.3107393304825915
ATG9A_S654,ATG9A,False,-0.07629553161061216,-0.29341198392447637,0.03407482027057225
ATG9A_S656,ATG9A,False,0.07472892202409154,-0.0654644113398527,0.07299755979995012
ATG9A_S735,ATG9A,False,-0.24741842989180418,0.12455743553291232,-0.25849335444821975
ATG9A_S738,ATG9A,False,-0.40516485076505154,-0.2982002567024351,-0.5535955375015409
ATG9A_S741,ATG9A,False,-0.40516485076505154,-0.2982002567024351,-0.5535955375015409
ATG9A_S14,ATG9A,False,-0.11348310739202001,-0.053576318722490156,0.009002382735854412
ATG9A_S18,ATG9A,False,-0.11348310739202001,-0.053576318722490156,0.009002382735854412
INO80_S51,INO80,False,-0.0064777949024299305,-0.09452162420307882,0.06308871201928423
GPALPP1_S140,GPALPP1,False,0.12512206056982392,,
GPALPP1_S141,GPALPP1,False,0.12512206056982392,,
GPALPP1_S105,GPALPP1,False,-0.0905216378268587,-0.16904358352034995,-0.2369006467132812
CDC42BPB_S1686,CDC42BPB,False,0.3944020812198373,-0.433629288480535,
CDC42BPB_S1690,CDC42BPB,False,-0.02774337594424423,-0.08873151857345964,0.005046064793669161
CDC42BPB_S1693,CDC42BPB,False,-0.4511705433279606,-0.3915370132792275,-0.420954852561944
ENSP00000467318_S20,ENSP00000467318,False,-0.6666787510659167,,-0.5622183043649842
ENSP00000467318_S24,ENSP00000467318,False,-0.6666787510659167,,-0.5622183043649842
ENSP00000467318_S282,ENSP00000467318,False,,-0.06713755396733657,
ENSP00000467318_S128,ENSP00000467318,False,-0.09895356050646723,0.13461524442510855,
ENSP00000467318_S156,ENSP00000467318,False,,-1.2307360433712302,
FAM111A_S62,FAM111A,False,-0.18746022450807373,-0.07544108856270404,-0.6131475955326287
LMNA_S403,LMNA,False,0.030977668180363724,0.4081482980531133,0.7472034527782182
LMNA_S404,LMNA,False,-0.23285142645820847,-0.1435855679656947,-0.042158105250451654
LMNA_S406,LMNA,False,0.04808047902346488,0.3489956107215541,0.23033465406956083
LMNA_S407,LMNA,False,0.08833331658629812,-0.005507412856426794,0.18738557636569747
LMNA_S414,LMNA,False,0.013154233284675694,-0.090234574894317,1.1541295007901822
LMNA_S12,LMNA,False,0.01776725965084915,0.049251350360060626,0.07518682752084084
LMNA_S18,LMNA,False,-0.030707656258715216,-0.4590601724859082,0.3379964635150159
LMNA_S22,LMNA,False,-0.1205748114450123,-0.055037689658825224,-0.05815230134915315
LMNA_S301,LMNA,False,0.3709207235593272,0.27058553763239823,0.2000420358288621
LMNA_S423,LMNA,False,-0.2065285631381073,-0.27412106712021544,-0.3208579158036442
LMNA_S426,LMNA,False,0.08960413136757894,-0.0797333906157377,-0.3150276144698376
LMNA_S428,LMNA,False,0.009051962493033047,,0.586182219770339
LMNA_S429,LMNA,False,0.2515425293731204,0.32335274390979174,0.3110184992024134
LMNA_S431,LMNA,False,,0.2809563138310563,
LMNA_S277,LMNA,False,,,-0.0908490302379492
LMNA_S390,LMNA,False,0.05316225841333457,0.030457579210918243,0.022909683541532895
LMNA_S392,LMNA,False,-0.11515192722607,-0.147496887189804,-0.16857092454194766
LMNA_S395,LMNA,False,-0.15717232247289423,-0.09603630646199761,-0.1449497782727931
LMNA_S107,LMNA,False,0.000854219684088516,0.6529074762180653,-0.030604498718527495
LMNA_S398,LMNA,False,0.07224698716848449,-0.011898631727957848,0.1477067011768015
LMNA_S458,LMNA,False,0.27801989881778627,0.21199656882435658,0.18452932245686224
LMNA_S463,LMNA,False,-0.17652135382358516,0.20511970460046305,-0.08805964206569838
LMNA_S212,LMNA,False,0.024998122901137395,0.10187006657141258,-0.3314271143465905
LMNA_S546,LMNA,False,,0.23351997877391634,-0.09381746048218102
C1orf174_S148,C1orf174,False,0.19715060331226325,,0.44995748362800353
C1orf174_S189,C1orf174,False,,0.07683269555739859,
MPHOSPH8_S188,MPHOSPH8,False,0.22610143773880648,0.15870212923195973,-0.21388879974889
MPHOSPH8_S189,MPHOSPH8,False,0.22610143773880648,0.15870212923195973,-0.21388879974889
MPHOSPH8_S51,MPHOSPH8,False,0.07026243677287146,0.08725093305022365,0.09519517925678357
MPHOSPH8_S400,MPHOSPH8,False,-0.646970359628907,-0.02908746134935587,-0.2011780415524368
MPHOSPH8_S403,MPHOSPH8,False,0.10142717074943011,-0.039683351558114824,-0.14396967234559319
MPHOSPH8_S136,MPHOSPH8,False,-0.3792822281753955,,
MPHOSPH8_S164,MPHOSPH8,False,,,-0.0034377066929264784
ENSP00000412203_S326,ENSP00000412203,False,-0.0024835719550208245,0.7068178473397615,
ENSP00000412203_S330,ENSP00000412203,False,0.11147337161104255,0.11434761316059015,0.10262929023921541
ENSP00000412203_S311,ENSP00000412203,False,,,0.06626144226872127
ENSP00000412203_S318,ENSP00000412203,False,,,0.06626144226872127
ENSP00000375705_S1283,ENSP00000375705,False,-0.41691496766647346,-0.13591134165513877,-0.14031905946339615
ENSP00000375705_S1295,ENSP00000375705,False,0.27703255187479336,0.1190241031422746,-0.27168762115639045
ENSP00000375705_S1944,ENSP00000375705,False,,2.510126432905361,
ENSP00000375705_S1160,ENSP00000375705,False,-0.18479349570296788,-0.14275296026948758,-0.2301922767101841
ENSP00000375705_S2222,ENSP00000375705,False,-0.07504738804273316,0.5993177936982261,0.26458644041044344
ENSP00000375705_S2226,ENSP00000375705,False,-0.07504738804273316,0.5993177936982261,0.26458644041044344
ENSP00000375705_S1541,ENSP00000375705,False,-0.13824407032001168,-0.05288805452398485,-0.005135650939533887
ENSP00000375705_S1214,ENSP00000375705,False,-0.39731982746384203,-0.4595757515823305,-0.02465165547572977
ENSP00000375705_S1218,ENSP00000375705,False,-0.49106218930786943,-0.26603815846255446,-0.06996991972234597
ENSP00000375705_S1222,ENSP00000375705,False,-0.47245422436670365,-0.35985585005782017,-0.07748936754048802
CEP170_S1205,CEP170,False,0.09493808665867254,0.010145875492657755,0.25585647006604717
CEP170_S1210,CEP170,False,-0.0028200010592364655,0.3523065529063358,0.05086456653936565
CEP170_S1112,CEP170,False,0.027855510395213567,0.18456309568800147,0.03353713865580846
CEP170_S930,CEP170,False,-0.18845886408789703,,0.11557909215445156
CEP170_S933,CEP170,False,-0.1876516318980287,-0.29353575438771695,0.11557909215445156
CEP170_S1239,CEP170,False,0.3797320719927934,0.2543521627339931,0.3105380499757457
CEP170_S1241,CEP170,False,0.3190990413774299,0.23791860006837126,0.2341056777800866
CEP170_S379,CEP170,False,,,-0.7505667952010934
CEP170_S1160,CEP170,False,-1.1600230022222497,-0.2270333334363769,-1.0284309351237655
CEP170_S1165,CEP170,False,0.021592788534992788,0.262780677486697,0.2533793147597739
CEP170_S1167,CEP170,False,0.08031378442771417,0.13395801010054917,
CEP170_S838,CEP170,False,-0.20221401639909226,-0.1466688668647294,0.061430600497748115
CEP170_S446,CEP170,False,0.4271770546821001,0.203890227146661,
CEP170_S1521,CEP170,False,-0.10820724160524413,-0.003750741071390385,0.012949391970189022
CEP170_S1522,CEP170,False,-0.10820724160524413,-0.03422543622867847,0.02086303164008376
CEP170_S1529,CEP170,False,0.0793496802974859,0.0967261312655379,0.02984241789047329
CEP170_S1515,CEP170,False,,0.019730129007573215,
CEP170_S958,CEP170,False,0.3476156438708457,0.5701066220435215,0.4317833988038758
CEP170_S881,CEP170,False,0.0966394418937187,0.7976770874242063,0.1696629596002571
CEP170_S886,CEP170,False,1.1796384349381324,1.3624979428292348,
CEP170_S887,CEP170,False,1.1796384349381324,1.3624979428292348,
CEP170_S356,CEP170,False,0.6972938404352594,0.4437354732737795,0.5653417082624443
CEP170_S359,CEP170,False,0.24506787042762965,0.20392234028326647,0.20187290263840313
CEP170_S1079,CEP170,False,-0.3254125117439213,,
CEP170_S466,CEP170,False,0.6136438229746206,0.44571704146131513,0.7133450474444133
CEP170_S630,CEP170,False,0.5822206900197315,0.6925362376643134,0.17755283147448664
CEP170_S633,CEP170,False,,0.8432603057997322,-0.11891492411286234
CEP170_S636,CEP170,False,0.5135772544588383,0.590151555619675,0.3039148437212566
CEP170_S1059,CEP170,False,-0.2482449412709225,0.057783888798817185,-0.23348701528208263
CHML_S649,CHML,False,-0.02503023718728457,0.32285112437559094,-0.19365119322899238
ENSP00000355565_S9,ENSP00000355565,False,-0.9965674984947808,-1.0704045963110085,-0.8603113016123259
ENSP00000355565_S23,ENSP00000355565,False,-0.3043070485710189,-0.2665097614254263,-0.6375996383849033
ENSP00000355568:map.1/234745009/G:p.S78P:n.A234745009G:c.Tcg/Ccg_S175,ENSP00000355568:map.1/234745009/G:p.S78P:n.A234745009G:c.Tcg/Ccg,False,-0.10265887845603794,-0.05118783408383345,-0.16737239267755233
ENSP00000355568:map.1/234745009/G:p.S78P:n.A234745009G:c.Tcg/Ccg_S455,ENSP00000355568:map.1/234745009/G:p.S78P:n.A234745009G:c.Tcg/Ccg,False,-0.04064205096301525,-0.11863854014559384,-0.20073029573885967
ENSP00000355568:map.1/234745009/G:p.S78P:n.A234745009G:c.Tcg/Ccg_S457,ENSP00000355568:map.1/234745009/G:p.S78P:n.A234745009G:c.Tcg/Ccg,False,-0.42574619201269776,0.220144257508775,-0.12450156331078693
ENSP00000355568:map.1/234745009/G:p.S78P:n.A234745009G:c.Tcg/Ccg_S460,ENSP00000355568:map.1/234745009/G:p.S78P:n.A234745009G:c.Tcg/Ccg,False,0.01647597931104421,0.05115095979620765,0.05373327409945304
ENSP00000355568:map.1/234745009/G:p.S78P:n.A234745009G:c.Tcg/Ccg_S360,ENSP00000355568:map.1/234745009/G:p.S78P:n.A234745009G:c.Tcg/Ccg,False,-0.5197273077145083,-0.37261824295857937,-0.4699662938229722
ENSP00000355568:map.1/234745009/G:p.S78P:n.A234745009G:c.Tcg/Ccg_S240,ENSP00000355568:map.1/234745009/G:p.S78P:n.A234745009G:c.Tcg/Ccg,False,-0.9891335802528468,-0.9599104610118213,
ENSP00000355568:map.1/234745009/G:p.S78P:n.A234745009G:c.Tcg/Ccg_S71,ENSP00000355568:map.1/234745009/G:p.S78P:n.A234745009G:c.Tcg/Ccg,False,0.08174865123416789,-0.10083984086293538,-0.2698488736779048
MAP3K21_S528,MAP3K21,False,,,0.44169593743456975
DISC1_S45,DISC1,False,-1.2752275081457398,,
DISC1_S47,DISC1,False,-1.2752275081457398,,
TSNAX_S33,TSNAX,False,0.22930908550651297,,-0.3562169527235997
ENSP00000355632:map.1/230415148/A:p.V554M:n.G230415148A:c.Gtg/Atg_S94,ENSP00000355632:map.1/230415148/A:p.V554M:n.G230415148A:c.Gtg/Atg,False,-0.6624144891667202,-0.18488368351309867,
TRIM11_S308,TRIM11,False,-0.0167017237972022,-0.06895239811456519,
ENSP00000430647_S22,ENSP00000430647,False,-0.047055188492991736,-0.16783688491902474,0.08112868235118526
ENSP00000430647_S25,ENSP00000430647,False,-0.047055188492991736,-0.16783688491902474,0.08112868235118526
PARP1_S782,PARP1,False,-0.2265921853486601,-0.15850415230571802,-0.1335421173608978
ACBD3_S344,ACBD3,False,-0.9641227611879032,,
ACBD3_S345,ACBD3,False,-0.3388706552649217,,
FBXO28_S344,FBXO28,False,,-0.6939912376347507,
EPRS1_S882,EPRS1,False,-0.09591047725830215,-0.07711463927962943,0.018331850458950718
EPRS1_S845,EPRS1,False,,0.12565110166152013,
EPRS1_S434,EPRS1,False,0.40878117803895203,0.06087741323220049,0.15386087797296688
RRP15_S11,RRP15,False,0.5353521478321905,0.28802199606122014,-0.02645484569206615
GPATCH2_S115,GPATCH2,False,0.09412798052533293,0.17042091284962751,0.08231861803282459
GPATCH2_S117,GPATCH2,False,0.09412798052533293,0.17042091284962751,0.08231861803282459
GPATCH2_S195,GPATCH2,False,0.5260622055467647,0.5627132344200079,0.2644450633740033
GPATCH2_S54,GPATCH2,False,0.2267332565484238,0.38951371069335244,0.45101324294397294
GPATCH2_S284,GPATCH2,False,0.3883548795482065,0.15419432499278973,0.04234156221330949
GPATCH2_S34,GPATCH2,False,0.5547545337176534,0.17376706773670636,
GPATCH2_S39,GPATCH2,False,0.5303621164360245,0.17376706773670636,
ENSP00000355922:map.1/214830617/G:p.R2943G:n.A214830617G:c.Aga/Gga_S276,ENSP00000355922:map.1/214830617/G:p.R2943G:n.A214830617G:c.Aga/Gga,False,0.14864355544557906,0.009777036926798217,-0.07535279240616465
ENSP00000355922:map.1/214830617/G:p.R2943G:n.A214830617G:c.Aga/Gga_S3023,ENSP00000355922:map.1/214830617/G:p.R2943G:n.A214830617G:c.Aga/Gga,False,,,0.22008226064924694
ENSP00000355922:map.1/214830617/G:p.R2943G:n.A214830617G:c.Aga/Gga_S1651,ENSP00000355922:map.1/214830617/G:p.R2943G:n.A214830617G:c.Aga/Gga,False,0.3071630475433961,0.41722829198774214,0.27810372755144197
ENSP00000355922:map.1/214830617/G:p.R2943G:n.A214830617G:c.Aga/Gga_S1654,ENSP00000355922:map.1/214830617/G:p.R2943G:n.A214830617G:c.Aga/Gga,False,0.3988433158855169,0.41722829198774214,0.5114680392758656
ENSP00000355922:map.1/214830617/G:p.R2943G:n.A214830617G:c.Aga/Gga_S2911,ENSP00000355922:map.1/214830617/G:p.R2943G:n.A214830617G:c.Aga/Gga,False,-0.4735104636315231,-0.1349046867393841,
ENSP00000355922:map.1/214830617/G:p.R2943G:n.A214830617G:c.Aga/Gga_S3079,ENSP00000355922:map.1/214830617/G:p.R2943G:n.A214830617G:c.Aga/Gga,False,0.101246656683439,-0.43944622875412714,0.25680730243126526
ENSP00000355922:map.1/214830617/G:p.R2943G:n.A214830617G:c.Aga/Gga_S3083,ENSP00000355922:map.1/214830617/G:p.R2943G:n.A214830617G:c.Aga/Gga,False,0.101246656683439,0.0021777468912812046,0.25680730243126526
ENSP00000355922:map.1/214830617/G:p.R2943G:n.A214830617G:c.Aga/Gga_S3054,ENSP00000355922:map.1/214830617/G:p.R2943G:n.A214830617G:c.Aga/Gga,False,-0.139766917309983,-0.020852652042058537,0.2562200708964538
PTPN14_S465,PTPN14,False,,,1.5916315496837579
PTPN14_S593,PTPN14,False,-0.06820661566608639,-0.03668414120140471,0.17045012938421947
PTPN14_S594,PTPN14,False,-0.1605899946226896,0.20356506082628564,0.21923085608668358
PTPN14_S760,PTPN14,False,-0.14560107558523572,-0.08494193627732864,-0.010741757735469742
PTPN14_S486,PTPN14,False,0.14509047680241982,0.5598517422000306,0.3001823099801158
PTPN14_S578,PTPN14,False,-0.27728912997723537,0.05028972465015037,-0.09300617591999921
PTPN14_S642,PTPN14,False,0.06765058237258013,0.07642554959720663,-0.14326370987473283
PTPN14_S809,PTPN14,False,-0.21579756975321643,0.006190289072069835,-0.33120916617753066
PTPN14_S620,PTPN14,False,-0.121941728165688,0.31266517355839435,0.07690644691802341
RPS6KC1_S449,RPS6KC1,False,0.05644330014524471,0.10017031975697704,0.01049341924845273
RPS6KC1_S452,RPS6KC1,False,0.0585243118408003,-0.01203888693426278,0.01049341924845273
RPS6KC1_S455,RPS6KC1,False,0.05436228844968911,,0.01049341924845273
RPS6KC1_S211,RPS6KC1,False,0.04914769706188368,0.1172357574457051,0.21853453970867415
RPS6KC1_S215,RPS6KC1,False,0.04914769706188368,0.1172357574457051,0.21853453970867415
ENSP00000443870:map.1/212274413/C:p.K652T:n.A212274413C:c.aAa/aCa_S443,ENSP00000443870:map.1/212274413/C:p.K652T:n.A212274413C:c.aAa/aCa,False,-0.885167490116748,-0.8996939386896395,-0.930257014169219
ENSP00000443870:map.1/212274413/C:p.K652T:n.A212274413C:c.aAa/aCa_S448,ENSP00000443870:map.1/212274413/C:p.K652T:n.A212274413C:c.aAa/aCa,False,-0.885167490116748,-0.49726999549332107,-0.930257014169219
ENSP00000443870:map.1/212274413/C:p.K652T:n.A212274413C:c.aAa/aCa_S469,ENSP00000443870:map.1/212274413/C:p.K652T:n.A212274413C:c.aAa/aCa,False,-0.2650730931438548,-0.6213108252057238,-0.26080219715984204
ENSP00000443870:map.1/212274413/C:p.K652T:n.A212274413C:c.aAa/aCa_S470,ENSP00000443870:map.1/212274413/C:p.K652T:n.A212274413C:c.aAa/aCa,False,-0.3386264745203818,-0.27299444968943987,-0.25031609686627004
SLC30A1_S506,SLC30A1,False,-0.4184127911690342,-0.10533979144049004,0.014686978426684677
RCOR3_S156,RCOR3,False,0.0012978415956467913,,
RCOR3_S372,RCOR3,False,-0.013066982872647105,,0.03140867302005291
RCOR3_S375,RCOR3,False,-0.013066982872647105,,0.03140867302005291
PFKFB2_S450,PFKFB2,False,-0.026594683133554106,-0.04113000963489204,-0.2722940081973685
PFKFB2_S460,PFKFB2,False,-0.16781123910342344,-0.05960608780051944,-0.23375512821570882
PFKFB2_S433,PFKFB2,False,0.09545369412265277,-0.03128169469319241,-0.010636725986551155
TMEM181_S580,TMEM181,False,0.21225804420273486,,
TMEM181_S588,TMEM181,False,0.21225804420273486,,
NUCKS1_S181,NUCKS1,False,-0.5473133800791342,-1.4034525992341955,-0.9690870950965561
NUCKS1_S75,NUCKS1,False,-0.25598042128520715,,-0.3077992484074026
NUCKS1_S79,NUCKS1,False,-0.25598042128520715,,-0.12769670436416752
NUCKS1_S214,NUCKS1,False,0.043250630295096876,0.006847424406084536,-0.13654452223722208
NUCKS1_S204,NUCKS1,False,0.16616822219487817,0.10526212928507751,0.14627628620274796
NUCKS1_S19,NUCKS1,False,0.24282312732698208,0.15412297071789757,-0.04023754789843788
NUCKS1_S30,NUCKS1,False,-0.14669094369091246,,-1.1722134871865528
NUCKS1_S54,NUCKS1,False,0.37139158392421234,0.5827423385979789,0.31626161675957576
NUCKS1_S58,NUCKS1,False,0.2205441950260005,0.17854216713986895,0.12176589433304456
NUCKS1_S61,NUCKS1,False,0.2397412936371336,0.13770267710906323,0.048305629953637325
SCAF8_S617,SCAF8,False,-0.042497118494258336,-0.20950809516860616,-0.048361624162283935
SOX13_S386,SOX13,False,0.08189729371017725,0.17666246361095897,0.15549959403428826
LAD1_S191,LAD1,False,0.04342379825698509,0.12131784143018769,
LAD1_S370,LAD1,False,,-2.3400754415976217,
LAD1_S52,LAD1,False,-2.1228858569079745,-1.7004085999360603,-2.0151969988472875
LAD1_S53,LAD1,False,-2.710944623451836,,-1.4982194892519234
LAD1_S408,LAD1,False,0.5417168162611732,1.0120722658309003,0.46872062832081046
TMEM9_S137,TMEM9,False,,2.9092546774578953,
KIF14_S12,KIF14,False,0.3980219501811996,0.32964029003823003,
NEK7_S195,NEK7,False,0.04012091720087747,-1.2812460360843547,
ASPM_S605,ASPM,False,-0.3853372650634239,-0.5601109523802209,0.038014690186715924
ASPM_S425,ASPM,False,0.05593090385363697,-0.017375511968123203,-0.35241839207534575
PLA2G4A_S437,PLA2G4A,False,,-0.11561568395775956,-0.23229435878046678
SASH1_S507,SASH1,False,-0.044910362719728265,-0.05037166024919929,0.17506197293124892
SASH1_S701,SASH1,False,0.16182320294534797,,
SASH1_S248,SASH1,False,0.09180136921767433,,
SASH1_S442,SASH1,False,-0.45884967131975896,0.33272455342961904,0.2086584003214978
SASH1_S90,SASH1,False,-0.08547928532824184,-0.05579181087077438,-0.7474147930848737
SASH1_S101,SASH1,False,0.20600068252391934,0.09491164702546698,-0.6742221649288609
SASH1_S839,SASH1,False,,0.06336487875842937,
SASH1_S813,SASH1,False,-0.034633118535450966,0.10527578341568686,
SASH1_S137,SASH1,False,-0.5524102246078435,,
ENSP00000356448:map.1/186321242/T:p.V779I:n.C186321242T:c.Gta/Ata_S2073,ENSP00000356448:map.1/186321242/T:p.V779I:n.C186321242T:c.Gta/Ata,False,-0.2990454425793973,-0.21895076997602625,-0.2980163148684736
ENSP00000356448:map.1/186321242/T:p.V779I:n.C186321242T:c.Gta/Ata_S2155,ENSP00000356448:map.1/186321242/T:p.V779I:n.C186321242T:c.Gta/Ata,False,-2.4526908574927515,-2.4327402001272453,-2.15291693613415
ENSP00000375864_S120,ENSP00000375864,False,,0.7065526541695243,-0.13479380341282682
NIBAN1_S646,NIBAN1,False,-0.18859473484560904,0.05686094304675096,-0.02780732185785835
NIBAN1_S579,NIBAN1,False,-2.0713131639640903,-1.5709724253661002,-1.947630004790323
NIBAN1_S582,NIBAN1,False,-2.2040792585534636,-1.5178332222205781,-1.9188814074866132
NIBAN1_S592,NIBAN1,False,,0.8697135102553826,0.942908553580417
NIBAN1_S596,NIBAN1,False,0.9385492737660543,0.9894367246082466,
NIBAN1_S602,NIBAN1,False,-0.276620714551213,-0.16979379759149363,-0.11086916257879652
NIBAN1_S622,NIBAN1,False,-0.2006138383506258,,
LTV1_S247,LTV1,False,-0.07688801735866878,0.08814159686901755,-0.0417367184804514
LTV1_S248,LTV1,False,-0.07688801735866878,0.08814159686901755,-0.0417367184804514
LTV1_S331,LTV1,False,,0.13960046458551462,0.35219353774503176
XPR1_S601,XPR1,False,-0.20869434706292997,0.24958030495635256,0.16967886359246917
XPR1_S603,XPR1,False,,,0.2296332194805115
CEP350_S2460,CEP350,False,,-0.35511005687292135,
CEP350_S1648,CEP350,False,,,-0.09037280453132164
CEP350_S1805,CEP350,False,0.057663648255204404,0.1077097298581278,0.696082865610832
CEP350_S1807,CEP350,False,0.057663648255204404,0.1077097298581278,0.696082865610832
CEP350_S1256,CEP350,False,-0.6854799551006333,,
CEP350_S1259,CEP350,False,-0.6854799551006333,,
CEP350_S2253,CEP350,False,,,3.257900709758447
CEP350_S2256,CEP350,False,,,3.257900709758447
TOR1AIP2_S120,TOR1AIP2,False,-0.22060988242145585,-0.5214806496955326,-0.5739274748366076
ABL2_S610,ABL2,False,-0.0348960949711072,-0.05141366267277655,-0.037799011150148554
ABL2_S612,ABL2,False,-0.021789723742535017,-0.040600765227878775,0.05974309286489324
ABL2_S599,ABL2,False,-0.5974791688759286,0.23069844627643588,0.12417888588562391
ABL2_S650,ABL2,False,0.4266314895765225,0.07900255871058187,0.2933704842047526
ABL2_S693,ABL2,False,0.1307991108381943,0.22094900446677918,
ABL2_S696,ABL2,False,0.1307991108381943,0.22094900446677918,
RALGPS2_S296,RALGPS2,False,-0.3770509129022543,0.010134589731724005,0.10588214638269508
RALGPS2_S308,RALGPS2,False,-0.6350972524989443,-0.41152161102052537,-1.2889809307882332
RALGPS2_S23,RALGPS2,False,0.49231468489252744,0.37840064244357563,
RALGPS2_S26,RALGPS2,False,0.49231468489252744,0.37840064244357563,
RALGPS2_S315,RALGPS2,False,-0.7927318268879717,0.040541793862846835,-0.19983522077497093
RALGPS2_S329,RALGPS2,False,-0.47945158229786355,-0.17144337766465825,-0.05514473665970788
ENSP00000407768_S771,ENSP00000407768,False,0.2420239737185076,-0.18941705508816703,0.4045761904579163
ENSP00000407768_S141,ENSP00000407768,False,,0.0002885101581235529,0.05018822331147818
ENSP00000407768_S866,ENSP00000407768,False,-0.22006964736433787,0.03025271233627556,-0.009895451076044445
ENSP00000407768_S869,ENSP00000407768,False,-0.22006964736433787,0.03025271233627556,-0.009895451076044445
ENSP00000407768_S994,ENSP00000407768,False,-0.2609771226101361,-0.22266655943816133,-0.6299314670653702
ENSP00000407768_S146,ENSP00000407768,False,-0.3168695075085118,-0.38560110489502725,0.9011082430145124
HECA_S264,HECA,False,-0.18190206136871656,0.13592891111964983,
HECA_S268,HECA,False,-0.18190206136871656,0.13592891111964983,
HECA_S272,HECA,False,-0.18190206136871656,0.13592891111964983,
HBS1L_S49,HBS1L,False,-1.7679287198936953,,
HBS1L_S246,HBS1L,False,,-2.4860848461486187,-2.9365522815274487
HBS1L_S249,HBS1L,False,,,-2.3029379195026087
POU2F1_S408,POU2F1,False,-0.05909539384049095,-0.09111015765012047,-0.0854686554258569
UCK2_S254,UCK2,False,,-0.026425458112808015,
STX7_S126,STX7,False,0.10648233046998125,-0.202824640516291,
STX7_S129,STX7,False,0.03493886296990361,-0.29801945358650866,0.0011006494768591377
PEX19_S66,PEX19,False,0.14821827215414504,,0.1323794250528661
PEX19_S147,PEX19,False,0.20342079188488474,0.24129674404086773,0.3463110802445754
PEX19_S149,PEX19,False,0.05311133645956253,0.3627784536195042,
PEX19_S54,PEX19,False,0.2048553702045662,1.1515990822693967,-0.02980212352272006
TAGLN2_S163,TAGLN2,False,-0.09228714241881487,-0.32741529557903815,-0.14210958154655715
ARHGAP18_S66,ARHGAP18,False,0.0579922819530157,1.246647181815259,-0.048662570193946084
ARHGAP18_S69,ARHGAP18,False,0.0579922819530157,-0.31986636550826747,-0.048662570193946084
ETV3_S159,ETV3,False,-0.800654133881987,-0.7760429493809379,-0.8589664004517247
ETV3_S245,ETV3,False,-1.6892557703409843,-1.6539518799826582,-1.521342668919354
ETV3_S250,ETV3,False,-1.6892557703409843,-1.6539518799826582,-1.521342668919354
ENSP00000357206:map.1/156641537/T:p.V815I:n.C156641537T:c.Gta/Ata_S1521,ENSP00000357206:map.1/156641537/T:p.V815I:n.C156641537T:c.Gta/Ata,False,,-0.5753788404618839,
ENSP00000357206:map.1/156641537/T:p.V815I:n.C156641537T:c.Gta/Ata_S1617,ENSP00000357206:map.1/156641537/T:p.V815I:n.C156641537T:c.Gta/Ata,False,-0.05793472882266513,-0.21263241952594747,0.23155419705775193
ENSP00000357206:map.1/156641537/T:p.V815I:n.C156641537T:c.Gta/Ata_S1618,ENSP00000357206:map.1/156641537/T:p.V815I:n.C156641537T:c.Gta/Ata,False,0.0775164697020952,,
ENSP00000357206:map.1/156641537/T:p.V815I:n.C156641537T:c.Gta/Ata_S680,ENSP00000357206:map.1/156641537/T:p.V815I:n.C156641537T:c.Gta/Ata,False,-0.009402015897311789,-0.10139194357209125,-0.03872898640953224
ENSP00000357206:map.1/156641537/T:p.V815I:n.C156641537T:c.Gta/Ata_S1016,ENSP00000357206:map.1/156641537/T:p.V815I:n.C156641537T:c.Gta/Ata,False,,-0.2651018257585579,
ENSP00000357206:map.1/156641537/T:p.V815I:n.C156641537T:c.Gta/Ata_S548,ENSP00000357206:map.1/156641537/T:p.V815I:n.C156641537T:c.Gta/Ata,False,-0.23108583948676373,-0.3377145152890093,-0.3360345222548427
ENSP00000357206:map.1/156641537/T:p.V815I:n.C156641537T:c.Gta/Ata_S346,ENSP00000357206:map.1/156641537/T:p.V815I:n.C156641537T:c.Gta/Ata,False,0.21762469222838332,-0.13125076812985964,0.17568427073099724
ENSP00000357206:map.1/156641537/T:p.V815I:n.C156641537T:c.Gta/Ata_S352,ENSP00000357206:map.1/156641537/T:p.V815I:n.C156641537T:c.Gta/Ata,False,-0.6166875930267027,-1.0513093739028434,-0.8283585419709563
ENSP00000357206:map.1/156641537/T:p.V815I:n.C156641537T:c.Gta/Ata_S355,ENSP00000357206:map.1/156641537/T:p.V815I:n.C156641537T:c.Gta/Ata,False,-0.659813763677701,,
ENSP00000357206:map.1/156641537/T:p.V815I:n.C156641537T:c.Gta/Ata_S358,ENSP00000357206:map.1/156641537/T:p.V815I:n.C156641537T:c.Gta/Ata,False,-0.9614792198434893,-1.0428301638684683,-0.9905838597042589
ENSP00000357206:map.1/156641537/T:p.V815I:n.C156641537T:c.Gta/Ata_S320,ENSP00000357206:map.1/156641537/T:p.V815I:n.C156641537T:c.Gta/Ata,False,-0.14044149077191842,0.46362245685189335,0.1159654315868071
ENSP00000357206:map.1/156641537/T:p.V815I:n.C156641537T:c.Gta/Ata_S325,ENSP00000357206:map.1/156641537/T:p.V815I:n.C156641537T:c.Gta/Ata,False,0.08819898644036978,0.07170559669338952,0.12583404922155386
ENSP00000357206:map.1/156641537/T:p.V815I:n.C156641537T:c.Gta/Ata_S934,ENSP00000357206:map.1/156641537/T:p.V815I:n.C156641537T:c.Gta/Ata,False,0.24377629782682922,0.2774152828626415,-0.05342728469200724
ENSP00000357206:map.1/156641537/T:p.V815I:n.C156641537T:c.Gta/Ata_S471,ENSP00000357206:map.1/156641537/T:p.V815I:n.C156641537T:c.Gta/Ata,False,0.061803928480456106,0.04243376759885639,0.10858591924426296
ENSP00000357206:map.1/156641537/T:p.V815I:n.C156641537T:c.Gta/Ata_S578,ENSP00000357206:map.1/156641537/T:p.V815I:n.C156641537T:c.Gta/Ata,False,0.022450606277937837,0.06239806379847849,0.18928690658361216
ENSP00000357206:map.1/156641537/T:p.V815I:n.C156641537T:c.Gta/Ata_S588,ENSP00000357206:map.1/156641537/T:p.V815I:n.C156641537T:c.Gta/Ata,False,0.3839021357477186,0.13132607460659126,
ENSP00000357206:map.1/156641537/T:p.V815I:n.C156641537T:c.Gta/Ata_S905,ENSP00000357206:map.1/156641537/T:p.V815I:n.C156641537T:c.Gta/Ata,False,0.021018875667435127,0.19062919201696166,-0.08574858750529712
ENSP00000357206:map.1/156641537/T:p.V815I:n.C156641537T:c.Gta/Ata_S768,ENSP00000357206:map.1/156641537/T:p.V815I:n.C156641537T:c.Gta/Ata,False,0.0392486752327219,0.03221274035620921,0.06992243086568345
ENSP00000357206:map.1/156641537/T:p.V815I:n.C156641537T:c.Gta/Ata_S809,ENSP00000357206:map.1/156641537/T:p.V815I:n.C156641537T:c.Gta/Ata,False,,-0.2843350193471293,
ENSP00000357206:map.1/156641537/T:p.V815I:n.C156641537T:c.Gta/Ata_S746,ENSP00000357206:map.1/156641537/T:p.V815I:n.C156641537T:c.Gta/Ata,False,0.14186296583958502,0.07293139320227277,0.38776203204994847
ENSP00000357206:map.1/156641537/T:p.V815I:n.C156641537T:c.Gta/Ata_S1310,ENSP00000357206:map.1/156641537/T:p.V815I:n.C156641537T:c.Gta/Ata,False,-0.5020428422572044,-0.5750795782565739,-0.648303834167306
ENSP00000357206:map.1/156641537/T:p.V815I:n.C156641537T:c.Gta/Ata_S1571,ENSP00000357206:map.1/156641537/T:p.V815I:n.C156641537T:c.Gta/Ata,False,0.019773069040027156,0.2171219939756026,0.583217549526616
ENSP00000357206:map.1/156641537/T:p.V815I:n.C156641537T:c.Gta/Ata_S1577,ENSP00000357206:map.1/156641537/T:p.V815I:n.C156641537T:c.Gta/Ata,False,0.1472813072759854,0.3435313749544642,0.11729608565724152
ENSP00000357206:map.1/156641537/T:p.V815I:n.C156641537T:c.Gta/Ata_S1492,ENSP00000357206:map.1/156641537/T:p.V815I:n.C156641537T:c.Gta/Ata,False,,-0.08761072507120579,
ENSP00000357206:map.1/156641537/T:p.V815I:n.C156641537T:c.Gta/Ata_S1496,ENSP00000357206:map.1/156641537/T:p.V815I:n.C156641537T:c.Gta/Ata,False,-0.012718539602354438,0.13404106947485464,0.7202568366254892
ENSP00000357206:map.1/156641537/T:p.V815I:n.C156641537T:c.Gta/Ata_S1498,ENSP00000357206:map.1/156641537/T:p.V815I:n.C156641537T:c.Gta/Ata,False,-0.012718539602354438,0.11789779357194112,0.7202568366254892
ENSP00000357206:map.1/156641537/T:p.V815I:n.C156641537T:c.Gta/Ata_S311,ENSP00000357206:map.1/156641537/T:p.V815I:n.C156641537T:c.Gta/Ata,False,0.02076886509457185,0.0955301671364191,-0.1513460153606253
ENSP00000357206:map.1/156641537/T:p.V815I:n.C156641537T:c.Gta/Ata_S1441,ENSP00000357206:map.1/156641537/T:p.V815I:n.C156641537T:c.Gta/Ata,False,-0.06911338020628115,-0.18455234560335235,-0.4785672759623228
ENSP00000357206:map.1/156641537/T:p.V815I:n.C156641537T:c.Gta/Ata_S1442,ENSP00000357206:map.1/156641537/T:p.V815I:n.C156641537T:c.Gta/Ata,False,-0.3772162706534778,-0.18455234560335235,-0.5331797505376094
ENSP00000357206:map.1/156641537/T:p.V815I:n.C156641537T:c.Gta/Ata_S1445,ENSP00000357206:map.1/156641537/T:p.V815I:n.C156641537T:c.Gta/Ata,False,-0.29415404420600444,-0.15769367545836713,-0.5058814079741092
ENSP00000357206:map.1/156646668/G:p.V130A:n.A156646668G:c.gTg/gCg_S809,ENSP00000357206:map.1/156646668/G:p.V130A:n.A156646668G:c.gTg/gCg,False,0.13641910795518122,0.07578486986272398,
LMNA_S616,LMNA,False,0.16135951445834884,-0.06621481298887875,0.2934665971621151
LMNA_S628,LMNA,False,0.32957948909743184,0.400819465613571,0.46091060341389056
LMNA_S632,LMNA,False,0.46686200377591786,0.40281333688865634,0.15003969277415322
LMNA_S636,LMNA,False,,-0.06951243585471181,
KHDC4_S571,KHDC4,False,0.20056342090967713,0.26227404558288636,0.2353265489960864
KHDC4_S572,KHDC4,False,0.20056342090967713,0.26227404558288636,0.2353265489960864
ASH1L_S1713,ASH1L,False,-0.38844987693075955,0.41619119389521425,
ASH1L_S1716,ASH1L,False,-0.38844987693075955,0.41619119389521425,
ASH1L_S1162,ASH1L,False,-0.16184692681765853,-0.5682082961569672,-0.5126165569634936
ASH1L_S1170,ASH1L,False,-0.16184692681765853,-0.5682082961569672,-0.5126165569634936
ASH1L_S1689,ASH1L,False,-0.5709786423967673,,
NCOA7_S179,NCOA7,False,0.26471656897702045,,
NCOA7_S500,NCOA7,False,0.16014572540457922,,
NCOA7_S502,NCOA7,False,0.4240063319523665,0.5304874439306423,0.4506965962643782
NCOA7_S208,NCOA7,False,-0.7231753509292886,-0.3321083222890548,-0.7414557848106309
NCOA7_S209,NCOA7,False,-0.40133586639723584,-0.3154660561310268,
NCOA7_S211,NCOA7,False,-0.7272193833263669,-0.3536133801518851,-0.7414557848106309
SHC1_S29,SHC1,True,0.33848359017707147,0.5599231755424354,0.39428372768700304
PYGO2_S40,PYGO2,False,0.1707741921042509,0.26636857893941024,0.07880092905298158
PBXIP1_S14,PBXIP1,False,-0.18429342300398968,-0.183203368683861,-0.09447240494275948
ENSP00000357555_S11,ENSP00000357555,False,-0.30466245335667164,-0.2858061323965769,-0.29891474220651704
RAB13_S178,RAB13,False,-0.02888861751139442,-0.024662594804275656,-0.09032818444131074
CRTC2_S613,CRTC2,False,1.077994918849497,,
CRTC2_S624,CRTC2,False,-0.028278045709176355,-0.36726647404946466,-0.3997873463692677
CRTC2_S456,CRTC2,False,-0.6651800469149264,-0.7125448994215848,-0.511357356216247
CRTC2_S460,CRTC2,False,,,-0.8372436438480328
CRTC2_S433,CRTC2,False,,-0.8075280558507462,
CRTC2_S447,CRTC2,False,0.3057954614204903,0.019546404117861724,0.09572192227332565
CRTC2_S70,CRTC2,False,0.20850858732582847,0.5362347927244314,0.5881278774395535
CRTC2_S86,CRTC2,False,-0.023491238251982585,0.19247433145879886,
CRTC2_S90,CRTC2,False,-0.023491238251982585,-0.18159659590955501,
ENSP00000357624_S145,ENSP00000357624,False,-0.3803897915154689,-0.4827395680251854,-0.2276054297611967
ENSP00000357624_S101,ENSP00000357624,False,-0.06904320027808349,-0.2038342055005425,-0.4698493322858017
ENSP00000357624_S167,ENSP00000357624,False,1.1909617827558396,0.5681286778703706,0.7424374453762657
ENSP00000357624_S170,ENSP00000357624,False,0.26419618478122864,0.4222800847715296,0.3347074633042657
ENSP00000357624_S159,ENSP00000357624,False,0.271853084092224,0.3105512298216198,
ENSP00000357624_S163,ENSP00000357624,False,0.20701847493754152,0.12181161869212609,0.23076189526400606
BNIP3_S86,BNIP3,False,,-0.1685838046515052,-0.10739914279528218
BNIP3_S95,BNIP3,False,-0.15925490497704026,,0.056818168238032596
MKI67_S2528,MKI67,False,0.00868898143498552,-0.027355287510400953,-0.011460542115006106
MKI67_S1679,MKI67,False,,0.05032755355842493,
MKI67_S579,MKI67,False,0.11014344566891884,-0.19792471262239622,0.14514329220167155
MKI67_S584,MKI67,False,0.3021919874779208,-0.1750931554164764,0.17728126354918264
MKI67_S1815,MKI67,False,0.3278748099162995,0.5526498447737731,0.11752356663631451
MKI67_S1937,MKI67,False,0.6542420696060576,0.6251465445667824,0.4689481801800506
MKI67_S2135,MKI67,False,,,0.23388806017427727
MKI67_S2002,MKI67,False,0.4659222393039372,,
MKI67_S1636,MKI67,False,0.6445802196211877,0.9007528948140959,0.8781909685107003
MKI67_S1291,MKI67,False,,,0.34346467615452897
MKI67_S128,MKI67,False,0.062259894470126094,-0.35251048937832113,
MKI67_S1071,MKI67,False,,0.1631122443471244,
MKI67_S357,MKI67,False,-0.001527548796748888,-0.03636595624010285,-0.00858378749394565
MKI67_S308,MKI67,False,-0.0971077523019612,-0.08218467906873282,0.002377193950002146
GATAD2B_S122,GATAD2B,False,0.01811965405098036,0.007003976590058765,-0.07791802694438633
GATAD2B_S129,GATAD2B,False,0.02742802663901814,-0.006027497719654898,0.047118551826195114
GATAD2B_S135,GATAD2B,False,0.036028427409529884,0.0873018691226931,0.045908374447063624
SNAPIN_S133,SNAPIN,False,0.23795728932728685,-0.11083074634122977,0.07557202609991738
S100A6_S46,S100A6,False,0.028298657180690426,0.042189825849038916,0.6144912462994762
PI4KB_S266,PI4KB,False,-0.6409944454507626,-0.11057318519050621,-0.20914457177117307
PI4KB_S496,PI4KB,False,-0.019678744890688594,-0.09638846887451902,-0.6471254986895573
PI4KB_S294,PI4KB,False,-0.02440006045774658,-0.02979181297781269,0.027753030527862932
PI4KB_S277,PI4KB,False,0.23214339027336706,0.4708599842282726,0.17816688004055506
PI4KB_S413,PI4KB,False,0.45598671662604784,0.7259573940122331,0.8598021367998276
SCNM1_S183,SCNM1,False,,1.2136894437524828,
LYSMD1_S51,LYSMD1,False,0.14656579494953495,0.18475004770029804,0.20385704922544262
PLEKHA1_S375,PLEKHA1,False,0.00604663011841478,,
ENSP00000394416:map.10/124189197/G:p.T320A:n.A124189197G:c.Acc/Gcc_S332,ENSP00000394416:map.10/124189197/G:p.T320A:n.A124189197G:c.Acc/Gcc,False,0.391886078114133,,0.2880632003253163
NSMCE4A_S30,NSMCE4A,False,,0.08011185986159819,
NSMCE4A_S32,NSMCE4A,False,,0.08011185986159819,
ENSP00000462536_S348,ENSP00000462536,False,-0.10429410093876974,-0.21900948624566946,0.020305601643790597
ENSP00000462536_S902,ENSP00000462536,False,-0.09329408117628166,-0.16475760329036748,-0.14425566826772837
ENSP00000462536_S904,ENSP00000462536,False,-0.09329408117628166,-0.17190351730887307,-0.08776605111005013
ENSP00000462536_S732,ENSP00000462536,False,-0.34564915960118703,-0.4526847652323858,-0.30518851697333765
ENSP00000462536_S459,ENSP00000462536,False,-0.18039964878583922,-0.12164687364782982,-0.16773986188879741
ENSP00000462536_S939,ENSP00000462536,False,-0.22835101752316994,-0.1712384516400416,-0.003857147345378598
ENSP00000462536_S1073,ENSP00000462536,False,-0.28938485615831794,-0.476805904124008,-0.25765977195144735
ENSP00000462536_S567,ENSP00000462536,False,0.1256373264389504,0.1435763245527666,0.1396422120150766
ENSP00000358081:map.10/121429633/C:p.C151R:n.T121429633C:c.Tgt/Cgt_S264,ENSP00000358081:map.10/121429633/C:p.C151R:n.T121429633C:c.Tgt/Cgt,False,0.3682549191504846,0.2781927665884812,0.29430270285888793
ENSP00000358081:map.10/121429633/C:p.C151R:n.T121429633C:c.Tgt/Cgt_S279,ENSP00000358081:map.10/121429633/C:p.C151R:n.T121429633C:c.Tgt/Cgt,False,0.44344500487648586,0.40045343208707884,0.3615188278127497
ENSP00000358081:map.10/121429633/C:p.C151R:n.T121429633C:c.Tgt/Cgt_S289,ENSP00000358081:map.10/121429633/C:p.C151R:n.T121429633C:c.Tgt/Cgt,False,-1.7125628824864048,-0.6257450135072548,-0.42970012813042124
ENSP00000358081:map.10/121429633/C:p.C151R:n.T121429633C:c.Tgt/Cgt_S291,ENSP00000358081:map.10/121429633/C:p.C151R:n.T121429633C:c.Tgt/Cgt,False,0.30053865244370176,-0.08093581038103738,
ENSP00000358081:map.10/121429633/C:p.C151R:n.T121429633C:c.Tgt/Cgt_S173,ENSP00000358081:map.10/121429633/C:p.C151R:n.T121429633C:c.Tgt/Cgt,False,0.766383141001298,1.0089887832272548,0.8975873822474802
ENSP00000358081:map.10/121429633/C:p.C151R:n.T121429633C:c.Tgt/Cgt_S136,ENSP00000358081:map.10/121429633/C:p.C151R:n.T121429633C:c.Tgt/Cgt,False,0.22582496783597317,0.23183715342056868,0.29145853550579154
ENSP00000358081:map.10/121429633/C:p.C151R:n.T121429633C:c.Tgt/Cgt_S195,ENSP00000358081:map.10/121429633/C:p.C151R:n.T121429633C:c.Tgt/Cgt,False,0.14441816967494261,0.2138400934682055,0.2845447404720439
ENSP00000358081:map.10/121429633/C:p.C151R:n.T121429633C:c.Tgt/Cgt_S275,ENSP00000358081:map.10/121429633/C:p.C151R:n.T121429633C:c.Tgt/Cgt,False,0.34143624370429837,0.07978423512353892,0.22668808649164687
ENSP00000358081:map.10/121429633/C:p.C151R:n.T121429633C:c.Tgt/Cgt_S377,ENSP00000358081:map.10/121429633/C:p.C151R:n.T121429633C:c.Tgt/Cgt,False,-0.32936956615057206,-0.19443486134928786,-0.3754505685844679
OTUD7B_S508,OTUD7B,False,0.43067422357755,0.2500717260412333,0.5987827843019164
OTUD7B_S100,OTUD7B,False,-0.3876229378048806,-0.2266126139186662,-0.02233359600774883
OTUD7B_S464,OTUD7B,False,0.027152043823127105,,0.22465773412073844
OTUD7B_S467,OTUD7B,False,0.027152043823127105,,0.22465773412073844
EIF3A_S584,EIF3A,False,-0.11046830439523234,0.12101572422867225,0.005312413135999334
EIF3A_S882,EIF3A,False,-0.4030016692931276,-0.06935937212076856,0.4504902299133627
ASCC3_S2195,ASCC3,False,-0.4208198518728499,,0.06571016406526571
PNISR_S211,PNISR,False,0.0015414641562073474,-0.011853618313697472,-0.11463574200112608
PNISR_S726,PNISR,False,0.05088474002509346,0.38294386956899057,
PNISR_S290,PNISR,False,-0.2013465191822424,-0.543935148974404,-0.2651500069320244
PNISR_S561,PNISR,False,-0.060154286461580275,-0.018834159959006256,-0.22919632025716383
PNISR_S563,PNISR,False,-0.060154286461580275,-0.018834159959006256,-0.22919632025716383
PNISR_S311,PNISR,False,-0.3787322001671912,,
PNISR_S313,PNISR,False,-0.3787322001671912,,
PNISR_S321,PNISR,False,-0.3787322001671912,,
MAP3K7_S389,MAP3K7,False,0.2783365597490311,0.09869360010651056,0.04864947420250288
MAP3K7_S412,MAP3K7,False,-0.009851706850002076,-0.03669980577274561,-0.21423681317023738
SCAF11_S293,SCAF11,False,0.23607542166732526,0.23507856048770068,
SCAF11_S563,SCAF11,False,-0.10927428902670605,-0.7975067272868666,-0.027454379734232915
SCAF11_S565,SCAF11,False,-0.10927428902670605,-0.5454036975405772,-0.25073286000880135
SCAF11_S567,SCAF11,False,-0.10927428902670605,-0.5454036975405772,-0.25073286000880135
SCAF11_S481,SCAF11,False,0.10417061192697834,0.0727359828773768,-0.026887069228133723
SCAF11_S483,SCAF11,False,0.17005323530230423,-3.125069293521006,-2.556138777743343
SCAF11_S487,SCAF11,False,0.05952069276503109,0.19001048586846267,-0.060121150335504886
SCAF11_S646,SCAF11,False,,,0.39999135066418123
SCAF11_S648,SCAF11,False,,-0.3589614971695186,0.4253439734642797
SCAF11_S365,SCAF11,False,0.05207573121669975,0.15156618494495863,0.13273986008573066
SCAF11_S533,SCAF11,False,,,-0.041936868983388144
SCAF11_S535,SCAF11,False,,,-0.041936868983388144
SCAF11_S86,SCAF11,False,0.18281561697607449,0.09734110879670181,
SCAF11_S87,SCAF11,False,0.18281561697607449,0.09734110879670181,
SCAF11_S90,SCAF11,False,0.15060517994957548,0.09734110879670181,0.12187002211043652
SCAF11_S98,SCAF11,False,0.016006044471091597,0.2032638127210805,0.08531704272391581
SCAF11_S456,SCAF11,False,0.21487083400390522,0.019915367707685924,
SCAF11_S461,SCAF11,False,0.21487083400390522,,
TTF2_S350,TTF2,False,-0.14643542984638563,,
TTF2_S351,TTF2,False,-0.14643542984638563,,
TTF2_S883,TTF2,False,,0.03761176378549936,-0.17598195675915793
ENSP00000472692_S151,ENSP00000472692,False,-0.3156546116543256,-0.10565242314330196,-0.22474515951396515
RBM20_S742,RBM20,False,-0.002776570812713597,-0.030996314525353577,-0.09741101086793708
TRIM33_S1102,TRIM33,False,-0.5361946367717189,-0.7183920912388839,-1.2853080671169783
TRIM33_S862,TRIM33,False,-0.011813762037526546,0.10917732483347523,0.18367480759302657
TRIM33_S1088,TRIM33,False,0.028852005847493426,,0.2360945786378778
ENSP00000472996_S485,ENSP00000472996,False,0.2346452577440741,0.5028743034409766,0.26089134069710823
ENSP00000472996_S494,ENSP00000472996,False,-0.13371374147847767,0.30489777418522146,0.41010345283100896
ENSP00000472996_S513,ENSP00000472996,False,0.07433015432624195,0.07761188993901728,0.13606363416914882
ENSP00000472996_S451,ENSP00000472996,False,-0.1897538933636663,-0.16257341629401717,-0.1892563219804161
ENSP00000472996_S453,ENSP00000472996,False,-0.1897538933636663,-0.16257341629401717,-0.1892563219804161
ENSP00000472996_S455,ENSP00000472996,False,-0.043279250527466506,,-0.04410205690031166
ENSP00000472996_S21,ENSP00000472996,False,-0.030945169944447043,-0.06991542384210155,-0.0008121533208855329
SMNDC1_S201,SMNDC1,False,,,0.38095104362584714
ENSP00000441065:map.1/113456546/T:p.D490E:n.A113456546T:c.gaT/gaA_S483,ENSP00000441065:map.1/113456546/T:p.D490E:n.A113456546T:c.gaT/gaA,False,-0.24287431724472697,-0.30747717503480265,-0.30693016014322577
ENSP00000441065:map.1/113456546/T:p.D490E:n.A113456546T:c.gaT/gaA_S498,ENSP00000441065:map.1/113456546/T:p.D490E:n.A113456546T:c.gaT/gaA,False,,-0.341167244165661,
ENSP00000441065:map.1/113456546/T:p.D490E:n.A113456546T:c.gaT/gaA_S467,ENSP00000441065:map.1/113456546/T:p.D490E:n.A113456546T:c.gaT/gaA,False,0.31382629639039805,-0.34057429797172417,
SLC16A1_S483,SLC16A1,False,-0.37455405358393784,-0.24992338954189564,-0.2057248861944757
SLC16A1_S498,SLC16A1,False,-0.4667504408982616,-0.34483403695947706,-0.4048568163254931
DDX20_S672,DDX20,False,-0.0893747768346029,,
DDX20_S677,DDX20,False,-0.04417456012809009,-0.21294326345931747,0.011352507229905218
DDX20_S678,DDX20,False,-0.07125276724701478,-0.21294326345931747,-0.05430622662096255
DDX20_S500,DDX20,False,-2.9374090406978137,-3.2683704904453728,-3.187226231842995
DDX20_S505,DDX20,False,-2.7713730580607523,-2.498667866653919,-2.0671526682392614
DDX20_S560,DDX20,False,-0.27577670381193714,-0.1790290796563862,-0.029200359056993714
DDX20_S714,DDX20,False,-0.06052152999531666,0.047129792622708555,0.08364230025534537
SH3PXD2A_S1038,SH3PXD2A,False,0.20164185567401308,0.42190997309482886,1.0151022726028245
SH3PXD2A_S421,SH3PXD2A,False,-0.3297087228393381,0.03743997232533585,0.008274685079287077
SH3PXD2A_S547,SH3PXD2A,False,-0.5087456804758177,-0.46358921518387025,-0.4596750743937823
SH3PXD2A_S644,SH3PXD2A,False,,,0.33032892730232616
SH3PXD2A_S406,SH3PXD2A,False,,0.3542264573499261,0.05172011644732764
SH3PXD2A_S567,SH3PXD2A,False,-0.3387064441446935,-0.1811674441791078,
SH3PXD2A_S572,SH3PXD2A,False,,-0.0207794689420916,
SH3PXD2A_S1002,SH3PXD2A,False,0.26288361121563714,0.5389120171085011,0.5324722159929772
SH3PXD2A_S1056,SH3PXD2A,False,-0.32472149043625204,-0.24821706896266693,-0.13575446108663183
SH3PXD2A_S1017,SH3PXD2A,False,0.005971174999186271,0.28933005239948784,0.192713625036215
SH3PXD2A_S593,SH3PXD2A,False,,,0.9722515078258537
SH3PXD2A_S597,SH3PXD2A,False,,,0.9722515078258537
SH3PXD2A_S515,SH3PXD2A,False,0.23973554720609624,0.24746611272726476,0.024092902607269
SH3PXD2A_S724,SH3PXD2A,False,-0.013063535247368798,-0.8694644432438118,0.4648773380915415
RBM15_S109,RBM15,False,-0.06062698270210042,0.05705749055282612,0.05362013494979335
RBM15_S670,RBM15,False,0.719294065991954,0.6083705712300223,0.6931392841327639
RBM15_S674,RBM15,False,0.719294065991954,0.6083705712300223,0.6931392841327639
RBM15_S656,RBM15,False,-0.21954931880837236,-0.03466745682855224,0.05702435742843752
RBM15_S659,RBM15,False,0.08621970380089072,0.10710813217228368,0.010463525999069908
RBM15_S125,RBM15,False,-1.8802321574527927,-2.042278516330277,-2.9961963037648083
RBM15_S128,RBM15,False,0.2919525541568806,0.09854293381145408,0.2299651216408562
RBM15_S765,RBM15,False,0.05074359587916475,-0.12233489130057836,-0.05063909215450085
RBM15_S700,RBM15,False,,0.14478456325266997,
RBM15_S97,RBM15,False,0.23793280272392714,0.18600253541509662,0.18348736994871484
RBM15_S292,RBM15,False,0.13172117115592868,,
RBM15_S294,RBM15,False,0.05403123941910081,0.06654785545371722,-0.03277269850584588
RBM15_S257,RBM15,False,0.08875820574078509,0.16939609210760528,0.004318416554308764
RBM15_S259,RBM15,False,0.08875820574078509,0.16939609210760528,0.004318416554308764
STRIP1_S335,STRIP1,False,-0.1792869509974648,-0.08656055953541215,-0.17441838579823538
PDCD11_S926,PDCD11,False,0.14482952083880904,,
ENSP00000468971_S171,ENSP00000468971,False,0.011338789699104877,0.20573583891323755,0.23743674269661247
ATXN7L2_S575,ATXN7L2,False,0.05500131773066705,-0.04960624211737258,0.04101124459788852
WBP1L_S173,WBP1L,False,-0.843836408148994,-0.6838413782064979,
SUFU_S342,SUFU,False,,0.00963381939726868,
SUFU_S346,SUFU,False,-0.04874486935072632,0.07121348960526455,
SUFU_S301,SUFU,False,0.27521548878990715,0.2067682354683216,-0.07828947655293747
ENSP00000411591_S459,ENSP00000411591,False,,-0.1664540883673153,-0.021760431036987275
ENSP00000411591_S388,ENSP00000411591,False,3.4482402252160664,1.7500061502042006,
GBF1_S1784,GBF1,False,-0.27356982947130065,-0.6360776272421158,
GBF1_S1298,GBF1,False,-0.12671508118599412,-0.08964797759694136,-0.13576156652926416
GBF1_S1475,GBF1,False,0.14463538290270242,0.22118761655548144,0.2033463626394609
GBF1_S1318,GBF1,False,-0.18460099496740193,-0.07490881796977251,-0.09126820537833163
SENP6_S1104,SENP6,False,,-0.05285005198214255,0.005471851210059492
PRPF38B_S527,PRPF38B,False,-0.11725756768563651,-0.1523962676624193,0.15047479915272896
PRPF38B_S529,PRPF38B,False,0.06679375076206805,0.02818922758289291,0.02545586427963508
PRPF38B_S534,PRPF38B,False,,0.037895245058571864,
PRPF38B_S266,PRPF38B,False,-0.17551725238072666,0.002738519806928803,
PRPF38B_S268,PRPF38B,False,-0.17551725238072666,-0.4339426142647018,
PRPF38B_S473,PRPF38B,False,0.1596551441497112,0.2729015623439646,
PRPF38B_S475,PRPF38B,False,0.1596551441497112,0.2729015623439646,
PRPF38B_S320,PRPF38B,False,-0.12203200356510437,-0.2992115313345805,-0.9817103689793767
PRPF38B_S272,PRPF38B,False,,-0.6043765798876908,
PRPF38B_S318,PRPF38B,False,-0.020738040096227078,0.1342386736808727,0.014995584570861798
TRMT13_S397,TRMT13,False,,0.268314613175228,
BTRC_S86,BTRC,False,-0.6376998395595442,-0.6222011102110158,
ENSP00000471491_S26,ENSP00000471491,False,0.16401388852505705,,-0.14456826536136716
ENSP00000412533_S11,ENSP00000412533,False,,,-0.4574348684362164
LZTS2_S570,LZTS2,False,0.24731993497981972,0.06031332999799619,0.0008653574432532448
DR1_S105,DR1,False,-0.18876484459889764,-0.23134483915255988,-2.1061252672416506
ENSP00000469720_S20,ENSP00000469720,False,0.030547964162966627,-0.5424481715025433,
ARFGAP1_S361,ARFGAP1,False,-0.020327730160620616,0.14860877020522015,0.008056554871058458
EVI5_S776,EVI5,False,0.46393627950640753,0.8379908175810933,0.1928254035523912
EVI5_S778,EVI5,False,0.46393627950640753,0.8379908175810933,0.1928254035523912
YTHDF1_S424,YTHDF1,False,0.07587486697512764,-0.20148677479540783,0.22193893162862377
ENSP00000359478_S926,ENSP00000359478,False,-0.08551201408218853,-0.412673417429467,
ENSP00000359478_S930,ENSP00000359478,False,-0.08551201408218853,-0.412673417429467,
ENSP00000359483:map.1/90178743/G:p.D205G:n.A90178743G:c.gAc/gGc_S212,ENSP00000359483:map.1/90178743/G:p.D205G:n.A90178743G:c.gAc/gGc,False,,,0.20301317077449998
ENSP00000359483:map.1/90178743/G:p.D205G:n.A90178743G:c.gAc/gGc_S215,ENSP00000359483:map.1/90178743/G:p.D205G:n.A90178743G:c.gAc/gGc,False,,,0.20301317077449998
ENSP00000442530_S123,ENSP00000442530,False,-0.046444202220074636,,
CUTC_S17,CUTC,False,0.044914833423273355,-0.024424194139358153,
MRGBP_S191,MRGBP,False,0.5481127794726428,0.4652857968687947,0.41883237093741216
MRGBP_S195,MRGBP,False,-0.03857263552269861,0.1399759300411421,0.1407940852523673
NTSR1_S401,NTSR1,False,,0.10571555935847937,0.1976138096910743
PKN2_S583,PKN2,False,-0.736738304520762,-0.8666455295246847,-0.8770496924602955
ENSP00000359612_S138,ENSP00000359612,False,-0.021683547060794582,-0.138422415738046,-0.23550008179479165
RBMX_S88,RBMX,False,0.1957594053267866,0.20806068134905387,0.02737243255822691
RBMX_S323,RBMX,False,-0.2736047083495482,,
RBMX_S326,RBMX,False,0.23054754097627703,0.2962483663697075,-0.07774033517995353
RBMX_S328,RBMX,False,0.3918472664144445,0.4161447064792078,-0.04263014643406237
RBMX_S329,RBMX,False,0.27249168690114844,0.32824778255763876,0.31103803002230457
RBMX_S330,RBMX,False,0.3368059272224291,0.3167041472283777,0.18436263466450709
RBMX_S332,RBMX,False,0.3091738705205956,-0.7273311246516957,0.07713582918928853
RBMX_S352,RBMX,False,0.006352896682272027,-0.06145073318745251,-0.11688696302005949
PI4K2A_S462,PI4K2A,False,-0.3793387217996785,-0.37879289804689464,-0.17807482945528075
PI4K2A_S44,PI4K2A,False,,-0.3227217954475186,-0.35110238917372516
PI4K2A_S47,PI4K2A,False,0.006782529508887576,-0.43286339038493954,-0.1024090096977011
PI4K2A_S51,PI4K2A,False,-0.36113145629821974,-0.34490706437978863,-0.3363476611615426
BAG2_S73,BAG2,False,0.9594734264895474,0.4232903998516432,
CT45A1_S115,CT45A1,False,,-0.05862320909010601,-0.07315040123764995
PABIR2_S58,PABIR2,False,0.09572192227332565,,
MIGA1_S251,MIGA1,False,-0.10683720589809813,-0.29330590340671603,0.5748281235874431
MIGA1_S255,MIGA1,False,-0.10683720589809813,-0.29330590340671603,0.5748281235874431
ZZZ3_S89,ZZZ3,False,,,-1.4058336719490039
ZZZ3_S113,ZZZ3,False,-0.30544960375976876,-0.21982430675526968,
ZZZ3_S130,ZZZ3,False,0.056883569083928914,-0.005945562864701673,-0.005668245390377455
ZZZ3_S131,ZZZ3,False,0.056883569083928914,-0.005945562864701673,-0.005668245390377455
ZZZ3_S135,ZZZ3,False,0.056883569083928914,-0.005945562864701673,-0.005668245390377455
SRSF11_S374,SRSF11,False,0.14516095886804015,0.13797018236861902,0.07348584591127391
SRSF11_S448,SRSF11,False,0.00822136892796582,0.11074228694842612,0.48352465640591225
SRSF11_S366,SRSF11,False,-0.0035008457770632374,0.04844129869244076,-0.37253172375501564
SRSF11_S368,SRSF11,False,-0.0035008457770632374,0.04844129869244076,-0.37253172375501564
SRSF11_S370,SRSF11,False,-0.0035008457770632374,0.04844129869244076,-0.37253172375501564
SRSF11_S207,SRSF11,False,-0.16127207167814206,-0.3293677187287388,-0.2933196218204014
SRSF11_S323,SRSF11,False,-0.032875016018313157,0.0812076317443974,-0.09431721982401148
SRSF11_S433,SRSF11,False,0.14516095886804015,0.13797018236861902,0.07348584591127391
PGAM1_S31,PGAM1,False,-0.15546972316482938,0.24841339205081803,-0.49709915503280183
PGAM1_S14,PGAM1,False,0.16518865972835217,0.13820545152522223,0.10407323477275693
PGAM1_S118,PGAM1,False,-0.034447511884464564,-0.06417088628420037,-0.020122638977454747
ZNF280C_S80,ZNF280C,False,,-0.5298640476868685,
GNG12_S26,GNG12,False,0.10293285471090871,0.12287146908839316,0.12064226001260377
GNG12_S7,GNG12,False,0.0032750639339665655,-0.04289230948631803,0.09018083978663162
SERBP1_S234,SERBP1,False,-0.4303842507922984,-0.4521703797824579,-0.5214641009415725
RRP12_S1080,RRP12,False,-0.44216352429913935,,0.12412499252200046
PPP1R3D_S74,PPP1R3D,False,-0.07384644936950308,-0.016472633620862594,0.16827504477172078
PPP1R3D_S78,PPP1R3D,False,-0.04457325385907105,-0.012948676346533447,-0.05809640769533412
DNAJC6_S620,DNAJC6,False,-1.0739018966637521,-1.4357058180778128,-1.5166769187052684
DNAJC6_S623,DNAJC6,False,-0.7573435464196941,-0.7200174898979337,-0.75732712640072
DNAJC6_S625,DNAJC6,False,-0.6741531017611849,-1.1829622721486328,
DNAJC6_S627,DNAJC6,False,0.35802973049308734,0.4785394720991711,0.10801864786414456
DNAJC6_S6,DNAJC6,False,,,0.573471478500071
PGM1_S117,PGM1,False,-0.6391667870203587,-0.2843264578079981,-0.2911240876761316
EFCAB7_S200,EFCAB7,False,-1.083874995614896,0.0553345017510994,
EFCAB7_S212,EFCAB7,False,-1.083874995614896,0.0553345017510994,
SMARCA1_S112,SMARCA1,False,-1.1487366852181018,-0.12486714720441043,0.15471281378215795
SMARCA1_S116,SMARCA1,False,-0.14293032022200433,-0.1578244627445201,0.15471281378215795
SMARCA1_S119,SMARCA1,False,-0.23197492670774258,-0.14110099222711803,0.005514836935049454
NFIA_S272,NFIA,False,-0.7271881036899239,,
NFIA_S279,NFIA,False,-0.7271881036899239,,
NFIA_S292,NFIA,False,-0.005333390869891954,-0.06931564106380253,-0.12349680514688766
JUN_S63,JUN,True,-0.977326811850685,,-0.19505848954194221
PLPP3_S19,PLPP3,False,-1.0938605915929678,-0.8758384747751388,-0.11379731846112333
TTC4_S51,TTC4,False,-0.16478734573806503,0.030937286278858715,-0.0399331770842406
NKAP_S7,NKAP,False,,-0.13886173906097335,-0.133026206320593
NKAP_S9,NKAP,False,,-0.15049834699747033,-0.07756417909314864
FRA10AC1_S278,FRA10AC1,False,,0.29136780428530784,
FRA10AC1_S283,FRA10AC1,False,,0.4139189771388196,
FRA10AC1_S251,FRA10AC1,False,,-0.4946781326438718,-1.034485351382731
FRA10AC1_S252,FRA10AC1,False,-1.168090339059314,-1.0324181988437378,-1.034485351382731
RNF113A_S84,RNF113A,False,0.1512522825104932,0.12922645001357866,0.1546592490423187
RNF113A_S85,RNF113A,False,0.1512522825104932,0.12922645001357866,0.1546592490423187
RNF113A_S6,RNF113A,False,,-0.2634903695127709,-0.17356212577245075
RNF113A_S253,RNF113A,False,0.1861019104225052,0.17204786996795057,0.36830572781685583
RNF113A_S329,RNF113A,False,0.14038603228305635,0.029629482754075842,
ENSP00000360540:map.10/95262981/G:p.T99A:n.A95262981G:c.Aca/Gca_S425,ENSP00000360540:map.10/95262981/G:p.T99A:n.A95262981G:c.Aca/Gca,False,-0.3135308482734052,-0.2328195439135088,-0.7685430143330857
ENSP00000360540:map.10/95262981/G:p.T99A:n.A95262981G:c.Aca/Gca_S428,ENSP00000360540:map.10/95262981/G:p.T99A:n.A95262981G:c.Aca/Gca,False,-0.09899991488474977,-0.2744529108763831,-0.7685430143330857
ENSP00000360540:map.10/95262981/G:p.T99A:n.A95262981G:c.Aca/Gca_S436,ENSP00000360540:map.10/95262981/G:p.T99A:n.A95262981G:c.Aca/Gca,False,,0.48964568804028696,
DPM1_S7,DPM1,False,-0.13005441841362006,,0.2032638127210805
DPM1_S9,DPM1,False,-0.06771707778082474,0.04074480186847473,-0.004135206953231829
KTI12_S200,KTI12,False,0.7329203821082574,,
PAXX_S152,PAXX,False,-0.3378378405547593,-0.29438909153981413,-0.6225859117363745
PAXX_S148,PAXX,False,-0.9431667960209372,-0.6639998265861409,-0.31900959141802604
PTPN1_S50,PTPN1,False,0.010206942869257081,,
PTPN1_S118,PTPN1,False,0.06066571830814513,0.609882110414935,0.40601709410159903
PTPN1_S378,PTPN1,False,0.332622013759637,0.38318339009349467,0.49733133523027473
INPP5E_S99,INPP5E,False,,0.5627675001856,
ENTR1_S18,ENTR1,False,,,0.8232602282334437
ENTR1_S170,ENTR1,False,0.011961596872830155,0.1433680190004821,0.09436303074104803
ENTR1_S174,ENTR1,False,0.011961596872830155,0.1433680190004821,0.08732376135324914
EPS15_S790,EPS15,False,,0.4130524285485271,-0.5840250535819034
UBAC1_S98,UBAC1,False,-0.19104663327136343,-0.23212454720107706,-0.5240642817092552
ENSP00000360828_S79,ENSP00000360828,False,0.10836969450507697,0.11461923793400963,0.1870075669770331
FAF1_S582,FAF1,False,-0.07364974683719273,-0.02486171691037692,-0.3423417040042769
FAF1_S269,FAF1,False,-0.23141582721359516,-1.478748204630188,-0.022808483348582334
FAF1_S270,FAF1,False,-0.2713567457706129,-1.478748204630188,-0.022808483348582334
STAU1_S390,STAU1,False,0.1309456597319959,0.11060250886746142,0.11562291972516513
SPATA6_S112,SPATA6,False,-0.7847877286518278,-0.5018134011726235,-0.5638594867122154
ARFGEF2_S214,ARFGEF2,False,,-0.15248466278991973,
ARFGEF2_S218,ARFGEF2,False,-0.38314970229612483,-0.18496787332347395,-0.2507658679405685
ARFGEF2_S227,ARFGEF2,False,-0.318602326358082,-0.08175090709371569,-0.026022779725496683
ARFGEF2_S277,ARFGEF2,False,-0.24160672753249438,-0.29121864450759144,-0.3308757886159146
ARFGEF2_S1525,ARFGEF2,False,0.0460309539524259,-0.02841957696886252,0.12341976192349542
ARFGEF2_S1528,ARFGEF2,False,-0.13901355481127545,-0.1107822601900869,-0.05245780954309992
ARFGEF2_S1511,ARFGEF2,False,-0.10629596563902069,0.24956602336751116,0.09995074353321863
ARFGEF2_S1513,ARFGEF2,False,0.013932765513279655,0.11034711791083261,0.12940854654144945
ARFGEF2_S1514,ARFGEF2,False,0.08338358771008282,0.11577664987626635,0.07477942649661334
ARFGEF2_S1520,ARFGEF2,False,,0.07669590183038302,
ARFGEF2_S240,ARFGEF2,False,-0.004715355713699669,0.156904082999709,0.27627916952943493
STAMBPL1_S242,STAMBPL1,False,,0.17576044420828696,
PREX1_S319,PREX1,False,-0.16333731778250588,0.6153589688818952,0.203737724893491
ENSP00000456472_S15,ENSP00000456472,False,0.2658837042871574,-0.4639868987926316,0.11561856070955961
ENSP00000456472_S111,ENSP00000456472,False,,-1.2204867398492718,
ENSP00000429013_S714,ENSP00000429013,False,0.013169617244403504,0.13780366110039233,0.06418242865293881
ENSP00000429013_S718,ENSP00000429013,False,-0.7774703491338327,0.2852246454678596,-0.36150905828954455
ENSP00000457376_S183,ENSP00000457376,False,-0.22838482012487932,0.1220718796006533,
NCOA3_S867,NCOA3,False,,,-1.4523330179153766
NCOA3_S738,NCOA3,False,0.4050120829125923,0.11081740970624117,
NCOA3_S214,NCOA3,False,0.1041274475451525,-0.1748699062181861,-0.2561490095254927
ENSP00000457813_S138,ENSP00000457813,False,0.19278025503956045,0.13309133605286796,0.3188784910505216
ENSP00000457813_S74,ENSP00000457813,False,0.13813963862734,0.12597132388046553,0.350192229821623
TOE1_S5,TOE1,False,-0.07992208746042048,-0.07168219572841115,-0.016249886080158805
GTF3C4_S611,GTF3C4,False,-0.9650518520401203,,-0.23112546445177856
ENSP00000387730:map.9/135470414/C:p.I670V:n.T135470414C:c.Atc/Gtc_S51,ENSP00000387730:map.9/135470414/C:p.I670V:n.T135470414C:c.Atc/Gtc,False,0.045868514756559176,0.1861201836806385,
MAD2L1BP_S102,MAD2L1BP,False,1.5138949467649272,,-0.2921571974808383
KIF2C_S519,KIF2C,False,-0.0013543020737348949,0.2782543050300103,0.36848900064510354
ENSP00000442102_S317,ENSP00000442102,False,0.019921700974640456,-0.13173395784907485,-0.14384027354124274
ENSP00000442102_S318,ENSP00000442102,False,-0.5468525569215432,-0.07102877514552883,0.1621148262365773
ZCCHC24_S93,ZCCHC24,False,0.21510027748884053,0.40315071918341383,0.24618572504367137
ZCCHC24_S97,ZCCHC24,False,0.18472635393813164,0.4219131685101485,0.33692157178674853
ZCCHC24_S65,ZCCHC24,False,-0.5346002082760535,-0.7214670121986194,-0.5283564085078605
ABL1_S588,ABL1,False,,0.046281503211910255,
ABL1_S16,ABL1,False,-1.2802295228995528,1.1663298179206314,0.36053283865776137
EXOSC2_S124,EXOSC2,False,-0.04237009718729378,0.0404015152842066,-0.2782999477028927
ENSP00000361464_S914,ENSP00000361464,False,0.26668982239992906,0.13749075936281935,0.19364853792796266
ENSP00000361464_S295,ENSP00000361464,False,-0.004779345957407648,0.21225878934457457,-0.28047047401454406
ENSP00000361464_S923,ENSP00000361464,False,,-0.28086037780067463,-0.04692473923510204
ENSP00000361464_S264,ENSP00000361464,False,0.1409666495036307,1.1802567134621853,0.3562565163728182
PCIF1_S116,PCIF1,False,-0.20280436154989698,-0.1469020183039695,-0.20849470242830084
C9orf78_S15,C9orf78,False,0.15085072811215575,0.134864785965923,0.12403222524779764
C9orf78_S17,C9orf78,False,0.15085072811215575,0.134864785965923,0.12403222524779764
C9orf78_S261,C9orf78,False,0.0052192395717669355,-0.026516297772307396,-0.5805092396307775
ZNF691_S3,ZNF691,False,-0.12889098779555327,0.087234477908274,0.001874285531350833
ZNF691_S8,ZNF691,False,-0.12889098779555327,0.087234477908274,0.001874285531350833
YBX1_S174,YBX1,False,0.07776223711871637,0.06872421263782269,0.09607569621104019
YBX1_S176,YBX1,False,0.09796870571637022,0.15869033975482796,0.263778583260094
YBX1_S165,YBX1,False,0.14200114632947752,0.18917866167422273,0.19306279068179943
YBX1_S167,YBX1,False,0.18180225515894124,0.17361078126791277,0.22945896048126088
VDAC2_S115,VDAC2,False,0.1248110654688697,0.12257989700740465,0.30195885321721183
NUP188_S1709,NUP188,False,-0.2442401018683816,-0.2351817646608869,-0.30725244498020654
NUP188_S1717,NUP188,False,-0.4461038988898389,-0.46781784431201556,-0.35042869995845255
NUP188_S1523,NUP188,False,,-1.0656420243022704,
ENSP00000361704_S571,ENSP00000361704,False,0.04590039891979619,0.0010989865488001092,0.05785780115603062
ENSP00000361704_S573,ENSP00000361704,False,0.03992477642408095,0.04255682972525765,0.0774817051921585
ENSP00000361704_S574,ENSP00000361704,False,0.04807657652066163,-0.16203249319283114,-0.08251698511580659
ENSP00000361704_S575,ENSP00000361704,False,-0.21176317252991686,-0.07116884300898596,0.01036611915827712
ENSP00000361704_S578,ENSP00000361704,False,0.028983751577316506,-0.2696374767455309,0.10661632898778424
ENSP00000361704_S562,ENSP00000361704,False,1.00417776078911,0.8309854124830756,0.9687911878835912
TBC1D13_S184,TBC1D13,False,-0.0540402032593385,-0.009681642683819333,0.02282793919264583
ENSP00000361775_S13,ENSP00000361775,False,-1.9125758313808852,-1.4762975448327635,
ENSP00000361775_S15,ENSP00000361775,False,-1.9125758313808852,-1.4762975448327635,
SET_S7,SET,False,0.20211119086236776,0.16065416203026373,0.6092531442642964
SMAP2_S186,SMAP2,False,,-0.13238815049885905,
SMAP2_S189,SMAP2,False,0.5844815222066533,-0.07799128262915235,0.06440585463365663
SPTAN1_S1186,SPTAN1,False,0.5091798579166436,0.2835662389651465,0.4734232702791968
SPTAN1_S1190,SPTAN1,False,0.02700797940361521,0.09396058360927757,0.04110236458956806
SPTAN1_S1217,SPTAN1,False,0.13509122956556785,0.1848250773458879,0.113988399954604
RLF_S634,RLF,False,-0.05029326110486701,0.21163525332714944,
STK4_S40,STK4,False,,0.08637616759693734,0.3458851995864979
STK4_S43,STK4,False,,0.08637616759693734,0.3458851995864979
TOMM34_S186,TOMM34,False,0.009577000318245857,0.0694964977395273,0.002974818137429447
TRERF1_S778,TRERF1,False,-0.5454239987130941,,-0.3447031322454075
ENSP00000377232_S737,ENSP00000377232,False,-0.08881256153838651,-0.09251485857974313,0.048418514938226166
ENSP00000377232_S249,ENSP00000377232,False,0.14665522211946516,0.18840092460321,
CSTF2_S524,CSTF2,False,-0.23924253463590714,0.1399126838536095,
AKIRIN1_S22,AKIRIN1,False,-0.6732539969728489,-0.4904765677106863,-0.7040184300670771
RRAGC_S2,RRAGC,False,-0.33112769989204455,-0.14023713527217344,-0.046594928572691575
RRAGC_S15,RRAGC,False,-0.33112769989204455,-0.14023713527217344,-0.046594928572691575
MTF1_S5,MTF1,False,0.22775039746492018,-0.11795640887029009,0.10510055741740607
YRDC_S37,YRDC,False,-0.21065786333453707,-0.16466325685472125,-0.18056011827264118
MAP7D1_S720,MAP7D1,False,-0.1750784505539252,-0.19262859009328762,-0.1945054634397298
MAP7D1_S709,MAP7D1,False,-0.20235300811409668,-0.0512945048483661,-0.23604729597834417
MAP7D1_S512,MAP7D1,False,-0.2761375497380494,-0.21139601304094477,-0.09467991110662922
MAP7D1_S516,MAP7D1,False,-0.2761375497380494,-0.13801700516770035,-0.09467991110662922
MAP7D1_S520,MAP7D1,False,-0.2037264593525322,-0.21522378172045017,-0.002122321999234468
MAP7D1_S428,MAP7D1,False,0.23656008636478953,-0.05074920217884976,0.23622097724601523
MAP7D1_S70,MAP7D1,False,,-0.4727094225144076,
MAP7D1_S410,MAP7D1,False,0.46226176929634905,-0.04954651679431586,-0.08473152125696883
MAP7D1_S414,MAP7D1,False,0.46226176929634905,-0.17744115039909483,0.5009564387158553
MAP7D1_S113,MAP7D1,False,-0.22480956664365834,-0.3351289900274588,-0.6569334530882633
MAP7D1_S116,MAP7D1,False,-0.21150911537700742,-0.20980611727883694,-0.397542664429837
MAP7D1_S125,MAP7D1,False,-0.009270500597334036,-0.14259960337896346,-0.3989043550473263
MAP7D1_S93,MAP7D1,False,-0.03507744143181303,-0.0077509733576579904,0.07436842178155338
CHD6_S1839,CHD6,False,,,0.2715451984856866
CHD6_S1852,CHD6,False,,,0.5067034868006567
CDK9_S347,CDK9,False,,,-0.02908746134935587
CFAP157_S409,CFAP157,False,4.736983627741508,,
CFAP157_S410,CFAP157,False,4.736983627741508,,
STXBP1_S594,STXBP1,False,-0.12550989758133282,0.03376679727024764,-0.006844492540584242
NIBAN2_S679,NIBAN2,False,0.010476753658735447,0.06648255070820495,-0.18163214300887517
NIBAN2_S683,NIBAN2,False,-0.5286923417122019,-0.417573945503052,-0.49971805670899105
NIBAN2_S652,NIBAN2,False,-0.4653691086578286,-0.43196771621306523,-0.4306862749862308
NIBAN2_S668,NIBAN2,False,-0.4073393162518637,-0.32654859162353433,-0.24094881963705228
NIBAN2_S611,NIBAN2,False,-0.5144996020788428,-0.3227308195666562,-0.9712328444249888
NIBAN2_S625,NIBAN2,False,-0.6296439458111418,-0.10894944040580362,-0.1764968640869871
NIBAN2_S628,NIBAN2,False,-0.33038102145292964,-0.25076237252114725,-0.2649116894435714
NIBAN2_S633,NIBAN2,False,-0.3291100058177341,-0.24908907921805087,-0.26218669745169393
ENSP00000472461_S203,ENSP00000472461,False,-0.0878390913371665,-0.05106088019859534,-0.519403975099191
ENSP00000472461_S2,ENSP00000472461,False,,0.323312417757903,
IFT54_S410,IFT54,False,0.21338506641753588,-0.030354600129972535,0.30497823580396105
ENSP00000468915_S1954,ENSP00000468915,False,-0.017565967787237957,-0.08896041435571288,0.0347787353009096
ENSP00000468915_S1958,ENSP00000468915,False,-0.025293642320652548,-0.013633791448314447,0.0038563142788129758
ENSP00000468915_S811,ENSP00000468915,False,0.08211667321296896,0.18800007282820022,0.03430279591852682
ENSP00000468915_S812,ENSP00000468915,False,0.08211667321296896,0.18800007282820022,0.03430279591852682
ENSP00000468915_S1310,ENSP00000468915,False,0.04156258694208337,0.06800771768604826,0.04298939188437947
ENSP00000468915_S1314,ENSP00000468915,False,0.036918050078420334,0.06800771768604826,0.04298939188437947
ENSP00000468915_S1023,ENSP00000468915,False,0.06359565322035486,0.03572711579900981,-0.022810669710865858
ENSP00000468915_S556,ENSP00000468915,False,0.3322463159855471,0.21206973387626368,0.18886039373056318
ENSP00000468915_S560,ENSP00000468915,False,-0.0869839352092815,-0.15265304525732437,0.04877605437789221
ENSP00000468915_S666,ENSP00000468915,False,-0.26631899204575354,-0.37867301072964216,-0.42590786804346853
ENSP00000468915_S691,ENSP00000468915,False,-0.23968033455733748,-0.14988288020396745,0.04522912564298761
ENSP00000468915_S693,ENSP00000468915,False,-0.054581405495834706,-0.048257038188797986,0.050084655157124874
ENSP00000468915_S781,ENSP00000468915,False,0.09112433366116472,0.18867033115353307,0.10744470881306284
ENSP00000469946_S197,ENSP00000469946,False,0.4678662976615986,0.9091447173727701,0.9287318242970011
RPRD1B_S134,RPRD1B,False,0.35487904377906504,0.21719700679426357,-0.2832668560510963
RPRD1B_S166,RPRD1B,False,-0.10824930585923093,0.004727988596607583,0.05408577950825377
NHSL3_S858,NHSL3,False,,,-0.8763073201721693
NHSL3_S862,NHSL3,False,,,-0.8763073201721693
NHSL3_S545,NHSL3,False,,-0.05403786172042313,-0.39471428649437706
MARCKSL1_S36,MARCKSL1,False,0.29274941675199456,0.13550995493411014,0.09254276938686433
MARCKSL1_S93,MARCKSL1,False,0.17667900485270907,0.0758601989302401,0.3093048570944889
MARCKSL1_S22,MARCKSL1,False,0.06277794043450237,0.07086090002286896,0.08324821242740175
MARCKSL1_S101,MARCKSL1,False,0.3496440515559834,0.1520600666778405,1.2604918011324222
MARCKSL1_S104,MARCKSL1,False,0.12009357366235464,0.2655209823577284,0.2715531248287898
HDAC1_S421,HDAC1,False,-0.009684059241433745,0.3803969919884493,-0.8204125175788127
HDAC1_S423,HDAC1,False,-0.009684059241433745,0.3803969919884493,-0.8204125175788127
HDAC1_S393,HDAC1,False,-0.23010242850718463,-0.19433717876408765,-0.19117908864777025
GIGYF2_S19,GIGYF2,False,,,-1.027120951213223
GIGYF2_S26,GIGYF2,False,-1.055966324175749,-0.8896364360524656,-0.893127581572905
GIGYF2_S30,GIGYF2,False,-1.4329327685860311,-1.2635079598405452,-1.0806281296520472
GIGYF2_S242,GIGYF2,False,-4.990993617739336,-5.104094736586564,-3.6623954685804967
GIGYF2_S201,GIGYF2,False,,,-0.8813479103895686
GIGYF2_S160,GIGYF2,False,-0.6094213071405282,-0.7554935484516726,-0.8092158707498398
GIGYF2_S236,GIGYF2,False,0.061390115108351115,-0.20844768669990466,-0.6787736529704996
DDX50_S41,DDX50,False,0.1499110680487791,-0.18626221113763133,0.4927682959750515
DDX50_S45,DDX50,False,0.1499110680487791,-0.18626221113763133,0.0439043942956211
CCDC28B_S46,CCDC28B,False,,-0.08762605535881211,
TXLNA_S515,TXLNA,False,-0.4189223601760441,-0.44573233649196053,-0.5069397885240904
DENND1A_S520,DENND1A,False,-1.1724669016730764,-1.1343853344785577,-1.4162343080090136
DENND1A_S523,DENND1A,False,-1.2992564165359888,-1.1343853344785577,-1.4162343080090136
DENND1A_S592,DENND1A,False,-0.0433556457192207,-0.07280869352781547,-0.0006027478926597376
DENND1A_S536,DENND1A,False,0.006908369342177494,-0.7879661295422109,
DENND1A_S538,DENND1A,False,0.006908369342177494,,-0.43580721075475454
DENND1A_S546,DENND1A,False,0.006908369342177494,-0.5837180102415915,-0.43580721075475454
KPNA6_S6,KPNA6,False,0.3067925299670153,0.20251195777828573,0.57187610631343
TET1_S1215,TET1,False,,,0.6744606515602588
RBL1_S640,RBL1,False,-0.24871676769963325,-0.1431086105837013,-0.22410506788018064
RBL1_S1037,RBL1,False,0.13171868931930727,0.1004827345672722,0.012718647417294643
RBL1_S1041,RBL1,False,0.13171868931930727,0.1004827345672722,0.012718647417294643
RBL1_S749,RBL1,False,-0.14138312588979143,-0.34069080783560673,-0.06017241590168064
RBL1_S762,RBL1,False,-0.23700159992403447,-0.03235636487142617,-0.06017241590168064
SRSF3_S138,SRSF3,False,0.1650439866365028,0.07350015617227618,0.16831879015235454
SRSF3_S140,SRSF3,False,0.1650439866365028,0.07350015617227618,0.16831879015235454
SRSF3_S152,SRSF3,False,,,-0.004971426705531834
SRSF3_S108,SRSF3,False,0.19570110278762698,0.20233294194537446,0.3186870815259251
DSN1_S58,DSN1,False,0.168565106000629,0.018418225441915362,0.0006814315161950782
DSN1_S77,DSN1,False,0.26655135924249473,0.5570914439986953,0.11450029316519267
DSN1_S81,DSN1,False,0.07135115721627588,0.0895480392835797,0.05518409264563908
DSN1_S28,DSN1,False,0.04115001130784069,0.06868686636795789,0.08178944833107532
DSN1_S30,DSN1,False,-0.012189300938404484,0.04575618956783715,0.0974641684916168
SRSF4_S431,SRSF4,False,0.16414264884830632,-0.16012205374089353,0.1516795271811174
YTHDF2_S394,YTHDF2,False,0.08503693286403362,0.1976138096910743,0.31521841136578993
YTHDF2_S359,YTHDF2,False,,0.09071795976779981,
YTHDF2_S2,YTHDF2,False,0.19130454503795696,-0.10955919040936311,0.2868363975376799
YTHDF2_S5,YTHDF2,False,-0.08430319487120266,0.27977382508688614,0.11603634019940291
RCC1_S11,RCC1,False,-0.09633372187269433,-0.08443984362240176,-0.07370988076566364
PHACTR4_S628,PHACTR4,False,0.23605402937599276,0.29004525956814603,0.21785543029099377
PHACTR4_S291,PHACTR4,False,-0.7969283433951875,-0.2201946583767058,
PHACTR4_S590,PHACTR4,False,0.32986987231765924,0.240463684362507,
PHACTR4_S344,PHACTR4,False,-0.9880176299146127,-0.5153503619822611,-0.6118023978372952
PHACTR4_S118,PHACTR4,False,0.032678307430970444,-0.07015592910979353,-0.12113619026496597
PHACTR4_S131,PHACTR4,False,0.2364748359299193,0.31059246651064654,0.6483220403830877
EYA3_S392,EYA3,False,,0.15042969819420524,
TGIF2-RAB5IF_S2,TGIF2-RAB5IF,False,0.07096042208462047,-0.02435618161293511,0.1247251523988885
TGIF2-RAB5IF_S4,TGIF2-RAB5IF,False,0.07096042208462047,-0.02435618161293511,0.1247251523988885
TRAF1_S66,TRAF1,False,-0.3114702370147008,-0.12957662955471658,-0.25869842207901445
RPA2_S238,RPA2,False,0.920034380358182,-0.31881273986402786,
STX12_S139,STX12,False,-0.0009403544545770609,-0.13791409820246678,-0.07499574185292983
STX12_S142,STX12,False,0.07090344292846666,-0.2983914112487037,0.04212548755346978
TRIM32_S335,TRIM32,False,0.11104043684737841,0.11669664431315298,0.2590170459612624
TRIM32_S339,TRIM32,False,0.11104043684737841,0.11669664431315298,0.2590170459612624
PHF20_S878,PHF20,False,,0.16812852957694888,
PHF20_S880,PHF20,False,,0.16812852957694888,
PHF20_S488,PHF20,False,-0.4817065893375557,-0.25947752556585996,-0.20596266330055546
ILRUN_S141,ILRUN,False,-0.008223636197527844,0.08558211216808033,0.08585176215398196
RPS6KA1_S369,RPS6KA1,True,-1.5010485027631186,-1.38696062212316,-1.1115712853799264
RPS6KA1_S352,RPS6KA1,True,-3.0688571093204966,-3.4778443674140465,-2.7363422546581067
RPS6KA1_S358,RPS6KA1,True,-3.161014263803436,-3.3713138320833593,-2.705655384671461
CDC26_S42,CDC26,False,0.16293322558041645,0.17280646648103967,0.08363104036484205
SNX30_S40,SNX30,False,0.2432484498208139,0.611077928831762,
MTFR1L_S226,MTFR1L,False,0.30954258697522435,0.28620292522210095,0.2026328989298127
MTFR1L_S103,MTFR1L,False,0.41683719148299336,0.8814261649956441,0.40986581195039584
MTFR1L_S249,MTFR1L,False,0.3642362311739968,0.6058735663028463,
ITPR3_S1832,ITPR3,False,0.6550770033824843,0.1258686340885114,-0.22935304286683852
ITPR3_S916,ITPR3,False,0.23627914206913458,-0.14668499890886844,0.2531421525641866
ENSP00000462907_S539,ENSP00000462907,False,0.3033008052890626,0.19571678774844511,0.17982905105957292
ENSP00000462907_S544,ENSP00000462907,False,0.34482849699744117,,
SRRM1_S750,SRRM1,False,-0.15581481688753843,-0.15853584811765842,-0.20375430495792685
SRRM1_S752,SRRM1,False,0.0280396624601017,-0.06567229380202626,-0.08531100975117467
SRRM1_S755,SRRM1,False,-0.21516918295130738,-0.17745120157744876,-0.3001721439130368
SRRM1_S706,SRRM1,False,-0.15222786471387106,-0.1884068589539549,-0.2500296603502578
SRRM1_S707,SRRM1,False,-0.2660239690488652,-0.24197920266426384,-0.34006219829022954
SRRM1_S708,SRRM1,False,-0.20328384510823497,-0.16065168223642157,-0.17787154404788594
SRRM1_S10,SRRM1,False,0.16205521328979217,0.26490097345703195,0.4167513395043348
SRRM1_S402,SRRM1,False,0.17674456351243625,-0.4343785989010462,-0.4137851703100183
SRRM1_S695,SRRM1,False,,-0.07674024228516947,-0.33556244126848833
SRRM1_S697,SRRM1,False,,-0.21796400388037104,-0.33556244126848833
SRRM1_S886,SRRM1,False,0.09349202738171468,0.13019603413928596,-0.008824445862622578
SRRM1_S781,SRRM1,False,-0.4645248378301783,-0.5045100971782904,-0.5882135803383872
SRRM1_S787,SRRM1,False,-0.40027878570691017,-0.46495366710017266,-0.5235579230830738
SRRM1_S793,SRRM1,False,-0.4237585112802496,-0.5043003949142539,-0.5271721214674231
SRRM1_S424,SRRM1,False,0.2234983514409733,0.107579997858175,-0.09047364808020794
SRRM1_S426,SRRM1,False,0.15908218148352402,0.05073463062578604,0.3339420756945641
SRRM1_S461,SRRM1,False,0.20269303569486874,0.20168714135201174,0.060851778147658596
SRRM1_S463,SRRM1,False,0.18844240431133033,0.03300004810306122,0.33631743215083004
SRRM1_S389,SRRM1,False,-0.10694300427951843,-0.11428727105988994,-0.01277731551269558
SRRM1_S391,SRRM1,False,-0.1600273055038439,-0.10833151836793592,1.5220875643683374
SRRM1_S393,SRRM1,False,-0.09890567080112889,-0.1173988897144409,-0.01100635744323039
SRRM1_S725,SRRM1,False,-0.1489767354703344,-0.19693712306943634,-0.33684537291082406
SRRM1_S727,SRRM1,False,-0.11128364296280101,-0.13079181663502662,-0.3545782304997064
SRRM1_S638,SRRM1,False,-0.053258991288993786,-0.1903056877253718,-0.10747224600364895
SRRM1_S640,SRRM1,False,-0.053258991288993786,-0.1903056877253718,-0.10747224600364895
SRRM1_S448,SRRM1,False,-0.1970983345341395,-0.4492090953384536,-0.801961396168791
SRRM1_S450,SRRM1,False,-0.1970983345341395,-0.15324671248501828,-0.7664280709936727
SRRM1_S665,SRRM1,False,0.6948295486209453,-0.2884799938352667,0.2539798570654164
SRRM1_S667,SRRM1,False,,,-0.10642033342541504
SRRM1_S670,SRRM1,False,0.6906405786156934,,
SRRM1_S572,SRRM1,False,-0.3265994537242453,-0.3174638039994226,-0.4420082646819463
SRRM1_S574,SRRM1,False,-0.3265994537242453,-0.3174638039994226,-0.4420082646819463
SRRM1_S561,SRRM1,False,-0.2497093077735757,-0.21286407891949,-0.3278891672668796
SRRM1_S563,SRRM1,False,-0.2497093077735757,-0.21286407891949,-0.3278891672668796
SRRM1_S628,SRRM1,False,-0.41275482208391373,-0.40826628026349976,-0.32534804654041316
SRRM1_S595,SRRM1,False,-0.2846781835415968,-0.2913596935016915,-0.2783703349499994
SRRM1_S648,SRRM1,False,,-0.020252660181906704,-0.054661984648348275
SRRM1_S650,SRRM1,False,,-0.020252660181906704,-0.04911677576249364
SRRM1_S737,SRRM1,False,-0.014131563645296677,-0.13512647896274113,-0.16490055854366362
SRRM1_S760,SRRM1,False,-0.20012046899669853,-0.04641442896930279,-0.2135566928415813
SRRM1_S764,SRRM1,False,0.1881971399479321,-0.09354691657734086,-0.14717994003474932
SRRM1_S766,SRRM1,False,-0.32634833915586636,-0.15618902427181602,0.20512494459883857
SRRM1_S768,SRRM1,False,-0.0366014922766825,-0.0753131468176695,0.2407879934005593
SRRM1_S550,SRRM1,False,-0.18304702024857397,-0.3432150700895467,0.2711023995960633
SRRM1_S609,SRRM1,False,0.057794006755683386,0.017349014095367325,-0.031238364410594938
SRRM1_S617,SRRM1,False,-0.15494396968960492,-0.051198907981893575,-0.15966637083929125
SRRM1_S619,SRRM1,False,-0.15494396968960492,-0.14057220590127825,-0.15966637083929125
SRRM1_S260,SRRM1,False,-0.3032679262755346,-0.3620857810987863,-0.4179471941205783
KIF4A_S810,KIF4A,False,0.06784262577689529,0.13376871383314812,-0.04630858809558666
KIF4A_S394,KIF4A,False,-0.0870350501523706,-0.04712449299753932,-0.0664959679983667
KIF4A_S951,KIF4A,False,-0.8914822339969558,-0.8790641982022664,
KIF4A_S801,KIF4A,False,-0.8087911182494422,-0.8103456155032408,-2.46398745007343
EIF6_S243,EIF6,False,,,0.2325379690085176
PTPN3_S294,PTPN3,False,0.10218779322361488,0.10956115195305141,0.19981030429095667
PTPN3_S263,PTPN3,False,-3.048032606372613,-1.2286223923356832,-3.059372221375096
PTPN3_S264,PTPN3,False,-3.048032606372613,-3.4465025706015497,-3.059372221375096
PTPN3_S226,PTPN3,False,-1.7321118933881483,-1.0756832588842826,-1.6902508096580617
PTPN3_S228,PTPN3,False,0.10851695550744263,-0.5673312432713208,-0.7586545557533103
PTPN3_S236,PTPN3,False,1.3555237689783648,,
PTPN3_S241,PTPN3,False,,0.298892881054161,
PTPN3_S250,PTPN3,False,-2.276205559152762,0.298892881054161,
ENSP00000363779:map.9/111660851/T:p.G765E:n.C111660851T:c.gGa/gAa_S471,ENSP00000363779:map.9/111660851/T:p.G765E:n.C111660851T:c.gGa/gAa,False,,0.324256332085613,0.4155423541986969
RING1_S248,RING1,False,-0.4129230967353234,,0.2789363146792305
RING1_S254,RING1,False,-0.4129230967353234,-0.07339325874868356,0.2789363146792305
SLC39A7_S275,SLC39A7,False,-0.2203620552013328,0.0031614798876914707,-0.4022388103131551
SLC39A7_S276,SLC39A7,False,-0.2203620552013328,0.0031614798876914707,-0.4022388103131551
CCNY_S21,CCNY,False,-0.28257910393734886,-0.4674470358851437,
CCNY_S326,CCNY,False,-0.1689458528254633,-0.09266635525784454,-0.14607863198882934
CCNY_S83,CCNY,False,,-0.011251470748927109,0.4843959625026663
ENSP00000363901_S249,ENSP00000363901,False,,0.11009592910342043,
LAS1L_S543,LAS1L,False,0.07888195372560187,0.12234053204491628,0.053667449038825296
ENSP00000448429_S298,ENSP00000448429,False,-0.3432488309835659,-0.2759923502601372,-0.44416006554461096
ENSP00000448429_S301,ENSP00000448429,False,-0.3432488309835659,-0.2759923502601372,-0.47531778427447013
ZNF189_S3,ZNF189,False,,,-0.26236515059003335
ZNF189_S5,ZNF189,False,,,-0.26236515059003335
PAGE2_S9,PAGE2,False,-0.09279150446201302,-0.4254536114845416,-0.09643632317840271
PAGE2_S11,PAGE2,False,0.16921410210452348,0.1736323607080493,0.08137357611944221
PAGE2_S12,PAGE2,False,0.14647760775840732,0.13358135390334916,0.0373413130761366
EIF2S2_S105,EIF2S2,False,0.35529091453333134,-0.05906404917943036,-0.0715576657527485
EIF2S2_S67,EIF2S2,False,0.5378427213213803,0.28853575029380213,0.10017031975697704
EIF2S2_S2,EIF2S2,False,0.04233604630024692,0.06642269764739275,0.07274612610200837
EIF2S2_S13,EIF2S2,False,0.44849595602717673,0.650225077804872,0.49567723847023437
NOTCH4_S125,NOTCH4,False,,-0.03620038155747254,-0.14638790856885936
NOTCH4_S128,NOTCH4,False,,-0.03620038155747254,-0.14638790856885936
GPSM3_S56,GPSM3,False,0.147451987986701,-0.027277941046161585,
PBX2_S151,PBX2,False,0.42244831223346446,0.2622629116150441,
PBX2_S395,PBX2,False,-0.2677392741388086,,
PBX2_S330,PBX2,False,0.278306467688291,0.14765891192503025,0.07764620980491907
OTUD3_S224,OTUD3,False,0.6874800116132713,,0.294194309759318
FGD1_S715,FGD1,False,-0.7755151280156036,-0.4952067487670243,
FGD1_S116,FGD1,False,,-0.8526411957934913,
NCBP1_S22,NCBP1,False,-0.4544299654615764,-0.6990040846045327,-0.6133240331660316
H2AX_S140,H2AX,False,0.3125490098608487,,0.36412414672062193
TBXA2R_S331,TBXA2R,False,,,-0.3681041409461956
MAP3K20_S687,MAP3K20,False,0.4891622115590562,0.5576528453795386,0.6300326338937671
MAP3K20_S781,MAP3K20,False,,,0.5206485358833348
MAP3K20_S593,MAP3K20,False,0.6509463290160221,0.5789064561115028,0.5670056746282527
MAP3K20_S637,MAP3K20,False,-0.10351665021484606,0.06477268819891052,-0.038887386851397095
MAP3K20_S727,MAP3K20,False,,0.4864100898879693,0.09819414714875127
MAP3K20_S733,MAP3K20,False,,0.4552981834135693,0.09819414714875127
ENSP00000364374:map.1/19413261/A:p.M4843L:n.T19413261A:c.Atg/Ttg_S178,ENSP00000364374:map.1/19413261/A:p.M4843L:n.T19413261A:c.Atg/Ttg,False,-0.2602172082150182,-0.24690726715936684,
ENSP00000364374:map.1/19413261/A:p.M4843L:n.T19413261A:c.Atg/Ttg_S181,ENSP00000364374:map.1/19413261/A:p.M4843L:n.T19413261A:c.Atg/Ttg,False,-0.2602172082150182,-0.24690726715936684,
ENSP00000364374:map.1/19413261/A:p.M4843L:n.T19413261A:c.Atg/Ttg_S2730,ENSP00000364374:map.1/19413261/A:p.M4843L:n.T19413261A:c.Atg/Ttg,False,-0.169146924205736,-0.39516689464391314,-0.03986888381752982
ENSP00000364374:map.1/19413261/A:p.M4843L:n.T19413261A:c.Atg/Ttg_S362,ENSP00000364374:map.1/19413261/A:p.M4843L:n.T19413261A:c.Atg/Ttg,False,-0.5288022493639333,-0.49987197458504506,-0.4839957376477951
HABP4_S108,HABP4,False,,0.03359677462400751,
SIK3_S974,SIK3,False,-0.217910205237801,-0.13737843790294038,
SIK3_S731,SIK3,False,,-0.1941939871407752,
SIK3_S866,SIK3,False,0.07840625959384721,0.19871860078236114,0.2512122750816682
SIK3_S551,SIK3,False,-0.04254594896171292,0.21286869597514702,0.23057194190465205
SIK3_S626,SIK3,False,0.13516178799421763,0.15747441521469874,-0.05768175002576317
TFDP1_S23,TFDP1,False,-0.059398305540638525,0.02428603403868394,0.09143623191020445
SKIC2_S256,SKIC2,False,-0.13050132244611748,-0.12999478503368495,-0.1264944260557303
SVIL_S261,SVIL,False,-0.41687853265669367,-0.20888453270043225,-0.2768605574364424
SVIL_S263,SVIL,False,-0.4620071209727125,-0.48458271263538116,-0.5894161422280185
SVIL_S270.1,SVIL,False,0.02496384041312057,0.1390146680742301,0.4478538305464209
NELFE_S115,NELFE,False,-0.14276649761660637,-0.45589725540480464,-0.43365490851917615
CUL4A_S10,CUL4A,False,0.46124816014607734,-0.078883180380477,-0.16661798755937973
ENSP00000469414_S16,ENSP00000469414,False,-0.9939282979422006,-0.9434408495368318,
ENSP00000469414_S20,ENSP00000469414,False,-1.080392953091645,-1.0826828245435778,
RBM7_S136,RBM7,False,-0.4920582441158721,-0.7513931995243732,-0.8939465484424379
RBM7_S137,RBM7,False,,-0.24884481804071162,0.15302704346482343
BICD2_S568,BICD2,False,0.05802474868757518,0.06396670372478526,0.13172117115592868
BICD2_S574,BICD2,False,0.09211679707441006,0.0010440193441122701,0.008486888965491164
BICD2_S582,BICD2,False,0.07405037347709546,0.0343281813005116,-0.08344229418258199
BICD2_S823,BICD2,False,,-0.17930024479129944,-0.14352456778667314
EHMT2_S140,EHMT2,False,0.07491640205246167,0.3985692755949833,
EHMT2_S246,EHMT2,False,0.6140268150060643,0.5335633482145119,0.3303141014084688
CROCC_S1451,CROCC,False,-0.31603497400145764,-0.15738314408143156,-0.2969170240310086
CROCC_S1460,CROCC,False,-0.31603497400145764,-0.15738314408143156,-0.2969170240310086
CROCC_S494,CROCC,False,-0.16413382319354194,-0.08531716254580063,-0.3513995232076709
FBXO42_S206,FBXO42,False,0.49888371271759213,1.3019903067490721,1.4009204116541123
IARS1_S1047,IARS1,False,-0.462365416873238,-0.43519701500067987,-0.6482504978674785
ZBTB17_S120,ZBTB17,False,1.0960594026933281,0.4448455667984673,
ENSP00000364912:map.1/16256007/C:p.L1091P:n.T16256007C:c.cTa/cCa_S1380,ENSP00000364912:map.1/16256007/C:p.L1091P:n.T16256007C:c.cTa/cCa,False,,0.21983452388537061,
ENSP00000364912:map.1/16256007/C:p.L1091P:n.T16256007C:c.cTa/cCa_S1382,ENSP00000364912:map.1/16256007/C:p.L1091P:n.T16256007C:c.cTa/cCa,False,,0.21983452388537061,
ENSP00000364912:map.1/16256007/C:p.L1091P:n.T16256007C:c.cTa/cCa_S2120,ENSP00000364912:map.1/16256007/C:p.L1091P:n.T16256007C:c.cTa/cCa,False,0.07572445357385377,0.0018312082216582742,0.027921026901797524
ENSP00000364912:map.1/16256007/C:p.L1091P:n.T16256007C:c.cTa/cCa_S2126,ENSP00000364912:map.1/16256007/C:p.L1091P:n.T16256007C:c.cTa/cCa,False,0.040708650903666814,-0.020310002876541812,0.056643389529968426
ENSP00000364912:map.1/16256007/C:p.L1091P:n.T16256007C:c.cTa/cCa_S1194,ENSP00000364912:map.1/16256007/C:p.L1091P:n.T16256007C:c.cTa/cCa,False,-0.09524203631591835,0.14531109585018998,0.09031147137603657
ENSP00000364912:map.1/16256007/C:p.L1091P:n.T16256007C:c.cTa/cCa_S1268,ENSP00000364912:map.1/16256007/C:p.L1091P:n.T16256007C:c.cTa/cCa,False,-0.4224135366181587,-0.3264749709044186,-0.5085333400353664
ENSP00000364912:map.1/16256007/C:p.L1091P:n.T16256007C:c.cTa/cCa_S1278,ENSP00000364912:map.1/16256007/C:p.L1091P:n.T16256007C:c.cTa/cCa,False,0.1547488457910761,-0.2667559424883637,-0.44290319568439296
ENSP00000364912:map.1/16256007/C:p.L1091P:n.T16256007C:c.cTa/cCa_S1006,ENSP00000364912:map.1/16256007/C:p.L1091P:n.T16256007C:c.cTa/cCa,False,0.02980094269695223,-0.025024377385470704,
ENSP00000364912:map.1/16256007/C:p.L1091P:n.T16256007C:c.cTa/cCa_S1283,ENSP00000364912:map.1/16256007/C:p.L1091P:n.T16256007C:c.cTa/cCa,False,0.4608997971875319,0.43855793768680906,0.14020143768326288
ENSP00000364912:map.1/16256007/C:p.L1091P:n.T16256007C:c.cTa/cCa_S1287,ENSP00000364912:map.1/16256007/C:p.L1091P:n.T16256007C:c.cTa/cCa,False,0.3712520447331791,0.3389086521627263,0.023475054423768474
ENSP00000364912:map.1/16256007/C:p.L1091P:n.T16256007C:c.cTa/cCa_S2101,ENSP00000364912:map.1/16256007/C:p.L1091P:n.T16256007C:c.cTa/cCa,False,0.1258551598908627,0.10795707413104245,-0.046271506358665185
ENSP00000364912:map.1/16256007/C:p.L1091P:n.T16256007C:c.cTa/cCa_S725,ENSP00000364912:map.1/16256007/C:p.L1091P:n.T16256007C:c.cTa/cCa,False,0.042020237786592335,-0.008174325733765073,-0.28793167667739616
ENSP00000364912:map.1/16256007/C:p.L1091P:n.T16256007C:c.cTa/cCa_S727,ENSP00000364912:map.1/16256007/C:p.L1091P:n.T16256007C:c.cTa/cCa,False,0.05466901554310904,-0.0651522485725742,0.09918678124438336
ENSP00000364912:map.1/16256007/C:p.L1091P:n.T16256007C:c.cTa/cCa_S736,ENSP00000364912:map.1/16256007/C:p.L1091P:n.T16256007C:c.cTa/cCa,False,-0.050731781525102125,-0.034399817470274964,0.15367363748762478
ENSP00000364912:map.1/16256007/C:p.L1091P:n.T16256007C:c.cTa/cCa_S740,ENSP00000364912:map.1/16256007/C:p.L1091P:n.T16256007C:c.cTa/cCa,False,-0.46700541133041323,-0.14795952702109247,0.06304016604174979
ENSP00000364912:map.1/16256007/C:p.L1091P:n.T16256007C:c.cTa/cCa_S1222,ENSP00000364912:map.1/16256007/C:p.L1091P:n.T16256007C:c.cTa/cCa,False,,-0.43045139266849897,
ENSP00000364912:map.1/16256007/C:p.L1091P:n.T16256007C:c.cTa/cCa_S188,ENSP00000364912:map.1/16256007/C:p.L1091P:n.T16256007C:c.cTa/cCa,False,,0.7786291258955675,
ENSP00000364912:map.1/16256007/C:p.L1091P:n.T16256007C:c.cTa/cCa_S190,ENSP00000364912:map.1/16256007/C:p.L1091P:n.T16256007C:c.cTa/cCa,False,,-0.6380071140780375,
ENSP00000364912:map.1/16256007/C:p.L1091P:n.T16256007C:c.cTa/cCa_S1918,ENSP00000364912:map.1/16256007/C:p.L1091P:n.T16256007C:c.cTa/cCa,False,0.14083220355869147,0.13645390926865067,0.477884522027948
ENSP00000364912:map.1/16256007/C:p.L1091P:n.T16256007C:c.cTa/cCa_S847,ENSP00000364912:map.1/16256007/C:p.L1091P:n.T16256007C:c.cTa/cCa,False,,-0.31383567393864076,
IRS2_S731,IRS2,False,0.042786961208803924,0.03769728197543041,0.03693477692136363
IRS2_S735,IRS2,False,0.1628998124287686,0.1448016897204913,0.33788232173396116
IRS2_S736,IRS2,False,0.042080502303567045,0.11122144452560628,0.07314759559643602
IRS2_S608,IRS2,False,0.3393641270832495,0.24849435274293277,0.3581991149288435
IRS2_S1174,IRS2,False,-1.673041967953603,-1.7081940649796536,-2.0710771731933995
IRS2_S1176,IRS2,False,0.1581574343071172,-0.020100510089938545,0.30927038213479335
IRS2_S1148,IRS2,False,-0.8376965061825382,-0.17741413164988917,-0.6785396025383771
IRS2_S1149,IRS2,False,-0.10349912192675449,0.2446751984898514,-0.06624506667373099
IRS2_S1162,IRS2,False,-0.1316224574944849,-0.09011934762526619,-0.17518272129759976
IRS2_S1186,IRS2,False,-0.6534008862701067,-0.6809198844199756,-0.8627438543007921
IRS2_S1203,IRS2,False,-0.17907518560476213,-0.1454814679394754,-0.10173179183219634
IRS2_S770,IRS2,False,0.19109722246758243,0.3034611000950939,0.4023364090783973
IRS2_S915,IRS2,False,-0.6728911478933665,-0.5132868099645649,-0.4134478129727634
IRS2_S388,IRS2,False,-0.8707647947987541,-0.2204168312771194,0.026268285738832043
IRS2_S391,IRS2,False,-1.3096639575942983,-0.3330048091575419,-0.13325412154988775
IRS2_S594,IRS2,False,-0.04647654040537857,0.007421097625967612,0.035352808909896484
IRS2_S973,IRS2,False,1.4392893575064933,1.4004440514756473,1.2888104652623724
IRS2_S577,IRS2,False,-0.013878596861323289,0.1511274147373122,0.2814498174220657
IRS2_S560,IRS2,False,0.21848852866335755,0.16833239578469752,0.08520482242673728
IRS2_S679,IRS2,False,-0.8677785284936101,,
IRS2_S304,IRS2,False,,0.1456122471664759,
IRS2_S306,IRS2,False,-0.07167322949799713,0.06780223696567189,0.14031095795215306
IRS2_S309,IRS2,False,-0.0026272157510263267,0.14345711739586717,
IRS2_S523,IRS2,False,-0.10634487724013049,0.10711143667483235,0.011886541711361318
IRS2_S365,IRS2,False,-0.3081501503253232,-0.33352225440628375,-0.36840448210797294
IRS2_S1100,IRS2,False,0.16075834718869103,0.018624402151531372,0.04957963610003484
IRS2_S1103,IRS2,False,-0.042025986578496814,0.4333308184791822,
CSNK2B_S209,CSNK2B,False,0.08192994026207397,0.12788448158684665,0.16686794937176197
ACBD5_S152,ACBD5,False,0.13748451807894035,-0.08036244601219047,0.011256675045009355
ACBD5_S156,ACBD5,False,-0.10446601454369826,-0.050977092751619844,0.011256675045009355
ENSP00000365128_S132,ENSP00000365128,False,,-0.9327192480559314,-0.680391563784144
ENSP00000365147:map.1/15753662/A:p.R158H:n.G15753662A:c.cGc/cAc_S74,ENSP00000365147:map.1/15753662/A:p.R158H:n.G15753662A:c.cGc/cAc,False,-1.4295922031544765,-1.874562599973497,-1.1265566600105656
PRRC2A_S1014,PRRC2A,False,0.09344738936533831,0.09999866791641672,0.04101907946704646
PRRC2A_S1219,PRRC2A,False,-0.3374845707237907,-0.32851306381153245,-0.4079053499440042
PRRC2A_S759,PRRC2A,False,-0.446671395344514,-0.5085716619332163,
PRRC2A_S761,PRRC2A,False,-0.30515665248793195,-0.5647340392054933,-0.4874613749787502
PRRC2A_S764,PRRC2A,False,-0.3554265458194965,-0.24893675477768276,-0.3296928714412529
PRRC2A_S380,PRRC2A,False,-0.26975645045866126,-0.24057189789151748,0.0940178766672916
PRRC2A_S1085,PRRC2A,False,0.017001654518300033,-0.006408143279220201,-0.004285903466760131
PRRC2A_S1089,PRRC2A,False,0.2120894848331747,0.03464624547869297,0.1427475701207622
PRRC2A_S1092,PRRC2A,False,0.7751217286513894,0.21384980820013433,0.6747076694687353
PRRC2A_S456,PRRC2A,False,-0.6477249130279368,-0.016570375333293745,
PRRC2A_S342,PRRC2A,False,0.2993618976515587,0.1851779668648624,0.2178921530781159
PRRC2A_S350,PRRC2A,False,0.2993618976515587,0.1851779668648624,0.2178921530781159
PRRC2A_S1106,PRRC2A,False,-0.1802703296877195,0.00528327648931648,-0.23370833883309095
PRRC2A_S1110,PRRC2A,False,0.04600103749476567,-0.13168771580133207,-0.2364598486055248
HNRNPK_S284,HNRNPK,False,0.13143024976759202,0.10693628726542907,0.14641821442735312
HNRNPK_S216,HNRNPK,False,-0.19701891261692495,0.11292164147171507,0.11390061820338312
HNRNPK_S36,HNRNPK,False,0.08645075926991447,,
IER3_S31,IER3,False,-1.4991677428669588,,
ENSP00000394375_S115,ENSP00000394375,False,,-0.3046118897179865,
MDC1_S495,MDC1,False,-0.18872193368192067,-0.17352911216445233,-0.09784863497591156
MDC1_S498,MDC1,False,-0.18872193368192067,-0.17352911216445233,-0.09784863497591156
MDC1_S793,MDC1,False,0.03448639825831753,-0.01047502444636385,0.4108837771955805
MDC1_S329,MDC1,False,-0.11046911939287107,-0.23527595371830842,-0.15896081021355948
MDC1_S376,MDC1,False,-0.23171478454653682,-0.43400423046088504,-0.48770892825046624
MDC1_S402,MDC1,False,0.06986528931279791,0.11856756051932989,-0.03304779228199472
MDC1_S299,MDC1,False,-0.48244736267807903,-0.4969488409754332,-0.47398151996555904
MDC1_S453,MDC1,False,-0.08554263024960386,0.08256635107141173,0.5487295827272095
ENSP00000365624_S688,ENSP00000365624,False,-0.08163548635322494,-0.0473416836541777,-0.13124389373820372
ENSP00000365624_S692,ENSP00000365624,False,-0.13070434289600213,-0.22962627938430602,-0.1556283263921657
ENSP00000365624_S665,ENSP00000365624,False,0.16727296765163466,0.43905345189320755,0.1421926270470277
ENSP00000365624_S666,ENSP00000365624,False,0.1665123866789857,0.05666640920930749,0.23959349495811716
ENSP00000365624_S669,ENSP00000365624,False,1.2494965067136545,1.4390685501103513,0.33296174436178355
DHX16_S103,DHX16,False,-0.08842810053648119,-0.23088893822483167,-0.002527603046410248
DHX16_S106,DHX16,False,-0.11645940000624672,-0.11992845488733729,-0.002527603046410248
DHX16_S107,DHX16,False,0.19633329688547552,0.038311786872511536,-0.18929603970292697
DHX16_S160,DHX16,False,-0.0677050520965675,-0.06146636465534183,0.01930135978748543
ENSP00000365637:map.10/24669877/G:p.A145G:n.C24669877G:c.gCt/gGt_S1899,ENSP00000365637:map.10/24669877/G:p.A145G:n.C24669877G:c.gCt/gGt,False,0.055631753745833325,-0.24731990612591914,
ENSP00000365637:map.10/24669877/G:p.A145G:n.C24669877G:c.gCt/gGt_S313,ENSP00000365637:map.10/24669877/G:p.A145G:n.C24669877G:c.gCt/gGt,False,0.24622564851987147,-0.5994839295976426,-0.5534896663906106
ENSP00000365637:map.10/24669877/G:p.A145G:n.C24669877G:c.gCt/gGt_S1877,ENSP00000365637:map.10/24669877/G:p.A145G:n.C24669877G:c.gCt/gGt,False,0.3464179935438766,0.18662732668292162,0.5158133573619778
ENSP00000365637:map.10/24669877/G:p.A145G:n.C24669877G:c.gCt/gGt_S1879,ENSP00000365637:map.10/24669877/G:p.A145G:n.C24669877G:c.gCt/gGt,False,0.3464179935438766,0.8447873500790599,0.5158133573619778
ENSP00000365637:map.10/24669877/G:p.A145G:n.C24669877G:c.gCt/gGt_S353,ENSP00000365637:map.10/24669877/G:p.A145G:n.C24669877G:c.gCt/gGt,False,0.13740927383747614,0.0008653574432532448,0.6841903664960174
ENSP00000365637:map.10/24669877/G:p.A145G:n.C24669877G:c.gCt/gGt_S357,ENSP00000365637:map.10/24669877/G:p.A145G:n.C24669877G:c.gCt/gGt,False,-0.038535877877775404,0.05741561242724302,
ENSP00000365637:map.10/24669877/G:p.A145G:n.C24669877G:c.gCt/gGt_S361,ENSP00000365637:map.10/24669877/G:p.A145G:n.C24669877G:c.gCt/gGt,False,-0.038535877877775404,0.021280540848838764,0.050856073474284724
ENSP00000365637:map.10/24669877/G:p.A145G:n.C24669877G:c.gCt/gGt_S1794,ENSP00000365637:map.10/24669877/G:p.A145G:n.C24669877G:c.gCt/gGt,False,1.3731748907531165,-0.23692842318451857,0.31925818761637326
ENSP00000365637:map.10/24669877/G:p.A145G:n.C24669877G:c.gCt/gGt_S474,ENSP00000365637:map.10/24669877/G:p.A145G:n.C24669877G:c.gCt/gGt,False,-0.2522431114830279,-0.33808625964884553,
ENSP00000365637:map.10/24669877/G:p.A145G:n.C24669877G:c.gCt/gGt_S1044,ENSP00000365637:map.10/24669877/G:p.A145G:n.C24669877G:c.gCt/gGt,False,1.584770128557275,-0.6075067165446882,-0.26338899549410305
ENSP00000365637:map.10/24669877/G:p.A145G:n.C24669877G:c.gCt/gGt_S1650,ENSP00000365637:map.10/24669877/G:p.A145G:n.C24669877G:c.gCt/gGt,False,0.5937840052606603,0.031953937755684565,0.8288507055189639
ENSP00000365637:map.10/24669877/G:p.A145G:n.C24669877G:c.gCt/gGt_S169,ENSP00000365637:map.10/24669877/G:p.A145G:n.C24669877G:c.gCt/gGt,False,0.20182933213336188,0.3307433911680189,0.43049938622259176
TLE1_S286,TLE1,False,,0.057138304393541776,0.023790342431489777
PPP1R10_S313,PPP1R10,False,-0.2109304070126233,-0.22792605106682937,-0.11179150435066604
PRR3_S33,PRR3,False,-0.44436666368715455,,
GNL1_S324,GNL1,False,0.2370415836837405,,0.30245857019488154
GNL1_S51,GNL1,False,-0.030394629483269892,0.022425019406104103,-0.016550176340919737
GNL1_S32,GNL1,False,-0.19295825247384948,0.140563437118147,-1.369771061570931
GNL1_S33,GNL1,False,-0.19071107096146683,0.13920752027125408,
GNL1_S34,GNL1,False,-0.1985735690890415,-0.033421874432389906,-0.174295768063504
SOWAHC_S213,SOWAHC,False,-0.8746058655238648,0.32248053724391434,0.523117853531301
ENSP00000471507_S147,ENSP00000471507,False,0.5456114828463953,0.6568969249848257,0.5208744894067675
ENSP00000470506_S506,ENSP00000470506,False,-0.10073218727031297,-0.0743094573914505,-0.06972532469875205
C9orf40_S69,C9orf40,False,,-0.1747190988537605,
DNAJC1_S479,DNAJC1,False,0.023012089244077466,0.07687773518503808,0.08474462086846798
DNAJC1_S480,DNAJC1,False,0.023012089244077466,0.07687773518503808,0.08474462086846798
DFFA_S315,DFFA,False,-0.08469657519154196,-0.1627722970630926,-0.21982024547475076
CEMIP2_S10,CEMIP2,False,-0.07437786077731756,0.10236854438240511,0.2655463243253546
ARAF_S269,ARAF,True,0.19559957544990353,-0.3160610585798988,-0.07817544036949134
ARAF_S172,ARAF,True,,-1.6358086015624036,-2.107243731882733
ARAF_S186,ARAF,True,-0.3690484379431362,-0.4780442683613262,-0.9256670667091141
ARAF_S157,ARAF,True,0.1141004515881803,0.28427721805512784,0.02687086472474519
ENSP00000476251_S443,ENSP00000476251,False,1.0811350720661637,,
ENSP00000476251_S446,ENSP00000476251,False,1.0811350720661637,,
ENSP00000444806_S147,ENSP00000444806,False,-0.08085798421078451,0.21909837871808402,-0.174022178937518
KIF1B_S1141,KIF1B,False,0.08255891374905451,0.10403137424584798,0.07625934909630831
KIF1B_S1053,KIF1B,False,0.18111079318520268,0.04281202900405874,-0.028984419589383238
ENSP00000439027_S138,ENSP00000439027,False,-0.11274444583083434,0.12604775520593936,
ENSP00000439027_S139,ENSP00000439027,False,-0.002869179817192785,0.061624071038495064,0.03729229598905893
ENSP00000439027_S142,ENSP00000439027,False,-0.04184332584895931,-0.014337923198768218,0.034480487001213575
ENSP00000439027_S115,ENSP00000439027,False,0.3284918303048477,0.25035527176304756,0.5084286525318573
KLF9_S122,KLF9,False,,0.12617994882319306,
ENSP00000366396:map.20/21314624/G:p.K373E:n.A21314624G:c.Aaa/Gaa_S499,ENSP00000366396:map.20/21314624/G:p.K373E:n.A21314624G:c.Aaa/Gaa,False,-0.02093941343933516,0.4097405335242455,-0.0919512746176012
ENSP00000366396:map.20/21314624/G:p.K373E:n.A21314624G:c.Aaa/Gaa_S501,ENSP00000366396:map.20/21314624/G:p.K373E:n.A21314624G:c.Aaa/Gaa,False,-0.036801963464990005,-0.062091802252736285,-0.07470907601389518
ENSP00000366396:map.20/21314624/G:p.K373E:n.A21314624G:c.Aaa/Gaa_S445,ENSP00000366396:map.20/21314624/G:p.K373E:n.A21314624G:c.Aaa/Gaa,False,,-0.2183801002149666,-0.30943093220446005
ENSP00000366396:map.20/21314624/G:p.K373E:n.A21314624G:c.Aaa/Gaa_S448,ENSP00000366396:map.20/21314624/G:p.K373E:n.A21314624G:c.Aaa/Gaa,False,-0.13162272537283493,-0.14348562591115074,-0.03789933198841739
ENSP00000366396:map.20/21314624/G:p.K373E:n.A21314624G:c.Aaa/Gaa_S471,ENSP00000366396:map.20/21314624/G:p.K373E:n.A21314624G:c.Aaa/Gaa,False,-0.02101795145036633,0.09727552865643851,0.10145429411427515
ENSP00000366396:map.20/21314624/G:p.K373E:n.A21314624G:c.Aaa/Gaa_S475,ENSP00000366396:map.20/21314624/G:p.K373E:n.A21314624G:c.Aaa/Gaa,False,-0.0013343635064283442,-0.2285332339493803,0.0875716568307763
ENSP00000366396:map.20/21314624/G:p.K373E:n.A21314624G:c.Aaa/Gaa_S485,ENSP00000366396:map.20/21314624/G:p.K373E:n.A21314624G:c.Aaa/Gaa,False,0.1625294031227065,0.05616730630042659,0.0765590951316044
ENSP00000366396:map.20/21314624/G:p.K373E:n.A21314624G:c.Aaa/Gaa_S487,ENSP00000366396:map.20/21314624/G:p.K373E:n.A21314624G:c.Aaa/Gaa,False,-0.2685846260672572,-0.056566216129749984,
ENSP00000366396:map.20/21314624/G:p.K373E:n.A21314624G:c.Aaa/Gaa_S678,ENSP00000366396:map.20/21314624/G:p.K373E:n.A21314624G:c.Aaa/Gaa,False,0.1627172300311335,0.19516657672666202,0.8765701331633908
UIMC1_S511,UIMC1,False,-0.052554160432901974,-0.04212074552305225,-0.03731771143085284
UIMC1_S101,UIMC1,False,-0.17269510925672985,-0.129880486501132,-0.0709665213541436
UIMC1_S297,UIMC1,False,0.3343400479813806,0.04993790758516749,0.09369901748475061
UIMC1_S44,UIMC1,False,0.13372748004976762,0.16414264884830632,-0.08969714106182318
UIMC1_S46,UIMC1,False,0.13372748004976762,0.16414264884830632,-0.08969714106182318
ENSP00000366453:map.9/71843023/A:p.D482E:n.C71843023A:c.gaC/gaA_S978,ENSP00000366453:map.9/71843023/A:p.D482E:n.C71843023A:c.gaC/gaA,False,0.07441700407739414,-0.6319381837661266,-0.35083370920374257
ENSP00000366453:map.9/71843023/A:p.D482E:n.C71843023A:c.gaC/gaA_S986,ENSP00000366453:map.9/71843023/A:p.D482E:n.C71843023A:c.gaC/gaA,False,-0.23646436011255334,-0.11747815442904282,-0.27287001450845777
ENSP00000366453:map.9/71843023/A:p.D482E:n.C71843023A:c.gaC/gaA_S266,ENSP00000366453:map.9/71843023/A:p.D482E:n.C71843023A:c.gaC/gaA,False,0.024035935455509406,-0.034388144122854784,-0.06377872725778362
ENSP00000366453:map.9/71843023/A:p.D482E:n.C71843023A:c.gaC/gaA_S398,ENSP00000366453:map.9/71843023/A:p.D482E:n.C71843023A:c.gaC/gaA,False,0.09489825235523985,0.15273147657614622,0.14832946357376492
ENSP00000366453:map.9/71843023/A:p.D482E:n.C71843023A:c.gaC/gaA_S400,ENSP00000366453:map.9/71843023/A:p.D482E:n.C71843023A:c.gaC/gaA,False,0.09489825235523985,0.15253446782975044,0.14832946357376492
ENSP00000366453:map.9/71843023/A:p.D482E:n.C71843023A:c.gaC/gaA_S244,ENSP00000366453:map.9/71843023/A:p.D482E:n.C71843023A:c.gaC/gaA,False,0.31290023089062835,0.22351497389911837,0.04516970345965483
ENSP00000366453:map.9/71843023/A:p.D482E:n.C71843023A:c.gaC/gaA_S1159,ENSP00000366453:map.9/71843023/A:p.D482E:n.C71843023A:c.gaC/gaA,False,0.2086081504061614,0.21788898455827452,0.16385175822778228
ENSP00000366453:map.9/71843023/A:p.D482E:n.C71843023A:c.gaC/gaA_S424,ENSP00000366453:map.9/71843023/A:p.D482E:n.C71843023A:c.gaC/gaA,False,0.3718334902518015,0.3158216566348289,0.35317058594018214
ENSP00000366453:map.9/71843023/A:p.D482E:n.C71843023A:c.gaC/gaA_S430,ENSP00000366453:map.9/71843023/A:p.D482E:n.C71843023A:c.gaC/gaA,False,-0.043935533264687875,0.06818529895356767,0.3135111664502699
ENSP00000366453:map.9/71843023/A:p.D482E:n.C71843023A:c.gaC/gaA_S431,ENSP00000366453:map.9/71843023/A:p.D482E:n.C71843023A:c.gaC/gaA,False,-0.35750696608414895,0.0860334475876879,0.30343010499754036
ENSP00000366453:map.9/71843023/A:p.D482E:n.C71843023A:c.gaC/gaA_S432,ENSP00000366453:map.9/71843023/A:p.D482E:n.C71843023A:c.gaC/gaA,False,0.1908357316492906,0.19301710993932109,0.358955659225642
ENSP00000366453:map.9/71843023/A:p.D482E:n.C71843023A:c.gaC/gaA_S130,ENSP00000366453:map.9/71843023/A:p.D482E:n.C71843023A:c.gaC/gaA,False,0.18382830815246642,-0.004865214721693906,
ENSP00000366453:map.9/71843023/A:p.D482E:n.C71843023A:c.gaC/gaA_S920,ENSP00000366453:map.9/71843023/A:p.D482E:n.C71843023A:c.gaC/gaA,False,0.2183472092784992,,
ENSP00000366453:map.9/71843023/A:p.D482E:n.C71843023A:c.gaC/gaA_S415,ENSP00000366453:map.9/71843023/A:p.D482E:n.C71843023A:c.gaC/gaA,False,-0.11359812915667168,-0.053308539395352274,0.065054978797477
ENSP00000366453:map.9/71843023/A:p.D482E:n.C71843023A:c.gaC/gaA_S1067,ENSP00000366453:map.9/71843023/A:p.D482E:n.C71843023A:c.gaC/gaA,False,-0.27198235499680656,-0.3428636899146257,
ENSP00000366453:map.9/71843023/A:p.D482E:n.C71843023A:c.gaC/gaA_S1068,ENSP00000366453:map.9/71843023/A:p.D482E:n.C71843023A:c.gaC/gaA,False,-0.27198235499680656,-0.3428636899146257,
ENSP00000366453:map.9/71843023/A:p.D482E:n.C71843023A:c.gaC/gaA_S240,ENSP00000366453:map.9/71843023/A:p.D482E:n.C71843023A:c.gaC/gaA,False,0.18928086414608852,0.1251817959737652,
ENSP00000366453:map.9/71843023/A:p.D482E:n.C71843023A:c.gaC/gaA_S163,ENSP00000366453:map.9/71843023/A:p.D482E:n.C71843023A:c.gaC/gaA,False,,-2.2484505852083942,
ENSP00000366453:map.9/71843023/A:p.D482E:n.C71843023A:c.gaC/gaA_S170,ENSP00000366453:map.9/71843023/A:p.D482E:n.C71843023A:c.gaC/gaA,False,0.08261415418826454,0.19647206779661205,-0.06766857081245659
ENSP00000366453:map.9/71843023/A:p.D482E:n.C71843023A:c.gaC/gaA_S174,ENSP00000366453:map.9/71843023/A:p.D482E:n.C71843023A:c.gaC/gaA,False,-0.4474360589740038,-0.2957282993098566,-0.059961937279662855
ENSP00000366453:map.9/71843023/A:p.D482E:n.C71843023A:c.gaC/gaA_S966,ENSP00000366453:map.9/71843023/A:p.D482E:n.C71843023A:c.gaC/gaA,False,0.012354130407874092,0.394404385400625,
TGOLN2_S70,TGOLN2,False,-0.3582505282645083,-0.21064633634906346,-0.3095713253080389
TGOLN2_S71,TGOLN2,False,-0.14583756443727397,-0.05922599147932938,-0.08407132499223868
DTD1_S196,DTD1,False,-0.06810734228097715,0.02681378196784619,-0.0046593863879884345
DTD1_S197,DTD1,False,0.10823979111319477,0.08764286249511638,0.03170846916410808
DTD1_S204,DTD1,False,0.02229075427617963,-0.09737037803773485,0.04446406651324603
DTD1_S205,DTD1,False,0.12011249694609151,0.11640829398339253,0.03357448252997178
ERRFI1_S251,ERRFI1,False,0.11453689733708283,0.23948882519521922,0.0989534027137014
ENSP00000474744_S797,ENSP00000474744,False,0.03845250426820062,-0.012777158523141437,-0.04323605435519157
ENSP00000474744_S733,ENSP00000474744,False,0.6961002134821072,0.13348464644227687,1.3520318591181326
ENSP00000474744_S736,ENSP00000474744,False,-0.023537822500792376,0.06392414518197609,0.10997157461130602
ENSP00000474744_S738,ENSP00000474744,False,-0.023537822500792376,0.06392414518197609,0.10997157461130602
ENSP00000474744_S89,ENSP00000474744,False,-0.11855079884629444,-0.11616194416021257,-0.16127426813894016
ENSP00000474744_S718,ENSP00000474744,False,0.20803747164016054,0.281128295784739,0.11928976837475146
ENSP00000474744_S723,ENSP00000474744,False,0.00026251139406497276,-0.023088863097462626,0.04039936655159149
ATXN2_S693,ATXN2,False,0.02257269950801341,0.03947272315444382,0.02186370636751671
ATXN2_S705,ATXN2,False,-0.15318935351488028,0.14649603539592435,0.3436920691790188
ATXN2_S679,ATXN2,False,0.3910685724871962,0.09423606984576555,0.2203299548795556
ATXN2_S588,ATXN2,False,0.09825566981583168,0.13128820127401641,0.20909970199583108
ATXN2_S605,ATXN2,False,0.07652847271961967,0.13128820127401641,0.20909970199583108
ATXN2_S387,ATXN2,False,0.13815914522947026,-0.0804539691859207,
TBC1D4_S566,TBC1D4,False,-0.2858925697745098,-0.023446495246609078,0.20350580464749285
TBC1D4_S569,TBC1D4,False,,-0.05931890532654652,0.007333396456601195
TBC1D4_S570,TBC1D4,False,0.013687100641432581,-0.13297857983452158,0.10790693495664794
TBC1D4_S666,TBC1D4,False,-0.33093512530056357,-0.4418189685798633,-0.32961262969924066
TBC1D4_S588,TBC1D4,False,-0.9275272698262595,-0.7478064465904876,-0.48198708987841127
TBC1D4_S591,TBC1D4,False,-0.840792884116094,-0.8469635092052207,-0.5683533253798096
TBC1D4_S341,TBC1D4,False,-0.31411596062684527,-0.21596286487176833,-0.24687093263619914
SHB_S310,SHB,False,-0.3496309788875222,0.08311122693130706,0.18472704386358052
SHB_S317,SHB,False,-0.5366772334017812,-0.1991868882831318,0.007051942516490025
MGME1_S343,MGME1,False,0.6918827268477736,0.7717631580868621,
SNX5_S22,SNX5,False,-0.46960958238231865,-0.5291768368314151,
TCOF1_S906,TCOF1,False,-0.4931873063185043,-0.5066570121991527,-0.1176131522466427
TCOF1_S1258,TCOF1,False,-0.2680695316474474,0.03715772011731791,-0.07576326440349619
TCOF1_S1408,TCOF1,False,-0.14258956941558326,0.3048614514884491,
TCOF1_S1411,TCOF1,False,0.30537534350124246,-0.01733665689705062,
TCOF1_S1377,TCOF1,False,0.23589232603493313,-0.02437715471827656,-0.029829943450143583
TCOF1_S1379,TCOF1,False,0.05443644558117252,0.04714701859065923,-0.06263537298025693
TCOF1_S1351,TCOF1,False,0.0122566369041575,0.018362814771312245,0.007799635921019253
TCOF1_S1229,TCOF1,False,0.008553443206498628,-0.2144947562511317,-0.07415764291062521
TCOF1_S582,TCOF1,False,0.005021718773560393,-0.030124302019392604,-0.0386679941741827
TCOF1_S583,TCOF1,False,0.11196758657960997,0.05675998330649865,0.003671503713955186
TCOF1_S1191,TCOF1,False,,0.14271973763033452,0.07901963303483801
TCOF1_S1192,TCOF1,False,,0.14271973763033452,0.07901963303483801
TCOF1_S1111,TCOF1,False,0.0978804340519131,-0.041284018423273956,0.11146810743411095
TCOF1_S381,TCOF1,False,-0.05350566601446231,-0.45178692459018405,0.10852358172815911
TCOF1_S156,TCOF1,False,-0.41194442851077007,-0.5177954425654453,-0.007361661978299464
ENSP00000367046_S200,ENSP00000367046,False,-1.132609556150951,-0.607330877302471,
KDM6A_S829,KDM6A,False,-0.27726378245751976,-0.1274050887680951,-0.11182043936332448
MYC_S295,MYC,False,-0.218998221673641,-0.1300737684488151,-0.1620932221087569
MYC_S307,MYC,False,-0.23289076484135315,-0.23176155019708974,-0.1600494480061968
SUGT1_S281,SUGT1,False,0.10835717809041852,-0.04347357438098287,
ENSP00000367263:map.11/62292882/T:p.Q3003K:n.G62292882T:c.Caa/Aaa_S5110,ENSP00000367263:map.11/62292882/T:p.Q3003K:n.G62292882T:c.Caa/Aaa,False,-2.065147046147118,-1.991688279824601,-2.0310124319089544
ENSP00000367263:map.11/62292882/T:p.Q3003K:n.G62292882T:c.Caa/Aaa_S3220,ENSP00000367263:map.11/62292882/T:p.Q3003K:n.G62292882T:c.Caa/Aaa,False,0.05769286716834593,0.46780115648840714,
ENSP00000367263:map.11/62292882/T:p.Q3003K:n.G62292882T:c.Caa/Aaa_S5749,ENSP00000367263:map.11/62292882/T:p.Q3003K:n.G62292882T:c.Caa/Aaa,False,0.45086737444111824,0.21207064006290832,0.38545454093602083
ENSP00000367263:map.11/62292882/T:p.Q3003K:n.G62292882T:c.Caa/Aaa_S5752,ENSP00000367263:map.11/62292882/T:p.Q3003K:n.G62292882T:c.Caa/Aaa,False,0.16051796091783418,-0.18563538931867984,0.06686965745326537
ENSP00000367263:map.11/62292882/T:p.Q3003K:n.G62292882T:c.Caa/Aaa_S5762,ENSP00000367263:map.11/62292882/T:p.Q3003K:n.G62292882T:c.Caa/Aaa,False,-0.1502951013566712,-0.31832684535810757,-0.02108695542268478
ENSP00000367263:map.11/62292882/T:p.Q3003K:n.G62292882T:c.Caa/Aaa_S5763,ENSP00000367263:map.11/62292882/T:p.Q3003K:n.G62292882T:c.Caa/Aaa,False,-0.07945124126788523,0.08362456750544782,0.09137893419744261
ENSP00000367263:map.11/62292882/T:p.Q3003K:n.G62292882T:c.Caa/Aaa_S41,ENSP00000367263:map.11/62292882/T:p.Q3003K:n.G62292882T:c.Caa/Aaa,False,,-0.08168586634820159,-0.06797053923626106
ENSP00000367263:map.11/62292882/T:p.Q3003K:n.G62292882T:c.Caa/Aaa_S177,ENSP00000367263:map.11/62292882/T:p.Q3003K:n.G62292882T:c.Caa/Aaa,False,-0.32833967932661284,-0.05200707231853955,0.06081871493750309
ENSP00000367263:map.11/62292882/T:p.Q3003K:n.G62292882T:c.Caa/Aaa_S4986,ENSP00000367263:map.11/62292882/T:p.Q3003K:n.G62292882T:c.Caa/Aaa,False,0.11980863552427667,-0.027948771769498736,0.08330853535303175
ENSP00000367263:map.11/62292882/T:p.Q3003K:n.G62292882T:c.Caa/Aaa_S3412,ENSP00000367263:map.11/62292882/T:p.Q3003K:n.G62292882T:c.Caa/Aaa,False,-0.05655121235938952,,
ENSP00000367263:map.11/62292882/T:p.Q3003K:n.G62292882T:c.Caa/Aaa_S5745,ENSP00000367263:map.11/62292882/T:p.Q3003K:n.G62292882T:c.Caa/Aaa,False,0.46894859813787393,0.13894549792384134,
ENSP00000367263:map.11/62292882/T:p.Q3003K:n.G62292882T:c.Caa/Aaa_S5746,ENSP00000367263:map.11/62292882/T:p.Q3003K:n.G62292882T:c.Caa/Aaa,False,0.46894859813787393,0.13894549792384134,0.7968469026614609
ENSP00000367263:map.11/62292882/T:p.Q3003K:n.G62292882T:c.Caa/Aaa_S93,ENSP00000367263:map.11/62292882/T:p.Q3003K:n.G62292882T:c.Caa/Aaa,False,-0.05043859044816778,-0.05511642476350189,-0.12116740576510297
ENSP00000367263:map.11/62292882/T:p.Q3003K:n.G62292882T:c.Caa/Aaa_S5731,ENSP00000367263:map.11/62292882/T:p.Q3003K:n.G62292882T:c.Caa/Aaa,False,0.11589243827234737,0.13977467190671475,0.09716173020035937
ENSP00000367263:map.11/62292882/T:p.Q3003K:n.G62292882T:c.Caa/Aaa_S5735,ENSP00000367263:map.11/62292882/T:p.Q3003K:n.G62292882T:c.Caa/Aaa,False,0.8864718732464517,1.0770074061441655,1.096132715097456
ENSP00000367263:map.11/62292882/T:p.Q3003K:n.G62292882T:c.Caa/Aaa_S5737,ENSP00000367263:map.11/62292882/T:p.Q3003K:n.G62292882T:c.Caa/Aaa,False,0.8858607305178986,0.7624763880469851,0.5083272292803207
ENSP00000367263:map.11/62292882/T:p.Q3003K:n.G62292882T:c.Caa/Aaa_S5739,ENSP00000367263:map.11/62292882/T:p.Q3003K:n.G62292882T:c.Caa/Aaa,False,0.6609347775435467,0.6526073671231473,0.8733658558904724
ENSP00000367263:map.11/62292882/T:p.Q3003K:n.G62292882T:c.Caa/Aaa_S5841,ENSP00000367263:map.11/62292882/T:p.Q3003K:n.G62292882T:c.Caa/Aaa,False,0.14404396957111476,0.07060321923366934,0.047026616080294584
ENSP00000367263:map.11/62292882/T:p.Q3003K:n.G62292882T:c.Caa/Aaa_S5448,ENSP00000367263:map.11/62292882/T:p.Q3003K:n.G62292882T:c.Caa/Aaa,False,0.11283098710768995,0.06474304945342779,0.09100046307301402
ENSP00000367263:map.11/62292882/T:p.Q3003K:n.G62292882T:c.Caa/Aaa_S5780,ENSP00000367263:map.11/62292882/T:p.Q3003K:n.G62292882T:c.Caa/Aaa,False,-0.9366595536924964,-0.2682308956619533,-0.8913929902272728
ENSP00000367263:map.11/62292882/T:p.Q3003K:n.G62292882T:c.Caa/Aaa_S5782,ENSP00000367263:map.11/62292882/T:p.Q3003K:n.G62292882T:c.Caa/Aaa,False,1.1317302976552486,0.5115451123455869,0.3800993955163953
ENSP00000367263:map.11/62292882/T:p.Q3003K:n.G62292882T:c.Caa/Aaa_S5784,ENSP00000367263:map.11/62292882/T:p.Q3003K:n.G62292882T:c.Caa/Aaa,False,-0.9572729089440528,-0.9839232943321128,-0.9501774344522278
ENSP00000367263:map.11/62292882/T:p.Q3003K:n.G62292882T:c.Caa/Aaa_S5790,ENSP00000367263:map.11/62292882/T:p.Q3003K:n.G62292882T:c.Caa/Aaa,False,1.4078965487495276,,
ENSP00000367263:map.11/62292882/T:p.Q3003K:n.G62292882T:c.Caa/Aaa_S5031,ENSP00000367263:map.11/62292882/T:p.Q3003K:n.G62292882T:c.Caa/Aaa,False,0.02932794567820089,0.19749060999499876,0.04674807360272895
ENSP00000367263:map.11/62292882/T:p.Q3003K:n.G62292882T:c.Caa/Aaa_S2397,ENSP00000367263:map.11/62292882/T:p.Q3003K:n.G62292882T:c.Caa/Aaa,False,-1.5083740138128372,-1.4947539785507828,-1.281338742536045
ENSP00000367263:map.11/62292882/T:p.Q3003K:n.G62292882T:c.Caa/Aaa_S511,ENSP00000367263:map.11/62292882/T:p.Q3003K:n.G62292882T:c.Caa/Aaa,False,-0.7929328965523141,-0.691688215215863,0.6244066486873461
ENSP00000367263:map.11/62292882/T:p.Q3003K:n.G62292882T:c.Caa/Aaa_S570,ENSP00000367263:map.11/62292882/T:p.Q3003K:n.G62292882T:c.Caa/Aaa,False,-0.38664519735550873,-0.30575356543586235,-0.3941739799161717
ENSP00000367263:map.11/62292882/T:p.Q3003K:n.G62292882T:c.Caa/Aaa_S135,ENSP00000367263:map.11/62292882/T:p.Q3003K:n.G62292882T:c.Caa/Aaa,False,-4.150567666047753,-4.476615225827122,-2.998871624124795
ENSP00000367263:map.11/62292882/T:p.Q3003K:n.G62292882T:c.Caa/Aaa_S210,ENSP00000367263:map.11/62292882/T:p.Q3003K:n.G62292882T:c.Caa/Aaa,False,-0.28639722953053653,-0.0962273281532348,-0.3310163934218595
ENSP00000367263:map.11/62292882/T:p.Q3003K:n.G62292882T:c.Caa/Aaa_S212,ENSP00000367263:map.11/62292882/T:p.Q3003K:n.G62292882T:c.Caa/Aaa,False,-0.2132326586302429,0.11957295089937071,-0.248077086158814
ENSP00000367263:map.11/62292882/T:p.Q3003K:n.G62292882T:c.Caa/Aaa_S216,ENSP00000367263:map.11/62292882/T:p.Q3003K:n.G62292882T:c.Caa/Aaa,False,0.4140554562536327,0.27334693231248863,0.03697903837991558
ENSP00000367263:map.11/62292882/T:p.Q3003K:n.G62292882T:c.Caa/Aaa_S220,ENSP00000367263:map.11/62292882/T:p.Q3003K:n.G62292882T:c.Caa/Aaa,False,-0.04197897105393562,0.2777973250096986,0.36211553662012874
ENSP00000367263:map.11/62292882/T:p.Q3003K:n.G62292882T:c.Caa/Aaa_S4903,ENSP00000367263:map.11/62292882/T:p.Q3003K:n.G62292882T:c.Caa/Aaa,False,,-0.011209898102958301,0.5192399486612869
ENSP00000367263:map.11/62292882/T:p.Q3003K:n.G62292882T:c.Caa/Aaa_S1068,ENSP00000367263:map.11/62292882/T:p.Q3003K:n.G62292882T:c.Caa/Aaa,False,-1.430394044128225,-1.5003574654681238,-2.048591374898931
ENSP00000367263:map.11/62292882/T:p.Q3003K:n.G62292882T:c.Caa/Aaa_S5099,ENSP00000367263:map.11/62292882/T:p.Q3003K:n.G62292882T:c.Caa/Aaa,False,-1.1224819934862447,-1.0050632039437406,-0.9893871733093859
ENSP00000367263:map.11/62292882/T:p.Q3003K:n.G62292882T:c.Caa/Aaa_S5077,ENSP00000367263:map.11/62292882/T:p.Q3003K:n.G62292882T:c.Caa/Aaa,False,-1.6690740588463175,-0.4817059057570821,-0.34719520729184555
ENSP00000367263:map.11/62292882/T:p.Q3003K:n.G62292882T:c.Caa/Aaa_S5332,ENSP00000367263:map.11/62292882/T:p.Q3003K:n.G62292882T:c.Caa/Aaa,False,0.20266260062352637,0.18442568169541598,0.2788174030747215
ENSP00000367263:map.11/62292882/T:p.Q3003K:n.G62292882T:c.Caa/Aaa_S3426,ENSP00000367263:map.11/62292882/T:p.Q3003K:n.G62292882T:c.Caa/Aaa,False,-2.334893541705526,-2.1382215806093368,-1.8477632751433377
ENSP00000367263:map.11/62292882/T:p.Q3003K:n.G62292882T:c.Caa/Aaa_S5400,ENSP00000367263:map.11/62292882/T:p.Q3003K:n.G62292882T:c.Caa/Aaa,False,0.3778442602579878,0.2459207779711897,
FUNDC1_S13,FUNDC1,False,0.09356017616233782,0.05668149319199593,-0.02530408948381065
FAM171A1_S358,FAM171A1,False,-0.04484837433578953,0.09870491177319614,0.41813596395949654
FAM171A1_S360,FAM171A1,False,-0.04946726323994852,-0.01662501399579572,0.1976138096910743
FAM171A1_S460,FAM171A1,False,,,-0.5955705448401942
FAM171A1_S855,FAM171A1,False,0.0994972011701899,,
ENSP00000367406:map.8/120844782/A:p.P8L:n.G120844782A:c.cCc/cTc_S1185,ENSP00000367406:map.8/120844782/A:p.P8L:n.G120844782A:c.cCc/cTc,False,-0.14123623255392312,0.13669523934681463,0.033792988849303096
ENSP00000367406:map.8/120844782/A:p.P8L:n.G120844782A:c.cCc/cTc_S1194,ENSP00000367406:map.8/120844782/A:p.P8L:n.G120844782A:c.cCc/cTc,False,-0.1397095939275387,-0.07019469801558287,0.31259969786336145
ENSP00000367406:map.8/120844782/A:p.P8L:n.G120844782A:c.cCc/cTc_S1196,ENSP00000367406:map.8/120844782/A:p.P8L:n.G120844782A:c.cCc/cTc,False,-0.2784576605740989,-0.30674000023058395,-0.15960525170903236
ENSP00000367406:map.8/120844782/A:p.P8L:n.G120844782A:c.cCc/cTc_S1198,ENSP00000367406:map.8/120844782/A:p.P8L:n.G120844782A:c.cCc/cTc,False,-0.2157457547797158,-0.19165589791940874,0.2624361396757161
SPIRE2_S440,SPIRE2,False,0.09467905256710374,0.022566615511265747,0.05674848040239451
LRRC47_S431,LRRC47,False,0.2879450386445189,0.47840237803727326,0.9417073086809671
NUP160_S1157,NUP160,False,-0.3197970112512552,-0.33002977233502934,-0.3713516922001913
LIG3_S913,LIG3,False,-0.18079390823384103,-0.03110060205653858,-0.1300489958094067
LIG3_S210,LIG3,False,-0.16289597414627902,-0.14095715822858057,-0.07184340462914043
SKI_S515,SKI,False,0.13553486976118947,0.12326888749434657,
KIF3A_S687,KIF3A,False,-0.7643709609892441,-0.4272849203664224,-0.387770188625986
ZFC3H1_S655,ZFC3H1,False,-0.5500213936124133,-0.3699673661062329,
ZFC3H1_S1303,ZFC3H1,False,-0.23449681485537188,-0.3464999235553879,-0.26768080512311815
ZFC3H1_S1304,ZFC3H1,False,-0.2543293137956955,-0.196394751329422,-0.2922351515547533
ZFC3H1_S949,ZFC3H1,False,-0.18333229418293828,-0.16788776975640896,-0.25872255309722886
ZFC3H1_S952,ZFC3H1,False,-0.13534572553254853,0.029214711941953117,0.10387185149503443
ZFC3H1_S953,ZFC3H1,False,-0.1934775621731964,0.07780745148435486,-0.0314267615113208
ZFC3H1_S352,ZFC3H1,False,-1.5757330532658338,-1.6121479769043592,-2.008018087562333
ZFC3H1_S206,ZFC3H1,False,,-0.0440325892161844,
ZFC3H1_S1046,ZFC3H1,False,-0.4891264200976698,-0.5382828652649906,-1.1981625882876235
ZFC3H1_S500,ZFC3H1,False,-0.20860842614895153,-0.1575440514026879,
ZFC3H1_S502,ZFC3H1,False,-0.20860842614895153,-0.1575440514026879,
ZFC3H1_S805,ZFC3H1,False,,-0.059425915326337564,0.018349309878891815
ZFC3H1_S809,ZFC3H1,False,-0.09685299084774933,-0.06477716563822848,0.03224655095187153
API5_S464,API5,False,-0.1009560141678022,0.20589292750767074,0.03807832203112603
POLA1_S209,POLA1,False,-0.04288774059352768,0.08620610857603565,-0.11747168704986424
POLA1_S186,POLA1,False,0.3150372064641908,-0.044669007138552576,0.24330555051576022
POLA1_S190,POLA1,False,-0.1703127778443395,0.08732533773081097,0.34709867062226835
FAM219A_S97,FAM219A,False,0.015330881251979034,-0.09297862461180567,-0.04998270667576095
NGRN_S41,NGRN,False,-0.24591635631772107,,
TPD52_S136,TPD52,False,-0.09455404952636208,-0.3397039677197548,-0.27452941256585106
NUFIP1_S338,NUFIP1,False,-0.050741493290109546,,
NUFIP1_S340,NUFIP1,False,-0.050741493290109546,,
NUFIP1_S342,NUFIP1,False,-0.050741493290109546,,
MAP9_S7,MAP9,False,0.2056427419454572,-0.005333390869891954,
DNAJC2_S60,DNAJC2,False,0.01964087286383055,-0.1295760941418076,
DNAJC2_S63,DNAJC2,False,0.01964087286383055,-0.1295760941418076,
DNAJC2_S47,DNAJC2,False,0.25879004919860255,-0.1715457040256622,0.28681444897123076
DNAJC2_S49,DNAJC2,False,0.0145036187324281,-0.006961669585183819,0.14691851289790858
PTCHD1_S672,PTCHD1,False,-0.2328087958672124,-0.32597978467972144,-0.7409328217406127
HIVEP1_S779,HIVEP1,False,,-1.4037708778303182,
HIVEP1_S782,HIVEP1,False,,-1.4037708778303182,
HIVEP1_S571,HIVEP1,False,0.13724119171159266,-0.048382366920058525,
TOM1L2_S160,TOM1L2,False,0.22278779689317837,0.2776277476590054,0.34437403328573263
CNKSR2_S390,CNKSR2,False,0.07299755979995012,-0.04933565002395233,-0.005002626131302368
CNKSR2_S878,CNKSR2,False,0.08029954091441505,-0.1800048971636254,0.38207464644454564
CNKSR2_S737,CNKSR2,False,0.14912926990993294,,
SNX2_S119,SNX2,False,-0.009945517033333694,,-0.041936868983388144
RPS6KA3_S715,RPS6KA3,True,-0.3457982271547389,-0.26692759425373663,-0.24216707391854644
RPS6KA3_S369,RPS6KA3,True,-1.8379835884774953,-0.6426963489688435,-0.6905225759492482
RPS6KA3_S375,RPS6KA3,True,-3.9373964261559116,-3.5535149440123153,-2.793451059751483
ENSP00000438006_S506,ENSP00000438006,False,-0.5256210686130233,-0.19292540021109944,-0.36278856117636743
DNAJA1_S335,DNAJA1,False,0.023510586365737777,0.04458010573557725,0.10312831621722547
DSP_S2222,DSP,False,,-0.04418933537339098,-0.6687794527336594
DSP_S2226,DSP,False,-0.08693635363856,-0.04418933537339098,-0.6687794527336594
APTX_S118,APTX,False,-0.09400222793201274,-0.07722366694843662,-0.13952182253689407
RIOK1_S21,RIOK1,False,0.10214157151551627,0.20441812721396838,0.24596630446558265
RIOK1_S22,RIOK1,False,0.15685735760287065,0.1977924026725023,0.20209821039439416
RIOK1_S24,RIOK1,False,,0.25542426202648083,
ARIH1_S517,ARIH1,False,,,-0.15139408409849126
RBM17_S222,RBM17,False,0.19866280465259142,0.007858179468882112,-0.07128479801261471
RBM17_S155,RBM17,False,0.040248110689402504,0.14690464247335985,0.053732403411877135
RBM17_S169,RBM17,False,0.08922694207039553,-0.04005183684544815,
PHKA2_S1044,PHKA2,False,-0.4048176707774826,-0.17095429725688618,
ENSP00000369294_S559,ENSP00000369294,False,,0.05172011644732764,
MYH10_S214.1,MYH10,False,0.3772919883968758,0.6665810320848199,0.3200131777461702
NHS_S562,NHS,False,0.5112656125825507,0.19899696624010868,
CAAP1_S203,CAAP1,False,0.09341314045245713,,0.24873208617154968
CAAP1_S312,CAAP1,False,-0.7495486980659765,-0.2721233217364472,-0.2792230414616724
BRCA2_S844,BRCA2,False,,2.668595707317278,1.0467704221624503
BRCA2_S846,BRCA2,False,,2.668595707317278,1.0467704221624503
GDI2_S61,GDI2,False,-0.588283420683294,-0.4556138512776163,
FBXW9_S59,FBXW9,False,-0.021701847410122092,0.07651517604850835,0.13224779829843977
RPS6_S235,RPS6,True,0.02980961036881133,-0.13437265216615324,-0.13079512755829484
RPS6_S236,RPS6,True,1.2748549266631297,1.177964742518683,0.9657756611559218
RPS6_S240,RPS6,True,0.1890731609316034,0.15109623743027248,0.25427159945356825
RPS6_S242,RPS6,True,0.09918243371703671,0.31429745212197613,-0.086319511899435
RPS6_S244,RPS6,True,-0.03452177110499763,0.054781002492368065,0.10158089903245902
RPS6_S247,RPS6,True,0.47475831317541944,0.3228782094362604,0.5673201340365154
ZNF768_S17,ZNF768,False,-0.18836177379358807,,
ZNF768_S18,ZNF768,False,-0.1778490854805863,,
ZNF768_S90,ZNF768,False,,-0.26003095787547315,0.2066091479479252
ZNF768_S97,ZNF768,False,,-0.26003095787547315,0.2066091479479252
ZNF768_S139,ZNF768,False,,0.3756233439289034,
ZNF768_S160,ZNF768,False,,0.15730246631897368,
ZNF768_S125,ZNF768,False,-0.29473864894438784,,
ZNF768_S132,ZNF768,False,-0.29473864894438784,,
ENSP00000369797_S1089,ENSP00000369797,False,-1.1962235402171337,-1.2130428964648003,-1.2871757672246718
ENSP00000369797_S505,ENSP00000369797,False,-0.30113798525271845,-0.17709542668700487,-0.1787482346490611
ENSP00000369797_S732,ENSP00000369797,False,-0.1443976488131512,-0.12556714026322272,-0.09141201764426989
ENSP00000369797_S737,ENSP00000369797,False,-0.13422317552631682,-0.05467774361604863,-0.10263188874530059
ENSP00000369797_S1387,ENSP00000369797,False,0.12177963799907321,0.12862592286002353,0.22042258760646335
ENSP00000369797_S1391,ENSP00000369797,False,0.5911049050647789,0.18866807103607272,0.22042258760646335
ENSP00000369797_S1393,ENSP00000369797,False,-0.34754562906663244,-0.06912402799384473,0.556601081653847
ENSP00000369797_S948,ENSP00000369797,False,0.04159088937733095,0.1340459891262418,0.193231938502205
ENSP00000369797_S1008,ENSP00000369797,False,-0.5964358586174114,-0.9136019164092785,
ENSP00000369797_S1042,ENSP00000369797,False,-0.20179970476543777,-0.15309500429691128,-0.35854839251885495
ENSP00000369797_S1057,ENSP00000369797,False,-0.7184627633289855,0.33227828305692936,
ENSP00000369797_S1061,ENSP00000369797,False,-1.2813137322777186,-0.11482196064256618,0.06557188332125154
ENSP00000369797_S1404,ENSP00000369797,False,-0.15346255639484274,0.03449746419944489,0.0997664862929298
ENSP00000369797_S1101,ENSP00000369797,False,0.3399947248413016,,
ENSP00000369797_S1110,ENSP00000369797,False,-0.5584830423806266,-1.013324506652,-0.6364812598470773
RGL3_S569,RGL3,False,-0.6308853339410742,-0.7374225199462219,
RGL3_S573,RGL3,False,-0.6308853339410742,-0.7374225199462219,
ABRAXAS1_S337,ABRAXAS1,False,0.13163462873502288,0.10201231012125979,0.05436228844968911
ABRAXAS1_S338,ABRAXAS1,False,-0.07998893277529805,0.10201231012125979,0.05436228844968911
CERT1_S373,CERT1,False,-0.10026072050669761,-0.03065501298701419,-0.3088021338256708
CERT1_S377,CERT1,False,-0.1278729134937664,-0.27463561048511226,-0.6351723955556696
CERT1_S125,CERT1,False,0.18332770604480073,0.17668739341697481,
CERT1_S126,CERT1,False,0.18332770604480073,0.17668739341697481,
HAUS6_S552,HAUS6,False,0.15436900719986352,0.4045992815192298,0.0
HAUS6_S908,HAUS6,False,0.3078453234555614,0.3517744006357693,0.24914190328034752
HAUS6_S914,HAUS6,False,0.2792929906975841,0.3517744006357693,0.47466965916094334
SLTM_S1002,SLTM,False,0.05976964254535522,0.03658425215776085,-0.01325130473709582
SLTM_S289,SLTM,False,0.026476385545263173,-0.039203115728760014,0.056687320369803444
SLTM_S294,SLTM,False,-0.7612375930784301,,
SLTM_S550,SLTM,False,0.18810201372207422,0.15071097911212383,-0.04436879738689391
SLTM_S551,SLTM,False,0.09488139149090657,0.0030636430433706543,-0.09166293951557672
SLTM_S553,SLTM,False,0.04559127218568667,0.05258418164259678,0.21382918879728893
SLTM_S543,SLTM,False,0.02212121714864526,,0.2303980754282693
GEMIN8_S185,GEMIN8,False,0.09759892003222398,-0.10076248580477361,0.12789736448606356
CARS1_S117,CARS1,False,-0.15940424523142285,0.07326775041595177,0.11644806230899457
NAP1L4_S5,NAP1L4,False,0.1957794636779442,0.2803536652818805,0.29118534408588626
NAP1L4_S7,NAP1L4,False,0.09382388319913793,-0.06879140277837718,-0.18351566480155296
NAP1L4_S12,NAP1L4,False,0.09304877292543116,0.1385756601173447,0.10953338915504694
NAP1L4_S121,NAP1L4,False,,-0.036762645408304706,
NAP1L4_S125,NAP1L4,False,0.07245357483403483,0.03776461016209167,0.050465003762983685
NAP1L4_S54,NAP1L4,False,,-0.006811146513965639,-0.3472519506857935
BNIP3L_S80,BNIP3L,False,,-0.030604498718527495,-0.2230369690810933
BNIP3L_S25,BNIP3L,False,0.21180371397448428,0.19987853910259956,-0.017621498034099153
BNIP3L_S124,BNIP3L,False,-0.0014145343751804035,,
BNIP3L_S126,BNIP3L,False,-0.0014145343751804035,,
TMSB4X_S2,TMSB4X,False,-1.9268652953697847,-0.34195765101628056,
HADHA_S756,HADHA,False,,-0.2345324314416377,
SMN1_S4,SMN1,False,0.17288564353769464,0.16261030229220033,0.24403458239369338
SMN1_S5,SMN1,False,0.17288564353769464,0.16261030229220033,0.24403458239369338
SMN1_S8,SMN1,False,0.32129934447175484,0.11044726938051436,0.2577348021286451
SMN1_S28,SMN1,False,0.15858578389557168,0.13457130964010197,0.1716209812113208
SMN1_S31,SMN1,False,0.13149609805689214,0.1509859767618543,0.5391635330213884
PSIP1_S129,PSIP1,False,0.6943064444241894,0.08391284816120916,0.018536177257475667
PSIP1_S116,PSIP1,False,0.06377902977057126,-0.008638701653011933,0.20951575109266374
PSIP1_S105,PSIP1,False,0.022329301116842625,-0.000819039898104205,-0.06508348670772375
PSIP1_S106,PSIP1,False,0.09891174085272902,-0.009502135405133977,0.027507629881158274
PSIP1_S273,PSIP1,False,0.19166562709672427,0.2549117665798094,-0.030295070347245275
PSIP1_S275,PSIP1,False,0.18912293272441455,0.24511508913874072,0.04572253573460056
HMGN1_S86,HMGN1,False,0.007053037422028785,-0.01630088473918188,-0.09540257100789142
HMGN1_S89,HMGN1,False,-0.11198932221056059,-0.08417969661771361,-0.1436444886163143
HMGN1_S7,HMGN1,False,-1.0395440383680328,-0.8047339263535808,-0.8104878093226806
HMGN1_S21,HMGN1,False,1.7525345258171736,1.212693837905154,
HMGN1_S25,HMGN1,False,1.7525345258171736,1.212693837905154,
HMGN1_S99,HMGN1,False,,0.18840092460321,-0.0037558918843352052
WRNIP1_S65,WRNIP1,False,0.7094902315836265,0.37265173519076983,-0.12179631721300857
WRNIP1_S75,WRNIP1,False,-0.9795005583271315,-1.0360405388428668,-0.9020117250868551
WRNIP1_S78,WRNIP1,False,,-1.1154411504947483,
WRNIP1_S91,WRNIP1,False,0.8542341321356816,-1.457672603468622,
WRNIP1_S92,WRNIP1,False,0.8542341321356816,-1.457672603468622,
WRNIP1_S153,WRNIP1,False,0.10856224504984124,-0.06419298948679977,-0.17457442415062788
SBF1_S1077,SBF1,False,-0.1940142267087361,-0.15037776253625096,
SHROOM2_S1036,SHROOM2,False,0.20115888017560393,-0.1561722841358679,-0.3621950274287189
SHROOM2_S1039,SHROOM2,False,-0.1885536182296761,-0.21023133284043188,-0.3621950274287189
SHROOM2_S1425,SHROOM2,False,0.187287701345622,0.12917551885100914,0.18871310980270084
SHROOM2_S1427,SHROOM2,False,0.11443218178715575,0.5767639776731255,0.057276965073247615
SHROOM2_S1373,SHROOM2,False,-0.013947019680891097,-0.02042533205296976,-0.0559994404482146
SHROOM2_S1173,SHROOM2,False,-0.2525813056978201,-0.3527335704663468,-0.24841025962797497
NFIB_S328,NFIB,False,-0.26637598763763054,-0.3406806601458093,
NFIB_S276,NFIB,False,-1.2631959967276325,,
NFIB_S295,NFIB,False,0.2623387215209907,0.2319396524224591,0.08658980121868608
SGTB_S295,SGTB,False,0.8628000462321331,0.6720901863367761,0.8576656000180217
SGTB_S297,SGTB,False,0.2215828068608324,-1.4808389089756757,-0.2113379412374373
PFKP_S386,PFKP,False,0.13899811614459545,0.10758032246984556,-0.028715293174377834
NOP56_S519,NOP56,False,-0.14977797378280483,0.2336284969896758,-0.13391388859043643
NOP56_S520,NOP56,False,0.21917898417977444,0.19407789099499673,0.12436220224930546
NOP56_S569,NOP56,False,0.11248194579336285,-0.031694894451573426,0.3737135794487282
NOP56_S570,NOP56,False,0.4454107499489231,0.08608083442243437,0.3774859627799248
NOP56_S563,NOP56,False,-0.6276086894867599,-0.24867911806998358,-1.1261814314710872
NOP56_S554,NOP56,False,-0.12233426620334202,,
MAP3K9_S289,MAP3K9,False,,-0.3607122604841571,
THUMPD1_S86,THUMPD1,False,0.01731778726239293,-0.003783468383232636,0.035297127132132455
THUMPD1_S88,THUMPD1,False,0.01731778726239293,-0.003783468383232636,0.035297127132132455
THUMPD1_S270,THUMPD1,False,,-0.39965411683524876,0.17747136444495093
CCP110_S366,CCP110,False,-0.3493891251155736,-0.017658936411933453,-0.08488656329955163
CCP110_S372,CCP110,False,-0.23297241257914414,0.18635260831403605,-0.3467602166790642
BRD10_S594,BRD10,False,0.19597745864258795,,
BRD10_S606,BRD10,False,0.19597745864258795,,
NFXL1_S65,NFXL1,False,-0.10192324740710475,0.1624678676153039,
SLCO1C1_S517,SLCO1C1,False,,,-0.03923624801662153
ZZEF1_S1537,ZZEF1,False,-1.277777303224628,-1.261948156540846,-0.9177151311542393
ZZEF1_S1540,ZZEF1,False,-1.277777303224628,-1.261948156540846,-0.9177151311542393
ZZEF1_S1518,ZZEF1,False,-1.158751428693752,-1.0690886035030656,
BAIAP2L2_S465,BAIAP2L2,False,-0.40602785769459965,-0.5106835998875732,-0.5313586402492948
BAIAP2L2_S429,BAIAP2L2,False,0.0622699264693418,-0.24830117715259645,0.19813398059573573
BAIAP2L2_S478,BAIAP2L2,False,0.32304978698286574,0.24995120220761594,0.23079755516720496
BAIAP2L2_S481,BAIAP2L2,False,,1.0216218578515188,
BAIAP2L2_S461,BAIAP2L2,False,-0.23193219676759472,-0.04602709194782502,
FKBP1A_S9,FKBP1A,False,,,0.07505336460450727
LIMCH1_S53,LIMCH1,False,,,0.5247657903866971
LIMCH1_S56,LIMCH1,False,,,0.5247657903866971
LIMCH1_S15,LIMCH1,False,-0.18890716132585408,,
LIMCH1_S72,LIMCH1,False,-0.240656649341478,,0.2746230693075653
LIMCH1_S77,LIMCH1,False,0.1595187648836894,0.019581789401966823,0.04987359877111928
LIMCH1_S79,LIMCH1,False,0.17444405482949,-0.043993496361586636,0.20764309741052348
LIMCH1_S63,LIMCH1,False,0.0467998581876749,0.04276844502590319,0.19185049712114635
LIMCH1_S708,LIMCH1,False,-0.5737926766105377,-0.6911801237397267,-0.8707037927606723
LIMCH1_S806,LIMCH1,False,0.02005032444548155,0.14936364230908836,0.27654179471016826
LIMCH1_S211,LIMCH1,False,0.09218356959505332,-0.1236429958614086,-0.5230233024720706
LIMCH1_S143,LIMCH1,False,-0.8042384837446033,-0.588800231203928,-0.9293358992212103
LIMCH1_S149,LIMCH1,False,-0.7461820220150353,-1.0604476313532292,
LIMCH1_S552,LIMCH1,False,-0.6234651127998282,-0.25473684805582536,-0.4232721784803579
MTMR6_S556,MTMR6,False,,-0.7675104435160963,-0.8423870875210459
MTMR6_S561,MTMR6,False,-0.8626331388845858,-0.7815535886970588,
RAD21L1_S495,RAD21L1,False,-0.033938744478414,,
PLPP6_S61,PLPP6,False,0.08553229242519246,0.3085604128383774,0.607983163361181
PLPP6_S63,PLPP6,False,0.08553229242519246,0.3085604128383774,0.607983163361181
CPAP_S260,CPAP,False,-0.08761047442500584,-0.12188881337931357,0.1469158480872752
CPAP_S467,CPAP,False,-0.12429856005700561,0.48923463453201754,
CPAP_S469,CPAP,False,-0.12429856005700561,-0.019184999256935897,0.0732791025548286
PGM2_S165,PGM2,False,0.27405044905162396,0.12239397240307166,0.04668757362939866
ENSP00000371419:map.13/25009297/T:p.P1328T:n.G25009297T:c.Ccc/Acc_S1335,ENSP00000371419:map.13/25009297/T:p.P1328T:n.G25009297T:c.Ccc/Acc,False,0.1690190755175984,0.15169848400653846,0.3564678155016876
ENSP00000371419:map.13/25009297/T:p.P1328T:n.G25009297T:c.Ccc/Acc_S1236,ENSP00000371419:map.13/25009297/T:p.P1328T:n.G25009297T:c.Ccc/Acc,False,0.5050779147516145,0.3215818065212827,
STIM2_S634,STIM2,False,,1.3978577120585416,
STIM2_S639,STIM2,False,,1.3978577120585416,
STIM2_S629,STIM2,False,-0.10032937411107079,0.4425454561053042,0.25447310795273254
STIM2_S526,STIM2,False,0.8446266846698077,,
STIM2_S531,STIM2,False,-0.9403955259533224,0.18214624714342237,-0.2543926280119876
SPATA13_S703,SPATA13,False,-0.07914184704621209,-0.1900880862834239,-0.4212553307428338
SPATA13_S252,SPATA13,False,,,0.06832686143450555
SPATA13_S254,SPATA13,False,0.15918495857108542,-0.05150280439819901,0.10411710283728445
KANK1_S28,KANK1,False,,-0.7099996721688213,-0.7365809267753419
KANK1_S167,KANK1,False,-0.27106591724955986,-0.16893974323742408,-0.15171144266443365
KANK1_S723,KANK1,False,-0.06966933301455816,-0.0931582994213025,-0.3883331033263541
FSCN1_S39,FSCN1,False,0.1740228420554138,-0.1588547780673246,
ARHGAP5_S968,ARHGAP5,False,-0.5616226004967926,-0.6576611463818057,-0.8423078342668737
ARHGAP5_S1218,ARHGAP5,False,-0.20623886492348864,-0.29653531110088444,-0.23397795752801992
ARHGAP5_S1195,ARHGAP5,False,-0.38879445274758656,-0.36222032233283313,-0.7470848852437424
ARHGAP5_S1202,ARHGAP5,False,-1.1787690496434893,-1.2906286859420564,-1.2917317219603826
ARHGAP5_S1124,ARHGAP5,False,,-1.2982150972194493,-1.3428905285404686
ARHGAP5_S1173,ARHGAP5,False,-0.21483646603900872,1.48666611050664,-0.06837347816059308
ARHGAP5_S1176,ARHGAP5,False,-0.1357143112896123,-0.07834489922131556,-0.09174245318327813
CBARP_S342,CBARP,False,0.08103952323019388,0.1658154881323355,0.7496198584430247
CBARP_S348,CBARP,False,0.17296704962772833,0.40403113962182524,0.6337168530897244
CBARP_S548,CBARP,False,-0.4802367012421013,-0.08946004877218458,
CBARP_S319,CBARP,False,-0.03101208954686475,-0.22074846098974168,-0.08395919275174274
CBARP_S416,CBARP,False,,-0.3077692217838517,
CBARP_S419,CBARP,False,,-0.3077692217838517,
ENSP00000441817_S380,ENSP00000441817,False,,0.4720717994160677,
CLCN7_S61,CLCN7,False,-0.1597341745594148,-0.26837498018576256,0.10822334117387104
EEF1AKMT1_S2,EEF1AKMT1,False,-0.048302813094038395,-0.10878965869885059,-0.06447311337824634
ZMYM2_S305,ZMYM2,False,-0.13458484597695852,-0.10864780060093847,-0.15042806464667471
ENSP00000399165_S363,ENSP00000399165,False,-0.9669228570650029,-0.26226045696879513,
ENSP00000399165_S225,ENSP00000399165,False,,0.10554399219892611,
NSD2_S121,NSD2,False,-0.14184390217003445,-0.2527206855654619,-0.39167874546734605
NSD2_S437,NSD2,False,-0.15080134823529667,0.0008653574432532448,0.1087586143609367
ZBTB38_S309,ZBTB38,False,-0.15092948670755424,,
STAG1_S1138.1,STAG1,False,-0.12034127888826414,-0.10266662525579605,
STAG1_S1142.1,STAG1,False,-0.12034127888826414,-0.10266662525579605,
DDX39B_S184,DDX39B,False,0.43114153536118577,0.07819481384867917,
SETMAR_S369,SETMAR,False,-1.8056103163318649,,
GOLM1_S307,GOLM1,False,-0.22972065679027354,,
GOLM1_S309,GOLM1,False,-0.22972065679027354,,
GOLM1_S187,GOLM1,False,-0.01604648538912611,0.19264902744556603,0.14670624204417249
ENSP00000373522_S247,ENSP00000373522,False,-0.09244983747170306,-0.06206499060667694,-0.022488596501594495
ENSP00000373522_S17,ENSP00000373522,False,-0.021643200999908203,-0.3616492825825364,-0.23737053995871854
ENSP00000457687_S608,ENSP00000457687,False,0.5170236720645808,,
ENSP00000457687_S619,ENSP00000457687,False,-0.022120207846759388,,
ENSP00000457687_S630,ENSP00000457687,False,-0.022120207846759388,,
ENSP00000373657:map.17/3743450/A:p.S100L:n.G3743450A:c.tCg/tTg_S415,ENSP00000373657:map.17/3743450/A:p.S100L:n.G3743450A:c.tCg/tTg,False,0.17793700716716768,0.23723807213947135,0.10552693088808288
TRIP12_S142,TRIP12,False,,,-0.3325347304646535
TRIP12_S1039,TRIP12,False,-0.24929105490645156,-0.18800143365162805,0.36654076483924625
TRIP12_S1045,TRIP12,False,-0.18979830918257215,0.07865935732899644,0.24139950948314173
TRIP12_S309,TRIP12,False,,0.14925936549962288,
TRIP12_S117,TRIP12,False,,,0.26014612650896735
TRIP12_S119,TRIP12,False,-0.33984368887050154,-0.10051508439738506,-0.2857940539405549
TRIP12_S45,TRIP12,False,,-0.28645665319670954,-0.24142391790228934
TRIP12_S352,TRIP12,False,0.15456225517887112,-0.29151987501332965,-0.26931962479694177
TRIP12_S354,TRIP12,False,-0.10103116117527522,-0.11795174026115927,-0.3277746085994836
TRIP12_S1424,TRIP12,False,-0.2339986738498348,0.012140671500958357,
TRIP12_S1296,TRIP12,False,,,-0.2358577017889145
TRIP12_S1298,TRIP12,False,,-0.1571485450151397,-1.3914178222807534
TRIP12_S1365,TRIP12,False,-0.11968278606328098,,
TRIP12_S1370,TRIP12,False,-0.11968278606328098,,
TRIP12_S1064,TRIP12,False,-0.079372461928851,-0.018740789940278956,-0.018843130863418302
DCP2_S284,DCP2,False,-0.36242668895530505,-0.612105704839633,-0.41836915983394113
DCP2_S246,DCP2,False,-0.13577473454315842,-0.2519626408529673,-0.14918457812717514
DCP2_S247,DCP2,False,-0.13577473454315842,-0.2519626408529673,-0.14918457812717514
DCP2_S249,DCP2,False,-0.13577473454315842,-0.2519626408529673,-0.14918457812717514
RNF20_S136,RNF20,False,0.0006209496992100443,-0.03803857337305264,-0.0694957031212453
RNF20_S138,RNF20,False,-0.07262727317198643,-0.04723867202861661,-0.049826363673104765
FAM169A_S575,FAM169A,False,0.11633115106714177,0.04233538078092613,0.01393281362657247
FAM169A_S576,FAM169A,False,0.11633115106714177,0.04233538078092613,0.01393281362657247
FAM169A_S577,FAM169A,False,0.3762041741307584,0.14241597654507443,0.7951266245684835
FAM169A_S318,FAM169A,False,-0.017875500896845475,0.1257833316273236,0.025454096427749127
FAM169A_S319,FAM169A,False,-0.017875500896845475,-0.14678677305079163,0.025454096427749127
PLEKHM3_S152,PLEKHM3,False,0.3171055922375845,0.1877855643288255,0.08856231856542954
GARS1_S335,GARS1,False,-0.5915924683257925,-0.018784150672575977,-0.11353569509668615
ATXN7L3_S35,ATXN7L3,False,0.3471922489498138,,
ATXN7L3_S36,ATXN7L3,False,0.3471922489498138,,
ATXN7L3_S63,ATXN7L3,False,0.040541793862846835,,0.16748638996564932
SMG1_S3460,SMG1,False,-0.0277179387479289,-0.033203352378181596,-0.047648413059615945
SMG1_S3446,SMG1,False,0.177838477612203,0.1737502468473599,0.3324069060814796
TANC2_S1458,TANC2,False,-0.6076762883419643,-0.3836799472006498,-0.42912626032878726
TANC2_S1530,TANC2,False,-0.7372655667961459,-0.67368190040035,-0.5728488579538169
TANC2_S1534,TANC2,False,-0.7372655667961459,-0.6975655251139683,-0.5405357195817198
TANC2_S22,TANC2,False,,,-1.5188250776832135
TANC2_S1442,TANC2,False,-0.1066742607489785,-0.2369460543413535,-0.2790211548556476
TANC2_S1446,TANC2,False,-0.2187829891877079,-0.2337172567628875,-0.2790211548556476
TANC2_S398,TANC2,False,-0.4866104014250413,-0.09147911867985611,
TANC2_S400,TANC2,False,-0.3456057081803095,-0.26723409892685107,-0.2921652454197931
TANC2_S404,TANC2,False,-0.24759891702435763,-0.06446070248959014,-0.0406570641510609
TANC2_S1579,TANC2,False,-0.08325715374152251,-0.07129502842703782,-0.0010108252645387814
SUN1_S88,SUN1,False,,-0.4646636503867002,
RTF1_S697,RTF1,False,0.343357903768758,0.3984624951033587,0.5689922715004496
TRMT44_S32,TRMT44,False,-0.6566262910916871,-0.3260433354153034,-0.6365036871921615
PKP4_S273,PKP4,False,0.796031141715675,1.9178136227933105,
PKP4_S281,PKP4,False,,1.9178136227933105,
PKP4_S327,PKP4,False,0.06795980577717461,0.23471300568120207,0.23633953916837358
SQSTM1_S355,SQSTM1,False,0.27847853495599784,0.0553345017510994,-0.3413177898087858
SQSTM1_S361,SQSTM1,False,0.1544535926798724,0.24110797493405445,0.06860202737867153
SQSTM1_S365,SQSTM1,False,,0.12730298334151588,0.06860202737867153
SQSTM1_S366,SQSTM1,False,-0.07714173577993427,0.09491004271272019,0.02587717340853042
SQSTM1_S272,SQSTM1,False,-0.031312374360637156,-0.07693177540523101,-0.12125846891172348
TMEM87A_S540,TMEM87A,False,-0.30612013145677286,0.07975755542883832,-0.018245025141467145
ENSP00000465516_S615,ENSP00000465516,False,,0.009777121611529915,
UVSSA_S287,UVSSA,False,0.034779158048019,,
CCNK_S340,CCNK,False,-0.03705465319020044,0.051468753682603056,-0.012779068927779795
CCNK_S324,CCNK,False,-0.4492672415666196,-0.37587485496599476,-0.1007363796827616
CCNK_S329,CCNK,False,-0.5359991928557595,-0.4750884671304858,-0.198495851547729
DDX42_S109,DDX42,False,-0.023668060499823906,0.026223951156864267,-0.05183795046712103
DDX42_S111,DDX42,False,-0.023668060499823906,0.02337923214312405,-0.05183795046712103
DDX42_S104,DDX42,False,0.008200013832136126,-0.10468450837135412,0.04110277181912811
ENSP00000405407_S1951,ENSP00000405407,False,0.048375704538976265,-0.3190815821885445,
BCAS3_S555,BCAS3,False,-0.059929812289967424,0.08283881472489178,-0.1509935602118511
ENSP00000375387_S247,ENSP00000375387,False,,-0.5272834950244822,
ENSP00000375387_S485,ENSP00000375387,False,0.1578198394788626,,
ENSP00000375387_S488,ENSP00000375387,False,0.1578198394788626,,
ENSP00000477480_S249,ENSP00000477480,False,,,0.046281503211910255
ENSP00000477480_S252,ENSP00000477480,False,,,0.046281503211910255
ENSP00000477480_S180,ENSP00000477480,False,-0.024971520635277505,0.10183984789996978,1.0597013721463018
PTOV1_S53,PTOV1,False,-0.1995769391744604,-0.13782621119025776,-0.06146372592352062
PTOV1_S36,PTOV1,False,-0.09864010542527492,-0.05328745043321805,-0.10213168300146568
ATG16L1_S269,ATG16L1,False,-0.2015927449468886,0.03294716409912902,
ATG16L1_S287,ATG16L1,False,-1.2147594023305774,-1.1748167293972436,-1.2529829439941451
C19orf47_S84,C19orf47,False,1.0945063386814924,,
AFDN_S1165,AFDN,False,-0.5328467518162016,-0.5072717314600843,-0.23663912819242583
AFDN_S1718,AFDN,False,-0.49449423671694664,-0.7491296225492929,-0.4052844370705959
AFDN_S1090,AFDN,False,,0.3630028229886795,
AFDN_S1698,AFDN,False,-0.3581765562320929,,-0.56823799204402
AFDN_S1701,AFDN,False,-0.26035924561935975,,
AFDN_S1258,AFDN,False,0.03261648648763231,-0.06385730788178043,0.33376711899466355
AFDN_S1066,AFDN,False,-0.10544218768730869,0.4558581031069129,-0.10383597712774391
XRCC5_S145,XRCC5,False,-0.18007027510539986,0.013926706042921724,-0.44978884243460926
FAM117B_S449,FAM117B,False,-0.02863426554285231,-0.07660738673589015,-0.2067533531253239
FAM117B_S136,FAM117B,False,-0.6739740033839174,-0.2820878303555712,-0.23095613802252282
FAM117B_S10,FAM117B,False,0.18845094117058556,0.22477939317169043,0.2826319666515877
FAM117B_S219,FAM117B,False,0.0676387168753633,-0.1402212339851353,
FAM117B_S220,FAM117B,False,-0.1045672013574213,-0.028623103363683552,0.23094077612394048
FAM117B_S273,FAM117B,False,0.10391264972783672,0.3095238456688977,0.3229469329152139
FAM117B_S457,FAM117B,False,,0.1309308698264487,
SUMO1_S2,SUMO1,False,0.2671260977632366,0.2167212885935386,0.2236014034748581
CSNK1D_S382,CSNK1D,False,,0.09909317921910914,
CSNK1D_S401,CSNK1D,False,-0.04783047029872324,-0.09392033914745197,-0.0506966638042917
RAN_S135,RAN,False,0.2814228188511612,0.2908736079335182,0.06364099264269589
UBE2E3_S8,UBE2E3,False,-0.3572522257027232,-0.34967658706150867,
TRA2A_S158,TRA2A,False,0.06674188089702925,-0.024629223905765895,0.04873843980405616
TRA2A_S160,TRA2A,False,0.06674188089702925,-0.024629223905765895,0.04739438026070332
CIT_S2013,CIT,False,-0.1924087540943035,-0.005526839420282923,-0.379303334231527
CIT_S2035,CIT,False,0.00928677559501534,0.25754875585063997,
CIT_S480,CIT,False,,0.04893340254466426,
HNRNPA3_S358,HNRNPA3,False,0.2142875397873024,0.16399685246056564,0.23948636657764463
TAOK3_S324,TAOK3,False,-0.016088643123446753,-0.09705431221858857,-0.1272783526051733
TAOK3_S331,TAOK3,False,0.025042792022282934,0.07032755635913145,0.07929276727285353
TAOK3_S442,TAOK3,False,0.3246680511018349,0.41586215370585267,0.10995638140255633
INF2_S589,INF2,False,,-0.024912806472890778,
INF2_S1229,INF2,False,,0.37206058233216077,
CEP112_S171,CEP112,False,-0.42115642535706604,0.1316204864760992,0.13658515284762576
CEP112_S173,CEP112,False,-0.42115642535706604,0.1316204864760992,0.13658515284762576
GRK5_S484,GRK5,False,0.19526420483596732,0.09539526890970905,0.14792955590537393
XRN1_S1633,XRN1,False,,-0.38864661873031203,-0.02398837346940896
SLC35G2_S409,SLC35G2,False,-0.4705451250875039,-0.37631144231273783,-0.3833562110988108
CALD1_S395,CALD1,False,,0.9520103404470301,0.632082049289707
CALD1_S7,CALD1,False,0.5589584740006834,,
CALD1_S528,CALD1,False,0.1771961510818969,0.13459329600409622,0.11053554156054564
CALD1_S196,CALD1,False,0.09824181123628743,-0.503313625832935,0.1447838133347547
CALD1_S12,CALD1,False,,1.5612039207699202,0.31880850322583887
ENSP00000376894_S235,ENSP00000376894,False,-0.899644618602518,-0.9143571828662399,-0.8682155589811509
ENSP00000376894_S237,ENSP00000376894,False,-0.5476198042270903,0.33174165773629033,-0.8359346059666142
ENSP00000376894_S240,ENSP00000376894,False,-0.21494333413675343,-0.3782354303296019,
MDM2_S197,MDM2,False,,-0.4060804913963949,-0.6634195332510514
CAV1_S6,CAV1,False,-0.02705499710393959,0.02065097822849318,-0.09384958884751732
ENSP00000413338_S178,ENSP00000413338,False,-0.3103450375241585,-0.16512701081083894,-0.06294191516868546
ENSP00000413338_S183,ENSP00000413338,False,-0.16315346538439301,-0.16512701081083894,
NPM1_S254.1,NPM1,False,0.28355539788021233,0.2929847458954411,0.4718161073830774
ENSP00000457200_S170,ENSP00000457200,False,0.14084039624843078,0.15406921055357703,0.2226564277802369
ENSP00000457200_S6,ENSP00000457200,False,4.839052580693005,,
ENSP00000457200_S9,ENSP00000457200,False,-0.6232215281950229,0.34660363600666194,1.3552982333479544
PHLDB2_S71,PHLDB2,False,-0.17489806069112235,-0.23756334714116012,-0.11497080165175505
PHLDB2_S73,PHLDB2,False,-0.042798228932520437,-0.10103689215679203,-0.11497080165175505
PHLDB2_S157,PHLDB2,False,-0.7757028764860006,-0.251700122310456,-0.19352619220509243
PHLDB2_S212,PHLDB2,False,0.2092056117853028,1.0636219448491786,1.895923001923769
PHLDB2_S415,PHLDB2,False,-0.3353390077578834,-0.5526504573902634,-0.6244020848099482
PHLDB2_S418,PHLDB2,False,-1.0589858524091476,-0.7619214235043268,-0.4538588458812485
PHLDB2_S489,PHLDB2,False,-0.03370760446679969,-0.16538585693389932,0.11437488054046689
PHLDB2_S200,PHLDB2,False,-0.6472866658015378,-0.3497410051593023,-0.9250835979475384
PHLDB2_S204,PHLDB2,False,-0.13741998456156201,-0.26012225864549265,-0.1524392523370765
PHLDB2_S330,PHLDB2,False,,-0.37995792840464976,-0.26681922712469874
PHLDB2_S334,PHLDB2,False,,-0.37995792840464976,-0.26681922712469874
ESYT1_S820,ESYT1,False,0.043131634804477625,-0.09390482134799603,-0.10571381357036942
TBC1D23_S469,TBC1D23,False,,-0.01401875148006992,
ENSP00000437457_S262,ENSP00000437457,False,-1.415761715605404,-1.8111686733351928,-1.5873927650393451
ENSP00000437457_S265,ENSP00000437457,False,-1.415761715605404,-1.7686561148385682,-1.4865555580718581
SIPA1_S74,SIPA1,False,,,-0.5548030176182911
SIPA1_S55,SIPA1,False,-0.14987891048582364,-0.28886361312632963,-0.4221940749436164
SIPA1_S67,SIPA1,False,-0.49722046302646,-0.05384637368285186,0.19572554751205637
SIPA1_S839,SIPA1,False,-0.28066389167447736,-0.37455274345776624,
SYNPO_S140,SYNPO,False,,,0.06860202737867153
PABIR1_S76,PABIR1,False,-0.11723601201771139,-0.09190313211801938,-0.2366229250241582
PABIR1_S143,PABIR1,False,0.11838446401383272,0.08809698011262646,0.005906636879017185
PABIR1_S147,PABIR1,False,-0.649696814831013,-0.17277151056383078,-0.03481860441073764
PABIR1_S62,PABIR1,False,0.3263703815713006,0.5154502965958695,0.29295163675573066
PABIR1_S37,PABIR1,False,0.025395498657848598,0.16785666743021718,0.175154561164761
ENSP00000377831_S146,ENSP00000377831,False,0.28321061798453095,0.3073119390641877,0.03773362744651491
ENSP00000377831_S156,ENSP00000377831,False,0.28321061798453095,0.3073119390641877,0.2558381786465442
SRSF5_S231,SRSF5,False,0.06887714085030783,0.08787013294105718,
SRSF5_S233,SRSF5,False,0.06887714085030783,0.08787013294105718,
CIAPIN1_S183,CIAPIN1,False,,0.15829883145279003,0.14930725493653185
ENSP00000377928_S23,ENSP00000377928,False,-0.4723727166124852,-0.5023363042966573,-0.6397076690110258
ENSP00000377928_S25,ENSP00000377928,False,-1.2346349924501947,-1.4448120938365967,-0.22512651303819362
ENSP00000377928_S29,ENSP00000377928,False,-0.47000993044937833,-0.06906205357669694,-0.31497378153413413
ENSP00000377928_S48,ENSP00000377928,False,-0.1330847510423583,-0.15041546302096986,-0.1419234916728815
ENSP00000377928_S50,ENSP00000377928,False,-0.1330847510423583,-0.15041546302096986,-0.1419234916728815
ENSP00000377928_S80,ENSP00000377928,False,-0.08291999649929534,-0.19862712811298178,-0.39454484679975965
KIF7_S895,KIF7,False,0.08447251693690148,-0.0002164204880757452,0.1386834279792717
UTP14A_S453,UTP14A,False,0.3310631099507038,0.820485342986379,0.08037077669071263
UTP14A_S29,UTP14A,False,0.11536963025488535,0.05477154579075542,0.1575530069554292
UTP14A_S31,UTP14A,False,0.11536963025488535,0.05477154579075542,0.1575530069554292
UTP14A_S405,UTP14A,False,-0.06194215322298759,-0.15083233323217024,-0.031437302737728094
UTP14A_S407,UTP14A,False,-0.06194215322298759,-0.15083233323217024,-0.031437302737728094
UTP14A_S445,UTP14A,False,0.13185375323746917,0.015238336152738466,0.3669236489785181
UTP14A_S14,UTP14A,False,0.2612242593221388,,
GTF2F1_S385,GTF2F1,False,0.1484032057575301,-0.06731162223452024,0.23379851208512858
GTF2F1_S433,GTF2F1,False,0.24080379057957624,0.21230155091075908,0.47894792591576624
GTF2F1_S442,GTF2F1,False,0.49364733397521016,0.21088754922081027,0.1877677470460248
RPL34_S12,RPL34,False,0.44366046776760476,0.5452119790877178,-0.009283772255054161
BRD7_S279,BRD7,False,0.3537465429849706,0.40923362200606417,0.2375716255605262
BRD7_S289,BRD7,False,0.30834957136425384,0.25352056254337024,0.10979710753289657
TGFB1I1_S137,TGFB1I1,False,-0.4732863093853181,-0.5091540172675538,-0.4837689060357597
TGFB1I1_S141,TGFB1I1,False,-0.4252058306205244,-0.4187622575675729,-0.4837689060357597
CDC23_S578,CDC23,False,0.11908940945294681,-0.3175885093005404,
CDC23_S588,CDC23,False,-0.2965947985296645,-0.22466592135230987,-0.19170801546372132
CDC23_S593,CDC23,False,,0.06244527203697928,0.008165826783811728
ENSP00000420880:map.5/137521715/A:p.D713N:n.G137521715A:c.Gac/Aac_S514,ENSP00000420880:map.5/137521715/A:p.D713N:n.G137521715A:c.Gac/Aac,False,-0.19016050573846374,-0.08183124415670893,-0.056461193013845674
LIMA1_S363,LIMA1,False,-0.03833134184398277,-0.040821766774345646,-0.002815993641867187
SOS1_S1260,SOS1,True,-0.27961645610186964,-0.25384851984019585,-0.2946147752448407
SOS1_S1250,SOS1,True,-1.4664167183129606,,
SOS1_S1119,SOS1,True,-1.060725487128103,-1.073675715848163,-1.1445859833044594
SOS1_S1122,SOS1,True,-1.32053826543496,-1.213016567327205,-1.2358839622554323
SOS1_S1195,SOS1,True,,-2.066185673914833,
MSANTD3_S274,MSANTD3,False,0.10956115195305141,-0.0728130170032282,
MSANTD3_S98,MSANTD3,False,-0.19543241529249006,-0.032837472435620615,-0.01135146457046507
FZR1_S138,FZR1,False,-0.2550348284951859,0.08804815076831729,-0.2176753151296805
FZR1_S151,FZR1,False,-0.2550348284951859,,
KTN1_S75,KTN1,False,-0.022783046076297674,-0.030252306852058042,-0.052448916046964916
KTN1_S77,KTN1,False,3.588776634341125e-05,0.05511709511053482,1.7193587003041437
KTN1_S79,KTN1,False,,0.046979908144409395,
MAPK1IP1L_S2,MAPK1IP1L,False,0.7033803429076738,0.808463327566303,1.023258563093665
MAPK1IP1L_S6,MAPK1IP1L,False,,,0.4417822887255721
MAPK1IP1L_S15,MAPK1IP1L,False,1.0216618735282965,1.1075454167954333,1.3455687378731533
SNTB1_S87,SNTB1,False,-0.875172640800792,-0.09955302893558886,0.04446714442995921
SNTB1_S225,SNTB1,False,,,-2.8884344550404824
SNTB1_S389,SNTB1,False,,-0.0030183879507345536,
PURB_S6,PURB,False,0.1571730940334645,,
PURB_S8,PURB,False,0.1571730940334645,,
PURB_S101,PURB,False,0.08149062236472074,0.03566045835265048,0.09535281445413425
PURB_S304,PURB,False,0.0703677076115271,0.061081769504668225,-0.018805962188432
ENSP00000379156:map.17/17046024/A:p.P327Q:n.C17046024A:c.cCa/cAa_S1016,ENSP00000379156:map.17/17046024/A:p.P327Q:n.C17046024A:c.cCa/cAa,False,0.31007638176790503,0.398928650180504,0.27981373542178245
GLI3_S664,GLI3,False,0.2668877141782559,0.39306017036551194,0.023042392665863817
ANXA2_S164,ANXA2,False,,-0.2490334022664519,
JMY_S115,JMY,False,,1.322272533987018,1.1402608160096597
ENSP00000379625_S257,ENSP00000379625,False,-0.683135985996124,-0.2927756177869514,-0.29463247083645466
CDKN1B_S10,CDKN1B,False,-0.4159956337654251,-0.2648389538633808,-0.2658746557854197
ENSP00000473601_S1564,ENSP00000473601,False,-1.6677217169430707,-1.0919095811747366,-1.608936205425565
ENSP00000473601_S1566,ENSP00000473601,False,-1.6677217169430707,-1.0919095811747366,
ENSP00000473601_S1088,ENSP00000473601,False,-0.2428673370017867,-0.5249566340526414,-0.17067462531737626
ENSP00000473601_S1090,ENSP00000473601,False,-0.0841344001319762,-0.11293426217419296,-0.11029095098121584
ENSP00000473601_S757,ENSP00000473601,False,-0.13544671243571482,,
ETV6_S22,ETV6,False,0.13127188493785322,0.12759823053826763,0.1826399450731144
ETV6_S213,ETV6,False,-0.0618758255380632,0.06350294230615795,0.24450766225876455
ETV6_S271,ETV6,False,,0.06915220186942299,
ARHGAP21_S1713,ARHGAP21,False,-2.53137849214039,-3.247073665792147,-2.0567113955510368
ARHGAP21_S1717,ARHGAP21,False,-2.5198489067381433,-3.247073665792147,-2.9817646515762712
ARHGAP21_S924,ARHGAP21,False,-1.3557191433131404,-1.2920622129210246,
ARHGAP21_S857,ARHGAP21,False,-0.5196436734080768,-0.5343861609722524,-1.3854602389081752
ARHGAP21_S477,ARHGAP21,False,-0.03787413295971401,0.04559043535366766,-0.29015437641691244
ARHGAP21_S881,ARHGAP21,False,-0.34882924553017497,-0.13477831122407744,-0.6480674349825993
ARHGAP21_S443,ARHGAP21,False,0.3289513239120089,0.44470211460074843,-0.11193131722872735
ARHGAP21_S459,ARHGAP21,False,0.24342536189526542,0.44829127304413463,-0.11315298697430382
OSBPL10_S209,OSBPL10,False,-1.6667066091354916,-1.22765965139668,-1.4437699570483236
OSBPL10_S223,OSBPL10,False,-0.5381173470379417,0.10420868608733941,-0.8074070448662226
OSBPL10_S64,OSBPL10,False,,,0.7554003692292638
PDE7A_S84,PDE7A,False,0.2612299089870458,0.08705543454337573,
RPS8_S160,RPS8,False,0.09693648250295708,,-0.22980524504868297
TMEM106B_S33,TMEM106B,False,0.18916037103637567,0.3303986966743257,-0.013975048678288781
BICRA_S1413,BICRA,False,-0.43095022497031293,-0.06658772470996324,0.38799366178570177
ENSP00000410504_S64,ENSP00000410504,False,-0.08221774449878062,-0.03243013250726929,-0.16003953075365002
ENSP00000410504_S57,ENSP00000410504,False,-0.05163104893359769,-0.020728363121215957,-0.1398768825491782
MOCS2_S20,MOCS2,False,,-0.39257262203396714,
ZSCAN29_S153,ZSCAN29,False,,0.008486888965491164,-1.112131642587107
ENSP00000380227:map.2/182395345/A:p.R878Q:n.G182395345A:c.cGg/cAg_S1021,ENSP00000380227:map.2/182395345/A:p.R878Q:n.G182395345A:c.cGg/cAg,False,0.04006132792520054,0.3241579617862465,0.002603139465493509
HRH1_S275,HRH1,False,-1.1859008097254466,-0.4596344136233167,0.7020368959126836
HRH1_S230,HRH1,False,-0.26366130522962916,-0.3770865985653998,-0.23276896297612443
HRH1_S233,HRH1,False,-0.26366130522962916,-0.3770865985653998,-0.23276896297612443
ENSP00000380318_S15,ENSP00000380318,False,0.517633327302538,0.10192590663824587,0.5576796588916856
NGDN_S143,NGDN,False,0.32877815775984853,0.26749263013502295,0.27430255011172044
AGAP3_S574,AGAP3,False,-0.7125630882640199,-0.28586539948335565,-0.7907435940056571
ENSP00000380414_S51,ENSP00000380414,False,0.28523309552263654,0.3046634013958445,0.22229499308065778
ENSP00000471457:map.19/17311226/A:p.G1455S:n.G17311226A:c.Ggc/Agc_S717,ENSP00000471457:map.19/17311226/A:p.G1455S:n.G17311226A:c.Ggc/Agc,False,-0.1080626297170251,-0.21562435259309964,-0.006079498007984491
ENSP00000471457:map.19/17311226/A:p.G1455S:n.G17311226A:c.Ggc/Agc_S1972,ENSP00000471457:map.19/17311226/A:p.G1455S:n.G17311226A:c.Ggc/Agc,False,-0.198295003334722,-0.21495198701496143,0.35049724708413316
ENSP00000471457:map.19/17311226/A:p.G1455S:n.G17311226A:c.Ggc/Agc_S1935,ENSP00000471457:map.19/17311226/A:p.G1455S:n.G17311226A:c.Ggc/Agc,False,-0.6123948310287869,-0.3909333173695291,-0.2203176237232076
ENSP00000471457:map.19/17311226/A:p.G1455S:n.G17311226A:c.Ggc/Agc_S1992,ENSP00000471457:map.19/17311226/A:p.G1455S:n.G17311226A:c.Ggc/Agc,False,-0.08433378539612117,,
ENSP00000471457:map.19/17311226/A:p.G1455S:n.G17311226A:c.Ggc/Agc_S1354,ENSP00000471457:map.19/17311226/A:p.G1455S:n.G17311226A:c.Ggc/Agc,False,0.19261708339881803,0.26755710671674104,-0.09458029493374934
ENSP00000471457:map.19/17311226/A:p.G1455S:n.G17311226A:c.Ggc/Agc_S1114,ENSP00000471457:map.19/17311226/A:p.G1455S:n.G17311226A:c.Ggc/Agc,False,-0.15428492295870697,-0.20724015805326412,0.0951666490383659
ENSP00000471457:map.19/17311226/A:p.G1455S:n.G17311226A:c.Ggc/Agc_S1115,ENSP00000471457:map.19/17311226/A:p.G1455S:n.G17311226A:c.Ggc/Agc,False,-0.28812919890558575,-0.37291015627092045,0.13117282563399513
ENSP00000471457:map.19/17311226/A:p.G1455S:n.G17311226A:c.Ggc/Agc_S1122,ENSP00000471457:map.19/17311226/A:p.G1455S:n.G17311226A:c.Ggc/Agc,False,0.14412744669027344,0.28482523997063647,0.28723127868062753
ENSP00000471457:map.19/17311226/A:p.G1455S:n.G17311226A:c.Ggc/Agc_S1290,ENSP00000471457:map.19/17311226/A:p.G1455S:n.G17311226A:c.Ggc/Agc,False,-0.3001697855500918,-0.2385412392650088,-0.37337925586763965
ENSP00000471457:map.19/17311226/A:p.G1455S:n.G17311226A:c.Ggc/Agc_S1267,ENSP00000471457:map.19/17311226/A:p.G1455S:n.G17311226A:c.Ggc/Agc,False,-0.242931085420671,-0.25797776084837915,-0.11263070472111794
PLAA_S50,PLAA,False,-0.8930803626422544,-0.17117901663849025,-0.32501515601047004
DDX51_S83,DDX51,False,0.006039952159690355,-0.10471389971495128,0.026204134962935145
STK24_S4,STK24,False,0.01210307513958527,-0.046415856928548264,0.034459178612715406
SUDS3_S234,SUDS3,False,-0.20003989638516098,-0.24429702495334563,-0.28901285563526047
SUDS3_S237,SUDS3,False,-0.3191764182728255,-0.2923376437962248,-0.2914154815615176
CDYL_S147,CDYL,False,-0.09884223189497338,-0.08732664859699864,-0.024910833811004843
MORC2_S777,MORC2,False,0.10836210350232434,0.027147595706533845,0.04954430144863468
MORC2_S779,MORC2,False,0.10836210350232434,0.027147595706533845,0.04954430144863468
MORC2_S739,MORC2,False,-1.9491258115213383,-2.77399032275766,-2.4543206727864897
MORC2_S743,MORC2,False,-1.9491258115213383,-1.967797883487376,-2.4543206727864897
MORC2_S725,MORC2,False,-0.22229959244705264,0.5107166970840263,-0.042381605841052356
MORC2_S730,MORC2,False,0.44452125419339633,0.5107166970840263,-0.042381605841052356
SH3KBP1_S587,SH3KBP1,False,0.3340056008229739,0.3090273626305289,0.44266343037865213
SH3KBP1_S436,SH3KBP1,False,0.17307881760040442,0.28066642073593256,0.34908742992568426
SH3KBP1_S502,SH3KBP1,False,-0.09960265737566373,-0.1613144151779776,
SH3KBP1_S503,SH3KBP1,False,-0.09960265737566373,-0.1613144151779776,
SH3KBP1_S509,SH3KBP1,False,-0.0740920221337237,-0.14834716943527476,-0.10199707089533587
SH3KBP1_S511,SH3KBP1,False,-0.1018328665183695,-0.17691017804363895,-0.0010198626163717879
SH3KBP1_S230,SH3KBP1,False,0.09070028596049623,0.1461062910803664,0.0036210270342851084
SH3KBP1_S183,SH3KBP1,False,0.2701440210437518,0.15311864712367373,0.2370941198109028
NDRG2_S321,NDRG2,False,0.07311552165490921,0.04988161923617443,-0.14809435832141638
NDRG2_S327,NDRG2,False,0.023088576348305922,-0.20177525221193182,-0.1419075734210495
NDRG2_S333,NDRG2,False,-0.8299724105578655,-0.09597455452229875,
THOC5_S312,THOC5,False,0.0834108533854777,-0.0595843958517502,0.021553164618293333
THOC5_S314,THOC5,False,0.0834108533854777,-0.0595843958517502,0.021553164618293333
TTC28_S2398,TTC28,False,,,0.666665710594598
TTC28_S2104,TTC28,False,-0.23480031095134288,-0.09240471886583018,-0.16823855108745842
TTC28_S2108,TTC28,False,-0.11796592074058065,-0.11039083804783584,-0.16823855108745842
SOCS6_S70,SOCS6,False,,-1.8105612654078054,
INTS10_S231,INTS10,False,0.03968160946854423,-0.12670635144177092,0.03494729826517083
KHSRP_S480,KHSRP,False,0.18617166788047068,0.2504608366324548,0.1302719545188591
KHSRP_S181,KHSRP,False,-0.07610419260414085,-0.09248109661331994,0.06231147736880851
KHSRP_S184,KHSRP,False,-0.08900881448741728,-0.10988825799745186,0.03311473520678988
NSF_S202,NSF,False,0.18159836427089973,0.1863020740485803,0.3149864854685155
HDAC2_S422,HDAC2,False,-0.1918373948496625,-0.0666539808520774,
HDAC2_S424,HDAC2,False,-0.1918373948496625,-0.0666539808520774,
HDAC2_S394,HDAC2,False,-0.22253029594032767,-0.2352240756292977,-0.2100334115571083
HDAC2_S407,HDAC2,False,,0.6659384540998585,
FNDC3A_S147,FNDC3A,False,-0.2518479490611308,-0.05104039213322168,
CGGBP1_S56,CGGBP1,False,-0.06334887070306827,,
LARP4_S583,LARP4,False,-0.20515689212331947,-0.24960007812915666,-0.30934413925399706
LARP4_S722,LARP4,False,-0.1465764763420683,-0.4664936873758015,-0.19995855816391975
CHD9_S1468,CHD9,False,,-0.28818795555937204,-0.4235842844149859
CHD9_S1472,CHD9,False,,-0.28818795555937204,-0.4235842844149859
CHD9_S611,CHD9,False,-0.008254143156141952,-0.367917950710293,0.13422093976063337
CHD9_S612,CHD9,False,-0.008254143156141952,-0.367917950710293,-0.016570375333293745
CHD9_S616,CHD9,False,-0.008254143156141952,-0.367917950710293,0.13422093976063337
CHD9_S2058,CHD9,False,-0.10171302044923133,-0.08246894936108116,-0.07127609328275086
CHD9_S2059,CHD9,False,-0.10171302044923133,-0.08246894936108116,-0.07127609328275086
TMF1_S925,TMF1,False,,-0.8754601087900368,
TMF1_S928,TMF1,False,1.3446697106155363,1.2846169800897709,1.316564979530627
TMF1_S330,TMF1,False,0.33159412435564783,-0.018030474883969597,
TMF1_S333,TMF1,False,0.33159412435564783,-0.018030474883969597,
TMF1_S542,TMF1,False,0.3633393116294792,,0.6133430530038224
TMF1_S72,TMF1,False,-0.9489295956569057,-0.3740001636492683,-0.7051089072978087
TMF1_S77,TMF1,False,-0.9489295956569057,-1.0395265267040013,-0.8620177167772727
TMF1_S340,TMF1,False,0.24516877411394758,-0.1287240809034874,0.3068035684812544
TMF1_S344,TMF1,False,0.009907352749123619,0.050436489655460826,0.08732722969946016
USP34_S3406,USP34,False,-0.0872835641731673,0.07628831768408001,0.006961888771067783
ENSP00000439585_S905,ENSP00000439585,False,,,-0.017300240394386324
SLC38A1_S52,SLC38A1,False,-0.12909018681304407,-0.2605395756105177,-0.3623888726842524
SLC38A1_S56,SLC38A1,False,0.014817047366770733,0.03794715522509212,-0.005200795175725047
SLC38A1_S25,SLC38A1,False,0.38946147497603467,0.28554884688112153,0.3209280783448448
SLC38A1_S28,SLC38A1,False,0.38946147497603467,0.28554884688112153,0.3613553467727699
DOT1L_S902,DOT1L,False,0.05789993842514205,0.15706415400708126,-0.07797769352940495
DOT1L_S1104,DOT1L,False,-0.22868907918559692,-0.059000772023895316,-0.04116474700114314
DOT1L_S834,DOT1L,False,,-0.3985887232552119,-0.8163419920855147
DOT1L_S1001,DOT1L,False,-0.21906094525832306,-0.1492416944387638,-0.024606133929325646
ZSWIM8_S1130,ZSWIM8,False,-0.027538214883724255,0.15098759275096288,0.12846798969270581
ZSWIM8_S48,ZSWIM8,False,,,0.09504672450704019
ZSWIM8_S53,ZSWIM8,False,,,0.09504672450704019
ZSWIM8_S567,ZSWIM8,False,,,-0.5319842658597378
SHARPIN_S165,SHARPIN,False,-0.10899884974913801,0.16656638044226582,
TOMM6_S9,TOMM6,False,0.17363916357057899,,
CRK_S194,CRK,False,0.1466202266603813,0.09703101586679885,-1.0367626454083048
ALKBH5_S64,ALKBH5,False,0.0014442895080449523,0.10652607095880007,-0.06774593789180548
ALKBH5_S69,ALKBH5,False,0.0014442895080449523,0.0013221163363285604,-0.06774593789180548
GAREM1_S565,GAREM1,False,0.05961635513235549,0.08663658355441543,
GAREM1_S650,GAREM1,False,,0.8768017739782707,
GAREM1_S609,GAREM1,False,-0.44736108484713977,0.15833702716710066,
GAREM1_S613,GAREM1,False,-0.44736108484713977,0.15833702716710066,
ENSP00000384990:map.10/64927823/G:p.E2298D:n.C64927823G:c.gaG/gaC_S420,ENSP00000384990:map.10/64927823/G:p.E2298D:n.C64927823G:c.gaG/gaC,False,0.0011147503090039128,-0.005412402554536289,-0.01798377751250702
ENSP00000384990:map.10/64927823/G:p.E2298D:n.C64927823G:c.gaG/gaC_S422,ENSP00000384990:map.10/64927823/G:p.E2298D:n.C64927823G:c.gaG/gaC,False,0.03199654860825075,0.03879615266911268,0.02622375567392955
ENSP00000384990:map.10/64927823/G:p.E2298D:n.C64927823G:c.gaG/gaC_S724,ENSP00000384990:map.10/64927823/G:p.E2298D:n.C64927823G:c.gaG/gaC,False,-0.24521509313175943,-0.32228881373932017,0.18421680809224125
ENSP00000384990:map.10/64927823/G:p.E2298D:n.C64927823G:c.gaG/gaC_S433,ENSP00000384990:map.10/64927823/G:p.E2298D:n.C64927823G:c.gaG/gaC,False,-0.7970179681990635,-0.687593895455615,-0.7923828815843921
ENSP00000384990:map.10/64927823/G:p.E2298D:n.C64927823G:c.gaG/gaC_S98,ENSP00000384990:map.10/64927823/G:p.E2298D:n.C64927823G:c.gaG/gaC,False,0.08196967665881556,0.17264391830583015,-0.03327242818248817
ENSP00000384990:map.10/64927823/G:p.E2298D:n.C64927823G:c.gaG/gaC_S100,ENSP00000384990:map.10/64927823/G:p.E2298D:n.C64927823G:c.gaG/gaC,False,-0.4670991049635891,-0.22626943451663603,-0.1284128987702353
ENSP00000384990:map.10/64927823/G:p.E2298D:n.C64927823G:c.gaG/gaC_S101,ENSP00000384990:map.10/64927823/G:p.E2298D:n.C64927823G:c.gaG/gaC,False,-0.39038090926368024,-0.7399719937027561,-0.3294352849337825
RBM12B_S250,RBM12B,False,-0.1316490646366774,-0.09831581881624556,-0.12771859392069615
RBM12B_S254,RBM12B,False,-0.1316490646366774,-0.09831581881624556,-0.12771859392069615
RBM12B_S718,RBM12B,False,,-0.09868881164984798,
RBM12B_S562,RBM12B,False,-0.3281812832276127,-0.5005523827729252,
RBM12B_S575,RBM12B,False,-0.3281812832276127,-0.5005523827729252,
RBM12B_S377,RBM12B,False,1.7784188664707417,2.3327938484049087,0.6988407702072096
RBM12B_S278,RBM12B,False,0.031040219557265686,-0.013563967291997542,0.12354011662380236
RBM12B_S280,RBM12B,False,0.06973375747454262,-0.15659037083959576,0.12354011662380236
ENSP00000432766_S1109,ENSP00000432766,False,-0.16399510475790674,,-0.03682184382610872
ENSP00000432766_S991,ENSP00000432766,False,0.011285905388338948,,
ENSP00000432766_S992,ENSP00000432766,False,0.011285905388338948,,
ENSP00000432766_S748,ENSP00000432766,False,0.0439043942956211,-0.022170583048043944,-0.12865053511371033
HECTD1_S1772,HECTD1,False,-0.9697910680430952,-0.43271171999029845,-0.38599125149393987
HECTD1_S632,HECTD1,False,-0.1804462557763939,0.059139554771728144,
MAP3K1_S21,MAP3K1,False,0.3540007188044978,-0.17631506552177886,-0.04142759929378235
MAP3K1_S923,MAP3K1,False,-0.44656085103777315,-0.09066422486734933,-0.34064514616149066
TNRC18_S991,TNRC18,False,-0.4088356394852579,-0.3904978188069923,-0.5260139387058471
TNRC18_S995,TNRC18,False,-0.4088356394852579,-0.3904978188069923,-0.5260139387058471
TNRC18_S999,TNRC18,False,-0.28405355791196,-0.1909257877889414,-0.35777444607403447
TNRC18_S1127,TNRC18,False,-0.05242448088820748,-0.18093680262569592,-0.19955092578981748
TNRC18_S1136,TNRC18,False,-0.05242448088820748,-0.1124039828376636,-0.19955092578981748
TNRC18_S2771,TNRC18,False,-2.8866195426247803,-2.729291666280785,
POLR1D_S104,POLR1D,False,,0.17593970540604287,
ROCK1_S1105,ROCK1,False,0.017661006059781756,0.003593745383043467,0.012914112760951245
ROCK1_S1108,ROCK1,False,0.3508366648108816,0.26896553054031314,
ROCK1_S1328,ROCK1,False,,0.12267287065453134,
ROCK1_S1341,ROCK1,False,,-0.023709692435232358,
ROCK1_S1333,ROCK1,False,0.38438142271223613,,
DDX3X_S82,DDX3X,False,-0.6540132681041754,1.5811200331815072,
DDX3X_S520,DDX3X,False,0.8080142890895976,,
DDX3X_S594,DDX3X,False,0.3459619941500701,1.304977009146384,0.8086930636067772
CHD8_S1420,CHD8,False,-0.08546396112681291,-0.016844162689931007,-0.15535943115234252
CHD8_S1424,CHD8,False,-0.08546396112681291,-0.016844162689931007,-0.15535943115234252
CHD8_S1995,CHD8,False,-0.15556613744233294,,
ENSP00000441202:map.15/30008977/G:p.D1267A:n.T30008977G:c.gAc/gCc_S912,ENSP00000441202:map.15/30008977/G:p.D1267A:n.T30008977G:c.gAc/gCc,False,-0.1293256008869857,-0.056067146188936386,0.12260646265104097
ARGLU1_S77,ARGLU1,False,0.1069293585445502,0.13007612273219302,0.0675995508118961
ENSP00000383143_S652,ENSP00000383143,False,-0.24483237776585912,-0.1731872528556224,-0.06064668277368142
ENSP00000383143_S728,ENSP00000383143,False,-0.12615531068766925,-0.39126644167245733,0.16427139768074095
ENSP00000383143_S694,ENSP00000383143,False,-0.265663251461656,-0.2141796247219836,-0.1665784702983086
PPP4R1_S106,PPP4R1,False,,1.52697021440912,
CCNL2_S369,CCNL2,False,-0.140574069267828,-0.18564604700441287,-0.23180917356100758
CCNL2_S348,CCNL2,False,-0.061952416632908174,-0.0780639705262985,-0.16721603538974594
CCNL2_S351,CCNL2,False,,0.6064422281316076,
CCNL2_S338,CCNL2,False,-0.1876621560218242,-0.5505559476475709,-0.5521756252264413
MIER1_S536,MIER1,False,-0.5061083262254906,-0.17560198666295662,-0.9786624170343051
MIER1_S541,MIER1,False,-0.6714451434604877,-0.17560198666295662,-0.9786624170343051
MMACHC_S275,MMACHC,False,-0.7895660693294674,-0.8985293789853482,-0.8822385694032903
MMACHC_S279,MMACHC,False,-0.7895660693294674,-0.9057599682402614,-0.8822385694032903
SZRD1_S104,SZRD1,False,-0.32989722557451734,-0.31217092216435227,
SZRD1_S106,SZRD1,False,-0.2357814605127543,0.4148030394658728,-0.3178941936028726
SZRD1_S36,SZRD1,False,-0.17617112863739515,-0.18475066895069414,-0.23924253463590714
SZRD1_S38,SZRD1,False,-0.13053219856384143,-0.13183620389031434,-0.2323160237220273
TFIP11_S98,TFIP11,False,-0.22379751119498834,-0.22415782647443733,-0.27456420809468807
TFIP11_S210,TFIP11,False,0.06557231159362208,0.22995700858436255,0.21735490531265914
HMGA2_S101,HMGA2,False,0.08270258933024935,-0.047770818443104796,1.2374413471363912
HMGA2_S105,HMGA2,False,0.06901467791518046,-0.06359008371832496,
HMGA2_S44,HMGA2,False,-0.0320430030204266,-0.018111785007926384,0.013663464471412454
RBM33_S41,RBM33,False,0.027881377761503453,0.2558146661014696,-0.02522092404517228
RBM33_S205,RBM33,False,0.09580989394493357,0.12577101365592022,0.03817408493225763
RBM33_S973,RBM33,False,-0.5151534048662634,-0.01746390053872674,0.017921907997262315
RBM33_S765,RBM33,False,-0.35144068436064624,-0.37557239499144773,-0.5803017072818486
PSME4_S1746,PSME4,False,-0.7481415672006377,-0.533784700426288,-0.9610397392655974
PSME4_S1121,PSME4,False,-0.5654527486224609,0.1016500760944348,-0.13292590889340117
DYNC2I1_S24,DYNC2I1,False,0.0972062459743658,,
WDR43_S77,WDR43,False,0.17694058329149764,0.11396714643300218,0.48296776236378214
WDR43_S431,WDR43,False,0.466576331120465,0.4295910653009448,0.32728436585288717
TRIOBP_S242,TRIOBP,False,0.6433944534798923,0.5380896806042385,0.4875892483208623
ENSP00000469281:map.15/44093927/C:p.S105P:n.T44093927C:c.Tct/Cct_S38,ENSP00000469281:map.15/44093927/C:p.S105P:n.T44093927C:c.Tct/Cct,False,,0.04415421748556246,0.047684057419985076
EVL_S331,EVL,False,-0.09156268143139538,-0.12873545409032675,0.11543680725865875
EVL_S345,EVL,False,-0.2087110195468335,,
EVL_S349,EVL,False,-0.2087110195468335,,
ENSP00000444961_S320,ENSP00000444961,False,-0.15150625071563575,0.6349299936699523,0.2806891719190402
FBXO11_S97,FBXO11,False,,0.49190439124144675,
HIC2_S197,HIC2,False,-0.0867563407751588,0.07062287717215078,
URGCP_S3,URGCP,False,-0.380051910099153,-0.07836563594824361,-0.20691192839857528
KIF2A_S484,KIF2A,False,0.19143631460532143,-0.18762499943405048,0.15393501070416332
SMCR8_S606,SMCR8,False,-0.2958894129401144,,
SMCR8_S489,SMCR8,False,0.05412563588219974,-0.027329599124308712,-0.10875826180964815
SMCR8_S492,SMCR8,False,0.46669023245659674,-0.022571075919861443,-0.05802178436697995
SMCR8_S498,SMCR8,False,-0.4744370575656651,-0.14392107296086296,0.10790569905298313
SMCR8_S417,SMCR8,False,-0.45480409926081794,-0.04954409041465391,-0.30631899473792856
ENSP00000385181:map.2/69736561/G:p.V603A:n.A69736561G:c.gTt/gCt_S14,ENSP00000385181:map.2/69736561/G:p.V603A:n.A69736561G:c.gTt/gCt,False,,0.14665522211946516,
ENSP00000385181:map.2/69736561/G:p.V603A:n.A69736561G:c.gTt/gCt_S637,ENSP00000385181:map.2/69736561/G:p.V603A:n.A69736561G:c.gTt/gCt,False,0.03821701160940586,0.0515087412802041,0.12421766967424679
ENSP00000385181:map.2/69736561/G:p.V603A:n.A69736561G:c.gTt/gCt_S652,ENSP00000385181:map.2/69736561/G:p.V603A:n.A69736561G:c.gTt/gCt,False,0.505487228500194,0.038857550020362105,0.18827431132120426
ENSP00000385181:map.2/69736561/G:p.V603A:n.A69736561G:c.gTt/gCt_S670,ENSP00000385181:map.2/69736561/G:p.V603A:n.A69736561G:c.gTt/gCt,False,,0.28048127430062353,
ENSP00000385181:map.2/69736561/G:p.V603A:n.A69736561G:c.gTt/gCt_S618,ENSP00000385181:map.2/69736561/G:p.V603A:n.A69736561G:c.gTt/gCt,False,-0.33528052244374834,-0.2729935165704662,
ENSP00000385181:map.2/69736561/G:p.V603A:n.A69736561G:c.gTt/gCt_S623,ENSP00000385181:map.2/69736561/G:p.V603A:n.A69736561G:c.gTt/gCt,False,-0.3874594850809962,-0.24029660822893908,-0.10760941135739188
ENSP00000385181:map.2/69736561/G:p.V603A:n.A69736561G:c.gTt/gCt_S624,ENSP00000385181:map.2/69736561/G:p.V603A:n.A69736561G:c.gTt/gCt,False,-0.13883223444560364,-0.03378446418932108,-0.20406177490409264
ENSP00000385262_S5,ENSP00000385262,False,,-0.2761531467507982,
BBX_S183,BBX,False,-0.12342179215869077,-0.07355098120743495,-0.07332983009305856
BBX_S704,BBX,False,,-0.4054132338686475,
BBX_S478,BBX,False,-0.1297206111755885,-0.2485925177709496,-0.8532206242742575
BBX_S479,BBX,False,-0.22501676800552897,-0.2485925177709496,-0.8532206242742575
BBX_S481,BBX,False,-0.22501676800552897,-0.2832977100384636,-0.8532206242742575
BBX_S794,BBX,False,-0.22211112322914875,0.3196026636025361,-0.2515731172868241
VAV2_S769,VAV2,False,0.1600670107598854,0.1709360893064303,0.5132243358161228
VAV2_S771,VAV2,False,-0.04230234399737464,0.012637635856787113,0.03761751679240785
NOLC1_S581,NOLC1,False,0.1324230911755356,0.5010466527603095,0.6146627349365761
NOLC1_S583,NOLC1,False,0.1324230911755356,0.5010466527603095,0.6146627349365761
NOLC1_S623,NOLC1,False,-0.4281739886990947,0.30692006199055316,0.47244603715158745
NOLC1_S624,NOLC1,False,-0.1984259863321942,0.6127461588241132,0.42475269739762966
NOLC1_S687,NOLC1,False,,,0.19597745864258795
NOLC1_S699,NOLC1,False,0.2523745418961499,0.23311336723040665,0.24504149728603788
NOLC1_S539,NOLC1,False,0.51806211351019,0.6501464563753726,0.3465248317365639
NOLC1_S304,NOLC1,False,0.40923260041273096,0.6586394683829623,0.560157040368436
NOLC1_S398,NOLC1,False,0.15380533607903546,0.8018208604961168,0.26867392454835837
NOLC1_S644,NOLC1,False,0.4421665634741739,0.4535519449828853,0.5229908864264633
NOLC1_S509,NOLC1,False,0.17483203304089226,0.04612429475326574,0.11880273420142307
MEX3C_S537,MEX3C,False,-0.5396459432663071,-0.4602309398650511,-0.5940076403241632
ENSP00000385720_S1134,ENSP00000385720,False,-0.07034532636367075,,0.13894549792384134
ENSP00000385720_S1070,ENSP00000385720,False,-2.7481325416990217,-2.509094072747924,-2.501442751900983
ENSP00000385720_S1150,ENSP00000385720,False,-0.12536826017231248,-0.3504258973018715,-1.6102872714808423
ENSP00000385720_S773,ENSP00000385720,False,,,-1.235008488150036
ENSP00000385720_S589,ENSP00000385720,False,-2.229064756953146,-2.369221686545106,-2.4349247704683523
ENSP00000385720_S1176,ENSP00000385720,False,-0.31734775983665264,-0.1336743219836033,-0.47362865651581365
ENSP00000385720_S1179,ENSP00000385720,False,-0.031541855840942,-0.02732807335682963,-0.07250464889549353
INTS1_S1327,INTS1,False,-0.3664569380882509,-1.3917628754210067,-0.2892336829967991
PHF14_S208,PHF14,False,0.03553624544527415,0.01445156286382794,-0.038269671052089456
PHF14_S290,PHF14,False,0.18381826409816013,0.0710267757462791,0.13178237574476276
PHF14_S530,PHF14,False,0.07127391487793622,0.10082595081048751,-0.06351436576455
PHF14_S835,PHF14,False,-1.8435774940870135,-1.6102150224550953,
PHF14_S302,PHF14,False,-0.43101452319551636,-0.5352481009255262,
MTA3_S518,MTA3,False,-0.30614848044241505,-0.4979930880378655,-0.13937949603475708
R3HDM2_S363,R3HDM2,False,0.0,,0.589379995477964
R3HDM2_S143,R3HDM2,False,-0.27067857076236995,-0.3173188416347727,0.10353120987799297
ENSP00000454431_S719,ENSP00000454431,False,-1.3182539051366104,,
TMEM237_S41,TMEM237,False,,,-0.010352323359807673
TMEM237_S54,TMEM237,False,-1.2309730697711676,-1.2436547820634576,-0.9260625627221766
ALAD_S215,ALAD,False,0.12565110166152013,0.32215992400218285,0.33834534319380083
PRPF40A_S906,PRPF40A,False,-0.07530460544323574,0.29217808600265355,0.5541370467970155
PRPF40A_S908,PRPF40A,False,0.34510598955531335,0.0753272507070651,1.0949791873471424
PRPF40A_S911,PRPF40A,False,0.2586385703744246,0.2436832360513487,0.4472394266351341
PRPF40A_S856,PRPF40A,False,0.1635011179315765,0.22658849452234522,-0.05697488928993881
PRPF40A_S858,PRPF40A,False,-0.013732393808936408,0.10511138382409495,0.07949396733197019
PRPF40A_S861,PRPF40A,False,-0.007633920657610575,-0.22589872038445089,0.13561480978195217
ENSP00000455669_S1169,ENSP00000455669,False,-0.40682012125767103,-0.32746860488170787,-0.28547921724663783
ENSP00000455669_S1172,ENSP00000455669,False,-0.40682012125767103,-0.295067249500864,-0.28547921724663783
TBC1D10B_S678,TBC1D10B,False,-0.31450573443649293,-0.07139652634624935,0.25342768598002846
TBC1D10B_S132,TBC1D10B,False,,-0.416769772900081,
TBC1D10B_S22,TBC1D10B,False,-0.9329540664945609,-0.5276141325504753,-0.6040815944170533
TBC1D10B_S658,TBC1D10B,False,-0.1380954812453313,-0.05605108265618278,-0.11946319907756268
TBC1D10B_S661,TBC1D10B,False,-0.12458878958567167,-0.008648829686013678,-0.06965899384004758
TBC1D10B_S687,TBC1D10B,False,-0.38684972233416476,-0.4768487888947,-0.6842932896800846
TBC1D10B_S707,TBC1D10B,False,,,-0.29440244507347973
PSMD14_S243,PSMD14,False,0.10581215112923141,,
FAM174C_S117,FAM174C,False,0.011663152835453489,0.10925625980527078,0.18723344726631738
FAM174C_S120,FAM174C,False,0.011663152835453489,0.12928903459501984,0.18723344726631738
SETD2_S614,SETD2,False,0.14509047680241982,,
SETD2_S624,SETD2,False,0.07730141089834279,0.059436624542023885,0.12236644576281418
SETD2_S744,SETD2,False,-0.0395787087235858,-0.0007072889927159561,-0.25432883211622265
SETD2_S754,SETD2,False,-0.09577530564308352,-0.13966921780265737,-0.2757061754001473
SETD2_S2080,SETD2,False,0.08656985920971359,0.0704736766095405,0.03882313636676134
SETD2_S2082,SETD2,False,0.0976112522678736,0.0798836068857426,0.03882313636676134
SETD2_S321,SETD2,False,0.25035878761249314,0.20926967411723008,0.20528550282013183
SETD2_S323,SETD2,False,0.25035878761249314,0.20926967411723008,0.20528550282013183
TBC1D14_S91,TBC1D14,False,-0.48733822102651564,-0.22654373199714598,-0.29238686550764603
FCHSD2_S545,FCHSD2,False,-0.47226903940937365,-0.4235170766631552,
FCHSD2_S399,FCHSD2,False,0.4269049343867267,,0.6034067716032675
JPT1_S87,JPT1,False,0.2754165053869545,0.20248104395682645,0.10548259242620642
JPT1_S70,JPT1,False,0.20601800402089562,0.0719085258175489,0.040541793862846835
JPT1_S71,JPT1,False,0.23728560140052343,0.26828751575074594,0.19880429085241721
JPT1_S80,JPT1,False,0.41345681107531973,0.5536530343347098,0.4018830887420432
TPRN_S241,TPRN,False,-0.11421895689009691,-0.22510964976662454,
SPIRE1_S450,SPIRE1,False,-0.05773404869887921,-0.003249721150815458,-0.011558887974853193
SPIRE1_S451,SPIRE1,False,-0.05773404869887921,-0.003249721150815458,-0.011558887974853193
SPIRE1_S453,SPIRE1,False,-0.05773404869887921,-0.003249721150815458,-0.011558887974853193
SPIRE1_S509,SPIRE1,False,-0.09054247718370134,,0.14808808264533596
SPIRE1_S664,SPIRE1,False,,-0.29185426076340604,0.4748772859931199
ITPRID2_S1130,ITPRID2,False,-1.9503134770227062,-2.2439331760378654,
ITPRID2_S1143,ITPRID2,False,-0.5621385123784279,-0.5917912284645197,-0.714585943688544
ITPRID2_S270,ITPRID2,False,0.396394374763398,-0.8899040708965795,0.7310094124207289
ITPRID2_S273,ITPRID2,False,0.396394374763398,-0.8899040708965795,0.7310094124207289
ITPRID2_S759,ITPRID2,False,-0.13570973991731272,-0.15710964281552173,-0.2341668538098987
ITPRID2_S1040,ITPRID2,False,-0.04079865335538967,-0.08967882505981133,-0.06422627925822033
ITPRID2_S737,ITPRID2,False,-0.48504645147426784,-0.9316082499330417,-0.5394861496906217
ITPRID2_S739,ITPRID2,False,-0.16094985782695356,-0.13477009926522301,-0.025960946794484508
ITPRID2_S746,ITPRID2,False,-0.10035912102787148,-0.06334447546976545,0.03851559376270329
ITPRID2_S668,ITPRID2,False,-1.1027440824810941,-0.6775251742153499,-0.18727335376108492
ITPRID2_S1109,ITPRID2,False,-0.19336444252061366,-0.12620805990156272,
ITPRID2_S1112,ITPRID2,False,-0.19336444252061366,-0.07505207062620249,-0.26288437335109516
ITPRID2_S92,ITPRID2,False,,-0.4607468738475171,-0.491916215618458
PWP1_S50,PWP1,False,0.11715559447985291,0.08738043470371826,0.19692234784100668
PWP1_S59,PWP1,False,0.12459282540582266,,
PWP1_S485,PWP1,False,,-0.781546559017415,
ENSP00000404880_S97,ENSP00000404880,False,0.31692038067881584,0.1263121303287039,0.032804672787800124
ZBTB10_S210,ZBTB10,False,-0.11899067868415239,-0.21129686726273456,-0.06759105101864785
SEC16A_S2088,SEC16A,False,,-0.08335521017772045,
ENSP00000388180:map.8/145001031/C:p.H1349R:n.T145001031C:c.cAc/cGc_S42,ENSP00000388180:map.8/145001031/C:p.H1349R:n.T145001031C:c.cAc/cGc,False,0.15526105139324678,0.20713675812078788,0.3995167388101808
ENSP00000388320:map.16/88781040/G:p.Q416R:n.A88781040G:c.cAg/cGg_S419,ENSP00000388320:map.16/88781040/G:p.Q416R:n.A88781040G:c.cAg/cGg,False,-0.23499150897491952,,0.20958055846017787
CLINT1_S299,CLINT1,False,0.019915367707685924,-0.15641082240054838,-0.1627510329606066
CLINT1_S245,CLINT1,False,0.10137382776860455,0.039138393906958314,0.07942931500291513
ENSP00000461767_S444,ENSP00000461767,False,-0.19444160024599796,-0.09408165654813479,-0.18287795499425655
ENSP00000461767_S327,ENSP00000461767,False,-0.8369908365911247,-0.20411514175033707,-0.20584618206027483
CLUH_S664,CLUH,False,-0.04196512379356981,-0.0011881197414704732,-0.014965970746906547
RPL23A_S43,RPL23A,False,0.11278907371020051,0.0049388808334684675,0.22853945527572575
PLEKHF1_S227,PLEKHF1,False,-0.3159532996105432,,0.19522159325284455
ENSP00000403990_S629,ENSP00000403990,False,0.20795274611159978,0.09328355075773327,-0.3316054448839534
ENSP00000403990_S636,ENSP00000403990,False,,0.18776998672556566,
ENSP00000403990_S638,ENSP00000403990,False,-0.07836831849557009,-0.09908367092369068,-0.12614124756632455
ENSP00000437967_S9,ENSP00000437967,False,,-1.5378429521526056,-0.03803594701204794
ENSP00000414352_S346,ENSP00000414352,False,-1.3474354926680123,-0.4535178857882265,
HERC1_S1328,HERC1,False,-0.6201129235114992,,-0.4777031520376687
HERC1_S2705,HERC1,False,-0.2867408473339829,-0.15963748134156258,-0.6136967066718595
HERC1_S2706,HERC1,False,-0.2328608184818136,,0.030971642412075527
HERC1_S2720,HERC1,False,-0.36610122004012025,-0.23158274510390156,-1.724244725065421
HERC1_S1491,HERC1,False,0.17976580835814965,-0.09460288562138187,
HERC1_S1512,HERC1,False,0.01578299724092746,-0.1568201097428258,0.22958792274065196
HERC1_S1521,HERC1,False,0.05058897828238162,0.034311115819979206,-0.45020270491664827
ENSP00000390394:map.3/27472936/T:p.E335K:n.C27472936T:c.Gag/Aag_S64,ENSP00000390394:map.3/27472936/T:p.E335K:n.C27472936T:c.Gag/Aag,False,-0.05784151342408668,0.1625967659884867,0.16697247241069538
ENSP00000390394:map.3/27472936/T:p.E335K:n.C27472936T:c.Gag/Aag_S93,ENSP00000390394:map.3/27472936/T:p.E335K:n.C27472936T:c.Gag/Aag,False,-0.17066998507262077,-0.1203980738148117,
ENSP00000390394:map.3/27472936/T:p.E335K:n.C27472936T:c.Gag/Aag_S285,ENSP00000390394:map.3/27472936/T:p.E335K:n.C27472936T:c.Gag/Aag,False,-0.041179916645990286,0.044983355543936066,
ENSP00000390394:map.3/27472936/T:p.E335K:n.C27472936T:c.Gag/Aag_S288,ENSP00000390394:map.3/27472936/T:p.E335K:n.C27472936T:c.Gag/Aag,False,0.036141291303208554,0.03971925577642533,0.000240680400264028
ENSP00000390394:map.3/27472936/T:p.E335K:n.C27472936T:c.Gag/Aag_S292,ENSP00000390394:map.3/27472936/T:p.E335K:n.C27472936T:c.Gag/Aag,False,0.34323724728342053,0.2235461159528183,
ENSP00000390394:map.3/27472936/T:p.E335K:n.C27472936T:c.Gag/Aag_S251,ENSP00000390394:map.3/27472936/T:p.E335K:n.C27472936T:c.Gag/Aag,False,0.4802187858891531,1.5426345053357764,-0.09697602072936555
ENSP00000390394:map.3/27472936/T:p.E335K:n.C27472936T:c.Gag/Aag_S242,ENSP00000390394:map.3/27472936/T:p.E335K:n.C27472936T:c.Gag/Aag,False,0.48314153591970327,0.37715335837119573,0.546882974199899
ENSP00000390394:map.3/27472936/T:p.E335K:n.C27472936T:c.Gag/Aag_S1134,ENSP00000390394:map.3/27472936/T:p.E335K:n.C27472936T:c.Gag/Aag,False,0.2568898855358929,0.0076964494219492335,0.11569915343158636
ENSP00000390394:map.3/27472936/T:p.E335K:n.C27472936T:c.Gag/Aag_S1061,ENSP00000390394:map.3/27472936/T:p.E335K:n.C27472936T:c.Gag/Aag,False,,-0.13866391710347106,
ENSP00000390394:map.3/27472936/T:p.E335K:n.C27472936T:c.Gag/Aag_S441,ENSP00000390394:map.3/27472936/T:p.E335K:n.C27472936T:c.Gag/Aag,False,0.2626972127861831,0.05572883661622252,
ENSP00000390394:map.3/27472936/T:p.E335K:n.C27472936T:c.Gag/Aag_S1109,ENSP00000390394:map.3/27472936/T:p.E335K:n.C27472936T:c.Gag/Aag,False,-0.2723505052964548,0.033825169191939564,-0.39454979717930944
ENSP00000390394:map.3/27472936/T:p.E335K:n.C27472936T:c.Gag/Aag_S1115,ENSP00000390394:map.3/27472936/T:p.E335K:n.C27472936T:c.Gag/Aag,False,,0.6033118106000482,
ENSP00000390394:map.3/27472936/T:p.E335K:n.C27472936T:c.Gag/Aag_S19,ENSP00000390394:map.3/27472936/T:p.E335K:n.C27472936T:c.Gag/Aag,False,-0.15812926131723004,0.011743557009927056,-0.13477576987719211
STK3_S316,STK3,False,0.1802751896118795,-0.04784144250805966,0.08161232285788984
STK3_S15,STK3,False,-0.14200650459049627,0.047677975144475616,
STK3_S385,STK3,False,-0.3401372690811473,-0.4499850165585176,-0.3408426479834371
SCFD1_S303,SCFD1,False,-1.7221818415391357,-0.10274408248109418,-0.06993865027058266
DENND4A_S1015,DENND4A,False,-0.5637918560198205,-0.448580067583749,-0.6992558933213087
DENND4A_S1240,DENND4A,False,,0.11089772332981347,0.021739509271849575
DENND4A_S1035,DENND4A,False,,0.17606740578593494,-0.16567864282796224
DENND4A_S1251,DENND4A,False,-1.2500457465298904,-1.0769801638395604,-0.42928449801277085
DENND4A_S1256,DENND4A,False,-1.2500457465298904,-0.7319128677041306,-0.42928449801277085
DENND4A_S1587,DENND4A,False,0.00224889620385188,0.08230800820568451,0.12587151903567156
DENND4A_S1589,DENND4A,False,0.13339195178396734,-0.18804381327725464,-0.23586367830914276
DENND4A_S1511,DENND4A,False,,0.004896843214847462,
DENND4A_S1225,DENND4A,False,-0.9797287459367667,-0.9789109871895905,-1.0640342689476883
ENSP00000391430_S429,ENSP00000391430,False,0.2119310976939726,0.15970868512724207,-0.10985907175416201
ENSP00000391430_S431,ENSP00000391430,False,0.17394321759451511,0.05073463062578604,0.338768766920993
MXRA7_S144,MXRA7,False,-0.03993360593814407,-0.2527071359565233,
ENSP00000476998_S104,ENSP00000476998,False,-0.05800730507687363,-0.07897679982994368,0.0184917490398792
ENSP00000391551_S340,ENSP00000391551,False,0.4022855918699961,0.47622613254623236,
ENSP00000391551_S457,ENSP00000391551,False,-0.13354693003494705,-0.08329845467049933,0.03490319162117689
ENSP00000391551_S636,ENSP00000391551,False,0.03660882860510138,-0.04263742326101379,-0.2527731043709185
CIBAR1_S86,CIBAR1,False,,,0.22416187884119107
CIBAR1_S88,CIBAR1,False,,,0.22416187884119107
CHD7_S2272,CHD7,False,0.2096405139276002,0.23094336928660428,0.15481358002304357
CHD7_S2275,CHD7,False,0.3649085550887148,0.23094336928660428,0.15481358002304357
CHD7_S2559,CHD7,False,-0.44784458416823286,-0.36514655880811814,-0.12834556980571363
EFTUD2_S19,EFTUD2,False,0.05635773583552933,-0.03743047193208936,0.21852466203289977
GPSM1_S492,GPSM1,False,0.8075197920698844,,
GPSM1_S493,GPSM1,False,0.8075197920698844,,
GPSM1_S469,GPSM1,False,0.07263968640081031,0.1526377396511124,-0.10976345217850801
GPSM1_S471,GPSM1,False,0.012789288299416156,0.1577495758512275,-0.3728258654122267
PDE4B_S46,PDE4B,False,,0.00831809431123789,0.07572472489977988
TMX1_S247,TMX1,False,-0.1412017592760018,-0.09585386974651806,-0.14176527771215558
TMX1_S270,TMX1,False,-0.050018577677472996,-0.016545902360476383,0.053200884330718
ENSP00000476410_S361,ENSP00000476410,False,-0.9958920046838551,-0.005369481861652962,0.042410679002107855
ENSP00000476410_S372,ENSP00000476410,False,-0.9958920046838551,-0.005369481861652962,0.042410679002107855
ENSP00000476410_S423,ENSP00000476410,False,-0.8480632720532492,0.27001819884896866,0.4077334309879327
BIRC6_S2222,BIRC6,False,-0.02642113129515116,-0.07608796708740075,0.035077926059800965
CALD1_S196.1,CALD1,False,0.20119582504068956,0.08817249234210091,0.15009808428289692
FCHO2_S533,FCHO2,False,-0.31920757468170013,,-0.027219132944944203
FCHO2_S536,FCHO2,False,-0.31920757468170013,,
FCHO2_S488,FCHO2,False,-0.38702169775356504,-0.11855718052250856,-0.19271740032529178
FCHO2_S496,FCHO2,False,-0.2757164507675844,-0.2826843986161452,-0.24191859617102462
FCHO2_S403,FCHO2,False,0.08195293910269326,0.06430499634263791,0.07324197423494054
FCHO2_S387,FCHO2,False,-0.3904191999023588,0.9801687803473706,1.5460245171588882
FCHO2_S391,FCHO2,False,-0.508875199540265,0.013143804016042206,0.9753741704202459
FCHO2_S394,FCHO2,False,0.2917999339446596,0.46918613863267883,0.42610793559862764
BLOC1S3_S65,BLOC1S3,False,0.0685011834862856,0.05425943935470443,0.11658288543458695
ENSP00000468023_S185,ENSP00000468023,False,-1.0921248605962939,-0.6428828598487518,-1.400828327204156
PDHA1_S232,PDHA1,False,0.3625727954241105,0.2946707434634131,0.1933790644579234
PDHA1_S293,PDHA1,False,0.1294610890607372,0.07926189076012202,0.1343209920888433
PDHA1_S300,PDHA1,False,0.3553275624977836,0.2817575405371964,0.2853415922729995
KCTD15_S35,KCTD15,False,-0.07787181684661484,0.014064451362842734,-0.11880526290318406
KCTD15_S38,KCTD15,False,0.10676994137915564,0.019621772563189494,-0.11880526290318406
TOM1_S160,TOM1,False,-0.27343032239008425,-0.003582327626003547,-0.3020660875352798
FGD4_S702,FGD4,False,-0.06214778494004062,-0.10171353897876594,-0.3282703404875351
PRR12_S1308,PRR12,False,-0.5722222157103729,-0.5478052231298304,
PRR12_S1568,PRR12,False,-0.38132907059295096,0.0958569239148305,
PRR12_S1381,PRR12,False,-0.05138097832380915,-0.048631266447513775,-0.12150201707746207
PRR12_S1382,PRR12,False,-0.05138097832380915,-0.048631266447513775,-0.12150201707746207
PRR12_S1925,PRR12,False,,-0.7440280130912231,
PRR12_S865,PRR12,False,-0.6714383164596559,-0.566751420792098,-0.6189404548528138
PRR12_S917,PRR12,False,-0.17166088613895597,0.16684396441249089,
PML_S518,PML,False,-0.18660579251587853,-0.13833633637870912,-0.11445618660960967
PML_S527,PML,False,-0.2745202047667956,-0.23378291319738645,-0.254699751824184
PML_S530,PML,False,-0.1428300710990948,-0.2471622893378857,-0.1614757615860469
TLE3_S279,TLE3,False,-0.051138189970407366,-0.01354784059498186,-0.032816666193515406
TLE3_S196,TLE3,False,0.05798693456909343,0.05183533766060808,-0.07896391625776891
TLE3_S210,TLE3,False,0.362183829581961,0.5282044307624822,
TLE3_S233,TLE3,False,-0.3685324697015503,0.1595000220232196,
TLE3_S238,TLE3,False,-0.3685324697015503,0.1595000220232196,
PTPN13_S1029,PTPN13,False,0.13040376165803888,,0.09828479572342246
PTPN13_S1033,PTPN13,False,0.13040376165803888,,0.09828479572342246
PTPN13_S969,PTPN13,False,0.013664432032370855,-0.16997810936801702,-0.36455077388499973
TACC2_S2272,TACC2,False,-1.121907803211881,0.8212637315319001,-1.086639229482444
TACC2_S2276,TACC2,False,-1.121907803211881,-1.1337954344884642,-1.086639229482444
TACC2_S2027,TACC2,False,0.09052862455007224,-0.10012833072885431,
TACC2_S2181,TACC2,False,,,-0.21663554696183734
RETREG2_S281,RETREG2,False,-0.15508748782329793,-0.033572091912978184,-0.05325417033900419
RETREG2_S283,RETREG2,False,-0.15508748782329793,-0.11803041841480544,-0.05325417033900419
RETREG2_S385,RETREG2,False,-0.007125110967251556,-0.007749584550400815,-0.23102462268598636
CHD3_S265,CHD3,False,-0.20165841374317553,-0.14838954321334855,-0.04571203327385116
CHD3_S269,CHD3,False,-0.20165841374317553,-0.14838954321334855,-0.04571203327385116
ENSP00000395336_S267,ENSP00000395336,False,0.23606410417245685,0.13445540516766558,0.11644515427730959
OTUD4_S1023,OTUD4,False,0.1171762829429735,-0.017473000488230094,0.07061241091704748
OTUD4_S1024,OTUD4,False,0.1171762829429735,-0.017473000488230094,0.07061241091704748
OTUD4_S443,OTUD4,False,,-0.12613468048688903,-0.10116477740724646
OTUD4_S1006,OTUD4,False,0.3610945701763204,,0.025312343046069
PML_S583,PML,False,-0.31697890572295967,-0.5150320075772588,-0.1538004307651999
SF1_S276,SF1,False,0.19657254995372106,0.3337185099738541,0.04498789282107065
SGK1_S411,SGK1,False,-0.5780900269051711,-0.6670343374140395,-0.22620617261403672
SGK1_S415,SGK1,False,-0.5780900269051711,-0.6670343374140395,-0.22620617261403672
NFATC2_S216,NFATC2,False,0.33267685813782694,0.6181530263743881,0.6043995687441501
NFATC2_S223,NFATC2,False,0.2561076735849552,0.6181530263743881,0.4237583940476448
NFATC2_S836,NFATC2,False,0.03265991128904442,0.15138562724007626,0.06415885045551391
NFATC2_S839,NFATC2,False,-0.017028623022861344,0.32673021959559145,0.18548905797269558
NFATC2_S306,NFATC2,False,-0.11518466555772074,0.0056900696998475045,-0.036839200865829
NFATC2_S310,NFATC2,False,0.12344981023047749,0.5371469436175694,0.08781096890293559
NFATC2_S343,NFATC2,False,0.12611212396205038,0.0021319042681129017,-0.5201671345504929
NFATC2_S737,NFATC2,False,-0.04860696471817189,0.18688796735134403,-0.1983337360872096
NFATC2_S739,NFATC2,False,0.03486646202662555,0.2205288619243437,0.19641678946602087
NFATC2_S741,NFATC2,False,0.1239310083196309,-0.06055572853181998,
NFATC2_S197,NFATC2,False,-0.4318907833667718,-0.29116082439625063,-0.29381995825991053
NFATC2_S201,NFATC2,False,-0.4154900160592896,-0.2809359560650137,-0.3088048442014648
FTSJ3_S335,FTSJ3,False,0.23168255970665366,0.2570134469647598,0.1668258555520713
FTSJ3_S336,FTSJ3,False,0.23168255970665366,0.2570134469647598,0.1668258555520713
FTSJ3_S688,FTSJ3,False,0.2849858041765037,0.2719135682088178,0.4115755355803091
FTSJ3_S644,FTSJ3,False,0.16977729704315025,0.1034093553308319,-0.08993448641518091
ENSP00000406207_S334,ENSP00000406207,False,,-0.09557305698347007,-0.21625176736435572
ZNF697_S22,ZNF697,False,,-0.0661252582846443,
BAHD1_S184,BAHD1,False,-0.2561444846607508,-0.7111038401573112,
ENSP00000397098_S821,ENSP00000397098,False,-0.2190771070450536,-0.266715083975813,
DOCK4_S1841,DOCK4,False,0.024100123794026096,-0.0969725354010167,-0.13541476924510956
DOCK4_S1848,DOCK4,False,-0.15905922104233886,-0.012756132081718753,-0.013683202814859134
DOCK4_S1653,DOCK4,False,0.4049376549553237,0.41007251532454186,0.4727465100196855
ACTL6A_S233,ACTL6A,False,0.03289016429318324,-0.11439862570155562,-0.011652079049826645
ENSP00000397811_S513,ENSP00000397811,False,-0.001984229786921504,-0.08410206913071623,0.014839244520922609
ENSP00000397811_S516,ENSP00000397811,False,,,-0.09744013589746815
ENSP00000397811_S926,ENSP00000397811,False,0.5074140990154403,-0.011064208486775057,0.49731518575824524
ENSP00000397811_S418,ENSP00000397811,False,-0.15310958385193907,-0.07967620721737555,
ENSP00000397811_S108,ENSP00000397811,False,,,-0.6756271668758043
LIN54_S89,LIN54,False,-0.006629785823004525,0.027254999461816695,-0.011536561448345369
LIN54_S93,LIN54,False,-0.04702254428457912,-0.07173715787077971,-0.07834030237909677
LIN54_S414,LIN54,False,0.10565871051758609,0.22942338264110632,0.13674871588617293
SOX5_S439,SOX5,False,-0.19621087672800117,-0.4115062052498959,
SOX5_S370,SOX5,False,0.07668261343398053,-0.06301399282701034,-0.20649526876701574
SOX5_S21,SOX5,False,0.011930783136029263,0.10650028353452323,0.004512629407342383
SOX5_S408,SOX5,False,-0.06582120459089877,-0.05136655608235044,-0.12980896163937394
SOX5_S411,SOX5,False,-0.17714119869207476,-0.15973667228254074,-0.09996829152921828
SOX5_S414,SOX5,False,-0.09930530752717599,-0.13060894281709157,-0.2638510092924526
SOX5_S109,SOX5,False,0.18283872509399735,0.10564599485840326,0.13832599405246043
ENSP00000398823_S901,ENSP00000398823,False,-0.3606372214987974,-0.30333095990903125,0.04953945104425703
FCHSD1_S108,FCHSD1,False,-2.475374605202081,,
FCHSD1_S113,FCHSD1,False,-2.475374605202081,,
SPRY4_S125,SPRY4,True,-0.6645145242744427,-0.14623377843794147,-0.2494770947051707
POC5_S80,POC5,False,-0.457556562944851,-0.3396247232929089,-0.530959838379061
POC5_S84,POC5,False,-0.457556562944851,-0.34700112232524544,-0.530959838379061
ACHE_S396,ACHE,False,,,-0.08413495857748998
PTPRJ_S1009,PTPRJ,False,-0.262901683995143,7.754357579017879e-05,
SRSF7_S134,SRSF7,False,0.09706361476832227,0.08081763607680849,0.16092445219644436
SRSF7_S136,SRSF7,False,0.09706361476832227,0.08081763607680849,0.16092445219644436
SNX27_S51,SNX27,False,0.7561493238719292,-0.2040927934112856,0.005040616700530137
SRRT_S11,SRRT,False,0.42524444214810075,,
ENSP00000401204:map.7/51097063/G:p.D469A:n.T51097063G:c.gAc/gCc_S470,ENSP00000401204:map.7/51097063/G:p.D469A:n.T51097063G:c.gAc/gCc,False,,4.623983882985981,
ENSP00000403522_S49,ENSP00000403522,False,-0.4103433935826647,0.08543062131533846,
MAVS_S152,MAVS,False,0.21562961531788033,-0.7253328381384878,-0.14394653857399167
MAVS_S165,MAVS,False,-0.057106013968765926,-0.3042402099291455,-0.060171641131249294
MAVS_S222,MAVS,False,,,-0.7291470407435324
WEE1_S165,WEE1,False,-0.011312453724924306,0.3597386395743425,0.5294711598762631
ENSP00000402299_S926,ENSP00000402299,False,-0.3414735261821197,0.07843543699220476,-0.2639753497815245
ENSP00000402299_S929,ENSP00000402299,False,-0.3414735261821197,0.07843543699220476,-0.2639753497815245
MTMR10_S751,MTMR10,False,-0.08213292383524283,,0.03449746419944489
BRAP_S93,BRAP,False,,0.13255778928275486,0.12167855658825247
BRAP_S97,BRAP,False,,0.13255778928275486,0.12167855658825247
ILF3_S482,ILF3,False,-0.21892702711791884,-0.16389716141326383,-0.1634447181094996
PLEKHA5_S1021,PLEKHA5,False,0.24636900819448032,0.1561840674712541,0.2003766124119407
PLEKHA5_S1099,PLEKHA5,False,-0.24579639955418162,0.385436540426082,0.36298663641258644
PLEKHA5_S1103,PLEKHA5,False,-0.11780207551202439,0.385436540426082,0.36298663641258644
PLEKHA5_S161,PLEKHA5,False,0.17345235518693417,0.220680607470728,0.2201622548620806
PLEKHA5_S416,PLEKHA5,False,0.3198491168047564,,0.8965431158558992
ENSP00000470552_S1891,ENSP00000470552,False,-0.038454198048225585,-0.08604664735005488,
ENSP00000470552_S1892,ENSP00000470552,False,-0.038454198048225585,-0.08604664735005488,
DUT_S4,DUT,False,0.39473363001980655,,
DUT_S11,DUT,False,0.3156249359020266,0.44974892112301107,0.3925452595297285
ENSP00000459607_S184,ENSP00000459607,False,-0.4296051996284245,-0.644366554230169,-0.5264520423657377
ENSP00000459607_S188,ENSP00000459607,False,-0.4296051996284245,-0.644366554230169,-0.5264520423657377
ARMC10_S45,ARMC10,False,-0.3983524103637181,0.18613417734739013,0.0023132491442691694
NOL7_S133,NOL7,False,0.46593863591130297,0.4371077399329319,0.4665233842072394
PIKFYVE_S475,PIKFYVE,False,,0.01716094238471151,0.024603367140657025
ROBO1_S1016,ROBO1,False,-0.8113458821632709,0.08188496672922738,
FAT1_S4473,FAT1,False,-0.1658054979154751,0.010350188169567268,-0.31634763426700924
FAT1_S4272,FAT1,False,,-0.12979706862417617,
NIPBL_S2672.1,NIPBL,False,-0.06621769121620459,-0.21276749824909155,0.12375419618948584
ENSP00000460089_S414,ENSP00000460089,False,4.5869448438535825,3.753818443173543,4.107976238804784
ENSP00000460089_S417,ENSP00000460089,False,4.5869448438535825,3.753818443173543,4.107976238804784
TRA2B_S83,TRA2B,False,0.03921050812700904,-0.07834327260849314,0.049588091770763974
TRA2B_S85,TRA2B,False,0.05461078301146278,-0.07643077032031531,0.049588091770763974
ENSP00000466426_S538,ENSP00000466426,False,-0.11532519541766832,0.16711817751791092,0.2049555821790698
TCOF1_S1073,TCOF1,False,-0.19368719762008868,-0.10109830381755316,-0.08927357253963147
CEP170B_S916,CEP170B,False,,,0.11809388938681974
CEP170B_S918,CEP170B,False,,,0.11809388938681974
CEP170B_S290,CEP170B,False,-0.08938414446072108,0.09704007092315271,0.2338265620007521
CEP170B_S1475,CEP170B,False,-0.1114551854315738,-0.14076377116877892,-0.08133899266626034
CEP170B_S1478,CEP170B,False,-0.1114551854315738,-0.14076377116877892,-0.08133899266626034
CEP170B_S1065,CEP170B,False,,,-0.16951749765046203
CEP170B_S783,CEP170B,False,,-0.21547926599159017,
CEP170B_S702,CEP170B,False,-0.5622183043649842,-0.3885584067997137,
CEP170B_S1044,CEP170B,False,,0.30824436439371317,
CEP170B_S351,CEP170B,False,-0.3268778066306727,-0.041125776283782015,-0.001101841705465012
UNC45A_S4,UNC45A,False,-0.25509836751524184,-0.35111994728252005,0.1649149695524513
PNPLA6_S345,PNPLA6,False,,-0.2787216113819955,-0.20984520070725626
ENSP00000407602:map.3/47956424/T:p.V645I:n.C47956424T:c.Gtc/Atc_S375,ENSP00000407602:map.3/47956424/T:p.V645I:n.C47956424T:c.Gtc/Atc,False,-0.13448857098589045,0.09202395775044497,0.0025267127222912827
ENSP00000407602:map.3/47956424/T:p.V645I:n.C47956424T:c.Gtc/Atc_S1932,ENSP00000407602:map.3/47956424/T:p.V645I:n.C47956424T:c.Gtc/Atc,False,-0.08099060014931352,,0.022669327170197828
ENSP00000407602:map.3/47956424/T:p.V645I:n.C47956424T:c.Gtc/Atc_S1934,ENSP00000407602:map.3/47956424/T:p.V645I:n.C47956424T:c.Gtc/Atc,False,-0.551966054078923,,
ENSP00000407602:map.3/47956424/T:p.V645I:n.C47956424T:c.Gtc/Atc_S297,ENSP00000407602:map.3/47956424/T:p.V645I:n.C47956424T:c.Gtc/Atc,False,0.14146124178591554,0.07556836745438664,0.0601366516355416
ENSP00000407602:map.3/47956424/T:p.V645I:n.C47956424T:c.Gtc/Atc_S524,ENSP00000407602:map.3/47956424/T:p.V645I:n.C47956424T:c.Gtc/Atc,False,-0.07644561302498958,-0.019856518126750586,-0.17017019527158728
ENSP00000407602:map.3/47956424/T:p.V645I:n.C47956424T:c.Gtc/Atc_S527,ENSP00000407602:map.3/47956424/T:p.V645I:n.C47956424T:c.Gtc/Atc,False,0.1323253845402098,0.09214384990825499,0.012847713933776726
ENSP00000407602:map.3/47956424/T:p.V645I:n.C47956424T:c.Gtc/Atc_S1841,ENSP00000407602:map.3/47956424/T:p.V645I:n.C47956424T:c.Gtc/Atc,False,-0.13766284166996426,-0.0802909566206721,-0.091817328398487
ENSP00000407602:map.3/47956424/T:p.V645I:n.C47956424T:c.Gtc/Atc_S653,ENSP00000407602:map.3/47956424/T:p.V645I:n.C47956424T:c.Gtc/Atc,False,0.608012908923859,0.7670606023886236,0.4628091533900061
ENSP00000407602:map.3/47956424/T:p.V645I:n.C47956424T:c.Gtc/Atc_S2073,ENSP00000407602:map.3/47956424/T:p.V645I:n.C47956424T:c.Gtc/Atc,False,0.04776397772597821,0.38093687368427376,0.2478508350424481
ENSP00000407602:map.3/47956424/T:p.V645I:n.C47956424T:c.Gtc/Atc_S1392,ENSP00000407602:map.3/47956424/T:p.V645I:n.C47956424T:c.Gtc/Atc,False,0.20922321844489325,0.17108586375767967,0.004993053369049611
ENSP00000407602:map.3/47956424/T:p.V645I:n.C47956424T:c.Gtc/Atc_S2086,ENSP00000407602:map.3/47956424/T:p.V645I:n.C47956424T:c.Gtc/Atc,False,0.21425145461860554,0.11184113407966502,0.24699268338466218
ENSP00000407602:map.3/47956424/T:p.V645I:n.C47956424T:c.Gtc/Atc_S1970,ENSP00000407602:map.3/47956424/T:p.V645I:n.C47956424T:c.Gtc/Atc,False,-0.18675443660081534,,0.061983516108957325
ENSP00000407602:map.3/47956424/T:p.V645I:n.C47956424T:c.Gtc/Atc_S2218,ENSP00000407602:map.3/47956424/T:p.V645I:n.C47956424T:c.Gtc/Atc,False,0.21409800941487947,0.04415370557073658,0.12752094236797556
ENSP00000407602:map.3/47956424/T:p.V645I:n.C47956424T:c.Gtc/Atc_S723,ENSP00000407602:map.3/47956424/T:p.V645I:n.C47956424T:c.Gtc/Atc,False,-0.41693800797043024,-0.48104921174652304,-0.24038099181912892
CDK12_S420,CDK12,False,-0.0119049432372279,0.08137979728680271,
CDK12_S423,CDK12,False,0.09107379600580422,-0.14567471535693163,-0.031338594443303974
CDK12_S681,CDK12,False,-0.12694402487964332,0.03165219725703444,-0.09768953379221805
CDK12_S685,CDK12,False,-0.12694402487964332,-0.03638925731243594,-0.09768953379221805
CDK12_S382,CDK12,False,-0.022471569907821815,0.18840143478220453,-0.054377315639496715
CDK12_S383,CDK12,False,0.013062437253305572,0.016617850745797868,0.02729718795910947
CDK12_S385,CDK12,False,0.0776655757427419,-0.13266591503030667,0.011370321464120307
CDK12_S1083,CDK12,False,-0.3558209428294396,-0.40599884289018134,-0.40050640945599536
CDK12_S301,CDK12,False,0.08941261652662906,0.00081713415560071,-0.036315929785003566
CDK12_S303,CDK12,False,0.08941261652662906,0.00394418463712208,0.7496182773103146
CDK12_S306,CDK12,False,,0.04121408118107541,0.09125976619267828
CDK12_S274,CDK12,False,0.16369184518461352,0.1587171404664729,0.26932417996426855
CDK12_S276,CDK12,False,0.16369184518461352,0.1587171404664729,0.26932417996426855
CDK12_S332,CDK12,False,-0.21430758001458425,0.07975554949808707,0.05340926211350659
CDK12_S333,CDK12,False,0.06778360810143959,-0.03595267931509879,-0.026779094725857856
CDK12_S334,CDK12,False,0.028266997645010294,-0.02579656315313608,-0.0005115848707299003
CDK12_S338,CDK12,False,,0.14873891273752513,-1.199023503416754
CDK12_S318,CDK12,False,0.02317082325187654,0.024745190197137796,0.17231193929888855
CDK12_S323,CDK12,False,0.001405796273527662,0.0029756094911533837,0.23102241741607402
CDK12_S325,CDK12,False,-0.011108993346517451,0.0029756094911533837,0.23102241741607402
CDK12_S261,CDK12,False,0.18928690658361216,0.12300395405481979,
CDK12_S265,CDK12,False,0.18122972624679784,0.3143917239735337,0.13620034483711857
CDK12_S341,CDK12,False,0.0417729377413911,-0.06402614560956625,-0.19189026594320424
CDK12_S343,CDK12,False,-0.0010659333310996312,-0.47546866717201147,-0.7094664387107493
CDK12_S345,CDK12,False,-0.0010659333310996312,-0.47546866717201147,-0.7094664387107493
CDK12_S291,CDK12,False,,-0.10579921165543667,
CDK12_S293,CDK12,False,,-0.10579921165543667,
CDK12_S236,CDK12,False,0.30258405709846564,0.23315180343929373,
CDK12_S249,CDK12,False,0.30258405709846564,0.34092067760406725,0.706464245612283
WDR26_S121,WDR26,False,-0.09292862365027073,-0.18299670685737543,-0.16670281223660047
ENSP00000408476:map.8/22428658/C:p.I214T:n.T22428658C:c.aTc/aCc_S6,ENSP00000408476:map.8/22428658/C:p.I214T:n.T22428658C:c.aTc/aCc,False,,,0.10312831621722547
ENSP00000408476:map.8/22428658/C:p.I214T:n.T22428658C:c.aTc/aCc_S202,ENSP00000408476:map.8/22428658/C:p.I214T:n.T22428658C:c.aTc/aCc,False,-1.5449952923827255,-1.0204056286066856,-0.6346299524316639
ENSP00000408476:map.8/22428658/C:p.I214T:n.T22428658C:c.aTc/aCc_S203,ENSP00000408476:map.8/22428658/C:p.I214T:n.T22428658C:c.aTc/aCc,False,-1.3709945357595927,-0.8186874915323581,-0.6134318218752118
ENSP00000408476_S202,ENSP00000408476,False,-1.5449952923827255,-1.0204056286066856,-0.6346299524316639
ENSP00000408476_S203,ENSP00000408476,False,-1.3709945357595927,-0.8186874915323581,-0.6134318218752118
PRKCA_S226,PRKCA,False,0.19049168021524424,0.18574241930455462,-0.052361285877450175
MCRIP1_S13,MCRIP1,False,-0.07015106118407051,0.20784423836401097,-0.23794159263262757
MCRIP1_S16,MCRIP1,False,0.07973221706006069,0.03727896040911569,0.0038921302048979603
APBA2_S283,APBA2,False,0.7143114679319973,,-0.016526595169293366
CRACR2A_S424,CRACR2A,False,-2.314160391835915,-1.0159283993740849,
CRACR2A_S426,CRACR2A,False,-2.314160391835915,-1.0159283993740849,
CRACR2A_S473,CRACR2A,False,-1.2826142013097432,,
ZNF740_S44,ZNF740,False,0.0825088948443687,0.13775689369965385,0.11843840144381464
PLCL2_S987,PLCL2,False,-0.5077958775790766,-0.36641069474081944,-1.224104401347737
CATSPERT_S1061,CATSPERT,False,,,1.6463009280115581
CATSPERT_S1063,CATSPERT,False,,,1.6463009280115581
NEDD4_S328,NEDD4,False,-0.033968285503475755,0.011209361420303354,-0.16229890906613462
DNTTIP2_S141,DNTTIP2,False,0.3207876489431256,0.43440797167701906,0.19341203457227946
DNTTIP2_S145,DNTTIP2,False,0.6400341327650556,0.4098781804691253,0.3284095522877594
DNTTIP2_S148,DNTTIP2,False,0.15949637540968445,0.5130361521767823,0.17922710133349457
TOP2A_S1106,TOP2A,False,-0.24882337126790546,-0.1617203308605241,-0.018134146437253612
TOP2A_S1374,TOP2A,False,-0.2605493410941327,,-0.638568495866859
TOP2A_S1377,TOP2A,False,-0.028405698121919152,-0.21330696168068805,-0.16822966511183698
TOP2A_S1247,TOP2A,False,-0.24356830415563188,-0.17071449194101493,-0.1883385746915932
TOP2A_S1213,TOP2A,False,-0.5569662970747,-0.3023151286270236,-0.03791911460071895
SLTM_S119,SLTM,False,0.10945360226119849,0.14963922908302393,0.20486851205973103
DBNL_S269,DBNL,False,,-1.3798472786762137,3.0126401807787704
DBNL_S275,DBNL,False,,-0.7186034336617513,-1.926975010191001
DBNL_S283,DBNL,False,-0.5365281379269091,-0.43233874643132625,-0.28010551186372623
DBNL_S232,DBNL,False,0.42601840344224806,0.43860308190404007,0.42881872277594735
KIF21B_S1269,KIF21B,False,0.20747988599485911,0.17063602138977152,1.0367908342846899
KIF21B_S1272,KIF21B,False,0.20747988599485911,0.17063602138977152,1.0367908342846899
KIF21B_S1241,KIF21B,False,-0.38272248025921773,-0.3001789920568175,
BACC1_S146,BACC1,False,0.013069150019521303,,
BACC1_S150,BACC1,False,0.013069150019521303,,
BACC1_S96,BACC1,False,0.09820074602165672,-0.061941112862897905,0.1495720737587407
C1orf226_S222,C1orf226,False,-0.1557551768762008,-0.8009876074002539,-0.14563252723286574
C1orf226_S223,C1orf226,False,0.08143580391660295,-0.652880193097364,-0.14563252723286574
C1orf226_S244,C1orf226,False,0.02808779792053798,-0.07523119349836356,0.002882508533121365
C1orf226_S249,C1orf226,False,0.02808779792053798,-0.005609460419020826,0.002882508533121365
PSRC1_S70,PSRC1,False,0.7912723077765852,-0.49053248998785665,
LSM14A_S216,LSM14A,False,-0.04579233897845245,-0.04059206288312669,-0.06636056718826806
LSM14A_S192,LSM14A,False,-0.1432025785776623,0.01475450605463569,-0.16279876948124117
LSM14A_S183,LSM14A,False,-0.008080613646653434,0.0032130526632011824,-0.13742634809788656
LSM14A_S178,LSM14A,False,,,-0.2793362837399432
HJURP_S473,HJURP,False,-0.15944787006415123,-0.20341885738919138,-0.0016318307158663576
HJURP_S140,HJURP,False,-0.15561434699742882,,-0.21251738473113935
PPP6R1_S529,PPP6R1,False,-0.08258505114646128,0.04921253463256027,-0.28086037780067463
PPP6R1_S531,PPP6R1,False,-0.08258505114646128,0.035087521455364284,-0.28086037780067463
GOSR1_S49,GOSR1,False,0.21021474668228765,-0.04510235700652695,-0.2109523082717497
CBFB_S173,CBFB,False,0.08817386183253241,0.07371709520502132,0.04268750476454935
CBFB_S176,CBFB,False,,-0.12078044114060217,-0.4370371714847097
SHROOM2_S4,SHROOM2,False,-0.1196517382720338,0.021564214498415946,-0.013077567579096103
SHROOM2_S6,SHROOM2,False,-0.049716703223133575,-0.07052143073569395,0.06538644262218495
SHROOM2_S8,SHROOM2,False,-0.2525813056978201,-0.3527335704663468,-0.24841025962797497
GTSE1_S476,GTSE1,False,,-1.495450790781853,
GTSE1_S480,GTSE1,False,,-1.495450790781853,
GTSE1_S594,GTSE1,False,-0.28848206901587065,-0.04614129187373942,0.028919507210401978
GTSE1_S599,GTSE1,False,-0.28848206901587065,-0.04614129187373942,0.028919507210401978
GTSE1_S602,GTSE1,False,0.02446153014099581,-0.01105707916173724,0.028919507210401978
MICAL3_S1221,MICAL3,False,-1.42267511017821,,-0.4960814237898788
MICAL3_S1310,MICAL3,False,-0.5809302178519586,-0.5097334086206012,-0.2292971886660652
MICAL3_S977,MICAL3,False,-0.058946800137887854,-0.161424778522642,-0.07756685920051792
MICAL3_S685,MICAL3,False,-1.1282511273773468,-1.0383607324910535,-0.057917935059048714
MICAL3_S687,MICAL3,False,-0.06289204208305363,-0.04830074342727467,-0.4992366676361682
MICAL3_S1649,MICAL3,False,,,-0.6300589777457337
MICAL3_S1337,MICAL3,False,0.6485574780527603,0.45343856134876015,0.37762353763572676
MICAL3_S1406,MICAL3,False,-0.44386982305305034,-0.27390698083130705,-0.3100746891435733
MICAL3_S1704,MICAL3,False,-0.16084661261017888,0.07915620661764354,
MICAL3_S1745,MICAL3,False,,0.23584957650756347,
ENSP00000476265_S941,ENSP00000476265,False,-0.01981062169732732,-0.13643982128818868,0.08501667348871386
MED19_S226,MED19,False,-0.006753516804433499,-0.03358421440672846,0.08504960759079663
ENSP00000416290:map.7/42951660/T:p.E3K:n.C42951660T:c.Gag/Aag_S266,ENSP00000416290:map.7/42951660/T:p.E3K:n.C42951660T:c.Gag/Aag,False,0.05686094304675096,,0.37551214070374395
ENSP00000416290:map.7/42951660/T:p.E3K:n.C42951660T:c.Gag/Aag_S268,ENSP00000416290:map.7/42951660/T:p.E3K:n.C42951660T:c.Gag/Aag,False,0.05686094304675096,,0.37551214070374395
ENSP00000416290:map.7/42951660/T:p.E3K:n.C42951660T:c.Gag/Aag_S270,ENSP00000416290:map.7/42951660/T:p.E3K:n.C42951660T:c.Gag/Aag,False,0.05686094304675096,,0.37551214070374395
ZC3H18_S46,ZC3H18,False,-0.10269820103409599,-0.038812300831413786,0.0639015918722856
ZC3H18_S67,ZC3H18,False,-0.15647326400859266,-0.10948425625410119,-0.2372363196945547
ZC3H18_S74,ZC3H18,False,-0.13941058378961363,,
ZC3H18_S83,ZC3H18,False,0.15730246631897368,0.01678155023340201,0.09164154204335956
ZC3H18_S556,ZC3H18,False,-0.13875820693236726,-0.28067602848395934,-0.3130941244620728
ZC3H18_S558,ZC3H18,False,0.1542172423328633,0.05102435267268803,0.008145353958074102
ZC3H18_S892,ZC3H18,False,0.008518579986560769,-0.0213631705442064,-0.018526824882830032
ZC3H18_S6,ZC3H18,False,-0.2693556969860566,,
ZC3H18_S13,ZC3H18,False,-0.2693556969860566,,
ZC3H18_S511,ZC3H18,False,-0.23269926825219686,-0.19618034225684897,-0.28059748806673945
ZC3H18_S917,ZC3H18,False,-0.05979357323949129,-0.022972280058673772,-0.12929234200683806
TRA2B_S95,TRA2B,False,0.08424698206659902,-0.0016362291507214476,0.35801442908128067
TRA2B_S97,TRA2B,False,0.11085017014241383,-0.0709310729172708,0.3286680928407479
TRA2B_S99,TRA2B,False,0.057038642527225875,-0.05323963127792491,0.4442987071294564
TRA2B_S102,TRA2B,False,0.18155118785981575,0.10473790782295199,0.21587994512239211
TRA2B_S2,TRA2B,False,0.17245163406432715,0.17593287298228952,0.3465266956544201
TRA2B_S14,TRA2B,False,0.3226495499492062,0.5260688116675876,
TRA2B_S18,TRA2B,False,0.46142378478668494,,
TRA2B_S83.1,TRA2B,False,0.19445550952282695,0.15013394715532766,0.27849188242397904
TRA2B_S85.1,TRA2B,False,0.08408858564022999,0.09794122587924999,-0.8252414485567986
TRA2B_S87,TRA2B,False,0.276302840274262,0.019036456643607313,-1.3783933243438171
DHX36_S161,DHX36,False,-2.722550894940474,-2.524189139686703,-2.3158495833864334
DHX36_S167,DHX36,False,-3.1423864603458975,-2.3698182195082618,-3.1264076271675574
VAPB_S156,VAPB,False,0.30775296431891747,0.6907911235332511,0.3197723271037671
VAPB_S158,VAPB,False,-0.4222617670231636,0.04728645463570724,-0.4276028641549423
VAPB_S160,VAPB,False,-0.07535479681067701,0.18208130607399023,-0.2055175004894993
ENSP00000417229:map.3/150280445/G:p.T97S:n.C150280445G:c.aCt/aGt_S526,ENSP00000417229:map.3/150280445/G:p.T97S:n.C150280445G:c.aCt/aGt,False,-3.9814369859773513,-1.232405041142936,-3.1347617376131915
ENSP00000417229:map.3/150280445/G:p.T97S:n.C150280445G:c.aCt/aGt_S506,ENSP00000417229:map.3/150280445/G:p.T97S:n.C150280445G:c.aCt/aGt,False,-0.28438141090551744,-0.2590710991126764,-0.27571279288070705
ZNF639_S60,ZNF639,False,,1.3660843685494368,
TFDP2_S24,TFDP2,False,-0.584700429031591,-0.3319582181042131,0.3267674246958799
TASOR_S927,TASOR,False,-0.021886548783432935,0.00503684548013043,0.006319815354281767
ENSP00000468961_S316,ENSP00000468961,False,-0.024561377259834122,-0.17890532971383122,
ENSP00000468961_S321,ENSP00000468961,False,-0.024561377259834122,-0.17890532971383122,
SLC35A5_S416,SLC35A5,False,-0.15290104975254554,-0.02882251169156576,-0.033145135717739554
SLC35A5_S419,SLC35A5,False,-0.15290104975254554,-0.02882251169156576,-0.033145135717739554
DDI2_S194,DDI2,False,,-0.09366208932298203,
ENSP00000469576_S182,ENSP00000469576,False,0.22091816284104326,0.23001501991397563,
TLE4_S115,TLE4,False,0.30334436512582186,0.24607201473633958,0.25421182119532154
TLE4_S120,TLE4,False,0.30334436512582186,0.24607201473633958,0.2373792116441477
ANP32A_S17,ANP32A,False,,-0.6644168531189186,0.010103445498593114
MECOM_S436,MECOM,False,0.057452872316679615,0.22675512326982003,
MECOM_S849,MECOM,False,0.07573778449757618,-0.09461829038944355,
MECOM_S851,MECOM,False,-0.42209508562937326,,-0.17473538328818172
GPHN_S188,GPHN,False,-0.4659005516628953,-0.07762891827176342,-0.49835729084985664
GPHN_S194,GPHN,False,-0.4659005516628953,-0.11707733413845778,-0.49835729084985664
PPP2R5D_S80,PPP2R5D,False,-0.03606786646536699,-0.6361596437207951,-0.21934960512027124
PPP2R5D_S81,PPP2R5D,False,0.2848777806280648,0.41531874787112705,0.1390705595319118
PPP2R5D_S82,PPP2R5D,False,-0.42992931440487414,0.24269554017864134,0.39173997760808077
PPP2R5D_S565,PPP2R5D,False,0.0687256668077381,0.32077347694587044,0.43839931960922274
NECTIN3_S465,NECTIN3,False,,0.2415774277248437,
NECTIN3_S469,NECTIN3,False,,0.21101219348551165,
PARP14_S33,PARP14,False,,0.41196851036013304,
SRPRB_S257,SRPRB,False,,0.42899992576300405,
SRPRB_S112,SRPRB,False,-0.4490205555216874,0.17235949784814059,
MYSM1_S218,MYSM1,False,,0.18552296235666196,-0.43555353979492023
MYSM1_S110,MYSM1,False,0.6213368858135637,-0.26380212382664453,
ENSP00000419057_S6,ENSP00000419057,False,-0.7501299531775019,,
ENSP00000419057_S23,ENSP00000419057,False,-0.7501299531775019,,
C1orf52_S158,C1orf52,False,0.13742776111054764,0.060276519086237774,0.05961323255059738
ADAM9_S758,ADAM9,False,-0.8676931552165419,-1.131682020871044,-0.6509317063315925
RYBP_S188,RYBP,False,0.18499982715099453,0.17414233603050014,0.0206528064957786
RYBP_S212,RYBP,False,0.3188234527541695,0.5224575581152087,0.20776793757217057
RYBP_S216,RYBP,False,0.3188234527541695,0.5224575581152087,-0.08297313444311634
RYBP_S219,RYBP,False,0.3188234527541695,0.5224575581152087,-0.08297313444311634
BRD9_S566,BRD9,False,,,-0.15838258115649775
BRD9_S588,BRD9,False,,-0.28977434211448555,
GMPS_S332,GMPS,False,-0.12418848888100684,-0.006399448824087214,-0.08495053744305339
CDS2_S23,CDS2,False,,-0.19050323599911453,
CDS2_S33,CDS2,False,-0.03382058642669809,-0.19050323599911453,
DBNL_S232.1,DBNL,False,,0.3127699896390763,0.3571025861019359
FLNB_S1474,FLNB,False,-0.34549113471348364,-0.3454577476267395,-0.295429756943551
PHC3_S263,PHC3,False,,0.6274200694012009,0.2926429756563334
PHC3_S315,PHC3,False,,0.5937840052606603,
PHC3_S616,PHC3,False,-0.23505627461798256,-0.22861418553506865,-0.2376453558898541
NECTIN3_S27,NECTIN3,False,-0.2523462151355246,,-0.4241842662628443
FIP1L1_S149,FIP1L1,False,-0.010105603881034375,-0.0983343486311425,-0.2872865947510031
ENSP00000421922_S50,ENSP00000421922,False,0.08685767232876968,0.3101686421024796,-0.11548238591748118
ENSP00000422098_S41,ENSP00000422098,False,-0.8193209129737644,-0.5810515336210096,-0.9981833484987339
DLC1_S22,DLC1,False,0.3204269112939921,-0.08937953383809756,0.39209756678307595
DDX41_S21,DDX41,False,-0.21744018167968418,-0.15737410776675118,-0.03623771160767776
DDX41_S23,DDX41,False,-0.21744018167968418,-0.2195238213831511,0.07519353509182268
DDX41_S66,DDX41,False,0.033406024923112745,-0.04164821120318235,-0.01405830492065746
DDX41_S68,DDX41,False,0.033406024923112745,-0.04164821120318235,-0.01405830492065746
ARHGEF26_S392,ARHGEF26,False,,-0.3529342127127269,-0.5367960795713753
ARHGEF26_S222,ARHGEF26,False,-0.2866737031561933,,-0.23614654833467252
ARHGEF26_S22,ARHGEF26,False,-0.019494366935699517,0.274191301631782,0.42803516328190505
MARK2_S537,MARK2,False,-0.19126842714866926,-0.37253829254281856,0.2702299072379977
ENSP00000423728_S33,ENSP00000423728,False,-0.7482308052918518,-0.6979187545119973,0.15107947302881158
ENSP00000423728_S47,ENSP00000423728,False,-0.08029015369601959,-0.13919763484958705,-0.0014000933447668056
AMOTL2_S817,AMOTL2,False,0.5404014453586546,,
AMOTL2_S820,AMOTL2,False,0.5404014453586546,,
AMOTL2_S241,AMOTL2,False,-0.03644734457283732,-0.047001579339633504,0.19935861836475255
AMOTL2_S660,AMOTL2,False,,-0.010946467735803753,0.03815520102596883
AMOTL2_S664,AMOTL2,False,-0.19616041681022078,-0.06403069167187775,
AMOTL2_S215,AMOTL2,False,0.17708860210596758,,0.058247216854662685
AMOTL2_S217,AMOTL2,False,0.17708860210596758,,0.058247216854662685
MTX3_S311,MTX3,False,-0.2096116199206647,,-0.37622676188859094
PGM3_S64,PGM3,False,0.06990893177164294,0.1205509525984354,0.18380380603456514
MLIP_S476,MLIP,False,-0.06849847300251545,-0.3696131681089004,-0.22486260597592278
ANKRD50_S988,ANKRD50,False,-0.14693052902670803,-0.21869904470627236,
ANKRD50_S1004,ANKRD50,False,0.08703053820999773,-0.080387353531027,0.08043398057956432
BOD1L1_S138,BOD1L1,False,0.013396090427874763,-0.048885892210369736,0.19899696624010868
BOD1L1_S143,BOD1L1,False,0.013396090427874763,-0.048885892210369736,0.19899696624010868
BOD1L1_S164,BOD1L1,False,-0.374358697688459,-0.30175693595779535,-0.2258966983182577
CDKN2AIP_S131,CDKN2AIP,False,-0.5046075642523418,-1.0401719367189273,-1.4330921757533943
ZC2HC1A_S164,ZC2HC1A,False,-0.14672513564842626,-0.0015845009461133153,0.039249903975905366
ZC2HC1A_S56,ZC2HC1A,False,0.2054269677538832,,
KIF13B_S1410,KIF13B,False,,0.7995018140615954,1.8326065093904138
KIF13B_S1823,KIF13B,False,0.06361244947919213,-0.0012990101791033478,0.25326319925980556
KIF13B_S1381,KIF13B,False,0.07112607600830495,0.17634678328310502,0.20535629858441642
TCEA1_S100,TCEA1,False,0.04878126895367579,-0.03803382456385389,-0.1070712158835143
TCEA1_S81,TCEA1,False,-1.084242015767197,-0.8116458589964737,
STAU2_S384,STAU2,False,0.4471030682972607,0.42225323637454143,
LARP1_S90,LARP1,False,-0.2820695563685344,-0.2677774617671634,-0.4068151548891905
LARP1_S143,LARP1,False,-0.07884269226164671,-0.06262511314388697,-0.07182494194304
LYN_S11,LYN,False,,-0.4553959190204608,
LYN_S13,LYN,False,0.14964792426330487,0.1930766495945588,0.029663975959414855
NCOA2_S736,NCOA2,False,0.127501219215837,-0.11689955703697845,-0.1542047814756764
ENSP00000430497_S2769,ENSP00000430497,False,-0.21651820084728082,,
PTDSS1_S442,PTDSS1,False,,,-0.5449819030302749
PTDSS1_S11,PTDSS1,False,,0.14464738929972176,0.3970160557317053
IKBKB_S672,IKBKB,False,-0.16943522828071989,-0.2933275574285336,0.203389117367087
MACF1_S619,MACF1,False,-0.11728403102569769,-0.2639753497815245,-0.417655961076501
ENSP00000457831_S363,ENSP00000457831,False,-0.6237745461088559,-0.6779073476350094,-0.3506584876780003
ENSP00000457831_S314,ENSP00000457831,False,,,0.4346682556143521
ENSP00000457831_S303,ENSP00000457831,False,-0.1359080277644774,-0.08866821511204785,-0.44064773862337836
ENSP00000457831_S307,ENSP00000457831,False,-0.24602116449056924,-0.3282275883435023,-0.44064773862337836
EEF1D_S41,EEF1D,False,-0.07025316196202515,0.2077174715398236,-0.29870823367651816
RIC8A_S436,RIC8A,False,-0.0675559160517765,-0.01629821092091489,-0.05938282071984965
MEX3A_S428,MEX3A,False,,-0.25551164357088807,
C2CD2L_S247,C2CD2L,False,,-0.5248943589985282,
C2CD2L_S250,C2CD2L,False,-0.6585876779182676,-0.6425391077770182,
NCAPD3_S1348,NCAPD3,False,0.08909131856468917,0.4051428050618028,
NCAPD3_S1357,NCAPD3,False,0.08909131856468917,0.4051428050618028,
NCAPD3_S530,NCAPD3,False,-0.13354003029803246,,
NCAPD3_S531,NCAPD3,False,-0.13354003029803246,,
NCAPD3_S1372,NCAPD3,False,0.1853592407567642,0.11186455506923135,
NCAPD3_S1382,NCAPD3,False,,0.041079456870408704,-0.164480248752225
NCAPD3_S1384,NCAPD3,False,-0.019858301843184295,0.08093015841063096,-0.1739999652099366
CLNS1A_S102,CLNS1A,False,-0.08248373926200576,-0.08811036292122315,-0.12296945240577778
CLNS1A_S195,CLNS1A,False,0.09031383646027026,0.49446681428175904,0.7089376396264442
ARFGAP2_S432,ARFGAP2,False,0.2531421525641866,-0.25305095403705447,
ARFGAP2_S368,ARFGAP2,False,0.8318772411916731,,
ARFGAP2_S146,ARFGAP2,False,-0.004010899032422198,-0.03388554417519627,-0.04690817872799742
PCF11_S800,PCF11,False,-0.164366918796174,,
PAFAH1B2_S64,PAFAH1B2,False,,-0.46575906818105806,
PAFAH1B2_S2,PAFAH1B2,False,-0.14755363716889716,0.008317537192622347,
ENSP00000435365:map.1/179852074/C:p.M146T:n.T179852074C:c.aTg/aCg_S154,ENSP00000435365:map.1/179852074/C:p.M146T:n.T179852074C:c.aTg/aCg,False,0.07485366534832243,0.057199664787582226,0.1322460555418211
ENSP00000435365:map.1/179852074/C:p.M146T:n.T179852074C:c.aTg/aCg_S156,ENSP00000435365:map.1/179852074/C:p.M146T:n.T179852074C:c.aTg/aCg,False,0.13717473708819503,0.11578174007439386,0.13699743195555839
ENSP00000435365:map.1/179852074/C:p.M146T:n.T179852074C:c.aTg/aCg_S157,ENSP00000435365:map.1/179852074/C:p.M146T:n.T179852074C:c.aTg/aCg,False,0.2178704842239796,0.11846682994770179,0.13338721828584618
ENSP00000435365:map.1/179852074/C:p.M146T:n.T179852074C:c.aTg/aCg_S143,ENSP00000435365:map.1/179852074/C:p.M146T:n.T179852074C:c.aTg/aCg,False,-0.11576001881890989,0.18870727986957636,0.20911948814038922
ENSP00000435365:map.1/179852074/C:p.M146T:n.T179852074C:c.aTg/aCg_S316,ENSP00000435365:map.1/179852074/C:p.M146T:n.T179852074C:c.aTg/aCg,False,0.07888304652198912,0.20079834340591268,0.2118299028547688
ENSP00000435365:map.1/179852074/C:p.M146T:n.T179852074C:c.aTg/aCg_S216,ENSP00000435365:map.1/179852074/C:p.M146T:n.T179852074C:c.aTg/aCg,False,0.028985273381924755,0.04208050383797887,0.05549035902808736
ENSP00000435365:map.1/179876988/G:p.P277R:n.C179876988G:c.cCt/cGt_S143,ENSP00000435365:map.1/179876988/G:p.P277R:n.C179876988G:c.cCt/cGt,False,-0.015086163303132116,-0.017305418453141208,0.07407709382757181
TAF2_S190,TAF2,False,-0.2008859904571855,0.06364099264269589,-0.1864646265083654
ENSP00000437658_S574,ENSP00000437658,False,-1.071125882590815,-0.47981413394697175,-0.24285265228773703
ENSP00000437658_S640,ENSP00000437658,False,-0.012246343365551268,-0.07666400937365517,
ENSP00000437658_S550,ENSP00000437658,False,,,0.06736336711961023
ENSP00000437658_S554,ENSP00000437658,False,,,0.06736336711961023
PGAM5_S80,PGAM5,False,-0.11502904104723406,-0.3061681226488091,0.17834193266393114
SNX17_S390,SNX17,False,,,1.3954467356989158
TRERF1_S634,TRERF1,False,-0.1595891371627656,-0.13083926159988268,
TRERF1_S638,TRERF1,False,-0.1595891371627656,-0.13083926159988268,
CHERP_S815,CHERP,False,-0.2125441590840319,-0.2505549751454874,-0.19740143752984127
CHERP_S817,CHERP,False,-0.2125441590840319,-0.2505549751454874,-0.19740143752984127
CHERP_S813,CHERP,False,-0.2630774292985732,-0.2833592322069112,-0.19846053923623677
MED24_S881,MED24,False,-1.154652930693288,-1.0497057346663123,-1.3520409996110183
MED24_S892,MED24,False,-0.9103381311651222,-1.0805383484693587,0.28879801464343885
CHD4_S96,CHD4,False,-0.08646141752289963,,
CHD4_S98,CHD4,False,-0.08646141752289963,,
CHD4_S270,CHD4,False,,0.2138749065031751,0.12173644517292212
CHD4_S1524,CHD4,False,-0.06739635394536428,-0.15928571159193294,0.1177977841369954
CHD4_S1528,CHD4,False,-0.4112023884219878,-0.36557649169627693,-0.3670696679041856
CLASP1_S738,CLASP1,False,-0.13825092890408144,-0.2034790320334532,0.03712023633328998
CLASP1_S695,CLASP1,False,-0.09110263155083935,0.20337877363356305,-0.127474135426433
CLASP1_S687,CLASP1,False,0.007769594145917668,0.07409435357387338,0.25652762689220954
CLASP1_S691,CLASP1,False,8.049500651470315e-05,0.07409435357387338,
ENSP00000441875:map.12/7077684/A:p.R123C:n.G7077684A:c.Cgc/Tgc_S293,ENSP00000441875:map.12/7077684/A:p.R123C:n.G7077684A:c.Cgc/Tgc,False,-0.0670922121015993,0.007482576331206196,
ENSP00000471183_S64,ENSP00000471183,False,,0.8933622107638715,
ENSP00000471183_S87,ENSP00000471183,False,-0.6334970857783342,-0.34219655157874046,-0.6209114141147497
ENSP00000471183_S199,ENSP00000471183,False,0.4538797859040098,0.5952170576925648,0.45685373029981874
ENSP00000471183_S209,ENSP00000471183,False,0.4538797859040098,0.5952170576925648,0.45685373029981874
VPS50_S464,VPS50,False,-0.08896041435571288,-0.16803176420403448,
VPS50_S468,VPS50,False,-0.10932850043556575,-0.13263018969924828,0.04951633696265173
VPS50_S529,VPS50,False,0.1590829132404775,0.11845357709654186,0.09342495941910291
VPS50_S531,VPS50,False,-0.07590255257116625,-0.06683629881145893,0.0422240737629849
VPS50_S555,VPS50,False,0.047411722705585094,-0.2674753285860751,-0.18098448951400423
EIF2B1_S7,EIF2B1,False,-0.03625586454197359,0.14742121240174347,0.08147598159795859
ENSP00000443442:map.12/27800746/T:p.V148L:n.G27800746T:c.Gtg/Ttg_S509,ENSP00000443442:map.12/27800746/T:p.V148L:n.G27800746T:c.Gtg/Ttg,False,,-0.1303065231542804,
ENSP00000444930_S3,ENSP00000444930,False,0.03904291825020592,0.1273691466162218,0.20491162947017888
SPINDOC_S83,SPINDOC,False,,0.037349850279422635,
SPINDOC_S88,SPINDOC,False,,-0.3427197443601173,
ENSP00000463855_S923,ENSP00000463855,False,0.10291118202027098,-0.01979380262187702,0.04876501347144759
ENSP00000463855_S914,ENSP00000463855,False,,-0.025366683547639487,
WIZ_S164,WIZ,False,-0.7709625510364791,-1.0628681598481338,-0.6558634689898537
WIZ_S177,WIZ,False,-0.42179669801306047,-0.3725986088015439,
WIZ_S187,WIZ,False,-0.015273691043785932,-0.13907301550021994,-0.2956591866968109
WIZ_S193,WIZ,False,-0.21417473162842623,-0.26862872167302415,-0.41592420788339785
WIZ_S198,WIZ,False,-0.10668357813085046,-0.11063273209410569,-0.047814775735702
WIZ_S448,WIZ,False,0.13632265374921437,0.059867413365211064,0.28658922504525103
WIZ_S420,WIZ,False,-0.46036446922619634,-0.3831342024534178,-0.33195351125361383
TCF7L2_S177,TCF7L2,False,0.1348780543431117,0.3894151787584748,0.4926223285744457
TCF7L2_S179,TCF7L2,False,0.12468917375415219,-0.31902568274346604,0.4926223285744457
NOPCHAP1_S178,NOPCHAP1,False,0.06684706257870902,0.4265085350587197,0.2110545241468139
ENSP00000447198_S4,ENSP00000447198,False,0.22445253656253522,0.5437145820607886,0.3830725913571754
ENSP00000447198_S8,ENSP00000447198,False,0.062381722783129215,0.3194124030831297,0.3830725913571754
ENSP00000447198_S10,ENSP00000447198,False,-0.7258516711768502,-0.5912881389705712,-0.4734943870291386
ENSP00000447198_S14,ENSP00000447198,False,0.07658662766520981,-0.7099162739956676,-0.573831855990956
ENSP00000447198_S19,ENSP00000447198,False,-0.011908511147719012,-0.014754839444132988,-0.04835524354598912
ENSP00000448781_S442,ENSP00000448781,False,-1.164496267883174,,
MCRS1_S7,MCRS1,False,,,0.6692989464444798
ATXN2_S153,ATXN2,False,0.42298645056671685,0.02369882274827895,
ENSP00000459319_S818,ENSP00000459319,False,,-0.1280829474693217,
ENSP00000459319_S820,ENSP00000459319,False,,-0.1280829474693217,
ENSP00000459319_S449,ENSP00000459319,False,-0.18749604527657762,-0.18065497291400875,-0.09131477910340893
ENSP00000459319_S451,ENSP00000459319,False,-0.18753277369862786,-0.18065497291400875,-0.09131477910340893
ENSP00000459319_S453,ENSP00000459319,False,0.31103803002230457,-0.04020017527272432,
TMPO_S306,TMPO,False,-0.08955973855538496,0.018830249121884395,0.15457604264847902
TMPO_S315,TMPO,False,-0.2939003469053115,0.44625622988956404,
TMPO_S177,TMPO,False,,0.14886904353100072,0.01934608880481197
TMPO_S180,TMPO,False,0.11153000514873979,0.14004296826733287,0.08035164336794569
TMPO_S184.1,TMPO,False,0.1273912245627652,0.1494969369430308,0.0910881562911349
PPP4R3A_S741,PPP4R3A,False,0.16040392586001362,-1.0495643537631982,
PPP4R3A_S771,PPP4R3A,False,-0.2513498550143387,-0.025966904456004487,-0.0786544594396912
PPP4R3A_S774,PPP4R3A,False,-0.18415679803484303,-0.053018493244393894,-0.057076437185955474
PPP4R3A_S777,PPP4R3A,False,-0.18710891561440732,-0.03600194298603473,-0.07964468984527391
ENSP00000476284_S283,ENSP00000476284,False,-0.12528797332748118,-0.11466163511863499,-0.12697429895352771
ENSP00000476284_S284,ENSP00000476284,False,-0.14165708119589213,-0.07379549995294493,0.044372798633747886
ENSP00000476284_S253,ENSP00000476284,False,0.2864624623751928,0.24739488325112619,0.12580316563322438
UBE2J1_S266,UBE2J1,False,,0.07970237169737819,-0.5826632353080444
ENSP00000451328:map.14/23549379/G:p.A447P:n.C23549379G:c.Gct/Cct_S182,ENSP00000451328:map.14/23549379/G:p.A447P:n.C23549379G:c.Gct/Cct,False,-0.5649878735525845,-0.5846422881866374,-0.7859926783592848
ENSP00000451328:map.14/23549379/G:p.A447P:n.C23549379G:c.Gct/Cct_S185,ENSP00000451328:map.14/23549379/G:p.A447P:n.C23549379G:c.Gct/Cct,False,-0.2909766621864492,-0.5088216605276031,-0.5959453479545747
ENSP00000451328:map.14/23549379/G:p.A447P:n.C23549379G:c.Gct/Cct_S432,ENSP00000451328:map.14/23549379/G:p.A447P:n.C23549379G:c.Gct/Cct,False,0.0938305716351355,-0.07375241265246686,-0.22569007242105169
ENSP00000451328:map.14/23549379/G:p.A447P:n.C23549379G:c.Gct/Cct_S352,ENSP00000451328:map.14/23549379/G:p.A447P:n.C23549379G:c.Gct/Cct,False,0.028556076214182696,0.03979361324161139,0.006566555025263346
ENSP00000451328:map.14/23549379/G:p.A447P:n.C23549379G:c.Gct/Cct_S395,ENSP00000451328:map.14/23549379/G:p.A447P:n.C23549379G:c.Gct/Cct,False,0.1574968146713352,0.20846107741288167,0.17082239919517525
ENSP00000451328:map.14/23549379/G:p.A447P:n.C23549379G:c.Gct/Cct_S885,ENSP00000451328:map.14/23549379/G:p.A447P:n.C23549379G:c.Gct/Cct,False,-0.011020897165177082,0.11448760816996656,0.47840237803727326
ENSP00000451328:map.14/23549379/G:p.A447P:n.C23549379G:c.Gct/Cct_S420,ENSP00000451328:map.14/23549379/G:p.A447P:n.C23549379G:c.Gct/Cct,False,0.7809819402760251,-0.044077212100665245,-0.18430981586869893
ENSP00000451328:map.14/23549379/G:p.A447P:n.C23549379G:c.Gct/Cct_S780,ENSP00000451328:map.14/23549379/G:p.A447P:n.C23549379G:c.Gct/Cct,False,0.133695744543613,0.2743953371825624,0.30919362740403855
ENSP00000451328:map.14/23549379/G:p.A447P:n.C23549379G:c.Gct/Cct_S597,ENSP00000451328:map.14/23549379/G:p.A447P:n.C23549379G:c.Gct/Cct,False,0.228150969666045,0.24523925844478497,0.11104059381348128
ENSP00000451328:map.14/23549379/G:p.A447P:n.C23549379G:c.Gct/Cct_S599,ENSP00000451328:map.14/23549379/G:p.A447P:n.C23549379G:c.Gct/Cct,False,0.2781432394992023,0.03858315879998015,0.18018660879663329
ENSP00000451328:map.14/23549379/G:p.A447P:n.C23549379G:c.Gct/Cct_S671,ENSP00000451328:map.14/23549379/G:p.A447P:n.C23549379G:c.Gct/Cct,False,0.184231553946074,0.08177796571554746,0.15362061832351362
ENSP00000451328:map.14/23549379/G:p.A447P:n.C23549379G:c.Gct/Cct_S503,ENSP00000451328:map.14/23549379/G:p.A447P:n.C23549379G:c.Gct/Cct,False,0.6262198438007647,0.5348958185332926,-0.0044173474814083805
ENSP00000451328:map.14/23549379/G:p.A447P:n.C23549379G:c.Gct/Cct_S652,ENSP00000451328:map.14/23549379/G:p.A447P:n.C23549379G:c.Gct/Cct,False,-0.22575352512219352,-0.36459001695388144,-0.5587185210318503
ENSP00000451328:map.14/23549379/G:p.A447P:n.C23549379G:c.Gct/Cct_S656,ENSP00000451328:map.14/23549379/G:p.A447P:n.C23549379G:c.Gct/Cct,False,-0.05673126790294793,0.14886904353100072,0.10835972310404611
ENSP00000451328:map.14/23549379/G:p.A447P:n.C23549379G:c.Gct/Cct_S326,ENSP00000451328:map.14/23549379/G:p.A447P:n.C23549379G:c.Gct/Cct,False,0.1667626026082382,0.27960034491192054,0.07120350023293928
ENSP00000451328:map.14/23549379/G:p.A447P:n.C23549379G:c.Gct/Cct_S328,ENSP00000451328:map.14/23549379/G:p.A447P:n.C23549379G:c.Gct/Cct,False,0.1352418644298798,0.06598942491285148,0.04269679788505815
ENSP00000451328:map.14/23549379/G:p.A447P:n.C23549379G:c.Gct/Cct_S330,ENSP00000451328:map.14/23549379/G:p.A447P:n.C23549379G:c.Gct/Cct,False,0.09590353043868234,0.12223299632795276,0.07156138892311426
ENSP00000451328:map.14/23549379/G:p.A447P:n.C23549379G:c.Gct/Cct_S150,ENSP00000451328:map.14/23549379/G:p.A447P:n.C23549379G:c.Gct/Cct,False,-0.19597078630351242,-0.3969346634170401,-0.282648645449868
ENSP00000451328:map.14/23549379/G:p.A447P:n.C23549379G:c.Gct/Cct_S152,ENSP00000451328:map.14/23549379/G:p.A447P:n.C23549379G:c.Gct/Cct,False,0.28654200469354696,0.17732557819762743,0.21529870903584042
ENSP00000451328:map.14/23549379/G:p.A447P:n.C23549379G:c.Gct/Cct_S158,ENSP00000451328:map.14/23549379/G:p.A447P:n.C23549379G:c.Gct/Cct,False,0.2949378155126848,0.21265065508652514,0.25517864671569135
ENSP00000451328:map.14/23549379/G:p.A447P:n.C23549379G:c.Gct/Cct_S946,ENSP00000451328:map.14/23549379/G:p.A447P:n.C23549379G:c.Gct/Cct,False,0.07808684757928482,0.02015413304162958,0.06216221176794792
ENSP00000451328:map.14/23549379/G:p.A447P:n.C23549379G:c.Gct/Cct_S307,ENSP00000451328:map.14/23549379/G:p.A447P:n.C23549379G:c.Gct/Cct,False,-0.007159073814317874,-0.003454470200114468,0.2414741257014415
ZC3H14_S47,ZC3H14,False,0.06728371970559029,0.02974063766345659,
LIN52_S61,LIN52,False,,0.24208417055001266,0.13369503251307496
LIN52_S62,LIN52,False,0.23145562997566738,0.21747890047053095,
ENSP00000477175_S23,ENSP00000477175,False,-0.46639533827192403,-0.12448425125460466,1.4649632796220349
ENSP00000453334_S218,ENSP00000453334,False,-0.16593605919503476,,
ENSP00000453334_S224,ENSP00000453334,False,-0.16593605919503476,,
SNX1_S72,SNX1,False,-0.06124066137473792,0.07423139418579203,-0.11402224894197488
SNX1_S32,SNX1,False,-0.03064797081235454,0.06366724438172348,-0.011180138384959163
SNX1_S39,SNX1,False,0.020291171526536086,0.08531206116821402,0.002328556099277429
SNX1_S188,SNX1,False,,0.28451413324424535,
ENSP00000453969_S193,ENSP00000453969,False,0.1334268390189704,0.18045557949689847,0.21463539848805627
ENSP00000453969_S201,ENSP00000453969,False,-0.07616182871148516,-0.06927110320967844,-0.08653800954785318
ENSP00000456445_S1000,ENSP00000456445,False,-0.11920699000322761,-0.0920700499529733,-0.10819979026545952
ENSP00000456445_S255,ENSP00000456445,False,-0.07216421277837948,0.23019577851222278,-1.2050056871481754
JPT2_S125,JPT2,False,-0.20616236730930268,0.11716307546575941,0.28249911293597063
NHERF2_S20,NHERF2,False,-0.42569226507573915,-0.3297618447776219,-0.3163844481668297
ZNF853_S63,ZNF853,False,,1.0994826031196308,
TTBK2_S413,TTBK2,False,,-0.46110431081922926,
ENSP00000455838:map.15/74336633/C:p.F597L:n.T74336633C:c.Ttc/Ctc_S403,ENSP00000455838:map.15/74336633/C:p.F597L:n.T74336633C:c.Ttc/Ctc,False,-0.03128252619255029,-0.09504281140778614,-0.05418257446606756
SNX29_S344,SNX29,False,-0.16183078721311323,0.42651696454647703,2.0739230345012363
SZT2_S1585,SZT2,False,-0.5926581702107749,-0.11576024864899584,-0.07214549219719504
SZT2_S1588,SZT2,False,-0.5926581702107749,-0.30616293523248445,-0.08891940286580693
SZT2_S1594,SZT2,False,,-0.11576024864899584,
PYGO1_S34,PYGO1,False,0.25053851001562705,0.17316222892724423,0.009203827329839744
ENSP00000458114_S616,ENSP00000458114,False,-0.2752275081457399,-0.37536525359169365,
NUP88_S517,NUP88,False,-0.528614816781975,-0.22558335495632004,-0.009582394006390492
NUP88_S35,NUP88,False,-0.38215259177655797,-0.3243631536581706,-0.2567922550873952
NUP88_S50,NUP88,False,-0.30911117337560307,-0.3115393840152727,-0.3130758263719317
SRGAP2_S206,SRGAP2,False,2.6596506029549833,3.7246686291507993,3.4125105712498045
SRGAP2_S930,SRGAP2,False,0.07290289556669717,0.06029264097431588,0.1004862819465637
SRGAP2_S990,SRGAP2,False,-1.2185141817907565,-1.0064418533930162,-1.1082227800056839
SRGAP2_S994,SRGAP2,False,-1.1278070840674166,-0.8716168679348671,-1.0621348220616469
CIC_S768,CIC,False,-0.1039529539644751,,0.023468280503905366
CIC_S2279,CIC,False,-3.3061407443667115,-3.2573600128305173,-2.661400904012191
CIC_S2288,CIC,False,-3.2992538276413064,-2.826888414887387,-2.6367462287776187
CIC_S664,CIC,False,-0.40547222150282725,-0.2491026996485092,-0.4256562594044821
CIC_S2315,CIC,False,-0.41800264243503704,-0.23859204006514284,
CIC_S1082,CIC,False,-0.7959589517352054,-0.9657572274023033,-0.9065666024842175
CIC_S227,CIC,False,-0.8006602507743888,-0.6573769898109069,
RSL1D1_S427,RSL1D1,False,0.245256694011346,0.25349392819316,0.32899793743275907
RSL1D1_S361,RSL1D1,False,0.2573763966730083,0.14142591404655658,0.27418118702969063
RSL1D1_S443,RSL1D1,False,0.32818535936663773,2.3216683864055376,0.40304952889652446
RSL1D1_S469,RSL1D1,False,,0.07765318565016138,
RSL1D1_S392,RSL1D1,False,0.47404659931930554,0.2599051753533527,
RSL1D1_S396,RSL1D1,False,0.47404659931930554,0.2599051753533527,
LSM14A_S173,LSM14A,False,,-0.24905054750940486,
PELP1_S481,PELP1,False,-0.2643087092072776,-0.15520395389749317,-0.041577316126450235
SRSF1_S234,SRSF1,False,0.025540242248765953,-0.012829526992040777,0.08856586178863271
SRSF1_S238,SRSF1,False,0.025540242248765953,-0.012829526992040777,0.08856586178863271
SRSF1_S2,SRSF1,False,0.40804289515830017,0.15866674025208463,0.22251800731188284
SRSF1_S246,SRSF1,False,,0.230283738679209,-0.04645785500080621
SRSF1_S249,SRSF1,False,,0.230283738679209,-0.04645785500080621
SRSF1_S199,SRSF1,False,0.20385536796490253,0.13514059270138604,0.3242743159158747
SRSF1_S201,SRSF1,False,0.1682819106860974,0.15718259431844436,0.08425603948319203
SRSF1_S205,SRSF1,False,0.18321956389104221,0.16806477859132865,0.3169851555656848
CDK11B_S566,CDK11B,False,-0.017504627978521852,-0.042443349499395544,-0.015067842655943985
SEC22B_S137,SEC22B,False,0.11368579504655285,0.07856894452791875,-1.1086783232500932
TANC2_S57,TANC2,False,-0.5249315799226171,-0.03798992128614225,-0.061908171618849324
TANC2_S61,TANC2,False,-0.4454377691263725,0.11147690533199396,-0.21189468604866063
YTHDC1_S146,YTHDC1,False,0.09411549085207457,,
YTHDC1_S308,YTHDC1,False,-0.09155919206120984,-0.25281770398991626,0.013360001844836364
YTHDC1_S91,YTHDC1,False,,,2.7294875132657435
YTHDC1_S424,YTHDC1,False,0.16857534728470744,0.1663997468628611,0.18937080924893088
YTHDC1_S120,YTHDC1,False,0.15035479647621666,0.11769963829860185,-0.31895783214085777
RER1_S2,RER1,False,-0.21903876945637296,0.08138019131396086,-0.012609437204652848
C17orf75_S18,C17orf75,False,0.7876832008453192,0.13127687721958486,-0.14838209198830218
CDK12_S341.1,CDK12,False,-0.023797691156836415,0.09747595901326854,-0.08727349995147364
CDK12_S343.1,CDK12,False,-0.023797691156836415,0.09747595901326854,-0.08727349995147364
CDK12_S345.1,CDK12,False,-0.023797691156836415,0.09747595901326854,-0.08727349995147364
PHF12_S131,PHF12,False,0.16379453631252203,0.12614243376348616,0.002844821083340559
PHF12_S134,PHF12,False,0.16379453631252203,0.137122932108726,0.002844821083340559
POP4_S43,POP4,False,,-0.5360637204935925,-0.5614516383474143
PDCD5_S119,PDCD5,False,0.20046586190245938,0.07830472590661934,0.25061264669039357
NFIX_S272,NFIX,False,-0.21328655456717172,-0.18056338602583238,-0.16740969256524774
NFIX_S280,NFIX,False,0.18548600412807803,,
NFIX_S257,NFIX,False,-2.2852770848953283,-2.64314182373058,-2.656679491731932
NFIX_S260,NFIX,False,-1.535480255828654,-1.6112776440349617,-1.5346559543456981
ENSP00000466933_S332,ENSP00000466933,False,-0.3750289899433233,-0.11369700080932407,-0.5411770647476553
ENSP00000466933_S333,ENSP00000466933,False,-0.6446002712551798,-0.13501909277855878,-0.5411770647476553
DNMT1_S6,DNMT1,False,-0.2680859903798607,-0.2509664694663074,-0.9885329863477563
ENSP00000467141:map.2/179451420/A:p.T21403I:n.G179451420A:c.aCt/aTt_S9876,ENSP00000467141:map.2/179451420/A:p.T21403I:n.G179451420A:c.aCt/aTt,False,0.2879450386445189,,-1.2731339146265575
GPATCH8_S738,GPATCH8,False,-0.649719306624506,-0.8316301226596973,-0.33598830342647723
GPATCH8_S740,GPATCH8,False,-0.3071117818414513,-0.265079129994128,-0.20988460480777688
GPATCH8_S1033,GPATCH8,False,0.05205850127468553,0.03974530656763428,0.019220560862222087
GPATCH8_S1035,GPATCH8,False,-0.02940879648907464,-0.014244449122321333,-0.04671521909397525
GPATCH8_S1107,GPATCH8,False,-1.3392733899364317,-1.1237146936622942,-1.2930318960797678
GPATCH8_S1009,GPATCH8,False,0.0033481045953936326,-0.0771534623488338,0.04878391808735551
GPATCH8_S1014,GPATCH8,False,-0.02273131857039368,0.1881411760125823,0.3532171203384368
GPATCH8_S653,GPATCH8,False,-0.4239132758205996,-0.4454799081926447,
GPATCH8_S758,GPATCH8,False,-0.09842556540863977,0.04110277181912811,
GPATCH8_S974,GPATCH8,False,0.19772870386312266,0.0342305167009208,0.005753564413789422
GPATCH8_S976,GPATCH8,False,0.16279322093207307,0.17023414632087777,0.13185460967915402
GPATCH8_S981,GPATCH8,False,0.17449740875816883,0.0966666685801791,-0.27083446540401807
ARHGEF1_S410,ARHGEF1,False,-0.36480422149304603,-0.07411855673119581,-0.10272726863348422
ENSP00000471857_S36,ENSP00000471857,False,,0.10822334117387104,
ENSP00000471857_S49,ENSP00000471857,False,0.10941714440468182,-0.08744650100047689,-0.14782533265593983
ENSP00000472677_S34,ENSP00000472677,False,-0.07131511373769704,,
ENSP00000472677_S35,ENSP00000472677,False,-0.07131511373769704,,
ENSP00000472677_S84,ENSP00000472677,False,-0.04659319940496843,,
ENSP00000472677_S85,ENSP00000472677,False,-0.04659319940496843,,
ZNF99_S160,ZNF99,False,,-6.299254906738048,
SNRNP70_S226,SNRNP70,False,-0.2975009706446531,-0.17088512567081013,-0.20705866697906142
SNRNP70_S320,SNRNP70,False,,,0.08814159686901755
SNRNP70_S410,SNRNP70,False,0.38967693695196187,0.2015084039722246,
PSMD8_S43,PSMD8,False,-0.008417540572404883,-0.008885453895388534,
ENSP00000474349:map.14/23549379/G:p.A389P:n.C23549379G:c.Gct/Cct_S840,ENSP00000474349:map.14/23549379/G:p.A389P:n.C23549379G:c.Gct/Cct,False,,0.11448760816996656,0.47840237803727326
ENSP00000475417_S100,ENSP00000475417,False,-0.1942889688665378,-0.2000495407741201,-0.13101926877028683
ENSP00000475456_S27,ENSP00000475456,False,,,-0.10693296027243906
ENSP00000475842_S161,ENSP00000475842,False,,-0.011064510568608172,
ENSP00000475842_S163,ENSP00000475842,False,,-0.011064510568608172,
DCP1A_S522,DCP1A,False,-0.5228873042238397,-0.5585555187105836,-0.46778098903738236
DCP1A_S523,DCP1A,False,-0.31397970476659265,-0.16450451751759074,0.240419956876868
DCP1A_S525,DCP1A,False,-0.27732587362195765,-0.2607272765926135,-0.3325628781865581
DCP1A_S315,DCP1A,False,-0.07797084549843601,-0.05002867223754628,-0.047602860497450196
DCP1A_S319,DCP1A,False,-0.06886755264223292,-0.06036299694348358,-0.047417484917412774
DCP1A_S353,DCP1A,False,-0.11995618111511312,-0.1280467424044567,-0.13406121482576328
DCP1A_S62,DCP1A,False,-0.2745280445682877,-0.1880077352059165,-0.370221682595314
GPN1_S312,GPN1,False,0.32077347694587044,-0.2562483367309336,
GPN1_S314,GPN1,False,-0.17891301186963804,-0.21883494800021464,-0.16630074118490093
GPN1_S338,GPN1,False,-0.06369687499427872,-0.07456408477974358,-0.009321614834831867
ARHGEF2_S227,ARHGEF2,False,-0.8164221616573282,-0.8945626042389515,-0.8621932087262159
ENSP00000476742_S31,ENSP00000476742,False,0.03414217180754034,-0.09170914330795568,
ENSP00000476781_S125,ENSP00000476781,False,-0.11224079767815417,-0.37490838564868256,-0.10138418176574701
PSIP1_S63,PSIP1,False,-0.6640823316846246,0.015497569395325591,
BAIAP2L1_T248,BAIAP2L1,False,-0.3658548539869404,0.5736235765001931,0.3626662558482544
BAIAP2L1_T252,BAIAP2L1,False,-0.511024275905708,0.5736235765001931,0.42416964880263797
BAIAP2L1_T257,BAIAP2L1,False,-0.5199619627803581,0.500677487707891,0.3149864854685155
ENSP00000315722_T853,ENSP00000315722,False,,-0.11962008813339697,
ENSP00000315722_T1022,ENSP00000315722,False,0.14118038966619734,0.27610674990587464,0.0776951100611275
RPS20_T9,RPS20,False,,-0.5632917532924141,-0.44616768719855543
PTBP1_T138,PTBP1,False,0.056804407540175794,0.04599642713311638,-0.0066340562732339564
RGPD6_T2450,RGPD6,False,-0.19109419086360502,-0.2163975513979952,-0.05552526609182277
RGPD6_T2153,RGPD6,False,,-0.1113522034502464,
RGPD6_T799,RGPD6,False,2.8716071217375956,2.7665669160464486,
RGPD6_T19,RGPD6,False,-0.027507642278046307,0.09146293404735098,-0.18061419350832816
AKAP11_T1100,AKAP11,False,-0.6825659565193664,-0.6995799751585933,-0.6963872316325361
BOD1L1_T2956,BOD1L1,False,-1.0162201712152463,-0.39881695565596564,-0.613785012412722
RIPOR1_T351,RIPOR1,False,,0.8738919244533955,
RPL18_T158,RPL18,False,-0.22382854285856107,,0.25882039687641173
STK10_T185,STK10,False,0.17170308837836332,0.27622380261539153,0.1742035041795311
EPB41L1_T506,EPB41L1,False,0.293571680296106,0.31334344252294416,-0.10677757422357019
EPB41L1_T17,EPB41L1,False,0.25483588278576313,0.22793165073484634,
EPB41L1_T476,EPB41L1,False,0.09410091643886649,0.13516282653747605,-0.3865518066011392
PLEKHG2_T1125,PLEKHG2,False,-0.5588445789816546,-0.09037709151774129,0.027321828699863715
BCL7C_T118,BCL7C,False,-0.3006202573077736,-0.544065352191121,-0.468052178408651
MAPK1_T185,MAPK1,True,-2.980757674789846,-2.807548394012145,-2.548821252391705
MICALL1_T467,MICALL1,False,-0.32548622598888727,0.325005105645425,0.36664483846994067
SUN2_T107,SUN2,False,-0.07007269107954169,,0.023722787245401555
HSP90AA1_T104,HSP90AA1,False,0.6156046263592655,,-0.28628659142195756
HSP90AA1_T309,HSP90AA1,False,-0.05011098409876843,0.043484323698845966,0.2064654966514252
SLCO4A1_T37,SLCO4A1,False,-0.9061839512786977,-0.061885373850238,
MYL12A_T19,MYL12A,False,0.4126328385903102,0.3487070161310882,0.23212519116784866
CAPN15_T1068,CAPN15,False,-0.7054998176680168,0.03181862582635714,
KNOP1_T308,KNOP1,False,0.08487249857711647,0.19333019538430424,
KNOP1_T310,KNOP1,False,0.08487249857711647,0.19333019538430424,
SGTA_T81,SGTA,False,-0.22945595977327068,-0.32912483387058417,-0.24370258911981468
SGTA_T303,SGTA,False,-0.3318462657093499,-0.7750394730824546,-0.43269333249664393
KMT2B_T2083,KMT2B,False,0.029478786091030457,-0.3566156413712858,0.5323623042503857
KMT2B_T2068,KMT2B,False,-0.21524477130759082,,
ERF_T3,ERF,False,-3.9989514093095493,-3.107019193525771,-4.567365502857689
ERF_T7,ERF,False,-5.617693535285049,-4.760261289508977,-3.7234720787212607
SIPA1L3_T1699,SIPA1L3,False,-0.2749656427463516,-0.327456984173371,-0.05033807805713631
SEC61B_T5,SEC61B,False,-0.20918047011704707,0.37928824997192856,0.5148440398988464
VIM_T426,VIM,False,0.1335635257411058,0.2543120375157868,0.2900272645214156
VIM_T20,VIM,False,0.4027047066043785,0.06212171190779749,-0.19508923521332133
NUFIP2_T220,NUFIP2,False,,0.6182386555954547,
RPS6KB1_T391,RPS6KB1,True,-2.8838461939219724,-2.7928295509845307,-2.343968395012866
RPS6KB1_T337,RPS6KB1,True,,-0.463171237985361,
CPD_T1368,CPD,False,-0.0650490080095422,0.11849960631609198,0.10440561972313078
CPD_T1370,CPD,False,0.07550752260966302,0.07287889528041834,0.2230842188979189
CCDC86_T65,CCDC86,False,0.09243544750378878,0.06825009761112025,0.07900339275904208
CCDC86_T42,CCDC86,False,0.17382778295175583,0.00963381939726868,
GAPDH_T184,GAPDH,False,0.5171244858056433,0.31553184817672025,0.32077347694587044
BCLAF1_T492,BCLAF1,False,0.14583225884008197,0.09477655689559733,0.0775164697020952
BCLAF1_T400,BCLAF1,False,0.30709261802861826,0.3580208415471862,0.09210813850255495
BCLAF1_T255,BCLAF1,False,0.18210147116187692,0.14456851766471157,0.08417740851846728
MAPK14_T180,MAPK14,False,0.08854869701023801,-0.791126018675251,-0.11057318519050621
ENSP00000229854:map.6/52129484/T:p.E777K:n.C52129484T:c.Gaa/Aaa_T713,ENSP00000229854:map.6/52129484/T:p.E777K:n.C52129484T:c.Gaa/Aaa,False,0.08705543454337573,-0.2112514108175733,-0.2899399397816159
ENSP00000229854:map.6/52129484/T:p.E777K:n.C52129484T:c.Gaa/Aaa_T722,ENSP00000229854:map.6/52129484/T:p.E777K:n.C52129484T:c.Gaa/Aaa,False,-0.052215287746802876,0.35372319482921216,-0.1474819109588449
ENSP00000229854:map.6/52129484/T:p.E777K:n.C52129484T:c.Gaa/Aaa_T674,ENSP00000229854:map.6/52129484/T:p.E777K:n.C52129484T:c.Gaa/Aaa,False,-0.056941122729495114,,-0.045442118619371426
CAP2_T311,CAP2,False,-0.3056635661702887,-0.27225827795579405,
ENSP00000230340:map.6/41895150/A:p.E103K:n.G41895150A:c.Gag/Aag_T164,ENSP00000230340:map.6/41895150/A:p.E103K:n.G41895150A:c.Gag/Aag,False,0.05944097616618458,0.08073238823286896,0.3441311645467847
BRD8_T264,BRD8,False,-0.25521652586240134,-0.3246465763960204,-0.445952997016401
ECT2_T327,ECT2,False,0.24171817459670142,0.19071503562837444,-0.14835288765242
MAPRE3_T161,MAPRE3,False,-0.136077403454796,-0.15235579534258897,
NRBP1_T433,NRBP1,False,-0.3645208775614497,-0.05413632806938273,-0.5910419703584855
GORASP2_T433,GORASP2,False,,0.17593970540604287,
ORC2_T116,ORC2,False,-0.04060182023185681,0.5116054089708365,0.4271223276016468
ORC2_T226,ORC2,False,0.05074546358139898,-0.040363365160964074,
ENSP00000234725_T299,ENSP00000234725,False,0.43765387834619235,,0.2031384971908485
ENSP00000464022_T315,ENSP00000464022,False,,-0.14138236961872383,
ENSP00000464022_T155,ENSP00000464022,False,-0.07058669552440341,-0.05234229612841191,0.01873728701121575
WDR77_T5,WDR77,False,-0.24832966650437396,-0.2533866353119432,-0.2504573872980094
CAMSAP2_T415,CAMSAP2,False,0.05575096411845322,,
CAMSAP2_T854,CAMSAP2,False,-0.9470420447833016,,-0.7091981619349902
TMEM214_T97,TMEM214,False,-0.1636337692850274,-0.7302475781673912,
PRRX1_T71,PRRX1,False,-0.013957905042717378,0.08328758095963514,
COIL_T290,COIL,False,-0.02400304238355678,,
ZC3HAV1_T393,ZC3HAV1,False,1.132313613176802,,
UNG_T60,UNG,False,-0.23325176107484072,-0.32338505974598375,-0.1336759127295392
DDX39A_T171,DDX39A,False,-0.0028596651071500293,-0.31775033409825215,
ZC3H13_T317,ZC3H13,False,-0.12934054010058152,0.4914631800125357,0.25872348131187256
ZC3H13_T263,ZC3H13,False,-0.22254245002558615,-0.2828630081083647,-0.3213538916384371
ZC3H13_T364,ZC3H13,False,-0.11441001790481684,,
RIF1_T409,RIF1,False,,0.00025596586508597197,
SNRNP27_T60,SNRNP27,False,,0.04808028737047088,0.05699478461088868
H1-3_T18,H1-3,False,-0.2888271354153294,-0.26875385012264635,-0.19168390937267418
LRRFIP1_T114,LRRFIP1,False,0.39791246017690557,0.5030048824622488,0.22906121084821698
THOC2_T1285,THOC2,False,,-0.04880015880144185,
THOC2_T1289,THOC2,False,,-0.04880015880144185,
THOC2_T1385,THOC2,False,,0.24232811627952333,
SYMPK_T1257,SYMPK,False,-0.2927416588017998,-0.5708738783101216,-0.9752337826242435
DLGAP5_T639,DLGAP5,False,0.8028135975322874,0.8935862296255759,0.7485814475731738
ENSP00000248594:map.7/77247821/A:p.V322I:n.G77247821A:c.Gtc/Atc_T569,ENSP00000248594:map.7/77247821/A:p.V322I:n.G77247821A:c.Gtc/Atc,False,0.036902150594980664,-0.04870706546278323,0.09600160994569162
ENSP00000248594:map.7/77247821/A:p.V322I:n.G77247821A:c.Gtc/Atc_T574,ENSP00000248594:map.7/77247821/A:p.V322I:n.G77247821A:c.Gtc/Atc,False,-0.04972768434088087,,
ENSP00000248594:map.7/77247821/A:p.V322I:n.G77247821A:c.Gtc/Atc_T509,ENSP00000248594:map.7/77247821/A:p.V322I:n.G77247821A:c.Gtc/Atc,False,-0.567981322799597,,
FXR2_T411,FXR2,False,0.3654245095339246,0.471759741653384,0.20724734424178837
DOCK7_T907,DOCK7,False,-0.4481586583153982,0.12525433903146602,0.15924165973010634
ESYT2_T716,ESYT2,False,-0.13217490281873379,-0.13491661199409785,-0.05061715266907333
KIAA0930_T259,KIAA0930,False,-0.21288351393696373,-0.2923351670713236,-0.1826878670310863
ESS2_T419,ESS2,False,-0.034908383074919364,,
DPF2_T176,DPF2,False,0.5515786977384671,0.09202566336879954,-0.5571573305002864
DPF2_T248,DPF2,False,,-0.10381094366577559,
SAFB2_T370,SAFB2,False,-0.05956601309766356,0.2398478750877537,0.26261091567353795
EIF3G_T41,EIF3G,False,-0.09271625068457916,-0.11422103271847661,-0.05355271823245629
ENSP00000384537:map.6/151670172/C:p.K216Q:n.A151670172C:c.Aag/Cag_T510,ENSP00000384537:map.6/151670172/C:p.K216Q:n.A151670172C:c.Aag/Cag,False,0.4116463681020378,0.6361524262181386,0.5696570093763945
ENSP00000384537:map.6/151670172/C:p.K216Q:n.A151670172C:c.Aag/Cag_T499,ENSP00000384537:map.6/151670172/C:p.K216Q:n.A151670172C:c.Aag/Cag,False,0.13638178527782763,0.44427128283943296,0.020911065581689963
ENSP00000384537:map.6/151670172/C:p.K216Q:n.A151670172C:c.Aag/Cag_T187,ENSP00000384537:map.6/151670172/C:p.K216Q:n.A151670172C:c.Aag/Cag,False,-0.7328357849514241,-0.6727076834921355,-0.9574957368710365
ENSP00000398127:map.3/17208267/C:p.I696V:n.T17208267C:c.Att/Gtt_T552,ENSP00000398127:map.3/17208267/C:p.I696V:n.T17208267C:c.Att/Gtt,False,,0.27345621132030545,
RHPN2_T606,RHPN2,False,0.00941349765927545,-0.01722249053680939,0.01505056422462689
ACTR10_T415,ACTR10,False,,-0.3321532789473613,-0.8704136367914389
SMARCC1_T335,SMARCC1,False,-0.3724020577382771,-0.3642013215396238,-0.28547739451855114
ENSP00000254718:map.17/4458598/C:p.Q8E:n.G4458598C:c.Cag/Gag_T1244,ENSP00000254718:map.17/4458598/C:p.Q8E:n.G4458598C:c.Cag/Gag,False,0.16995899609348464,0.39253724527513084,-0.24843344709397447
ZRANB2_T303,ZRANB2,False,0.8810255258926868,0.25919576322765664,0.1024565766507343
ENSP00000460075_T170,ENSP00000460075,False,-0.0009977434454169903,0.027406962783841787,0.05553413412432003
RELCH_T183,RELCH,False,-0.09148626369213846,0.059352986869813495,-0.21675290262188346
CCNH_T315,CCNH,False,-0.11920786964276076,-0.03649605662458651,-0.12024719008121619
PUM1_T112,PUM1,False,0.0992676390923422,0.3631127794965874,0.04096742476435211
CEP135_T1121,CEP135,False,-0.09512674003559404,,
APC_T1438,APC,False,-0.35072464222847727,-0.1398396947985442,-0.5233933813679056
PHF21A_T351,PHF21A,False,,-0.1398873816791041,
REPS1_T538,REPS1,False,-0.6080900406608117,-0.7496334265175219,-0.05428743183147081
REPS1_T543,REPS1,False,-0.9924313123286239,,
MPHOSPH6_T118,MPHOSPH6,False,0.36745002644653696,0.05932376193854452,0.4331132071057975
DYNC1LI2_T26,DYNC1LI2,False,0.005471851210059492,0.3170724775369711,
C2orf49_T198,C2orf49,False,-0.34505377050749797,-0.08513640024655897,-0.4080034612067502
KAT7_T128,KAT7,False,-0.37478404115352265,-0.43403244999208596,
KAT7_T88,KAT7,False,-0.3455277964682061,-0.3032115618762725,-0.29060585331316474
SAP130_T856,SAP130,False,0.10108094638515752,0.12097756444962997,0.10879724506020538
MYC_T72,MYC,False,-0.08797724965228654,-0.19501613095860537,-0.1272421459910967
TGS1_T407,TGS1,False,-0.21487033102076003,-0.28555818099269564,-0.19240515262162508
BUD13_T159,BUD13,False,-0.07895933981934769,-0.09982296698580029,-0.3680054396298675
BUD13_T147,BUD13,False,0.0367633789866939,-0.03359056767120027,-0.18777347569416672
BUD13_T123,BUD13,False,,,0.5336819589357863
BUD13_T135,BUD13,False,0.06523616332253114,-0.2635250055543756,-0.16981976541290167
FNBP1L_T438,FNBP1L,False,-0.05102288808583269,-0.1615141732881212,-0.6948736942010468
PPIG_T343,PPIG,False,0.04593274287848354,-0.10417025192297114,-0.0627411039550492
PPIG_T733,PPIG,False,0.15730246631897368,0.07705761953735604,
ENSP00000343599_T1129,ENSP00000343599,False,-0.01912538478953026,-0.032854751644465434,-0.15780215439954653
CDK17_T175,CDK17,False,0.6391395313804283,0.4687592459793463,-0.01562905689419751
PEBP1_T51,PEBP1,False,0.203890227146661,0.2679552122912712,0.24305970607252766
LMNB1_T20,LMNB1,False,0.04827212927076313,0.008277201456606653,0.10605812638676958
LMNB1_T575,LMNB1,False,,0.17887395816979515,
NUP133_T28,NUP133,False,0.0679728599791796,-0.48790461841383664,0.27572225616074836
RFC1_T161,RFC1,False,-0.07101198514950824,-0.28588919578922184,-0.23238747813069016
N4BP2_T857,N4BP2,False,,0.15962918582122781,
ENSP00000458767_T1944,ENSP00000458767,False,-0.0840930232597068,,0.018034475603599887
MAPK6_T389,MAPK6,False,,0.37083384817640336,
SPAG9_T365,SPAG9,False,-0.0016827159792945263,0.03536856890511447,0.022750128781751314
SPAG9_T217,SPAG9,False,-2.346077834616197,-1.3431931106965354,-0.6934078609869146
ENSP00000430194:map.8/48885436/A:p.L650M:n.T48885436A:c.Ttg/Atg_T110,ENSP00000430194:map.8/48885436/A:p.L650M:n.T48885436A:c.Ttg/Atg,False,0.14782766837732045,,0.6386357018404327
ENSP00000430194:map.8/48885436/A:p.L650M:n.T48885436A:c.Ttg/Atg_T102,ENSP00000430194:map.8/48885436/A:p.L650M:n.T48885436A:c.Ttg/Atg,False,0.14782766837732045,,0.6318027549241287
AXIN1_T79,AXIN1,False,-0.13267282115012316,-0.08208977567076683,-0.1302864897446174
N4BP1_T242,N4BP1,False,0.25133028166964116,0.034245260518009,0.27487756458454454
ENSP00000446927_T85,ENSP00000446927,False,-0.08973242432842186,-0.018219554342710803,0.060789485178630726
TOX4_T152,TOX4,False,-0.18456437538780868,-0.035727066114029614,0.029144434148586362
TOX4_T153,TOX4,False,0.11430795090074514,-0.04733636107576408,-0.2441120099737672
ENSP00000471959_T2889,ENSP00000471959,False,-0.5480808572297752,-0.19429280927329864,-0.21356332174246434
ENSP00000471959_T3924,ENSP00000471959,False,-0.5108414085154191,-0.7764413800213346,-0.7547850224771255
ENSP00000471959_T3927,ENSP00000471959,False,-0.4302066634122977,-0.49948054405473497,-0.46056768505312357
ENSP00000471959_T1905,ENSP00000471959,False,-0.20250631990255208,-0.4056770310128505,-0.09305892706598856
ENSP00000471959_T3830,ENSP00000471959,False,,-0.39836052695480395,
SAMHD1_T592,SAMHD1,False,0.06724013646305799,-0.19512051975342043,-0.07541656002156415
XRCC1_T422,XRCC1,False,-0.27444048268995463,-0.3003263036421733,-0.19158380017346296
E2F3_T169,E2F3,False,,-0.25293060838825204,
MAP2K2_T394,MAP2K2,True,-0.3070645625920379,-0.299320233485507,-0.38445316378952143
ZMYND8_T37,ZMYND8,False,-0.32865227268525726,,1.1642070247007472
ZMYND8_T746,ZMYND8,False,-0.6899862171390709,-0.8671973167062361,-0.888701546597459
MAPK3_T202,MAPK3,True,-2.7825409435471378,-2.712646762644372,-2.4897754868006547
CILK1_T157,CILK1,False,0.713622496290586,0.9661371319385909,0.39330636035265276
ENSP00000443920_T448,ENSP00000443920,False,-0.20419988583807547,-0.16604806000064068,0.0011501044366177098
PACSIN2_T311,PACSIN2,False,,0.2798872548411305,-0.0776955712103935
PLEKHA4_T211,PLEKHA4,False,-0.41667310701997556,-0.0724590930404559,-0.09404842349210722
LIG1_T195,LIG1,False,-0.38093449889398556,-0.1932836353975423,-0.17429779709888135
CLASP1_T718,CLASP1,False,,-1.0617518523132876,0.31103803002230457
ENSP00000372174:map.15/40265799/G:p.E556G:n.A40265799G:c.gAa/gGa_T667,ENSP00000372174:map.15/40265799/G:p.E556G:n.A40265799G:c.gAa/gGa,False,-0.2712153031167224,-0.1920186721057769,-0.5295609508919441
TP53BP1_T1056,TP53BP1,False,-0.5474045652971306,-0.5065868931322426,
TP53BP1_T1756,TP53BP1,False,-0.12731982838926648,-0.10730690070317198,-0.13053915917020292
TP53BP1_T1638,TP53BP1,False,0.01006368334469748,-0.6928746183396077,
ZNF106_T1372,ZNF106,False,0.2554411046892051,0.17963622878207286,0.14615796829569003
OSBP_T377,OSBP,False,0.16554637051891222,0.23586272912156314,
TAF12_T43,TAF12,False,,0.37817865520804167,
RAB3GAP1_T536,RAB3GAP1,False,-1.2272190878005513,,
ENSP00000394663:map.1/235345938/A:p.H766Y:n.G235345938A:c.Cat/Tat_T1022,ENSP00000394663:map.1/235345938/A:p.H766Y:n.G235345938A:c.Cat/Tat,False,-0.3164510939398875,-0.10148429657490096,
ENSP00000394663:map.1/235345938/A:p.H766Y:n.G235345938A:c.Cat/Tat_T793,ENSP00000394663:map.1/235345938/A:p.H766Y:n.G235345938A:c.Cat/Tat,False,0.08879117208893074,0.07468373596675164,0.06821031913103083
SLAIN2_T313,SLAIN2,False,-0.168306501338464,-0.32277701424650224,-0.5861026802336883
ENSP00000476220_T611,ENSP00000476220,False,,0.24889910707632631,
ENSP00000476220_T724,ENSP00000476220,False,0.9270620655539404,0.7685019474342594,0.9131862254889948
ENSP00000431870:map.11/609577/T:p.A1370V:n.C609577T:c.gCg/gTg_T913,ENSP00000431870:map.11/609577/T:p.A1370V:n.C609577T:c.gCg/gTg,False,0.2634192233760955,0.6210558536994212,0.6503969466697894
FBXL20_T385,FBXL20,False,-0.05621365569055261,-0.09603623319702183,0.05491374119148145
SLC12A7_T973,SLC12A7,False,-0.12334343726323871,0.1829393407771328,0.2728923501797016
SLC12A7_T980,SLC12A7,False,-0.12334343726323871,0.14934678659648906,0.2728923501797016
MCM2_T25,MCM2,False,0.12907948683971357,-0.16371839651436731,-0.09136894641225565
RAI14_T268,RAI14,False,-3.463687318463162,-3.2590272798985307,-2.288132221924931
ENSP00000265335_T690,ENSP00000265335,False,,,0.14247879064224633
SYNE1_T8274,SYNE1,False,-0.05208702602197064,-0.2666977275151993,
SYNE1_T8360,SYNE1,False,,-0.06437430466262328,-0.08779469927487978
POLA2_T127,POLA2,False,0.1325872220506833,0.2652719661414628,0.40159841414811587
POLA2_T130,POLA2,False,0.1443376722759221,0.25018817639159946,0.3430423244458298
PRKAR2A_T54,PRKAR2A,False,-1.8271874549990281,-1.6969813075266227,-1.7834711429587
ABCA2_T2412,ABCA2,False,,,-0.19185387365901846
ANLN_T397,ANLN,False,-0.04547842095336911,1.442970027927347,0.5090005646860086
ANLN_T401,ANLN,False,-0.04547842095336911,1.442970027927347,0.5090005646860086
RUNX1T1_T555,RUNX1T1,False,0.013823003662761069,-0.06987581985584941,
RUNX1T1_T558,RUNX1T1,False,0.013823003662761069,-0.06987581985584941,
RBM6_T923,RBM6,False,,,0.10688428869154283
TMEM115_T329,TMEM115,False,-1.098969011800408,-0.17579426599398745,-0.5967023628813
ENSP00000378752:map.20/61512606/C:p.T1568A:n.T61512606C:c.Act/Gct_T1469,ENSP00000378752:map.20/61512606/C:p.T1568A:n.T61512606C:c.Act/Gct,False,4.451145158551516,,
ENSP00000378752:map.20/61512606/C:p.T1568A:n.T61512606C:c.Act/Gct_T151,ENSP00000378752:map.20/61512606/C:p.T1568A:n.T61512606C:c.Act/Gct,False,0.038576651452323155,,
PRPF6_T275,PRPF6,False,-0.02939021796705253,-0.15101054201192232,0.061430600497748115
TMPO_T154,TMPO,False,-0.1725697244965692,,0.9619936774202551
TMPO_T160,TMPO,False,-0.014178359678944036,0.051050286984920125,0.16203091309546816
TMPO_T74,TMPO,False,-0.01806672714182132,0.0419187206623329,0.5464333955823215
CDK2_T158,CDK2,False,,1.023113382703565,
CDK2_T160,CDK2,False,,1.023113382703565,
CDK2_T0,CDK2,False,0.26496144907188585,0.4492776447088618,0.3175211139131603
RB1_T821,RB1,False,-0.1810358580906931,0.2479165202904717,0.0803550737880779
RB1_T823,RB1,False,-0.19052989924082617,-0.9300913144245289,0.18409413250493334
RB1_T826,RB1,False,-0.09237022867227207,-0.03857861278397331,-0.2470760058919629
RB1_T373,RB1,False,-0.19442167044644923,-0.19970644208101826,-0.1197406967838931
RB1_T252,RB1,False,-0.1500004388760525,0.061137057413911726,0.05174330197202125
RB1_T356,RB1,False,-0.28261420130974313,0.19698466352921806,
MFAP1_T267,MFAP1,False,0.26923095561504967,0.2564770092097041,0.3421120128628653
MAN2C1_T383,MAN2C1,False,0.07083990339125533,0.0008458393033444617,-0.05818405490086224
TICRR_T1145,TICRR,False,-0.04234936943407084,0.061610653854075034,-0.015075773250749547
TICRR_T1306,TICRR,False,-0.15301611860839395,-1.341829656069571,
TICRR_T1119,TICRR,False,0.03562390973072122,,
MPP2_T106,MPP2,False,,,0.20012765427360202
CLTC_T394,CLTC,False,,-0.11437878296449736,
ERBB2_T890,ERBB2,False,,-0.14402624416126125,
WDR62_T46,WDR62,False,-4.150516280961218,,-3.0576919438438153
WDR62_T50,WDR62,False,-2.410332527515249,,-3.0576919438438153
POGZ_T1273,POGZ,False,-0.10716011172206252,-0.2059716129801763,0.04852849603963438
C1orf35_T219,C1orf35,False,-0.10816089835576267,-0.07282519560593415,-0.18933480196859945
ZC3H8_T32,ZC3H8,False,0.32688244921584425,0.18916037103637567,
WIPF1_T345,WIPF1,False,,,0.9106559207639872
DYNC1LI1_T512,DYNC1LI1,False,-0.9859304174983441,,-0.4210902618260126
DYNC1LI1_T513,DYNC1LI1,False,-0.3709954165297718,-0.5096557896682875,-0.6407937155405168
DYNC1LI1_T213,DYNC1LI1,False,-0.5000138355781258,,
DYNC1LI1_T408,DYNC1LI1,False,,,0.5100504556011388
AP1AR_T228,AP1AR,False,-0.0013958529167285572,-0.09510715683893037,-0.04938156760885879
AFG2A_T272,AFG2A,False,0.4361618393144501,,
PPP1R18_T199,PPP1R18,False,0.679513879286544,-0.8239581333857858,0.19031193430807875
SHPRH_T968,SHPRH,False,0.4734232702791968,,
NONO_T450,NONO,False,0.4168397419128292,0.4310213386480395,0.3988336462921213
DOCK5_T1794,DOCK5,False,-1.6641839965632397,-1.8047779015603935,-1.8425718837380871
LRP12_T636,LRP12,False,-0.1391563559988941,,
ENSP00000442531_T74,ENSP00000442531,False,,,-3.352105305214454
CCDC82_T227,CCDC82,False,0.4202937493466222,-0.240656649341478,
MTA2_T534,MTA2,False,0.10545111144597814,0.2619235131090098,0.34482256394176636
ENSP00000442534_T137,ENSP00000442534,False,-0.19352403997586845,-0.06850624449623545,
HIRIP3_T471,HIRIP3,False,,-1.2438648391105434,
USP15_T226,USP15,False,-0.24295433718898804,-0.2513898364813744,-0.5427314215607828
CENPU_T110,CENPU,False,-0.087760197417126,0.20737796854073415,
NIPBL_T2667,NIPBL,False,-0.16240905265135888,-0.005700984387330826,
ENSP00000475905_T331,ENSP00000475905,False,0.1015775761942611,0.10629301800274328,-0.11121401614927048
ENSP00000475905_T287,ENSP00000475905,False,-1.1099098599476236,-1.6076515337685937,-0.9971336126842189
SMARCA5_T113,SMARCA5,False,-0.17022120243804598,-0.011158780743433508,0.06515421997015394
RANBP2_T1393,RANBP2,False,,-0.19190331121646623,0.06115683334619504
RANBP2_T1396,RANBP2,False,-0.1808610684269121,-0.0605106577445417,0.018988519878211624
RANBP2_T779,RANBP2,False,-0.1731955535746927,-0.08364750527680098,-0.11573203874407183
RANBP2_T799,RANBP2,False,-0.057224525018383196,0.26147964022731196,0.30691617167334584
RANBP2_T19,RANBP2,False,0.01779969531100034,0.1444345064299857,0.3045307286120768
TOMM70_T85,TOMM70,False,,-0.37951807938464616,-0.25970278720914536
ENAH_T502,ENAH,False,-0.13172413733998212,0.05605607962664039,1.2330290574451848
USP43_T634,USP43,False,0.34766565630097057,0.5633088206790771,1.2626214965602824
PIP4P2_T22,PIP4P2,False,0.4711354235588714,,
ENSP00000402380_T704,ENSP00000402380,False,-0.1833645288785529,-0.07323233328107108,0.02502447950716224
ENSP00000402380_T715,ENSP00000402380,False,0.06930940688470158,0.06761433344486671,0.061736502035500296
SASS6_T305,SASS6,False,,2.183772325560338,
BRAF_T401,BRAF,True,,0.146133828893375,
ENSP00000289371:map.2/99992822/C:p.K522T:n.A99992822C:c.aAa/aCa_T13,ENSP00000289371:map.2/99992822/C:p.K522T:n.A99992822C:c.aAa/aCa,False,-0.2826625964610324,-0.11803451661774952,-0.3557376044928442
ENSP00000383935:map.17/45915788/C:p.M323V:n.T45915788C:c.Atg/Gtg_T52,ENSP00000383935:map.17/45915788/C:p.M323V:n.T45915788C:c.Atg/Gtg,False,-0.5009526782821999,1.3722193213417502,
PPP1R35_T84,PPP1R35,False,,-0.35871293941768423,
ENSP00000293677_T505,ENSP00000293677,False,,-0.897462798084998,
SLX4_T1676,SLX4,False,0.09473383433373816,0.04540656462604994,-0.17066489107044566
NCKIPSD_T174,NCKIPSD,False,,0.25096157353321874,
MARK2_T562,MARK2,False,0.05718433809446017,0.2574328283702174,0.22801015004133662
NUP35_T256,NUP35,False,0.6842801505481289,,
ENSP00000356269_T92,ENSP00000356269,False,,,0.5214528258224312
ENSP00000357114:map.1/158986477/C:p.S179T:n.G158986477C:c.aGt/aCt_T149,ENSP00000357114:map.1/158986477/C:p.S179T:n.G158986477C:c.aGt/aCt,False,-0.3420125094698449,-0.17452369997659195,
PGRMC2_T211,PGRMC2,False,,-0.177658393525493,
MAP1B_T1788,MAP1B,False,-0.2923860709275068,-0.5492936760456216,-0.5530539764450887
CFAP97_T133,CFAP97,False,,,-0.12664349772416922
NPM1_T199,NPM1,False,,0.6408985206429528,1.0141410154252406
NPM1_T237,NPM1,False,0.4063078967283155,0.31088914598025935,0.2539762752326531
NPM1_T234,NPM1,False,0.4063078967283155,0.2245976519499717,0.23123261067036488
TRA2A_T202,TRA2A,False,-0.6317992200882883,-0.44173538514846017,-0.46128306251956197
TRA2A_T88,TRA2A,False,0.16592085704395468,0.18424084049432182,0.012640180778770332
ENSP00000297332:map.6/161469774/A:p.R157H:n.G161469774A:c.cGt/cAt_T1440,ENSP00000297332:map.6/161469774/A:p.R157H:n.G161469774A:c.cGt/cAt,False,0.22119654994454657,,
LARP6_T443,LARP6,False,-0.06619691535530713,0.5964581395589856,
FRS2_T132,FRS2,True,-2.6225541451086185,-1.574199857220926,-3.151630246383193
FRS2_T135,FRS2,True,,-1.574199857220926,-3.151630246383193
FRS2_T138,FRS2,True,,-1.574199857220926,-4.083385780608212
CCT2_T261,CCT2,False,-1.1221144317441027,-1.9211169534780108,-1.0463250155505128
LEO1_T629,LEO1,False,0.16827001502421468,0.20641731535270172,0.16587927360637367
NAB2_T434,NAB2,False,-0.480015341032301,-0.26977469660881825,-0.46245542803542533
MAP1A_T616,MAP1A,False,0.1532966767097539,0.15500824504517555,0.047963890610480425
MAP1A_T2105,MAP1A,False,-0.2733431373143128,-0.03847117057286101,
RUNX1_T14,RUNX1,False,-0.47876272699293027,0.06202335662600953,-0.08887421427032663
MED1_T1215,MED1,False,-0.2554484346322821,-0.7562618646888687,-0.10987157585416549
MED1_T1051,MED1,False,-0.26703349776929813,-0.26361814995553906,-0.1605278649982496
MED1_T1057,MED1,False,-0.10053044551312075,0.002969440412489234,0.013669410658802648
ANKRD11_T410,ANKRD11,False,0.030689204071140407,0.008773707066016134,
KMT2D_T2240,KMT2D,False,,-0.6890782647696563,-0.8459406969732672
CHAF1A_T259,CHAF1A,False,0.32487362962493194,0.38890628867685956,0.3762350404970849
SRRM2_T1413,SRRM2,False,-0.15217589460443928,-0.10876707232966672,-0.10547051541722582
SRRM2_T1492,SRRM2,False,0.04509431340327996,0.02423761161728606,0.024412551931522402
SRRM2_T1003,SRRM2,False,0.23133118431574065,-0.2038403615349769,0.44586827505760945
SRRM2_T2409,SRRM2,False,-0.027923770314793803,-0.026612023093484424,0.03454504643704509
SRRM2_T1434,SRRM2,False,0.11348505918576626,-0.01825815930986058,0.184706579043994
SRRM2_T1453,SRRM2,False,0.05319176058314155,0.03901739774042342,1.324580214560063
SRRM2_T1472,SRRM2,False,-0.24329033135036413,-0.253879778890284,-0.1261691976865923
SRRM2_T476,SRRM2,False,,,0.010779838753242763
SRRM2_T2738,SRRM2,False,-0.23868574548840563,-0.37742413448298573,0.05963215988209959
SRRM2_T1063,SRRM2,False,-0.04809626226355016,-0.37855057654570573,0.28967854645282526
SRRM2_T1844,SRRM2,False,-0.011954867343664537,-0.029646959356611012,-0.12980567446308078
SRRM2_T2104,SRRM2,False,0.05068669544687918,-0.07239771996817584,-0.01764859635508314
SRRM2_T983,SRRM2,False,-0.04607028254719487,-0.020373493889489877,-0.0804886787960446
SRRM2_T856,SRRM2,False,-0.09688458248240718,-0.24642708163742508,0.17056605679206857
SRRM2_T866,SRRM2,False,-0.29318474272186507,-0.16249717099041325,-0.16939456216157633
SRRM2_T2069,SRRM2,False,-0.11392656648696615,-0.20145391049077258,0.5708697815863729
SRRM2_T2583,SRRM2,False,-0.09154240223786213,-0.07312004692306093,-0.15751186850269347
SRRM2_T848,SRRM2,False,-0.2992945214072209,-0.0554042449368505,-0.2173595159042706
SRRM2_T1880,SRRM2,False,0.08255148426729897,0.12023193307579107,0.11066131827566306
SRRM2_T2034,SRRM2,False,0.044614668213329184,0.024165642253497262,-0.01752567491894483
SRRM2_T2022,SRRM2,False,0.08334657831804515,0.0613402833946613,0.02841738917502103
SRRM2_T1927,SRRM2,False,0.08176115816423914,0.06638595176553712,0.036831776909909665
SRRM2_T1974,SRRM2,False,-0.0011704351519592135,0.16001311588431832,0.22591687957781867
SRRM2_T1856,SRRM2,False,0.024269542933427018,-0.18549629719573638,-0.07615148565036434
SRRM2_T1043,SRRM2,False,0.00869261555138956,0.036851503663026246,-0.03195033144627207
SRRM2_T903,SRRM2,False,-0.0510354570977244,-0.052217414479131294,-0.13585633366650035
SRRM2_T1531,SRRM2,False,0.1622898886987204,0.24700418620638703,0.2561665516984841
SRRM2_T2397,SRRM2,False,0.025859325277298697,-0.01694834905124547,-0.18686383532946438
HNRNPUL2_T165,HNRNPUL2,False,-0.20659515418547136,-0.18342486761403912,
CTTN_T401,CTTN,False,-0.3471460901490935,-0.023700015103949017,-0.2221138581342832
CTTN_T411,CTTN,False,-0.10768914897898563,-0.31098464602853115,-0.2613895539065768
HEXIM2_T32,HEXIM2,False,-0.18241768888383839,-0.2486885610620874,-0.22223508581469859
ZEB2_T758,ZEB2,False,-0.15890314619523496,-0.364909720007809,-0.27969951753559563
RALGAPA1_T754,RALGAPA1,False,-0.3590459672444961,-0.7903448689724865,0.6121165522248829
XPO6_T204,XPO6,False,-0.10459000023944827,-0.023795123077239005,0.06308151171429949
GPS1_T459,GPS1,False,-0.24704914475881729,-0.7165076511826424,0.15548905805810564
RRM2_T33,RRM2,False,,0.4846021943722032,
FIP1L1_T494,FIP1L1,False,0.1307318934763578,-0.31206495958690983,-0.11564905152302325
JUNB_T255,JUNB,False,-0.4361222517283496,-0.23225516951619726,-0.18749165629076364
PDS5A_T1208,PDS5A,False,,-0.2405884674354236,
FRMD3_T480,FRMD3,False,-0.4211482134106553,-0.5983913760490555,
ZNF217_T648,ZNF217,False,-0.2753049621773043,-0.24825931607416027,
MADD_T1152,MADD,False,0.041383179019406156,0.1758442332621597,0.06795014508206831
MPLKIP_T51,MPLKIP,False,0.03755477561083434,0.2409859040247386,0.345474088872746
CTNNA1_T658,CTNNA1,False,,-0.012131586704188152,
TMEM192_T15,TMEM192,False,-0.5674039839038909,,
ENSP00000306361_T450,ENSP00000306361,False,,,5.235114320376357
NMD3_T470,NMD3,False,-0.11987205934799011,-0.10457123909837546,-0.06260625649331424
NMD3_T433,NMD3,False,-0.31426612573055757,0.2037649660186562,
H1-4_T18,H1-4,False,-0.4191258100733985,-0.3370101063029192,-0.2903078303938768
ZNF608_T209,ZNF608,False,-0.26984265330609053,-0.2841541930010141,
EEF2_T57,EEF2,False,0.32865703797848683,0.5704267682910381,0.13602106552072193
HMGA1_T53,HMGA1,False,-0.027830551325987486,0.3085831881802929,0.42659364695504837
CDC20_T55,CDC20,False,,,0.5935928058645962
CDC20_T70,CDC20,False,-0.006216964749993274,0.25897246415138053,-0.21171520970192723
ENSP00000308493:map.13/47260054/C:p.S234P:n.T47260054C:c.Tcc/Ccc_T568,ENSP00000308493:map.13/47260054/C:p.S234P:n.T47260054C:c.Tcc/Ccc,False,,0.567731153175729,
MEPCE_T291,MEPCE,False,,0.02675207884449296,
MEPCE_T213,MEPCE,False,0.11713576076009315,0.09228248837496654,-0.07006330360475364
ZNHIT2_T161,ZNHIT2,False,-0.2431816478107141,-0.1188209282799537,-0.2409464583961894
ENSP00000453242_T17,ENSP00000453242,False,0.039980597690881255,-0.05985580648895216,-0.08444085734161272
ENSP00000453242_T23,ENSP00000453242,False,0.039980597690881255,-0.05985580648895216,-0.08444085734161272
ZBTB21_T431,ZBTB21,False,0.15938410790776322,0.0816084850769299,-0.22492416678747423
PPIP5K1_T1082,PPIP5K1,False,,-0.00630390289463921,
PEAK1_T852,PEAK1,False,-0.19299136630847563,,0.5135918064995733
RETREG3_T307,RETREG3,False,0.10632260709207215,0.11891062563476854,0.08200671763421089
RETREG3_T440,RETREG3,False,0.1858016080098307,0.14522093708562958,0.3953554823275887
PSMD1_T311,PSMD1,False,-0.2475182555212839,-0.3131531078403698,-0.35423073025042345
DPYSL2_T521,DPYSL2,False,-0.01951178927305487,-0.07060017549948486,0.0757757661281959
DPYSL2_T514,DPYSL2,False,0.24721100747718536,0.23874902050222235,0.1321293153891004
PRKACA_T190,PRKACA,False,0.02814476771337868,0.16221003631430692,0.11421345067792046
ZNF408_T322,ZNF408,False,,-0.5162229100488509,
CFL1_T25,CFL1,False,,,0.3683772461200166
MIS18BP1_T821,MIS18BP1,False,0.03219588597792729,0.0670121218487962,-0.12380912495292064
TBC1D16_T99,TBC1D16,False,-0.7706581869564462,-0.6371991078732766,-0.5501022774519606
RACGAP1_T601,RACGAP1,False,0.2572520532397878,0.5226584206342787,
RACGAP1_T606,RACGAP1,False,,0.5226584206342787,
RACGAP1_T588,RACGAP1,False,,0.46550436962950564,
MOB1B_T35,MOB1B,False,0.28948857832316216,0.29983164280671,0.1631557190431675
BANF1_T2,BANF1,False,,0.7865127249714008,
BANF1_T3,BANF1,False,0.49519161739063206,0.3659118676662405,0.6450475724404312
RIN1_T336,RIN1,False,-0.5828299545535124,-0.2968571749376647,-0.565550445049612
ANKRD13D_T206,ANKRD13D,False,-0.5244271257662886,-0.546232028094368,-0.5350386923750774
ARHGAP12_T231,ARHGAP12,False,-0.13488966561060525,-0.09052041978926584,-0.03545684088125012
ARHGAP12_T174,ARHGAP12,False,-1.037059971594181,-1.1758129992402275,-0.9244405087422166
OXR1_T195,OXR1,False,-1.9374528988810256,-1.5268261367645377,-2.1972459847850816
ENSP00000311134:map.9/139732331/C:p.E382Q:n.G139732331C:c.Gag/Cag_T599,ENSP00000311134:map.9/139732331/C:p.E382Q:n.G139732331C:c.Gag/Cag,False,-0.4084833418077844,-0.5201852769457255,-0.4821901675181051
ENSP00000311402_T101,ENSP00000311402,False,,1.3700526557159143,0.15613769788898613
RBM14_T206,RBM14,False,-0.24358388397189965,-0.337134518016499,-0.36006351130247266
DAW1_T81,DAW1,False,-0.13336891930599895,-0.0659742302770854,-0.29238924119940773
DCAF6_T654,DCAF6,False,0.0876755560528804,0.11262610905959557,0.007027897152204854
CCDC14_T586,CCDC14,False,0.07423139418579203,,
AGFG1_T177,AGFG1,False,-0.39734152488820057,0.7528049873465558,0.8429631261839984
MSL3_T239,MSL3,False,-0.1899350505072499,-0.24791006558883524,-0.1716824259123217
ENSP00000453376:map.15/56386577/G:p.N1020H:n.T56386577G:c.Aat/Cat_T1025,ENSP00000453376:map.15/56386577/G:p.N1020H:n.T56386577G:c.Aat/Cat,False,,-0.13127620080955588,
RELL1_T261,RELL1,False,-0.0944150391606357,-0.153382871823179,0.35524184393088254
ENSP00000313490:map.17/8167600/C:p.L621P:n.T8167600C:c.cTg/cCg_T619,ENSP00000313490:map.17/8167600/C:p.L621P:n.T8167600C:c.cTg/cCg,False,-0.054723077282958124,0.02962083751283469,-0.0762894099425239
ABCF1_T108,ABCF1,False,-0.09178007056373223,-0.06098912131460634,-0.05249470807025238
PDS5B_T1370,PDS5B,False,-0.31943545239011256,-0.15338162712300726,-0.2213009940360368
PDS5B_T1381,PDS5B,False,-0.39448670215723275,-0.3716005922448655,-0.21041703512538334
GORASP1_T143,GORASP1,False,,-0.3847155477338759,
GORASP1_T164,GORASP1,False,-0.5438246750213298,-0.3847155477338759,
RBM15B_T532,RBM15B,False,,-0.2601346196192106,
PAK2_T169,PAK2,False,,-0.17049137040304232,
PAK2_T143,PAK2,False,-0.047952201307931125,0.030955080273346203,-0.007159073814317874
LARP7_T338,LARP7,False,0.12831392645496895,0.1831512381871131,0.20927389593332663
ENSP00000391852_T543,ENSP00000391852,False,-0.02481917275010194,0.043186668707274424,0.13685748413310442
ENSP00000314776:map.5/89769728/C:p.T128A:n.T89769728C:c.Acg/Gcg_T259,ENSP00000314776:map.5/89769728/C:p.T128A:n.T89769728C:c.Acg/Gcg,False,,-5.845515298328506,
ENSP00000314949:map.17/7417086/A:p.A1835T:n.G7417086A:c.Gcc/Acc_T1885,ENSP00000314949:map.17/7417086/A:p.A1835T:n.G7417086A:c.Gcc/Acc,False,,-0.11797524125485861,-0.2651158991404609
ILF3_T596,ILF3,False,,0.3208889803317765,
CHAF1B_T419,CHAF1B,False,0.5620836426961592,,0.43956994966273916
CHAF1B_T433,CHAF1B,False,-0.04628126335812255,0.06934995679094391,-0.03271147645235253
RBBP6_T1434,RBBP6,False,-0.27655502383506286,0.06626144226872127,0.15743182700418823
BAIAP2_T340,BAIAP2,False,0.5106581620300442,0.7376867614098603,
BAIAP2_T360,BAIAP2,False,0.5676734024550336,0.7105711313596766,0.4765290004663793
SLBP_T136,SLBP,False,-0.11324480548508768,-0.01423381214544219,-0.3981120099803834
ZNF609_T746,ZNF609,False,-0.44412960093142306,0.09799002664767043,0.09550873787695002
RAPH1_T974,RAPH1,False,0.24938465863022036,,
ENSP00000391935:map.3/184041256/C:p.A677P:n.G184041256C:c.Gcc/Ccc_T167,ENSP00000391935:map.3/184041256/C:p.A677P:n.G184041256C:c.Gcc/Ccc,False,,-0.39424019296553714,
SNRNP200_T2131,SNRNP200,False,-0.16830873762954293,,-0.16149189721934384
SLC36A4_T35,SLC36A4,False,-0.3827643247733084,-0.09329408117628166,-0.11874260309706168
EEF1D_T495,EEF1D,False,0.02019251091779729,,-0.044002841393287515
EEF1D_T513,EEF1D,False,-0.11034992869470289,-0.1268783731295702,-0.09086197952164733
RABGGTB_T3,RABGGTB,False,0.0773165168799682,0.10111919160915189,0.17016053797695527
CEP57_T58,CEP57,False,,-0.06987581985584941,
TNIP1_T378,TNIP1,False,0.056326712110184585,0.13906712368166188,0.011841973472004795
NUCLEOLIN_T121,NUCLEOLIN,False,0.5173929853729059,0.6144034415096452,0.6581903463596913
NUCLEOLIN_T106,NUCLEOLIN,False,0.32238968345021496,0.3709887624789896,0.8132784045433122
NUCLEOLIN_T113,NUCLEOLIN,False,0.28249911293597063,0.33346092242046393,-0.012810128722477387
NUCLEOLIN_T99,NUCLEOLIN,False,,0.4460444425960409,0.8132784045433122
NUCLEOLIN_T76,NUCLEOLIN,False,0.21563409782515608,0.2705915710239265,0.42518121436825135
KIAA0319L_T974,KIAA0319L,False,0.11526194407890346,0.24274999528177257,-0.2539968764671995
GCFC2_T97,GCFC2,False,0.019334818334231507,0.061012409429845635,0.11487611289596485
SF3B2_T311,SF3B2,False,0.3162149316218688,0.14339253291458942,0.29538363631095016
SUPT6H_T1523,SUPT6H,False,-0.05707987125097951,0.13908544156608663,0.2285041304305511
SUPT6H_T1718,SUPT6H,False,,,0.30938685159045204
SUPT6H_T1532,SUPT6H,False,0.08262939757234698,-0.06016926446302962,0.3147182127578362
SUPT6H_T1539,SUPT6H,False,0.23254167400547393,0.5880613701717675,0.48098887347869473
ZEB1_T635,ZEB1,False,-0.0315865831904151,,
MAMDC4_T201,MAMDC4,False,,,-0.20841094431191765
NUDC_T145,NUDC,False,0.09679453402336448,0.030206075445392427,0.16591643866604316
NDRG1_T366,NDRG1,False,0.2066768970708085,0.15086785743548506,0.21407615825254842
NDRG1_T328,NDRG1,False,0.039338357532596055,0.14732806090121894,-0.009336412224853109
NDRG1_T335,NDRG1,False,,,0.11036324336041808
ARID1A_T377,ARID1A,False,,0.11396714643300218,
EML4_T897,EML4,False,-0.1192635743221282,0.01888643292671651,-0.028913995673210763
EML4_T899,EML4,False,-0.14479588897856396,0.016841773800729577,-0.040149849314916185
AMOTL1_T852,AMOTL1,False,,0.15536066283920233,
ENSP00000387651_T517,ENSP00000387651,False,-0.6413357070290155,0.23394656845492678,-0.013525432478103191
ENSP00000322807_T705,ENSP00000322807,False,0.24542004069971568,0.209647995904621,
ZMYM4_T107,ZMYM4,False,-0.08693998325174078,-0.2949205457961269,0.23094077612394048
FARP1_T24,FARP1,False,0.08808916815814463,0.25364610156738904,0.10361316498767706
ENSP00000455629_T1342,ENSP00000455629,False,-0.6424845888868336,-0.5745981458763165,-0.6200464025723638
ENSP00000455629_T1549,ENSP00000455629,False,-0.11498753221137926,-0.3369418309802406,-0.06797551058731091
ZKSCAN1_T10,ZKSCAN1,False,0.29807173493399536,,
E2F7_T61,E2F7,False,-0.18372246576443227,-0.12428283508912258,
E2F7_T68,E2F7,False,-0.18372246576443227,-0.12428283508912258,
PNKP_T118,PNKP,False,,0.12048465689545586,-0.312598839965412
PNKP_T122,PNKP,False,,,-0.312598839965412
MED14_T1330,MED14,False,,,0.1579491537836943
CCDC43_T139,CCDC43,False,,0.10070858859668395,
ENSP00000323856:map.8/144995494/T:p.R2969H:n.C144995494T:c.cGc/cAc_T4623,ENSP00000323856:map.8/144995494/T:p.R2969H:n.C144995494T:c.cGc/cAc,False,-0.14232218175193953,-0.04029127230713941,-0.2873191033338032
ENSP00000477190_T440,ENSP00000477190,False,0.32007092557634,0.2915913263801306,0.3181904840040351
ENSP00000477190_T455,ENSP00000477190,False,0.09176948161103345,0.014931617614714543,0.2102460784455784
ZYX_T270,ZYX,False,-0.08538695412717545,-0.08182372538162942,-0.18594745598046494
ENSP00000324560:map.12/132401566/T:p.P714L:n.C132401566T:c.cCg/cTg_T468,ENSP00000324560:map.12/132401566/T:p.P714L:n.C132401566T:c.cCg/cTg,False,,0.1309308698264487,
VRK3_T104,VRK3,False,0.18879150284314658,0.5338623213874581,0.5757963753290817
ENSP00000325017:map.12/6619284/G:p.Q83E:n.C6619284G:c.Caa/Gaa_T1339,ENSP00000325017:map.12/6619284/G:p.Q83E:n.C6619284G:c.Caa/Gaa,False,,,0.47134355961072033
MAP1S_T612,MAP1S,False,-0.3537833112414086,-0.41991733715230845,-0.3588175494783588
SEC16A_T593,SEC16A,False,-0.5253114189773954,-0.3158349734845082,-0.031531905195060855
LARP4B_T732,LARP4B,False,,-0.15505200240216277,
LARP4B_T518,LARP4B,False,0.04129045807565775,0.038570196500246706,0.013600019545874845
LMNB2_T14,LMNB2,False,0.030030366424539583,0.024038758901414697,0.05835811492575204
PCM1_T1294,PCM1,False,0.555619856668128,,0.426103700685049
RANBP1_T13,RANBP1,False,0.1446255367996668,0.05264532911985896,
H2AC12_T121,H2AC12,False,,-0.47965318848059874,1.016995435985204
SMTN_T360,SMTN,False,0.8074373594188956,0.17453425469490197,0.19912264201360064
COPB2_T861,COPB2,False,,-0.41888982477445036,
RMP24_T42,RMP24,False,-0.05258070261887422,,0.7337014134586813
CDK10_T125,CDK10,False,-0.3095024465694035,-0.011995244065435767,
H1-5_T11,H1-5,False,-0.150403381069143,-0.12722804833363185,0.07293007762570682
RSRC2_T16,RSRC2,False,,-0.03138573222710808,
RSRC2_T220,RSRC2,False,-0.38509607719915023,-0.5444338467006741,-0.32349787946948944
ENSP00000400019_T229,ENSP00000400019,False,-0.06802401476292669,-0.13721185977266134,0.4393571784742569
ENSP00000477082_T295,ENSP00000477082,False,-0.25826984688138505,-0.5955482580683688,0.50131174924366
EP400_T872,EP400,False,-0.28335154759796466,-0.28001127338824006,-0.13030334438567037
ENSP00000332727_T55,ENSP00000332727,False,-0.05110017933369813,0.26147964022731196,0.30691617167334584
ENSP00000438527_T321,ENSP00000438527,False,0.08529915999450084,0.3173040683619148,0.471759741653384
ENSP00000344688_T207,ENSP00000344688,False,0.10579344554320987,0.08787013294105718,0.2557012999285113
SF3B1_T326,SF3B1,False,-0.09808162285036792,-0.16075945470566785,0.02996218190576496
SF3B1_T328,SF3B1,False,-0.09808162285036792,-0.16075945470566785,0.02996218190576496
SF3B1_T244,SF3B1,False,-0.1698095904554192,-0.052136793240240974,-0.12274261909221858
SF3B1_T248,SF3B1,False,-0.1698095904554192,-0.06683441936577625,-0.12274261909221858
SF3B1_T267,SF3B1,False,-0.3666655004726836,-0.23490587192875145,-0.20423656990404598
SF3B1_T273,SF3B1,False,-0.347880218512324,-0.24190517202926096,-0.20423656990404598
SF3B1_T278,SF3B1,False,-0.3044346551335565,-0.3018829070728454,
SF3B1_T223,SF3B1,False,-0.05332260513744813,-0.09371859609953852,0.06875618070670422
SF3B1_T227,SF3B1,False,-0.05505579190324574,-0.04275398993420219,0.06875618070670422
SF3B1_T235,SF3B1,False,-0.26649490554255734,0.030689204071140407,-0.13799700984485194
SF3B1_T434,SF3B1,False,-0.058911556235591835,-0.005258258110723914,0.2066766116067037
SF3B1_T436,SF3B1,False,-0.058911556235591835,-0.025105452586571302,0.2066766116067037
SF3B1_T442,SF3B1,False,0.19694735941848887,0.4302852729777807,
SF3B1_T207,SF3B1,False,-0.017043788066352376,-0.035898859700162766,0.03438051513262987
SF3B1_T211,SF3B1,False,-0.017043788066352376,-0.07482099980274388,-0.05138939964554389
SF3B1_T142,SF3B1,False,-0.12239848261586074,-0.06444998867914513,-0.12632752062842656
SF3B1_T426,SF3B1,False,,-0.13882274999558344,
TCF20_T1764,TCF20,False,,,0.1728715003522772
FOXK2_T13,FOXK2,False,0.12576246449146186,0.23260613654012618,0.17986447066578196
FOXK2_T389,FOXK2,False,0.17314483877547523,0.7850064307083471,0.1779815563133707
LARP1_T449,LARP1,False,-0.05866023989398863,-0.06528890843268118,-0.021654970813016775
LARP1_T438,LARP1,False,-0.30147923214448624,0.16740452857955587,0.08220570078502445
LARP1_T572,LARP1,False,-0.17969439239317822,0.03518914046353816,0.0765590951316044
LARP1_T299,LARP1,False,,-2.4739547349246696,
LARP1_T693,LARP1,False,0.047259175478012824,-0.04837587293102605,
LARP1_T708,LARP1,False,-0.06437357944784373,-0.41807219415223984,-0.29502548898214115
LARP1_T711,LARP1,False,0.06896416102362907,0.05156695708519615,-0.017809085300688653
LARP1_T705,LARP1,False,-0.23935921689403358,-0.32933374784166575,-0.4177881926140125
ENSP00000336775:map.15/99669628/T:p.R354W:n.A99669628T:c.Agg/Tgg_T597,ENSP00000336775:map.15/99669628/T:p.R354W:n.A99669628T:c.Agg/Tgg,False,,0.08990486842133553,
SLK_T183,SLK,False,0.08338358771008282,,0.3000651367787609
SIRT6_T294,SIRT6,False,,-0.2270502192084925,
TDP1_T147,TDP1,False,0.17286922415139608,,
RTN4_T188,RTN4,False,,0.024389820132533643,-0.29185691752535964
ENSP00000440093_T119,ENSP00000440093,False,-0.38317147292449877,0.11769504266975457,-0.35437211486586584
EPB41L2_T89,EPB41L2,False,-0.007101080103681047,0.05380644369579382,-0.45674169826918487
LRRFIP2_T85,LRRFIP2,False,0.210796206929658,0.19924883767169943,0.21101219348551165
ENSP00000472063_T568,ENSP00000472063,False,,-0.0949572369090829,
ENSP00000472063_T569,ENSP00000472063,False,,-0.0949572369090829,
C2CD2L_T622,C2CD2L,False,,-0.12803281853836956,
CUL4B_T195,CUL4B,False,,,0.16221003631430692
CUL4B_T198,CUL4B,False,,,0.16221003631430692
ATAD1_T318,ATAD1,False,-0.1320244863900059,-0.08544273462967969,-0.14426538734778024
NPY5R_T258,NPY5R,False,,7.495695162624068,
EIF4G2_T508,EIF4G2,False,,,0.2204537860491856
ENSP00000340557:map.7/40027484/G:p.T500A:n.A40027484G:c.Acg/Gcg_T1058,ENSP00000340557:map.7/40027484/G:p.T500A:n.A40027484G:c.Acg/Gcg,False,0.8337401943708687,,
ENSP00000340557:map.7/40027484/G:p.T500A:n.A40027484G:c.Acg/Gcg_T1186,ENSP00000340557:map.7/40027484/G:p.T500A:n.A40027484G:c.Acg/Gcg,False,,-0.35557146237935494,
ENSP00000340557:map.7/40027484/G:p.T500A:n.A40027484G:c.Acg/Gcg_T871,ENSP00000340557:map.7/40027484/G:p.T500A:n.A40027484G:c.Acg/Gcg,False,-0.03539316319107418,0.06079665159335348,0.08515608878120727
ENSP00000340557:map.7/40027484/G:p.T500A:n.A40027484G:c.Acg/Gcg_T1087,ENSP00000340557:map.7/40027484/G:p.T500A:n.A40027484G:c.Acg/Gcg,False,-0.2534120512286044,-0.15728497791581622,-0.18351192685453116
ENSP00000340667_T407,ENSP00000340667,False,0.17513254231443823,-0.60080215595195,0.3018011940585026
EIF4EBP1_T68,EIF4EBP1,True,-0.62081582349769,-0.4517394727269431,-0.441340145443508
EIF4EBP1_T70,EIF4EBP1,True,-0.05012996641743142,-0.19218297393826925,-0.32561213239131925
EIF4EBP1_T37,EIF4EBP1,True,-0.04236470759851641,-0.01962636945127999,-0.03920366746020179
EIF4EBP1_T46,EIF4EBP1,True,-0.1312079080833658,-0.009065316350293914,0.07274963767881837
ZNF326_T272,ZNF326,False,,,0.016353683577834812
SLC3A2_T5,SLC3A2,False,0.3345682756661327,,
AKT1S1_T246,AKT1S1,False,0.0657073035031328,0.1050946743331883,0.15104091934472738
ENSP00000379149_T542,ENSP00000379149,False,0.3587613067065492,0.417021674055805,0.13961377487363574
ENSP00000343629:map.1/171486912/A:p.A235T:n.G171486912A:c.Gct/Act_T2673,ENSP00000343629:map.1/171486912/A:p.A235T:n.G171486912A:c.Gct/Act,False,8.784516615151228e-06,-0.04656339873692589,-0.07781480202511022
ENSP00000343629:map.1/171486912/A:p.A235T:n.G171486912A:c.Gct/Act_T1244,ENSP00000343629:map.1/171486912/A:p.A235T:n.G171486912A:c.Gct/Act,False,0.15471281378215795,0.1595000220232196,0.3546778285044531
ENSP00000343629:map.1/171486912/A:p.A235T:n.G171486912A:c.Gct/Act_T1265,ENSP00000343629:map.1/171486912/A:p.A235T:n.G171486912A:c.Gct/Act,False,,0.0526941113038451,-0.042590525887047086
ENSP00000343629:map.1/171486912/A:p.A235T:n.G171486912A:c.Gct/Act_T1267,ENSP00000343629:map.1/171486912/A:p.A235T:n.G171486912A:c.Gct/Act,False,,0.9377481558465198,-0.042590525887047086
ENSP00000343629:map.1/171486912/A:p.A235T:n.G171486912A:c.Gct/Act_T2682,ENSP00000343629:map.1/171486912/A:p.A235T:n.G171486912A:c.Gct/Act,False,-0.076230960442923,-0.003512409301125452,0.1450603384803022
DPYSL3_T628,DPYSL3,False,0.4128617818951426,0.39613699234644645,1.0413752675407688
JPH1_T460,JPH1,False,,0.11796095273241665,
JPH1_T461,JPH1,False,-0.08111568280448249,0.03216218129487124,-0.08989749008225074
JPH1_T448,JPH1,False,-0.23662703208386163,-0.21908354414854886,-0.3271130694656517
TAF6_T660,TAF6,False,-0.3775381326172697,-0.44530310371836684,-0.23900414582233862
PTMA_T8,PTMA,False,,1.0005048549198532,0.1016500760944348
NF2_T581,NF2,False,-0.10699510923925207,,
NHSL1_T1388,NHSL1,False,-1.0399028866724145,-1.1755640113532666,-1.1814111762317157
ENSP00000361888:map.1/40533347/G:p.S255A:n.T40533347G:c.Tca/Gca_T307,ENSP00000361888:map.1/40533347/G:p.S255A:n.T40533347G:c.Tca/Gca,False,-0.5272852382887304,-0.16818809383358857,-0.135143650526418
ENSP00000344848:map.8/145001031/C:p.H1322R:n.T145001031C:c.cAc/cGc_T19,ENSP00000344848:map.8/145001031/C:p.H1322R:n.T145001031C:c.cAc/cGc,False,0.023747318267999345,0.014208056268481891,-0.09396627166817308
SEPTIN7_T425,SEPTIN7,False,-0.020025236010746655,0.36079300693101896,0.2493976456179606
ENSP00000344996_T151,ENSP00000344996,False,-0.7105472758544346,-0.7782837427678189,
ENSP00000348397_T195,ENSP00000348397,False,0.3819478006891023,0.7702793432097265,
NDRG3_T317,NDRG3,False,0.5706456858238221,0.30140045405007954,0.9409560223853404
CPSF7_T194,CPSF7,False,-0.01265508245660924,0.19016994822582503,0.14124601687330865
DNM1_T776,DNM1,False,,-0.12851904173169845,-0.06928282162184002
ANP32B_T15,ANP32B,False,,,0.0824300999459491
NDE1_T243,NDE1,False,0.20363969401398507,0.632082049289707,
NDE1_T246,NDE1,False,0.20363969401398507,0.632082049289707,
RPL21_T124,RPL21,False,,1.1574965029973352,
PRKAA1_T490,PRKAA1,False,-0.17018960161043803,-0.05439834426350491,-0.03247004185433146
SMARCAD1_T54,SMARCAD1,False,-0.6318462889038098,,-0.501095599225223
ENSP00000471365_T337,ENSP00000471365,False,0.04446770872604095,-0.436463142513627,-0.22951694368479944
ENSP00000471365_T1807,ENSP00000471365,False,-0.10696952192764786,-0.08334365115319413,-0.02246271161167958
ENSP00000471365_T170,ENSP00000471365,False,-0.14742404267083695,-0.3850792304224341,-0.11558574794530194
ENSP00000471365_T163,ENSP00000471365,False,-0.19841087647141206,0.038014690186715924,-0.5308850559548458
ENSP00000471365_T2902,ENSP00000471365,False,,-0.1791225848015271,
RMDN2_T116,RMDN2,False,0.25797611601076476,,0.1086248146816487
ENSP00000433825:map.1/36752433/T:p.A201V:n.C36752433T:c.gCc/gTc_T874,ENSP00000433825:map.1/36752433/T:p.A201V:n.C36752433T:c.gCc/gTc,False,-0.2904799631211246,-0.1821311982720134,0.18560405546041744
ENSP00000437948_T938,ENSP00000437948,False,0.13518218653442665,0.13190186710348117,0.3642501235043886
KANK2_T176,KANK2,False,-0.282140187324389,-0.2194700172245597,-0.21074276141830164
RIC8B_T433,RIC8B,False,-0.05115510028364345,0.06794748883844524,-0.005709929961984235
ENSP00000347978_T338,ENSP00000347978,False,0.8998584152348832,0.5521842233191214,1.1361343922830183
WWOX_T12,WWOX,False,0.18552741328028224,,0.06281249240502118
SVIL_T426,SVIL,False,0.3578032506309403,0.44723178646412204,0.5591029567531035
PHLDB1_T516,PHLDB1,False,-0.1265381211269084,-0.05423023277792651,-0.25861526189208883
GTF3C1_T1873,GTF3C1,False,-0.5641794149471306,,
CDCA7L_T43,CDCA7L,False,0.11179596313817759,0.20562227329676985,0.09605913592282116
NCOR2_T156,NCOR2,False,-0.3247887833985382,-0.2516911518843734,
NCOR2_T552,NCOR2,False,0.2946192258854032,0.2530155134518078,0.3033141642831768
NCOR2_T928,NCOR2,False,,-0.14133463329799814,-0.6345090175154722
ENSP00000348666_T1761,ENSP00000348666,False,-0.7190493605132293,-0.8769775852672419,-0.4207039774066306
PAK1_T230,PAK1,False,-0.23886794132683276,-0.09640636063075908,0.0822938359514309
ENSP00000348877:map.19/34868776/C:p.I208T:n.T34868776C:c.aTt/aCt_T109,ENSP00000348877:map.19/34868776/C:p.I208T:n.T34868776C:c.aTt/aCt,False,-0.2596163853683837,-0.13922774981848032,-0.23397312398159387
STOML2_T327,STOML2,False,-0.0456359116545647,-0.12411663802130714,-0.10789530302109432
SON_T2022,SON,False,-0.7538320142814682,0.07385683139647115,0.14625511895833065
ARHGEF12_T1518,ARHGEF12,False,-0.4767993902106485,0.7407980680414706,0.30847737659496083
ENSP00000469977_T653,ENSP00000469977,False,-0.09476805540554617,-0.17482622276213466,-0.19811366183142537
ENSP00000349259:map.2/54857045/A:p.P896T:n.C54857045A:c.Cca/Aca_T2328,ENSP00000349259:map.2/54857045/A:p.P896T:n.C54857045A:c.Cca/Aca,False,-0.08816437473935637,0.22547563446948124,0.5310400201793471
CAVIN1_T302,CAVIN1,False,0.19498970221495004,0.17162327214251505,0.1821275096948883
ENSP00000349856_T1134,ENSP00000349856,False,-0.24940799402697997,-0.7384960025373131,-0.3831408132220133
MYCBP2_T2645,MYCBP2,False,1.4893084852912726,-0.9149759240954364,-1.138695682282993
ENSP00000356539_T591,ENSP00000356539,False,,,-0.11617589141988237
ENSP00000429900:map.8/131124559/C:p.I728V:n.T131124559C:c.Atc/Gtc_T837,ENSP00000429900:map.8/131124559/C:p.I728V:n.T131124559C:c.Atc/Gtc,False,-1.8896634858365347,0.1239310083196309,-1.736472697527522
CDK11A_T570,CDK11A,False,0.17565559614211831,0.23799925980269906,0.0041009644563887865
CDK11A_T728,CDK11A,False,-0.004599544732391596,-0.026561294968556446,0.06871872204695913
G3BP2_T226,G3BP2,False,-0.20177238403403794,-0.2737852067998004,-0.2972006318098607
G3BP2_T227,G3BP2,False,-0.41859958004812986,-0.3925629652031386,-0.4123321126629629
ENSP00000350708:map.9/110084328/T:p.A249V:n.C110084328T:c.gCt/gTt_T155,ENSP00000350708:map.9/110084328/T:p.A249V:n.C110084328T:c.gCt/gTt,False,-0.06910453039298846,-0.05967713018341155,-0.13428701670667975
ENSP00000350708:map.9/110084328/T:p.A249V:n.C110084328T:c.gCt/gTt_T159,ENSP00000350708:map.9/110084328/T:p.A249V:n.C110084328T:c.gCt/gTt,False,0.04684025420297235,-0.24709708370177394,-0.13428701670667975
CNOT12_T833,CNOT12,False,0.06756749179833156,-0.2259955090612221,0.10711062563365317
PAK4_T207,PAK4,False,,-0.0841655455353407,
ENSP00000418533:map.7/129663496/T:p.R320H:n.C129663496T:c.cGt/cAt_T28,ENSP00000418533:map.7/129663496/T:p.R320H:n.C129663496T:c.cGt/cAt,False,0.11765746973435609,0.5059061837220946,0.355356087998323
MYOF_T172,MYOF,False,-0.6404788295724047,,
ENSP00000441114_T1959,ENSP00000441114,False,0.01080422636425358,0.07665293153574738,0.13047817586634206
MIGA2_T273,MIGA2,False,-0.07538115175084703,0.21674327433542923,
KIAA1671_T1059,KIAA1671,False,-0.5860593658137829,,
EPHA2_T898,EPHA2,False,-0.6312028267501663,-0.7576801629196271,0.11858265836760012
EPHA2_T587,EPHA2,False,-0.3285435691621389,-0.7561603401771915,-0.4915307801638945
DMAC2L_T218,DMAC2L,False,-1.7954085114489182,-1.553595537501541,-1.1955168363765214
DMAC2L_T219,DMAC2L,False,-1.7954085114489182,-1.553595537501541,-1.1955168363765214
HELZ_T1163,HELZ,False,,-0.2000009335067048,
CTNND1_T910,CTNND1,False,0.4615230622143107,0.27883589652798635,0.4227012184007058
CTNND1_T863,CTNND1,False,0.35884633060509863,0.834214369878922,0.9801491018135164
BAZ1A_T699,BAZ1A,False,-0.1253210507925446,,
NOL8_T820,NOL8,False,0.3612242218168837,0.18695379041432755,0.32088213565118856
NOL8_T313,NOL8,False,0.7051170870218958,0.634759443869599,
NUMA1_T1986,NUMA1,False,-0.20399084408696302,-0.15268958772859473,-0.14153914228063563
NUP214_T670,NUP214,False,-0.24553400992974983,-0.516311440820567,-0.3323721849456053
NUP214_T437,NUP214,False,-0.607574510463224,-0.600875507355415,-0.6213172260808862
SRSF2_T25,SRSF2,False,-0.04769458053173722,-0.07833223073854051,0.48277013780227734
MCMBP_T160,MCMBP,False,,,0.09680158184916868
ENSP00000353564_T55,ENSP00000353564,False,,-0.10107193092648024,
PFKFB3_T443,PFKFB3,False,-0.37272936299220927,,
URI1_T355,URI1,False,-0.3626619592359653,-1.1374890968716602,
SOX10_T240,SOX10,False,-0.3485981601097396,-0.3183020040729054,-0.35790680144203724
IQGAP3_T1426,IQGAP3,False,-0.36383356966518393,-0.0956769682872068,0.07156944836967014
MTOR_T2474,MTOR,False,-0.46673247598343126,-0.019345829119727886,-0.060803517919014574
ENSP00000354644:map.1/156907081/C:p.H1427R:n.T156907081C:c.cAt/cGt_T668,ENSP00000354644:map.1/156907081/C:p.H1427R:n.T156907081C:c.cAt/cGt,False,-0.37794128583488557,-0.2003860629646992,-0.13611014299348467
ENSP00000354644:map.1/156907081/C:p.H1427R:n.T156907081C:c.cAt/cGt_T672,ENSP00000354644:map.1/156907081/C:p.H1427R:n.T156907081C:c.cAt/cGt,False,-0.5526971557603304,-0.11780020599672153,0.010761784084610974
ENSP00000354644:map.1/156907081/C:p.H1427R:n.T156907081C:c.cAt/cGt_T1461,ENSP00000354644:map.1/156907081/C:p.H1427R:n.T156907081C:c.cAt/cGt,False,-0.15561431101754497,0.004510786177921888,
ENSP00000354644:map.1/156907081/C:p.H1427R:n.T156907081C:c.cAt/cGt_T1462,ENSP00000354644:map.1/156907081/C:p.H1427R:n.T156907081C:c.cAt/cGt,False,-0.4088877754501022,-0.4573768362731558,-0.5627913861492058
CNOT4_T296,CNOT4,False,,-0.02874892319883172,
ENSP00000378026:map.15/86123988/A:p.V897M:n.G86123988A:c.Gtg/Atg_T953,ENSP00000378026:map.15/86123988/A:p.V897M:n.G86123988A:c.Gtg/Atg,False,-0.19465801065596952,-0.11813181256709121,
ENSP00000454941_T458,ENSP00000454941,False,0.23936171447140075,0.05199846779700237,0.021449226731182422
TOGARAM1_T1339,TOGARAM1,False,,0.03280614508324148,
TOGARAM1_T1340,TOGARAM1,False,,0.03280614508324148,
CTR9_T925,CTR9,False,0.0023295166978537615,0.004466546204994935,-0.05571939780386451
GPALPP1_T138,GPALPP1,False,0.12512206056982392,,
LMNA_T19,LMNA,False,0.004684826766069696,0.3066486031165166,0.3226585574373631
LMNA_T424,LMNA,False,-0.27003400255307203,,-0.2434890438598416
CEP170_T1240,CEP170,False,0.38414535749038264,0.24280287447090168,-0.03472707273361465
MARK1_T613,MARK1,False,0.5643001437740083,0.35125723174880785,0.37082791208553084
RRP15_T19,RRP15,False,0.25627748469698475,0.28605336242280616,0.35860099429039793
GPATCH2_T50,GPATCH2,False,0.3481952854644242,0.5611061407677892,0.45101324294397294
ENSP00000355922:map.1/214830617/G:p.R2943G:n.A214830617G:c.Aga/Gga_T2997,ENSP00000355922:map.1/214830617/G:p.R2943G:n.A214830617G:c.Aga/Gga,False,,0.21063822838015023,
PTPN14_T323,PTPN14,False,-0.2534120512286044,0.7816534687880107,0.15419432499278973
ENSP00000443870:map.1/212274413/C:p.K652T:n.A212274413C:c.aAa/aCa_T474,ENSP00000443870:map.1/212274413/C:p.K652T:n.A212274413C:c.aAa/aCa,False,-0.2679384825773828,-0.5838481649820202,-0.29440384283091137
RCOR3_T376,RCOR3,False,-0.013066982872647105,,0.03140867302005291
NUCKS1_T179,NUCKS1,False,-1.041768774068407,-2.006712626119114,-1.242988635498855
NUCKS1_T202,NUCKS1,False,0.2141582014679102,0.19605745620525983,0.11018446404431506
RALGPS2_T361,RALGPS2,False,0.01578299724092746,-0.0904812448588326,-0.1702486165712774
RALGPS2_T326,RALGPS2,False,-0.3758119104748199,-0.1720266250922995,-0.05502983083806335
ENSP00000407768_T750,ENSP00000407768,False,,-0.08436437656968669,
ENSP00000357206:map.1/156641537/T:p.V815I:n.C156641537T:c.Gta/Ata_T545,ENSP00000357206:map.1/156641537/T:p.V815I:n.C156641537T:c.Gta/Ata,False,,0.2383472465969846,0.5929234083590513
ENSP00000357206:map.1/156641537/T:p.V815I:n.C156641537T:c.Gta/Ata_T338,ENSP00000357206:map.1/156641537/T:p.V815I:n.C156641537T:c.Gta/Ata,False,-0.2714323071259204,-0.12881175463797867,0.20414113726426114
ENSP00000357206:map.1/156641537/T:p.V815I:n.C156641537T:c.Gta/Ata_T354,ENSP00000357206:map.1/156641537/T:p.V815I:n.C156641537T:c.Gta/Ata,False,-0.3275512185253354,-0.29309382641311005,-0.6273152989209312
ENSP00000357206:map.1/156641537/T:p.V815I:n.C156641537T:c.Gta/Ata_T366,ENSP00000357206:map.1/156641537/T:p.V815I:n.C156641537T:c.Gta/Ata,False,-0.05433557097227163,0.20963644991340186,0.34776447498591756
ENSP00000357206:map.1/156641537/T:p.V815I:n.C156641537T:c.Gta/Ata_T315,ENSP00000357206:map.1/156641537/T:p.V815I:n.C156641537T:c.Gta/Ata,False,0.05429918719834662,0.0955301671364191,-0.01769452111190045
ENSP00000357206:map.1/156641537/T:p.V815I:n.C156641537T:c.Gta/Ata_T456,ENSP00000357206:map.1/156641537/T:p.V815I:n.C156641537T:c.Gta/Ata,False,0.06115406320710068,0.10495556367824643,
ENSP00000357206:map.1/156641537/T:p.V815I:n.C156641537T:c.Gta/Ata_T1309,ENSP00000357206:map.1/156641537/T:p.V815I:n.C156641537T:c.Gta/Ata,False,-0.47015901870302756,-0.503374704166025,-0.5741119625826883
PYGO2_T302,PYGO2,False,0.021960071357440516,-0.033058674017679764,-0.07715892095170639
CRTC2_T501,CRTC2,False,0.23241517077540189,0.6051150016894374,0.06681250989990178
CRTC2_T458,CRTC2,False,-0.6651800469149264,-0.7125448994215848,-0.7072653599507861
ENSP00000357624_T150,ENSP00000357624,False,0.3562565163728182,0.30353299094264524,0.41452575754148563
MKI67_T1801,MKI67,False,0.5077045071981322,0.4962066659234845,0.6498555757341342
MKI67_T1923,MKI67,False,0.6853902670406633,0.6976712714308743,0.4689481801800506
MKI67_T1747,MKI67,False,0.24184018356467063,0.655351828612554,
GATAD2B_T120,GATAD2B,False,0.04513197941947397,-0.03657570387202871,-0.05298511679158488
CHTOP_T33,CHTOP,False,0.026707231553278424,0.071669594425081,0.23653728558355427
PI4KB_T502,PI4KB,False,-0.12448727304183599,0.0063131900752829775,
PI4KB_T280,PI4KB,False,,0.2873540850292068,
ENSP00000462536_T697,ENSP00000462536,False,0.06838635900565466,0.17020347507022296,0.1037355887816809
ENSP00000462536_T737,ENSP00000462536,False,-0.0549768939073787,0.18990699436184502,
ENSP00000462536_T332,ENSP00000462536,False,-0.10429410093876974,,
ENSP00000462536_T706,ENSP00000462536,False,-0.15478694898309237,-0.05095092876158802,-0.05295910903130975
ENSP00000358081:map.10/121429633/C:p.C151R:n.T121429633C:c.Tgt/Cgt_T285,ENSP00000358081:map.10/121429633/C:p.C151R:n.T121429633C:c.Tgt/Cgt,False,-1.198133867724034,-0.12828634483861076,-0.1273357299467897
GRIK2_T811,GRIK2,False,,,1.62657931078201
GRIK2_T819,GRIK2,False,,,1.62657931078201
TRIM33_T1085,TRIM33,False,0.028852005847493426,,0.2360945786378778
ENSP00000441065:map.1/113456546/T:p.D490E:n.A113456546T:c.gaT/gaA_T466,ENSP00000441065:map.1/113456546/T:p.D490E:n.A113456546T:c.gaT/gaA,False,0.31382629639039805,0.16426802227402423,
DDX20_T552,DDX20,False,-0.4076402370000892,0.03420338038335336,-0.5204827023928283
SH3PXD2A_T516,SH3PXD2A,False,0.23973554720609624,0.24746611272726476,0.024092902607269
RBM15_T568,RBM15,False,0.126456036276106,0.04767512613284383,0.08750158444499362
NFKB2_T859,NFKB2,False,,-2.3705641067345185,
SRSF11_T325,SRSF11,False,-0.04407464403854153,-0.33545014514113997,0.06908936285368021
DNAJC6_T622,DNAJC6,False,-0.74693639621368,-0.553921478676558,-0.38377406199156405
SMARCA1_T118,SMARCA1,False,-0.22029863713626616,-0.03745685943473512,-0.01852961080792514
CDC5L_T385,CDC5L,False,0.2526578641941174,0.28249911293597063,
CDC5L_T396,CDC5L,False,0.2526578641941174,0.28249911293597063,
FAF1_T580,FAF1,False,,0.024177814301165258,
FAF1_T274,FAF1,False,-0.1914749086565774,,
ARFGEF2_T243,ARFGEF2,False,-0.0569947004671104,0.10803479191741898,0.2536124694901658
ARFGEF2_T244,ARFGEF2,False,-0.07150930532797212,0.1483830252653308,0.2603032999862885
ENSP00000457376_T190,ENSP00000457376,False,0.13131401913712085,0.03958890025464835,0.12674742717537435
ENSP00000457376_T195,ENSP00000457376,False,0.04959131926030199,0.33105297171170633,0.1801134773755371
PCIF1_T150,PCIF1,False,-0.24773095963418865,-0.40678139287367027,-0.6399167040866687
ENSP00000377232_T246,ENSP00000377232,False,,-0.004483090034968211,
SF3A3_T475,SF3A3,False,0.8782894438829546,0.15879546548119164,0.3122890176837262
MAP7D1_T276,MAP7D1,False,0.7178898396973015,0.4158741538052011,0.25447310795273254
MAP7D1_T118,MAP7D1,False,-0.22547847814579125,-0.10351888487648199,-0.39094904701861133
MAP7D1_T97,MAP7D1,False,-0.03507744143181303,-0.0077509733576579904,0.07436842178155338
MAP7D1_T47,MAP7D1,False,-0.6030733239686502,,
MAP7D1_T51,MAP7D1,False,-0.6030733239686502,,
CDK9_T186,CDK9,False,-0.2203975885035684,0.015823379732278632,-0.08919844469841513
MARCKSL1_T14,MARCKSL1,False,,0.36127956214375284,0.47736905547857456
MARCKSL1_T85,MARCKSL1,False,-0.26930042514162617,0.026144933191424302,0.2874954164614555
GIGYF2_T25,GIGYF2,False,,,-0.9255493679077168
GIGYF2_T382,GIGYF2,False,-0.01437801428675182,-0.08161019883431492,-0.146754829223565
DENND1A_T707,DENND1A,False,,-0.38629433796724055,
RABGAP1_T996,RABGAP1,False,-0.2793929583059009,-0.124444199271683,-0.19263136759170954
PHACTR4_T358,PHACTR4,False,-0.9880176299146127,-0.5153503619822611,-0.6118023978372952
RPS6KA1_T348,RPS6KA1,True,-2.2461216685792884,-2.9088270869659008,-3.0131012705394786
SRRM1_T220,SRRM1,False,-0.1185226062253953,-0.11204692740053628,-0.1908951381082917
SRRM1_T406,SRRM1,False,-0.3484168327378933,-0.3530429294108139,-0.4815764530620243
SRRM1_T884,SRRM1,False,0.1450030595349706,0.0703974441046092,-0.12138341713546481
SRRM1_T626,SRRM1,False,-0.2779377845492657,-0.31750616414487925,-0.44052906367781114
SRRM1_T593,SRRM1,False,-0.2846781835415968,-0.2913596935016915,-0.2783703349499994
SRRM1_T584,SRRM1,False,-0.26176133542741975,-0.2583636858009406,-0.3307409965488521
SRRM1_T586,SRRM1,False,-0.26176133542741975,-0.2583636858009406,-0.3307409965488521
SRRM1_T739,SRRM1,False,-0.014131563645296677,-0.13512647896274113,-0.16490055854366362
KIF4A_T799,KIF4A,False,-0.8087911182494422,-0.4027978049018767,-3.9267336485969935
PTPN3_T245,PTPN3,False,1.3555237689783648,0.298892881054161,
EIF2S2_T111,EIF2S2,False,0.2576950508625332,-0.11748322466276491,-0.17477277306494965
FGD1_T711,FGD1,False,-0.7755151280156036,-0.4952067487670243,
ENSP00000364374:map.1/19413261/A:p.M4843L:n.T19413261A:c.Atg/Ttg_T2726,ENSP00000364374:map.1/19413261/A:p.M4843L:n.T19413261A:c.Atg/Ttg,False,-0.11525618296527844,-0.011415922504490592,-0.18685714788207192
ENSP00000364374:map.1/19413261/A:p.M4843L:n.T19413261A:c.Atg/Ttg_T2735,ENSP00000364374:map.1/19413261/A:p.M4843L:n.T19413261A:c.Atg/Ttg,False,,-0.44491028244495334,
SIK3_T469,SIK3,False,0.1716597502427513,0.32423456227053127,0.33239286905761645
CROCC_T492,CROCC,False,-0.3136397619618687,-0.06028912808267787,-0.3513995232076709
ENSP00000364912:map.1/16256007/C:p.L1091P:n.T16256007C:c.cTa/cCa_T1219,ENSP00000364912:map.1/16256007/C:p.L1091P:n.T16256007C:c.cTa/cCa,False,,-0.37871938629891605,
IRS2_T1151,IRS2,False,-0.08345632272454236,-0.3635144755885524,-0.8161578209907487
IRS2_T779,IRS2,False,0.20466800102223945,0.30269070724881597,0.3994869861794821
IRS2_T580,IRS2,False,0.33636135647303284,0.39513485820494115,0.3946948780185859
IRS2_T520,IRS2,False,-0.003927858098740217,-0.08563521565162141,-0.07251612023044891
IRS2_T527,IRS2,False,-0.15241103294795977,-0.13735458884045862,-0.08064651369081419
IRS2_T363,IRS2,False,-0.48994484218641604,-0.31006840342490194,-0.2358862146302829
PRRC2A_T782,PRRC2A,False,-0.08851464966715061,-0.24676907031180728,-0.05322810977552673
PRRC2A_T1083,PRRC2A,False,,0.1382015993022929,
PRRC2A_T1087,PRRC2A,False,0.5035970229409508,0.40299417794608505,0.35462834451552566
PRRC2A_T1108,PRRC2A,False,0.04600103749476567,-0.09218881501135429,-0.2364598486055248
MDC1_T331,MDC1,False,-0.11046911939287107,-0.23527595371830842,-0.15896081021355948
MDC1_T378,MDC1,False,-0.2052721964224182,0.11582738394120341,-0.25506838203673016
MDC1_T404,MDC1,False,0.06986528931279791,0.11856756051932989,-0.03304779228199472
MDC1_T301,MDC1,False,-0.48244736267807903,-0.4969488409754332,-0.47398151996555904
MDC1_T448,MDC1,False,0.09920415300766416,0.15055967657538138,0.024745190197137796
MDC1_T455,MDC1,False,0.03762189192190816,0.02129828206781346,0.2433805719526283
DHX16_T155,DHX16,False,-0.09529780482542598,0.05199846779700237,-0.07948940471156174
ENSP00000365637:map.10/24669877/G:p.A145G:n.C24669877G:c.gCt/gGt_T470,ENSP00000365637:map.10/24669877/G:p.A145G:n.C24669877G:c.gCt/gGt,False,-0.2522431114830279,-0.33808625964884553,
PRR3_T26,PRR3,False,-0.44436666368715455,,
GNL1_T48,GNL1,False,0.007647786472167608,0.06050491420390306,-0.0032835401261487873
GNL1_T50,GNL1,False,-0.11120767936475362,0.04491862014600755,-0.03906191421583843
ENSP00000388657_T646,ENSP00000388657,False,-0.5654649985225514,0.07638345083628763,-0.32920846609741233
ARAF_T181,ARAF,True,-1.9588749325010246,-1.7513905673873,-2.0543158811048854
ENSP00000476251_T462,ENSP00000476251,False,-0.23791486974137113,-0.16890105142253908,
ENSP00000366453:map.9/71843023/A:p.D482E:n.C71843023A:c.gaC/gaA_T925,ENSP00000366453:map.9/71843023/A:p.D482E:n.C71843023A:c.gaC/gaA,False,0.2183472092784992,0.13907651504611174,
TCOF1_T249,TCOF1,False,0.10151561549124423,0.13200929760417907,0.3349114612620633
TCOF1_T310,TCOF1,False,0.012354130407874092,-0.1550680663490826,0.4308204965197715
TCOF1_T316,TCOF1,False,0.012354130407874092,-0.1550680663490826,0.4308204965197715
TCOF1_T914,TCOF1,False,0.13224779829843977,-0.35144810511082464,-0.09869620766888473
TCOF1_T1359,TCOF1,False,0.006253112365080832,0.13549847924738787,0.4218628196576124
ENSP00000367263:map.11/62292882/T:p.Q3003K:n.G62292882T:c.Caa/Aaa_T5794,ENSP00000367263:map.11/62292882/T:p.Q3003K:n.G62292882T:c.Caa/Aaa,False,,,1.5192859729677795
ENSP00000367263:map.11/62292882/T:p.Q3003K:n.G62292882T:c.Caa/Aaa_T490,ENSP00000367263:map.11/62292882/T:p.Q3003K:n.G62292882T:c.Caa/Aaa,False,0.10180593457060971,-0.04815859959981888,0.15970549139379125
ENSP00000367992:map.13/47354101/T:p.G190E:n.C47354101T:c.gGa/gAa_T205,ENSP00000367992:map.13/47354101/T:p.G190E:n.C47354101T:c.gGa/gAa,False,0.6928735074639985,,
ZFC3H1_T766,ZFC3H1,False,,0.14391580307144475,
FAM219A_T95,FAM219A,False,0.015330881251979034,-0.09297862461180567,-0.04998270667576095
E2F4_T14,E2F4,False,0.7220287779028437,-0.26723587491385187,
TOM1L2_T164,TOM1L2,False,0.22278779689317837,0.2776277476590054,0.34437403328573263
RPS6KA3_T365,RPS6KA3,True,-1.8351522207883026,-1.5792750805841527,-0.1147286065307318
SYAP1_T248,SYAP1,False,-0.005175345540971761,-0.0009188052581481759,-0.03484333779776037
FBXW9_T55,FBXW9,False,-0.021701847410122092,0.07651517604850835,0.32688244921584425
ABRAXAS1_T341,ABRAXAS1,False,-0.07998893277529805,0.10201231012125979,0.05436228844968911
HAUS6_T584,HAUS6,False,0.1650746654422369,0.7826857206165866,0.6019093590236947
SMN1_T25,SMN1,False,0.16045960542851298,0.1515325738258787,0.09461304485608873
PSIP1_T122,PSIP1,False,-0.15160732325359363,-0.17584726414529905,0.060880661185091334
PSIP1_T115,PSIP1,False,0.07286040193124495,0.050467253735735025,0.058939854556232955
PSIP1_T272,PSIP1,False,0.15976940750229135,,
SBF1_T1137,SBF1,False,0.5324665828657382,,-0.27510577285371934
LIMCH1_T61,LIMCH1,False,0.04450058864673587,0.09582388218818533,0.19185049712114635
ENSP00000371419:map.13/25009297/T:p.P1328T:n.G25009297T:c.Ccc/Acc_T101,ENSP00000371419:map.13/25009297/T:p.P1328T:n.G25009297T:c.Ccc/Acc,False,,-0.826949341690722,
AP2M1_T154,AP2M1,False,,0.33227828305692936,
ARHGAP5_T1217,ARHGAP5,False,-0.49514756837543583,-0.3291747694967085,-0.025279809197035874
ZMYM2_T1376,ZMYM2,False,0.009616276318471714,-0.02410258807245388,0.05589254862541764
NSD2_T110,NSD2,False,-0.445833582157453,-0.3992354755225498,0.032292868076909266
NSD2_T115,NSD2,False,-0.40386596712802425,-0.39603412016744455,-0.11941633867725934
DDX39B_T172,DDX39B,False,-0.18972257957877,,-0.05872838971689361
RUFY2_T269,RUFY2,False,0.5352567109038382,,
RUFY2_T276,RUFY2,False,0.5352567109038382,,
MEX3D_T209,MEX3D,False,,,3.0372240616242405
ENSP00000373657:map.17/3743450/A:p.S100L:n.G3743450A:c.tCg/tTg_T413,ENSP00000373657:map.17/3743450/A:p.S100L:n.G3743450A:c.tCg/tTg,False,0.19391493387418612,0.1849233520588173,0.2293905222217768
TRIP12_T1469,TRIP12,False,-0.23342394796080496,0.20092129252185637,
TRIP12_T1425,TRIP12,False,-0.2339986738498348,0.05340338617610781,
RNF20_T526,RNF20,False,-0.04012641204244467,0.10259094958809113,
SMG1_T3463,SMG1,False,0.02556345948381635,-0.033203352378181596,-0.03607740006786872
SMG1_T3440,SMG1,False,0.177838477612203,0.08870495148207248,0.3324069060814796
SQSTM1_T269,SQSTM1,False,0.05905772554917595,-0.025160189296893284,-0.013152014270133086
INF2_T1179,INF2,False,,-0.38509231413088,
GRK5_T485,GRK5,False,0.1453356998686504,0.028860057067443434,0.04454096121774923
GTF2F1_T389,GTF2F1,False,-0.3138398499638688,-0.24493443930070857,-0.10127439836410183
GTF2F1_T446,GTF2F1,False,0.5555669501942829,,0.1877677470460248
CDC23_T596,CDC23,False,-0.2827651760261468,-0.3026117747438694,-0.18748639520866883
SOS1_T1248,SOS1,True,-1.4664167183129606,,
CDK1_T14,CDK1,False,0.26496144907188585,0.4492776447088618,0.3175211139131603
CDK1_T161,CDK1,False,1.113967146433002,0.3704991032023453,0.03520159571856608
KTN1_T153,KTN1,False,,-0.059299504104235505,
TWF1_T349,TWF1,False,0.09301923313354474,,
ENSP00000473601_T711,ENSP00000473601,False,-0.9121841659746567,,
ETV6_T18,ETV6,False,0.13934079750169895,0.12759823053826763,0.15956168808947485
RPS8_T130,RPS8,False,0.1899194179010736,0.20744576721890057,0.5254675634651413
ENSP00000471457:map.19/17311226/A:p.G1455S:n.G17311226A:c.Ggc/Agc_T1271,ENSP00000471457:map.19/17311226/A:p.G1455S:n.G17311226A:c.Ggc/Agc,False,-0.242931085420671,-0.25797776084837915,-0.11263070472111794
STK24_T159,STK24,False,,0.4689481801800506,
MORC2_T733,MORC2,False,-0.3446536806508526,0.08747046231402662,-0.036524889547120555
MED13_T326,MED13,False,,,-0.46934989827304263
NDRG2_T319,NDRG2,False,0.10843020749556243,0.0739631305400519,
TMF1_T929,TMF1,False,1.3446697106155363,1.2846169800897709,1.316564979530627
SLC38A1_T54,SLC38A1,False,-0.007264830565021932,0.17924756727374427,-0.5914402956235859
DOT1L_T900,DOT1L,False,0.05152363602900434,0.3911077999745782,-0.09570810004224961
ENSP00000432766_T1102,ENSP00000432766,False,-0.12453445514529062,,-0.03682184382610872
ENSP00000385181:map.2/69736561/G:p.V603A:n.A69736561G:c.gTt/gCt_T606,ENSP00000385181:map.2/69736561/G:p.V603A:n.A69736561G:c.gTt/gCt,False,,-0.07583929055407469,
ENSP00000385181:map.2/69736561/G:p.V603A:n.A69736561G:c.gTt/gCt_T620,ENSP00000385181:map.2/69736561/G:p.V603A:n.A69736561G:c.gTt/gCt,False,-0.1915020556494301,-0.1412337498758001,-0.14611515133705205
NOLC1_T608,NOLC1,False,0.18728007364952926,0.19533838094257314,0.41958986314245195
NOLC1_T611,NOLC1,False,0.18728007364952926,0.19533838094257314,0.41958986314245195
PHF14_T287,PHF14,False,0.18381826409816013,0.0710267757462791,0.13178237574476276
TBC1D10B_T148,TBC1D10B,False,-0.47139517763827027,-0.5234711736197109,-0.06523603235180654
SETD2_T1853,SETD2,False,,-0.19983522077497093,
GIGYF2_T403,GIGYF2,False,0.10284267580599847,-0.14700293219968927,-0.146754829223565
SPIRE1_T514,SPIRE1,False,,0.38647988859623394,
ITPRID2_T1134,ITPRID2,False,-1.9503134770227062,-2.2439331760378654,
ITPRID2_T1146,ITPRID2,False,-0.38922834615585494,-0.6349098183834835,0.31227595736349484
ITPRID2_T1118,ITPRID2,False,,0.1194225826478845,0.7594195047778057
ITPRID2_T1110,ITPRID2,False,,-0.22852003845228316,-0.26288437335109516
ENSP00000404880_T101,ENSP00000404880,False,0.31692038067881584,0.1263121303287039,0.005281437736279301
ENSP00000404880_T51,ENSP00000404880,False,-0.7346351204758326,,
ENSP00000461767_T442,ENSP00000461767,False,-0.18980534897190524,0.11235071901339981,-0.18287795499425655
ENSP00000461767_T325,ENSP00000461767,False,-0.5207073442171721,-0.46239579323458374,-0.20584618206027483
RPL23A_T42,RPL23A,False,,0.11103131238874395,0.8687385170559117
HERC1_T2701,HERC1,False,-0.2328608184818136,-0.05901391864994537,-0.291362532129892
ENSP00000390394:map.3/27472936/T:p.E335K:n.C27472936T:c.Gag/Aag_T1052,ENSP00000390394:map.3/27472936/T:p.E335K:n.C27472936T:c.Gag/Aag,False,,-0.13866391710347106,
ENSP00000390394:map.3/27472936/T:p.E335K:n.C27472936T:c.Gag/Aag_T442,ENSP00000390394:map.3/27472936/T:p.E335K:n.C27472936T:c.Gag/Aag,False,-0.4378577282442407,0.29629543170322725,
ENSP00000390394:map.3/27472936/T:p.E335K:n.C27472936T:c.Gag/Aag_T444,ENSP00000390394:map.3/27472936/T:p.E335K:n.C27472936T:c.Gag/Aag,False,0.9632521538166069,0.22128558002610357,
STK3_T384,STK3,False,-0.23253543043510408,-0.1967000179037589,-0.20134861637236162
DENND4A_T1019,DENND4A,False,0.30836087519861305,-0.574342183799865,-0.5016017872833644
DENND4A_T1512,DENND4A,False,-0.22797924116704382,-0.025923150980447576,-0.6075946442033454
BLOC1S3_T63,BLOC1S3,False,0.0685011834862856,0.05425943935470443,0.11658288543458695
TOM1_T164,TOM1,False,-0.27343032239008425,-0.003582327626003547,-0.3020660875352798
PRR12_T1561,PRR12,False,-0.38132907059295096,0.0958569239148305,
TLE3_T305,TLE3,False,0.31672502157874954,0.3251561177415912,0.5879409937552205
TLE3_T321,TLE3,False,0.15909110769617837,0.24230187123789526,0.1415786417430433
RETREG2_T279,RETREG2,False,-0.15508748782329793,-0.033572091912978184,0.16233895772459678
SOX5_T131,SOX5,False,0.12333921210001975,0.2140702225334,0.10874985626800253
SOX5_T410,SOX5,False,-0.14135176281308795,0.004185995619105339,-0.08438567260106988
SOX5_T413,SOX5,False,0.03125402547050081,-0.03799153179000152,-0.07105476789602187
ENSP00000398823_T876,ENSP00000398823,False,-1.1399959918007747,-1.3059650427742469,-1.092032594053468
WEE1_T173,WEE1,False,-0.011312453724924306,0.3597386395743425,0.5294711598762631
ILF3_T486,ILF3,False,,-0.098799056667979,
NIPBL_T2667.1,NIPBL,False,-0.13754079718653078,,-0.10399946925653915
TRA2B_T201,TRA2B,False,0.12071501167611802,-0.04911019667206401,-0.061663991532494404
UNC45A_T15,UNC45A,False,-0.2941163628193169,-0.15590372403065095,0.1649149695524513
UNC45A_T8,UNC45A,False,-0.2941163628193169,-0.33587063419602686,0.1649149695524513
ENSP00000407602:map.3/47956424/T:p.V645I:n.C47956424T:c.Gtc/Atc_T538,ENSP00000407602:map.3/47956424/T:p.V645I:n.C47956424T:c.Gtc/Atc,False,-0.04537947165803507,-0.03839811604970657,-0.21195108266546994
ENSP00000407602:map.3/47956424/T:p.V645I:n.C47956424T:c.Gtc/Atc_T2087,ENSP00000407602:map.3/47956424/T:p.V645I:n.C47956424T:c.Gtc/Atc,False,-0.021570042946916914,0.46560070007259724,0.32490769119127916
CDK12_T692,CDK12,False,-0.21146512606717172,-0.250543856443431,-0.2856533598255491
CDK12_T893,CDK12,False,0.07538004218929746,0.10206832187367522,0.07674094521881047
CDK12_T1244,CDK12,False,,0.04236417524800773,-0.4589610161430656
DCTN2_T198,DCTN2,False,,-0.19512039174532744,0.1921941652833451
DBNL_T291,DBNL,False,-0.25277589301793923,-0.12810905078934887,0.6810443993024785
KIF21B_T1237,KIF21B,False,-0.34352331518893403,-0.19739279424644027,-0.2094256081955469
RBFOX2_T67,RBFOX2,False,,-0.5020351463870206,
MICAL3_T1341,MICAL3,False,0.6485574780527603,0.45343856134876015,0.37762353763572676
MICAL3_T1454,MICAL3,False,-0.1443755454372746,-0.013013921825081945,-0.016818488027395
ADAM9_T761,ADAM9,False,-0.6435982307123982,0.038712205777756505,-0.15285737712431935
PHC3_T609,PHC3,False,-0.21967409451164877,-0.2492764284797561,-0.2547696053384291
ENSP00000423728_T43,ENSP00000423728,False,-0.08029015369601959,-0.13919763484958705,-0.0014000933447668056
SREK1IP1_T146,SREK1IP1,False,0.1815478564559564,0.41478500555284276,
ENSP00000457831_T357,ENSP00000457831,False,-0.48679226263177344,-0.8423353529885285,
ENSP00000457831_T367,ENSP00000457831,False,-0.2315164860008033,-0.1956646071277019,-0.22556440148235488
ENSP00000457831_T369,ENSP00000457831,False,-0.2227397471692358,-0.22003609066648946,-0.2367062815524831
RIC8A_T441,RIC8A,False,-0.05443295905522755,-0.04527004934347179,-0.07056102853232118
RPS3_T221,RPS3,False,-0.21437792246816842,-0.2492120969244008,-0.18666769100590747
ASAP3_T119,ASAP3,False,,,-2.5978017409815632
ENSP00000435365:map.1/179852074/C:p.M146T:n.T179852074C:c.aTg/aCg_T221,ENSP00000435365:map.1/179852074/C:p.M146T:n.T179852074C:c.aTg/aCg,False,0.004519919516252075,0.06763563579772554,0.10515303982314726
TAF2_T186,TAF2,False,-0.2008859904571855,0.1276332797258737,-0.009843833372608583
CHERP_T819,CHERP,False,-0.19531602880211138,-0.22883487372203154,-0.19740143752984127
CHD4_T1542,CHD4,False,0.053667449038825296,-0.10227940149634143,
CHD4_T1546,CHD4,False,-0.25315794195899344,-0.46712524106151937,-0.6757654377294687
VPS50_T558,VPS50,False,0.05422334733715443,0.5001677114737599,
ENSP00000447198_T3,ENSP00000447198,False,0.14053093513335532,0.23529581318900564,0.33468267993572137
ENSP00000447198_T16,ENSP00000447198,False,-0.46232436625461226,-0.3582505282645083,
TMPO_T208,TMPO,False,0.015901034414035415,0.06437330421057187,0.25725359740053266
ENSP00000451328:map.14/23549379/G:p.A447P:n.C23549379G:c.Gct/Cct_T196,ENSP00000451328:map.14/23549379/G:p.A447P:n.C23549379G:c.Gct/Cct,False,-0.0014145343751804035,-0.47904980284198767,
ENSP00000451328:map.14/23549379/G:p.A447P:n.C23549379G:c.Gct/Cct_T356,ENSP00000451328:map.14/23549379/G:p.A447P:n.C23549379G:c.Gct/Cct,False,0.028556076214182696,0.013391553911591294,0.0048063573519051715
ENSP00000451328:map.14/23549379/G:p.A447P:n.C23549379G:c.Gct/Cct_T335,ENSP00000451328:map.14/23549379/G:p.A447P:n.C23549379G:c.Gct/Cct,False,0.08596845386216505,0.18262823586491073,
CCDC175_T247,CCDC175,False,-6.409354869212514,-6.966018741656378,
SNX1_T41,SNX1,False,0.08752174633011647,0.08531206116821402,0.0284870564580353
NHERF2_T8,NHERF2,False,-0.6646917430498234,-0.16067660615516105,-0.2163673412949494
RSL1D1_T465,RSL1D1,False,,0.07765318565016138,
CDK11B_T572,CDK11B,False,0.19413555270765726,0.14894139593018454,0.08501870593022265
YTHDC1_T148,YTHDC1,False,0.09411549085207457,,
GPATCH8_T977,GPATCH8,False,0.279768421593595,0.21374170220026195,0.3682654829374926
GPATCH8_T978,GPATCH8,False,,0.19611296139186635,-0.08094219086262379
ARHGEF1_T430,ARHGEF1,False,-0.12577846181609328,-0.05055509402666566,-0.1802784301140252
ENSP00000475842_T22,ENSP00000475842,False,,-0.4832384766363239,
DCP1A_T531,DCP1A,False,0.33217849864024895,,0.8877592023218458
DCP1A_T401,DCP1A,False,,-0.10942100959288384,
ENSP00000476781_T371,ENSP00000476781,False,0.5374451751516318,0.5951216919961716,0.657731456828462
PSIP1_T61,PSIP1,False,,0.1646575752536617,
MAPK1_Y187,MAPK1,True,-2.81526984840346,-2.034945891715098,-1.929355213144983
GSK3A_Y216,GSK3A,False,-0.18869009215101154,-0.7162567035642732,-0.04993176734346975
PXN_Y88,PXN,False,-0.2731513486916911,-0.6196473413359009,-0.13939469324014578
PXN_Y118,PXN,False,,0.28399444326374,-0.5291143793462123
BCLAF1_Y282,BCLAF1,False,0.08106688049188852,-0.019989327922026425,-0.21547326354583496
MAPK14_Y182,MAPK14,False,-0.05550242789858828,-0.664514465798817,-0.11057318519050621
ZC3H13_Y374,ZC3H13,False,,0.03520159571856608,
LRFN1_Y704,LRFN1,False,-0.012548151312062723,0.10715219863491048,
CDK17_Y176,CDK17,False,0.9194545018338393,0.4687592459793463,-0.03474542801004613
NAA25_Y587,NAA25,False,,-10.215280680022031,-7.501168290165067
MAPK3_Y204,MAPK3,True,-2.7825409435471378,-2.712646762644372,-2.4897754868006547
CILK1_Y159,CILK1,False,0.713622496290586,0.9661371319385909,0.39330636035265276
CDK2_Y0,CDK2,False,0.2546046037519501,-0.22724675627940594,-0.25238570395882426
PHIP_Y1316,PHIP,False,-0.429342779694709,,0.33765401107659454
PBRM1_Y351,PBRM1,False,0.25833980776615356,0.1048733767260183,0.19982845611191977
PEAK1_Y635,PEAK1,False,-0.6036651179364296,,
PEAK1_Y641,PEAK1,False,-0.6036651179364296,,
DAW1_Y83,DAW1,False,-0.13336891930599895,-0.0659742302770854,-0.29238924119940773
ENSP00000381854:map.7/47331594/A:p.T1296M:n.G47331594A:c.aCg/aTg_Y780,ENSP00000381854:map.7/47331594/A:p.T1296M:n.G47331594A:c.aCg/aTg,False,-1.470888709178637,-1.2250590611345467,
ENSP00000381854:map.7/47331594/A:p.T1296M:n.G47331594A:c.aCg/aTg_Y354,ENSP00000381854:map.7/47331594/A:p.T1296M:n.G47331594A:c.aCg/aTg,False,0.5046712353857394,0.7359553540122641,0.4795410073663166
RBBP6_Y732,RBBP6,False,0.06973343776329219,0.05664063898644197,
DYRK1A_Y321,DYRK1A,False,0.07243751747858701,0.043602400186190444,-0.03121693261893513
ENSP00000393362_Y483,ENSP00000393362,False,,-0.2855830179129869,
ENSP00000330271_Y137,ENSP00000330271,False,-5.9270847333565015,-6.091533162511272,-5.5122667054465895
ENSP00000433547:map.6/4031998/G:p.I83V:n.A4031998G:c.Att/Gtt_Y849,ENSP00000433547:map.6/4031998/G:p.I83V:n.A4031998G:c.Att/Gtt,False,0.1228009128458943,0.014577003981504716,-0.05544136613054925
CUL4B_Y194,CUL4B,False,,,0.16221003631430692
ENSP00000340557:map.7/40027484/G:p.T500A:n.A40027484G:c.Acg/Gcg_Y399,ENSP00000340557:map.7/40027484/G:p.T500A:n.A40027484G:c.Acg/Gcg,False,-0.5730375522414476,,
CDK11A_Y569,CDK11A,False,0.2102641663130906,0.31695666818183055,0.08215755908542595
NEDD4L_Y457,NEDD4L,False,-0.7774427086512716,-0.2850907205327313,-0.223148627837911
RBM23_Y121,RBM23,False,0.14071691014546917,,-0.02708682348122204
ENSP00000353769:map.19/50154904/C:p.T420P:n.A50154904C:c.Aca/Cca_Y494,ENSP00000353769:map.19/50154904/C:p.T420P:n.A50154904C:c.Aca/Cca,False,-0.25252831274339843,-0.059331138603135096,-0.2560329378167685
GTPBP4_Y466,GTPBP4,False,0.7101727482796617,0.16053300876090848,0.3283769340326658
SASH1_Y697,SASH1,False,,,-0.1361566754620299
ENSP00000357206:map.1/156641537/T:p.V815I:n.C156641537T:c.Gta/Ata_Y928,ENSP00000357206:map.1/156641537/T:p.V815I:n.C156641537T:c.Gta/Ata,False,0.24377629782682922,0.2774152828626415,-0.19960325492353825
STK4_Y41,STK4,False,,0.08637616759693734,0.3458851995864979
PRRC2A_Y1094,PRRC2A,False,0.2744107693178379,,
TANC2_Y1528,TANC2,False,-1.1102616956304205,-0.7027968423218727,-0.30464752721668253
CDK1_Y15,CDK1,False,0.2546046037519501,-0.22724675627940594,-0.25238570395882426
ENSP00000385720_Y1105,ENSP00000385720,False,-0.2717921238878122,-0.33821426644658864,-0.05093577049388936
CDK11B_Y571,CDK11B,False,,0.1927763936170625,
ZNF99_Y157,ZNF99,False,,-6.299254906738048,
ZNF99_Y163,ZNF99,False,,-6.299254906738048,
